 t x
   0.0000000000000000        1.0000000000000000     
  0.10000000000000001       0.91926041692706784     
  0.20000000000000001       0.86479208128739826     
  0.30000000000000004       0.82975511578968708     
  0.40000000000000002       0.80971762390871715     
  0.50000000000000000       0.80150479724482249     
  0.59999999999999998       0.80262508520332287     
  0.69999999999999996       0.81097686315545181     
  0.79999999999999993       0.82470306111201364     
  0.89999999999999991       0.84212888982990330     
  0.99999999999999989       0.86174656524429549     
   1.0999999999999999       0.88222373545487054     
   1.2000000000000000       0.90241906362167579     
   1.3000000000000000       0.92139350586647539     
   1.4000000000000001       0.93841077120047567     
   1.5000000000000002       0.95292516341000155     
   1.6000000000000003       0.96455873129160441     
   1.7000000000000004       0.97307178069760369     
   1.8000000000000005       0.97833126243298030     
   1.9000000000000006       0.98028078444659406     
   2.0000000000000004       0.97891465469756600     
   2.1000000000000005       0.97425700420429062     
   2.2000000000000006       0.96634599474257687     
   2.3000000000000007       0.95522247913496716     
   2.4000000000000008       0.94092220321629338     
   2.5000000000000009       0.92347060744784892     
   2.6000000000000010       0.90287939335636724     
   2.7000000000000011       0.87914418352325296     
   2.8000000000000012       0.85224277396003612     
   2.9000000000000012       0.82213363103869808     
   3.0000000000000013       0.78875441659329426     
   3.1000000000000014       0.75202044073217333     
   3.2000000000000015       0.71182305602764284     
   3.3000000000000016       0.66802813864445054     
   3.4000000000000017       0.62047497743164670     
   3.5000000000000018       0.56897614452901790     
   3.6000000000000019       0.51331929284090738     
   3.7000000000000020       0.45327236538091753     
   3.8000000000000020       0.38859445210981863     
   3.9000000000000021       0.31905549615358353     
   4.0000000000000018       0.24446912565934692     
   4.1000000000000014       0.16474371061224996     
   4.2000000000000011        7.9956488432569792E-002
   4.3000000000000007       -9.5472512465336612E-003
   4.4000000000000004      -0.10303554679215839     
   4.5000000000000000      -0.19927155221280804     
   4.5999999999999996      -0.29643520258338818     
   4.6999999999999993      -0.39214080398198048     
   4.7999999999999989      -0.48360258087874652     
   4.8999999999999986      -0.56795785610953664     
   4.9999999999999982      -0.64268146212126764     
   5.0999999999999979      -0.70595861314684460     
   5.1999999999999975      -0.75688419766801629     
   5.2999999999999972      -0.79543607011920159     
   5.3999999999999968      -0.82227208029832166     
   5.4999999999999964      -0.83845551754088665     
   5.5999999999999961      -0.84520265831320573     
   5.6999999999999957      -0.84370072731588619     
   5.7999999999999954      -0.83500249922106584     
   5.8999999999999950      -0.81998121727097095     
   5.9999999999999947      -0.79932410511416552     
   6.0999999999999943      -0.77354624487595725     
   6.1999999999999940      -0.74301253592966121     
   6.2999999999999936      -0.70796070419458201     
   6.3999999999999932      -0.66852203415463851     
   6.4999999999999929      -0.62473880458935016     
   6.5999999999999925      -0.57657877257700962     
   6.6999999999999922      -0.52394789692042310     
   6.7999999999999918      -0.46670314643400113     
   6.8999999999999915      -0.40466792078281960     
   6.9999999999999911      -0.33765344321347301     
   7.0999999999999908      -0.26549045848394637     
   7.1999999999999904      -0.18807645473557788     
   7.2999999999999901      -0.10544379042433105     
   7.3999999999999897       -1.7852276732059344E-002
   7.4999999999999893        7.4096054252100252E-002
   7.5999999999999890       0.16933423143491660     
   7.6999999999999886       0.26623227700774849     
   7.7999999999999883       0.36257557335145207     
   7.8999999999999879       0.45567665191436535     
   7.9999999999999876       0.54264894575911238     
   8.0999999999999872       0.62080323894249356     
   8.1999999999999869       0.68805105933212785     
   8.2999999999999865       0.74317284964635910     
   8.3999999999999861       0.78586553472830145     
   8.4999999999999858       0.81658767377172736     
   8.5999999999999854       0.83629644934102920     
   8.6999999999999851       0.84617988062064220     
   8.7999999999999847       0.84744886679389475     
   8.8999999999999844       0.84120740797906390     
   8.9999999999999840       0.82838989494200477     
   9.0999999999999837       0.80974411525559775     
   9.1999999999999833       0.78584005181079408     
   9.2999999999999829       0.75709018577169684     
   9.3999999999999826       0.72377268203881751     
   9.4999999999999822       0.68605306625644380     
   9.5999999999999819       0.64400272566482364     
   9.6999999999999815       0.59761418526122390     
   9.7999999999999812       0.54681407713746988     
   9.8999999999999808       0.49147539525374384     
   9.9999999999999805       0.43143126404329202     
   10.099999999999980       0.36649320463393831     
   10.199999999999980       0.29647780720742595     
   10.299999999999979       0.22124668958349669     
   10.399999999999979       0.14076520090256606     
   10.499999999999979        5.5184537245402468E-002
   10.599999999999978       -3.5051933917881320E-002
   10.699999999999978      -0.12908652535549939     
   10.799999999999978      -0.22553356587930901     
   10.899999999999977      -0.32241860691382529     
   10.999999999999977      -0.41722831055575627     
   11.099999999999977      -0.50711655811402556     
   11.199999999999976      -0.58925968584410882     
   11.299999999999976      -0.66127456301927201     
   11.399999999999975      -0.72155882112477754     
   11.499999999999975      -0.76943468433707063     
   11.599999999999975      -0.80507035790263348     
   11.699999999999974      -0.82924871914285392     
   11.799999999999974      -0.84309084739100637     
   11.899999999999974      -0.84781837058442500     
   11.999999999999973      -0.84459111184214120     
   12.099999999999973      -0.83441867882606746     
   12.199999999999973      -0.81812700414048301     
   12.299999999999972      -0.79635844070906081     
   12.399999999999972      -0.76958859787478540     
   12.499999999999972      -0.73814906051410878     
   12.599999999999971      -0.70225002692750293     
   12.699999999999971      -0.66200021968602263     
   12.799999999999971      -0.61742344755992185     
   12.899999999999970      -0.56847238633686514     
   12.999999999999970      -0.51504090656674639     
   13.099999999999969      -0.45697690439540412     
   13.199999999999969      -0.39409828471739949     
   13.299999999999969      -0.32621560295789426     
   13.399999999999968      -0.25316585478460296     
   13.499999999999968      -0.17486272747695120     
   13.599999999999968       -9.1368567909880682E-002
   13.699999999999967       -2.9909866712162642E-003
   13.799999999999967        8.9599685288097877E-002
   13.899999999999967       0.18524897833165599     
   13.999999999999966       0.28222890280388013     
   14.099999999999966       0.37823474592941353     
   14.199999999999966       0.47052311284459492     
   14.299999999999965       0.55621094622064171     
   14.399999999999965       0.63268276706938653     
   14.499999999999964       0.69798098628280325     
   14.599999999999964       0.75104084937683369     
   14.699999999999964       0.79170047831697143     
   14.799999999999963       0.82052051151070071     
   14.899999999999963       0.83851383542726021     
   14.999999999999963       0.84688458932237098     
   15.099999999999962       0.84683294345154858     
   15.199999999999962       0.83943767467045360     
   15.299999999999962       0.82560255932399940     
   15.399999999999961       0.80604489550480030     
   15.499999999999961       0.78130702811089681     
   15.599999999999961       0.75177759052283988     
   15.699999999999960       0.71771465362659892     
   15.799999999999960       0.67926693822126483     
   15.899999999999959       0.63649175505951339     
   15.999999999999959       0.58936981859974957     
   16.099999999999959       0.53781797699416811     
   16.199999999999960       0.48170155451258184     
   16.299999999999962       0.42084865070575045     
   16.399999999999963       0.35506952464657809     
   16.499999999999964       0.28418514016253937     
   16.599999999999966       0.20806989581137253     
   16.699999999999967       0.12671399820643886     
   16.799999999999969        4.0309767544921160E-002
   16.899999999999970       -5.0638439604632990E-002
   16.999999999999972      -0.14519127929460457     
   17.099999999999973      -0.24186600776551428     
   17.199999999999974      -0.33859016087813820     
   17.299999999999976      -0.43277543906299132     
   17.399999999999977      -0.52155142014355471     
   17.499999999999979      -0.60213954760036215     
   17.599999999999980      -0.67226847549972613     
   17.699999999999982      -0.73048765025086093     
   17.799999999999983      -0.77627253189808554     
   17.899999999999984      -0.80991347854008522     
   17.999999999999986      -0.83226934656315965     
   18.099999999999987      -0.84449290487893736     
   18.199999999999989      -0.84780456402090454     
   18.299999999999990      -0.84334328548960369     
   18.399999999999991      -0.83208895237797198     
   18.499999999999993      -0.81483597426973486     
   18.599999999999994      -0.79219721002971633     
   18.699999999999996      -0.76462240057032382     
   18.799999999999997      -0.73242118200525685     
   18.899999999999999      -0.69578538104205068     
   19.000000000000000      -0.65480836555584299     
   19.100000000000001      -0.60950107467798476     
   19.200000000000003      -0.55980544466490623     
   19.300000000000004      -0.50560666691424339     
   19.400000000000006      -0.44674634229527138     
   19.500000000000007      -0.38303931260691304     
   19.600000000000009      -0.31429783578598336     
   19.700000000000010      -0.24036775684034600     
   19.800000000000011      -0.16118206861097495     
   19.900000000000013       -7.6836933238329089E-002
   20.000000000000014        1.2307673911913702E-002
   20.100000000000016       0.10550819918208060     
   20.200000000000017       0.20151839139404493     
   20.300000000000018       0.29851027234933569     
   20.400000000000020       0.39409125923990307     
   20.500000000000021       0.48546949722734573     
   20.600000000000023       0.56977705402110967     
   20.700000000000024       0.64448445852973613     
   20.800000000000026       0.70777363729528664     
   20.900000000000027       0.75873708779876936     
   21.000000000000028       0.79735089200411191     
   21.100000000000030       0.82427144117682893     
   21.200000000000031       0.84056067264135581     
   21.300000000000033       0.84743354686729155     
   21.400000000000034       0.84607604229630118     
   21.500000000000036       0.83753983931415510     
   21.600000000000037       0.82269732600043421     
   21.700000000000038       0.80223517962150315     
   21.800000000000040       0.77666829007240701     
   21.900000000000041       0.74636174006917300     
   22.000000000000043       0.71155381289174779     
   22.100000000000044       0.67237669740243611     
   22.200000000000045       0.62887386263095202     
   22.300000000000047       0.58101442895361299     
   22.400000000000048       0.52870569758305530     
   22.500000000000050       0.47180563889918220     
   22.600000000000051       0.41013780384601295     
   22.700000000000053       0.34351193606116409     
   22.800000000000054       0.27175452850630777     
   22.900000000000055       0.19475447853941175     
   23.000000000000057       0.11252925600254143     
   23.100000000000058        2.5315399401143857E-002
   23.200000000000060       -6.6318248661402679E-002
   23.300000000000061      -0.16134755903777037     
   23.400000000000063      -0.25819131716442290     
   23.500000000000064      -0.35468108089117800     
   23.600000000000065      -0.44816027596029862     
   23.700000000000067      -0.53574500737640529     
   23.800000000000068      -0.61471391166951561     
   23.900000000000070      -0.68291651398806474     
   24.000000000000071      -0.73905699784847967     
   24.100000000000072      -0.78276063943788932     
   24.200000000000074      -0.81443266233305334     
   24.300000000000075      -0.83499992332602657     
   24.400000000000077      -0.84564040780052663     
   24.500000000000078      -0.84756911431066650     
   24.600000000000080      -0.84190200884181343     
   24.700000000000081      -0.82958856782359225     
   24.800000000000082      -0.81139184050149216     
   24.900000000000084      -0.78789574944284746     
   25.000000000000085      -0.75952484172819679     
   25.100000000000087      -0.72656744990508026     
   25.200000000000088      -0.68919758488147875     
   25.300000000000090      -0.64749371760737928     
   25.400000000000091      -0.60145429871317313     
   25.500000000000092      -0.55101087052172770     
   25.600000000000094      -0.49604031372283275     
   25.700000000000095      -0.43637840360845903     
   25.800000000000097      -0.37183759337460909     
   25.900000000000098      -0.30223285484601736     
   26.000000000000099      -0.22742038548917370     
   26.100000000000101      -0.14735462774270319     
   26.200000000000102       -6.2168416091715251E-002
   26.300000000000104        2.7722478703551087E-002
   26.400000000000105       0.12149782027421220     
   26.500000000000107       0.21781720542901847     
   26.600000000000108       0.31475301792076760     
   26.700000000000109       0.40982944325765586     
   26.800000000000111       0.50021545757775532     
   26.900000000000112       0.58307030135849403     
   27.000000000000114       0.65596138739310228     
   27.100000000000115       0.71721591857853517     
   27.200000000000117       0.76608275174015894     
   27.300000000000118       0.80266992072238730     
   27.400000000000119       0.82772157751804332     
   27.500000000000121       0.84234146319701175     
   27.600000000000122       0.84775020645717880     
   27.700000000000124       0.84511665894887955     
   27.800000000000125       0.83546418436480918     
   27.900000000000126       0.81963364286856488     
   28.000000000000128       0.79828151190543195     
   28.100000000000129       0.77189586298779689     
   28.200000000000131       0.74081888552211161     
   28.300000000000132       0.70526966237536082     
   28.400000000000134       0.66536434059315264     
   28.500000000000135       0.62113295092143950     
   28.600000000000136       0.57253336966571722     
   28.700000000000138       0.51946369849657437     
   28.800000000000139       0.46177496797581397     
   28.900000000000141       0.39928675344235515     
   29.000000000000142       0.33180913502606185     
   29.100000000000144       0.25917541268857586     
   29.200000000000145       0.18129084348782193     
   29.300000000000146        9.8202720854321829E-002
   29.400000000000148        1.0195030623687429E-002
   29.500000000000149       -8.2095351643195036E-002
   29.600000000000151      -0.17755651454752486     
   29.700000000000152      -0.27450777848665758     
   29.800000000000153      -0.37068743666265153     
   29.900000000000155      -0.46337808309889250     
   30.000000000000156      -0.54969364018382516     
   30.100000000000158      -0.62698184003036417     
   30.200000000000159      -0.69322133279441656     
   30.300000000000161      -0.74727288638323786     
   30.400000000000162      -0.78890737177246539     
   30.500000000000163      -0.81863731755405988     
   30.600000000000165      -0.83744977368300211     
   30.700000000000166      -0.84654184462307447     
   30.800000000000168      -0.84711929861180613     
   30.900000000000169      -0.84027325083342064     
   31.000000000000171      -0.82692225503512629     
   31.100000000000172      -0.80779824034073400     
   31.200000000000173      -0.78345677167917349     
   31.300000000000175      -0.75429786737480087     
   31.400000000000176      -0.72058917927756860     
   31.500000000000178      -0.68248743366743680     
   31.600000000000179      -0.64005664132091344     
   31.700000000000180      -0.59328313154965429     
   31.800000000000182      -0.54208839405996845     
   31.900000000000183      -0.48634137549642986     
   32.000000000000185      -0.42587251963410977     
   32.100000000000186      -0.36049261058414195     
   32.200000000000188      -0.29002041562327341     
   32.300000000000189      -0.21432408493520561     
   32.400000000000190      -0.13338177211050029     
   32.500000000000192       -4.7365954570974880E-002
   32.600000000000193        4.3248315054740347E-002
   32.700000000000195       0.13756074724955752     
   32.800000000000196       0.23413475247739235     
   32.900000000000198       0.33094405637253688     
   33.000000000000199       0.42543506143070936     
   33.100000000000200       0.51474753115643002     
   33.200000000000202       0.59608003766797846     
   33.300000000000203       0.66710712804819050     
   33.400000000000205       0.72630593994547710     
   33.500000000000206       0.77307975688237218     
   33.600000000000207       0.80766199114224624     
   33.700000000000209       0.83087652926241129     
   33.800000000000210       0.84386196575797046     
   33.900000000000212       0.84783983365870630     
   34.000000000000213       0.84395925503426739     
   34.100000000000215       0.83321428181683144     
   34.200000000000216       0.81641423302859828     
   34.300000000000217       0.79418586351684173     
   34.400000000000219       0.76699107713487147     
   34.500000000000220       0.73514982005230778     
   34.600000000000222       0.69886254646618784     
   34.700000000000223       0.65822983588704576     
   34.800000000000225       0.61326867256431161     
   34.900000000000226       0.56392603440867495     
   35.000000000000227       0.51009117684802208     
   35.100000000000229       0.45160862433478893     
   35.200000000000230       0.38829458737064215     
   35.300000000000232       0.31996039527248743     
   35.400000000000233       0.24644752018208221     
   35.500000000000234       0.16767955157798001     
   35.600000000000236        8.3736287684660224E-002
   35.700000000000237       -5.0475195239891996E-003
   35.800000000000239       -9.7963429870685223E-002
   35.900000000000240      -0.19380897369655709     
   36.000000000000242      -0.29080351994775899     
   36.100000000000243      -0.38659557165368891     
   36.200000000000244      -0.47841510920318286     
   36.300000000000246      -0.56338554676729191     
   36.400000000000247      -0.63893529086672640     
   36.500000000000249      -0.70317941025716602     
   36.600000000000250      -0.75513597448236081     
   36.700000000000252      -0.79471643921008217     
   36.800000000000253      -0.82253283892576390     
   36.900000000000254      -0.83962480095531533     
   37.000000000000256      -0.84720282703500460     
   37.100000000000257      -0.84646000355935447     
   37.200000000000259      -0.83846101023355035     
   37.300000000000260      -0.82409312614023311     
   37.400000000000261      -0.80405748171360436     
   37.500000000000263      -0.77888189108382133     
   37.600000000000264      -0.74894250812525731     
   37.700000000000266      -0.71448691329083869     
   37.800000000000267      -0.67565506278563381     
   37.900000000000269      -0.63249692994802809     
   38.000000000000270      -0.58498708208142969     
   38.100000000000271      -0.53303729874374761     
   38.200000000000273      -0.47650898255242685     
   38.300000000000274      -0.41522776939922640     
   38.400000000000276      -0.34900354440671016     
   38.500000000000277      -0.27766002789193439     
   38.600000000000279      -0.20107902549134504     
   38.700000000000280      -0.11926478374445613     
   38.800000000000281       -3.2432503200356649E-002
   38.900000000000283        5.8879955567446643E-002
   39.000000000000284       0.15368900231677290     
   39.100000000000286       0.25046021036233818     
   39.200000000000287       0.34707029898669378     
   39.300000000000288       0.44089414883127226     
   39.400000000000290       0.52905286537817453     
   39.500000000000291       0.60879650043325106     
   39.600000000000293       0.67791625113508625     
   39.700000000000294       0.73504271901718743     
   39.800000000000296       0.77973070357890151     
   39.900000000000297       0.81233195368478373     
   40.000000000000298       0.83374210471518084     
   40.100000000000300       0.84512798234625408     
   40.200000000000301       0.84770764703183554     
   40.300000000000303       0.84260820373073098     
   40.400000000000304       0.83079360414736936     
   40.500000000000306       0.81304172492662286     
   40.600000000000307       0.78995012242123208     
   40.700000000000308       0.76195519243021381     
   40.800000000000310       0.72935527822599344     
   40.900000000000311       0.69233276086700934     
   41.000000000000313       0.65097311100587119     
   41.100000000000314       0.60528064739954834     
   41.200000000000315       0.55519179229008797     
   41.300000000000317       0.50058731601108930     
   41.400000000000318       0.44130569289677946     
   41.500000000000320       0.37716042062045813     
   41.600000000000321       0.30796505540215585     
   41.700000000000323       0.23357069853164897     
   41.800000000000324       0.15392135953642572     
   41.900000000000325        6.9132141880093562E-002
   42.000000000000327       -2.0408039288175875E-002
   42.100000000000328      -0.11391569005747790     
   42.200000000000330      -0.21009527186903412     
   42.300000000000331      -0.30706627340122933     
   42.400000000000333      -0.40239166838250001     
   42.500000000000334      -0.49325778120600977     
   42.600000000000335      -0.57680947199459687     
   42.700000000000337      -0.65056695167731826     
   42.800000000000338      -0.71278797282565143     
   42.900000000000340      -0.76264752069017516     
   43.000000000000341      -0.80019192514971682     
   43.100000000000342      -0.82612477586499844     
   43.200000000000344      -0.84153090144893439     
   43.300000000000345      -0.84762886383550562     
   43.400000000000347      -0.84559597013915733     
   43.500000000000348      -0.83646913191958028     
   43.600000000000350      -0.82110414966553125     
   43.700000000000351      -0.80017174686201464     
   43.800000000000352      -0.77417261554139150     
   43.900000000000354      -0.74345970559679342     
   44.000000000000355      -0.70826112077100045     
   44.100000000000357      -0.66870054525762490     
   44.200000000000358      -0.62481432450028807     
   44.300000000000360      -0.57656561655455130     
   44.400000000000361      -0.52385683626358448     
   44.500000000000362      -0.46654224801415795     
   44.600000000000364      -0.40444323620819550     
   44.700000000000365      -0.33736961166485263     
   44.800000000000367      -0.26515128589810505     
   44.900000000000368      -0.18768552919848941     
   45.000000000000369      -0.10500518400589767     
   45.100000000000371       -1.7371357139335047E-002
   45.200000000000372        7.4611737323541358E-002
   45.300000000000374       0.16987412134440733     
   45.400000000000375       0.26678231385607759     
   45.500000000000377       0.36311839143259578     
   45.600000000000378       0.45619277975908035     
   45.700000000000379       0.54311900085157339     
   45.800000000000381       0.62121059776232512     
   45.900000000000382       0.68838409863689698     
   46.000000000000384       0.74342595645967058     
   46.100000000000385       0.78603866821583313     
   46.200000000000387       0.81668490357197898     
   46.300000000000388       0.83632416786387331     
   46.400000000000389       0.84614524745475617     
   46.500000000000391       0.84735873439083087     
   46.600000000000392       0.84106772661144191     
   46.700000000000394       0.82820547606945205     
   46.800000000000395       0.80951861470415920     
   46.900000000000396       0.78557606326164875     
   47.000000000000398       0.75678937370636623     
   47.100000000000399       0.72343591524895157     
   47.200000000000401       0.68568053483821256     
   47.300000000000402       0.64359403790783276     
   47.400000000000404       0.59716844906272071     
   47.500000000000405       0.54632997624929092     
   47.600000000000406       0.49095127585231091     
   47.700000000000408       0.43086525321123292     
   47.800000000000409       0.36588339009447046     
   47.900000000000411       0.29582251675705795     
   48.000000000000412       0.22054491681957225     
   48.100000000000414       0.14001722501071115     
   48.200000000000415        5.4392766885377392E-002
   48.300000000000416       -3.5881917762857318E-002
   48.400000000000418      -0.12994486495868179     
   48.500000000000419      -0.22640526846063591     
   48.600000000000421      -0.32328341361529861     
   48.700000000000422      -0.41806180941706722     
   48.800000000000423      -0.50789277346726824     
   48.900000000000425      -0.58995473298245471     
   49.000000000000426      -0.66187026373480262     
   49.100000000000428      -0.72204498626330083     
   49.200000000000429      -0.76980935364176217     
   49.300000000000431      -0.80533825151373817     
   49.400000000000432      -0.82941880448224259     
   49.500000000000433      -0.84317394701562987     
   49.600000000000435      -0.84782535304447637     
   49.700000000000436      -0.84453179241094012     
   49.800000000000438      -0.83430130931405921     
   49.900000000000439      -0.81795815457068233     
   50.000000000000441      -0.79614309669125438     
   50.100000000000442      -0.76933035048438003     
   50.200000000000443      -0.73785031583077332     
   50.300000000000445      -0.70191219902732593     
   50.400000000000446      -0.66162389409308242     
   50.500000000000448      -0.61700851583822036     
   50.600000000000449      -0.56801816067713695     
   50.700000000000450      -0.51454622904048886     
   50.800000000000452      -0.45644027119762631     
   50.900000000000453      -0.39351801253860719     
   51.000000000000455      -0.32559007298728943     
   51.100000000000456      -0.25249387853559246     
   51.200000000000458      -0.17414408349116206     
   51.300000000000459       -9.0604750308759877E-002
   51.400000000000460       -2.1861696838385569E-003
   51.500000000000462        9.0437548681975025E-002
   51.600000000000463       0.18610715286797930     
   51.700000000000465       0.28308937422890579     
   51.800000000000466       0.37907475703705396     
   51.900000000000468       0.47131712668847553     
   52.000000000000469       0.55693392662343499     
   52.100000000000470       0.63331393904919275     
   52.200000000000472       0.69850678091099760     
   52.300000000000473       0.75145600665820989     
   52.400000000000475       0.79200716353224454     
   52.500000000000476       0.82072614480252293     
   52.600000000000477       0.83862861284140200     
   52.700000000000479       0.84691941355449618     
   52.800000000000480       0.84679804678607307     
   52.900000000000482       0.83934189292953487     
   53.000000000000483       0.82545307655182298     
   53.100000000000485       0.80584726926296357     
   53.200000000000486       0.78106535051991233     
   53.300000000000487       0.75149469352839193     
   53.400000000000489       0.71739230930648357     
   53.500000000000490       0.67890603310730890     
   53.600000000000492       0.63609243441996199     
   53.700000000000493       0.58893160657427368     
   53.800000000000495       0.53733988492215012     
   53.900000000000496       0.48118219529672468     
   54.000000000000497       0.42028638328126200     
   54.100000000000499       0.35446266038972524     
   54.200000000000500       0.28353225193126647     
   54.300000000000502       0.20737027754802842     
   54.400000000000503       0.12596832185691198     
   54.500000000000504        3.9520961511990166E-002
   54.600000000000506       -5.1464129386902063E-002
   54.700000000000507      -0.14604320652455199     
   54.800000000000509      -0.24272835735107640     
   54.900000000000510      -0.33944199220921084     
   55.000000000000512      -0.43359203191480933     
   55.100000000000513      -0.52230706761140300     
   55.200000000000514      -0.60281126226932014     
   55.300000000000516      -0.67283943332867724     
   55.400000000000517      -0.73094913578152299     
   55.500000000000519      -0.77662383485079711     
   55.600000000000520      -0.81016014007968795     
   55.700000000000522      -0.83242069744397507     
   55.800000000000523      -0.84455976627113261     
   55.900000000000524      -0.84779757283219415     
   56.000000000000526      -0.84327191501305676     
   56.100000000000527      -0.83196108557479009     
   56.200000000000529      -0.81465783307385442     
   56.300000000000530      -0.79197347400360441     
   56.400000000000531      -0.76435640191205700     
   56.500000000000533      -0.73211511185750766     
   56.600000000000534      -0.69544047594784331     
   56.700000000000536      -0.65442506403114042     
   56.800000000000537      -0.60907914626050119     
   56.900000000000539      -0.55934410133843326     
   57.000000000000540      -0.50510467245289770     
   57.100000000000541      -0.44620214084703919     
   57.200000000000543      -0.38245120492729712     
   57.300000000000544      -0.31366424010256527     
   57.400000000000546      -0.23968759978281085     
   57.500000000000547      -0.16045535514279186     
   57.600000000000549       -7.6065532898994925E-002
   57.700000000000550        1.3119030811575241E-002
   57.800000000000551       0.10635081781379860     
   57.900000000000553       0.20237866032102597     
   58.000000000000554       0.29936930310181820     
   58.100000000000556       0.39492564390109663     
   58.200000000000557       0.48625352043811260     
   58.300000000000558       0.57048613283541383     
   58.400000000000560       0.64509886038737985     
   58.500000000000561       0.70828116861105073     
   58.600000000000563       0.75913384565205022     
   58.700000000000564       0.79764009890199961     
   58.800000000000566       0.82446115574702361     
   58.900000000000567       0.84066134043825391     
   59.000000000000568       0.84745603833261773     
   59.100000000000570       0.84603039366056998     
   59.200000000000571       0.83743461957456056     
   59.300000000000573       0.82253944115487432     
   59.400000000000574       0.80202992943250473     
   59.500000000000576       0.77641954167051419     
   59.600000000000577       0.74607213495863256     
   59.700000000000578       0.71122496384552258     
   59.800000000000580       0.67200935773699944     
   59.900000000000581       0.62846806586058024     
   60.000000000000583       0.58056960596427243     
   60.100000000000584       0.52822078460320987     
   60.200000000000585       0.47127919507379401     
   60.300000000000587       0.40956816367601928     
   60.400000000000588       0.34289742999396644     
   60.500000000000590       0.27109381382332137     
   60.600000000000591       0.19404702912770827     
   60.700000000000593       0.11177605592675416     
   60.800000000000594        2.4519857300536116E-002
   60.900000000000595       -6.7149219329476054E-002
   61.000000000000597      -0.16220248134715831     
   61.100000000000598      -0.25905348104551917     
   61.200000000000600      -0.35552877557869961     
   61.300000000000601      -0.44896838442769665     
   61.400000000000603      -0.53648801108923549     
   61.500000000000604      -0.61536964629813751     
   61.600000000000605      -0.68346943725221543     
   61.700000000000607      -0.73949980208702581     
   61.800000000000608      -0.78309382023407248     
   61.900000000000610      -0.81466257475570358     
   62.000000000000611      -0.83513629570738579     
   62.100000000000612      -0.84569412763066798     
   62.200000000000614      -0.84755067377905735     
   62.300000000000615      -0.84182063146698272     
   62.400000000000617      -0.82945185517725151     
   62.500000000000618      -0.81120574361090603     
   62.600000000000620      -0.78766470672546229     
   62.700000000000621      -0.75925197934117938     
   62.800000000000622      -0.72625478617812422     
   62.900000000000624      -0.68884621202404939     
   63.000000000000625      -0.64710395323939496     
   63.100000000000627      -0.60102581109248565     
   63.200000000000628      -0.55054278838344672     
   63.300000000000630      -0.49553133719408710     
   63.400000000000631      -0.43582693859879518     
   63.500000000000632      -0.37124193920598675     
   63.600000000000634      -0.30159148361372096     
   63.700000000000635      -0.22673235972179129     
   63.800000000000637      -0.14662020477595300     
   63.900000000000638       -6.1389871916657637E-002
   64.000000000000639        2.8539824451935855E-002
   64.100000000000634       0.12234450291749792     
   64.200000000000628       0.21867872743220318     
   64.300000000000622       0.31560964036977540     
   64.400000000000617       0.41065717528341333     
   64.500000000000611       0.50098851067446815     
   64.600000000000605       0.58376465993847726     
   64.700000000000600       0.65655844431172916     
   64.800000000000594       0.71770487957688422     
   64.900000000000588       0.76646103662916987     
   65.000000000000583       0.80294174079244340     
   65.100000000000577       0.82789555638301227     
   65.200000000000571       0.84242823654124122     
   65.300000000000566       0.84776057348786560     
   65.400000000000560       0.84506043901931682     
   65.500000000000554       0.83534967157391615     
   65.600000000000549       0.81946746459265896     
   65.700000000000543       0.79806871317874117     
   65.800000000000537       0.77164009028575853     
   65.900000000000531       0.74052259424135913     
   66.000000000000526       0.70493430977916915     
   66.100000000000520       0.66499054993800244     
   66.200000000000514       0.62072064664272597     
   66.300000000000509       0.57208189192785097     
   66.400000000000503       0.51897191130505027     
   66.500000000000497       0.46124138064849995     
   66.600000000000492       0.39870968194029111     
   66.700000000000486       0.33118693790925130     
   66.800000000000480       0.25850684523712353     
   66.900000000000475       0.18057557896144522     
   67.000000000000469        9.7442081298977412E-002
   67.100000000000463        9.3929358070610064E-003
   67.200000000000458       -8.2931289982905679E-002
   67.300000000000452      -0.17841396866476938     
   67.400000000000446      -0.27536914865457690     
   67.500000000000441      -0.37153028668828425     
   67.600000000000435      -0.46417698547918551     
   67.700000000000429      -0.55042337381917450     
   67.800000000000423      -0.62762115883170688     
   67.900000000000418      -0.69375602265549008     
   68.000000000000412      -0.74769703379933250     
   68.100000000000406      -0.78922262082625350     
   68.200000000000401      -0.81885076504956000     
   68.300000000000395      -0.83757148217534738     
   68.400000000000389      -0.84658272409945368     
   68.500000000000384      -0.84708967237464472     
   68.600000000000378      -0.84018208320449084     
   68.700000000000372      -0.82677686583754195     
   68.800000000000367      -0.80760431389887855     
   68.900000000000361      -0.78321851111423757     
   69.000000000000355      -0.75401819868441522     
   69.100000000000350      -0.72026995316487308     
   69.200000000000344      -0.68212960230929343     
   69.300000000000338      -0.63966040497733856     
   69.400000000000333      -0.59284806028306025     
   69.500000000000327      -0.54161353645490007     
   69.600000000000321      -0.48582537177541291     
   69.700000000000315      -0.42531374269337346     
   69.800000000000310      -0.35988936610913663     
   69.900000000000304      -0.28937124127538832     
   70.000000000000298      -0.21362819614854017     
   70.100000000000293      -0.13263970191405416     
   70.200000000000287       -4.6580414654926447E-002
   70.300000000000281        4.4071383933630109E-002
   70.400000000000276       0.13841108436177560     
   70.500000000000270       0.23499696701106271     
   70.600000000000264       0.33179758620672156     
   70.700000000000259       0.42625540289434444     
   70.800000000000253       0.51550892611152077     
   70.900000000000247       0.59675914391981366     
   71.000000000000242       0.66768653377307363     
   71.100000000000236       0.72677626104252868     
   71.200000000000230       0.77343969346691654     
   71.300000000000225       0.80791667373927745     
   71.400000000000219       0.83103507728846082     
   71.500000000000213       0.84393515246689210     
   71.600000000000207       0.84783835499430527     
   71.700000000000202       0.84389269852365789     
   71.800000000000196       0.83309066307485569     
   71.900000000000190       0.81623990348140985     
   72.000000000000185       0.79396561883342009     
   72.100000000000179       0.76672834908347864     
   72.200000000000173       0.73484688340574567     
   72.300000000000168       0.69852070761612217     
   72.400000000000162       0.65784959183166425     
   72.500000000000156       0.61284984186572711     
   72.600000000000151       0.56346786952104111     
   72.700000000000145       0.50959247292778398     
   72.800000000000139       0.45106784535449251     
   72.900000000000134       0.38771003732200282     
   73.000000000000128       0.31933047072471182     
   73.100000000000122       0.24577108904655393     
   73.200000000000117       0.16695650711510202     
   73.300000000000111        8.2968316897811020E-002
   73.400000000000105       -5.8559543230393557E-003
   73.500000000000099       -9.8803988786699312E-002
   73.600000000000094      -0.19466846117669875     
   73.700000000000088      -0.29166345783842951     
   73.800000000000082      -0.38743285053612642     
   73.900000000000077      -0.47920408336154641     
   74.000000000000071      -0.56410140227062189     
   74.100000000000065      -0.63955778899460913     
   74.200000000000060      -0.70369570145714277     
   74.300000000000054      -0.75554151671176506     
   74.400000000000048      -0.79501396310699968     
   74.500000000000043      -0.82273011093881010     
   74.600000000000037      -0.83973215729039230     
   74.700000000000031      -0.84723115974324714     
   74.800000000000026      -0.84641944566315508     
   74.900000000000020      -0.83836025924223645     
   75.000000000000014      -0.82393922072625336     
   75.100000000000009      -0.80385584407576893     
   75.200000000000003      -0.77863649493167031     
   75.299999999999997      -0.74865608505201042     
   75.399999999999991      -0.71416115138043434     
   75.499999999999986      -0.67529077831435380     
   75.599999999999980      -0.63209420922990101     
   75.699999999999974      -0.58454540001771860     
   75.799999999999969      -0.53255562691326497     
   75.899999999999963      -0.47598590518978207     
   75.999999999999957      -0.41466163195351774     
   76.099999999999952      -0.34839266727504353     
   76.199999999999946      -0.27700302679171801     
   76.299999999999940      -0.20037528677815203     
   76.399999999999935      -0.11851514054051582     
   76.499999999999929       -3.1640132914567437E-002
   76.599999999999923        5.9708459480459969E-002
   76.699999999999918       0.15454255901104402     
   76.799999999999912       0.25132253332666421     
   76.899999999999906       0.34792003711116859     
   76.999999999999901       0.44170636268427488     
   77.099999999999895       0.52980193375559548     
   77.199999999999889       0.60945985705647310     
   77.299999999999883       0.67847774033914587     
   77.399999999999878       0.73549436756215458     
   77.499999999999872       0.78007244279549426     
   77.599999999999866       0.81256976214035215     
   77.699999999999861       0.83388553048107450     
   77.799999999999855       0.84518788714250237     
   77.899999999999849       0.84769459474166764     
   77.999999999999844       0.84253153742618192     
   78.099999999999838       0.83066105874721130     
   78.199999999999832       0.81285937923870921     
   78.299999999999827       0.78972252832561229     
   78.399999999999821       0.76168557291015215     
   78.499999999999815       0.72904573278644780     
   78.599999999999810       0.69198444951799642     
   78.699999999999804       0.65058640816778301     
   78.799999999999798       0.60485526890255192     
   78.899999999999793       0.55472690590726759     
   78.999999999999787       0.50008165155242335     
   79.099999999999781       0.44075767374712660     
   79.199999999999775       0.37656834583912002     
   79.299999999999770       0.30732737016032552     
   79.399999999999764       0.23288639893707236     
   79.499999999999758       0.15319058056233795     
   79.599999999999753        6.8356963430709641E-002
   79.699999999999747       -2.1222580644396014E-002
   79.799999999999741      -0.11476049761711803     
   79.899999999999736      -0.21095626891253405     
   79.999999999999730      -0.30792412079806653     
   80.099999999999724      -0.40322264303120975     
   80.199999999999719      -0.49403611655968349     
   80.299999999999713      -0.57751087038000737     
   80.399999999999707      -0.65117226371858705     
   80.499999999999702      -0.71328573957731434     
   80.599999999999696      -0.76303454038108665     
   80.699999999999690      -0.80047194933154320     
   80.799999999999685      -0.82630616931251455     
   80.899999999999679      -0.84162421656414854     
   80.999999999999673      -0.84764493775727079     
   81.099999999999667      -0.84554472694437677     
   81.199999999999662      -0.83635899643355549     
   81.299999999999656      -0.82094188092875542     
   81.399999999999650      -0.79996250989268836     
   81.499999999999645      -0.77392016057345048     
   81.599999999999639      -0.74316657547485987     
   81.699999999999633      -0.70792884581917503     
   81.799999999999628      -0.66832980984610912     
   81.899999999999622      -0.62440510431933749     
   81.999999999999616      -0.57611729435864611     
   82.099999999999611      -0.52336830984889882     
   82.199999999999605      -0.46601204975342070     
   82.299999999999599      -0.40386969005100165     
   82.399999999999594      -0.33675106166488111     
   82.499999999999588      -0.26448643915605524     
   82.599999999999582      -0.18697396204790029     
   82.699999999999577      -0.10424805512689192     
   82.799999999999571       -1.6572340343090547E-002
   82.899999999999565        7.5445364784122379E-002
   82.999999999999559       0.17073043698585855     
   83.099999999999554       0.26764413825083616     
   83.199999999999548       0.36396362588662623     
   83.299999999999542       0.45699613264648825     
   83.399999999999537       0.54385509653605957     
   83.499999999999531       0.62185774377299130     
   83.599999999999525       0.68892744669572537     
   83.699999999999520       0.74385893508825496     
   83.799999999999514       0.78636238504146605     
   83.899999999999508       0.81690611313094552     
   83.999999999999503       0.83645278215981367     
   84.099999999999497       0.84619217107419209     
   84.199999999999491       0.84733437345905949     
   84.299999999999486       0.84098116926527622     
   84.399999999999480       0.82806417555154643     
   84.499999999999474       0.80932838110133998     
   84.599999999999469       0.78534121040007587     
   84.699999999999463       0.75651292165431505     
   84.799999999999457       0.72311979346265087     
   84.899999999999451       0.68532576128886546     
   84.999999999999446       0.64320086800437259     
   85.099999999999440       0.59673649899194103     
   85.199999999999434       0.54585833216629942     
   85.299999999999429       0.49043860587349436     
   85.399999999999423       0.43030994519588756     
   85.499999999999417       0.36528374570881034     
   85.599999999999412       0.29517704110389753     
   85.699999999999406       0.21985275073554683     
   85.799999999999400       0.13927876798377892     
   85.899999999999395        5.3610520566118300E-002
   85.999999999999389       -3.6702310729805704E-002
   86.099999999999383      -0.13079352398539054     
   86.199999999999378      -0.22726722638599778     
   86.299999999999372      -0.32413849434869069     
   86.399999999999366      -0.41888574295683972     
   86.499999999999361      -0.50865977417497099     
   86.599999999999355      -0.59064112673028768     
   86.699999999999349      -0.66245806445439848     
   86.799999999999343      -0.72252414131565978     
   86.899999999999338      -0.77017796253319259     
   86.999999999999332      -0.80560101822091146     
   87.099999999999326      -0.82958462211904260     
   87.199999999999321      -0.84325353001831593     
   87.299999999999315      -0.84782945004578969     
   87.399999999999309      -0.84447010244063514     
   87.499999999999304      -0.83418198023053902     
   87.599999999999298      -0.81778766811000947     
   87.699999999999292      -0.79592636593580435     
   87.799999999999287      -0.76907090814504964     
   87.899999999999281      -0.73755052154623879     
   87.999999999999275      -0.70157343007174033     
   88.099999999999270      -0.66124670679320807     
   88.199999999999264      -0.61659277850141603     
   88.299999999999258      -0.56756316692009678     
   88.399999999999253      -0.51405080619762755     
   88.499999999999247      -0.45590290414106588     
   88.599999999999241      -0.39293701008083060     
   88.699999999999235      -0.32496381241989591     
   88.799999999999230      -0.25182117254666320     
   88.899999999999224      -0.17342471851115651     
   88.999999999999218       -8.9840237075627730E-002
   89.099999999999213       -1.3807096269822655E-003
   89.199999999999207        9.1275964169395790E-002
   89.299999999999201       0.18696574111590336     
   89.399999999999196       0.28395007131204930     
   89.499999999999190       0.37991476539576013     
   89.599999999999184       0.47211089210836943     
   89.699999999999179       0.55765642867824350     
   89.799999999999173       0.63394445126127996     
   89.899999999999167       0.69903180360686457     
   89.999999999999162       0.75187035166768079     
   90.099999999999156       0.79231305488781889     
   90.199999999999150       0.82093104076696144     
   90.299999999999145       0.83874272737979227     
   90.399999999999139       0.84695365203166761     
   90.499999999999133       0.84676263482900593     
   90.599999999999127       0.83924565524220640     
   90.699999999999122       0.82530318482113763     
   90.799999999999116       0.80564926923219138     
   90.899999999999110       0.78082332380796582     
   90.999999999999105       0.75121146308500486     
   91.099999999999099       0.71706963961555759     
   91.199999999999093       0.67854480430004338     
   91.299999999999088       0.63569278635455095     
   91.399999999999082       0.58849305884270353     
   91.499999999999076       0.53686144517584322     
   91.599999999999071       0.48066247378469590     
   91.699999999999065       0.41972373773403499     
   91.799999999999059       0.35385540315957925     
   91.899999999999054       0.28287896016001635     
   91.999999999999048       0.20667025433343902     
   92.099999999999042       0.12522225509054632     
   92.199999999999037        3.8731804256166957E-002
   92.299999999999031       -5.2290096700772892E-002
   92.399999999999025      -0.14689529429755077     
   92.499999999999019      -0.24359070324825113     
   92.599999999999014      -0.34029361406062986     
   92.699999999999008      -0.43440818663351599     
   92.799999999999002      -0.52306205570406128     
   92.899999999998997      -0.60348213747966239     
   92.999999999998991      -0.67340943810260812     
   93.099999999998985      -0.73140962925286990     
   93.199999999998980      -0.77697417176772643     
   93.299999999998974      -0.81040590633264942     
   93.399999999998968      -0.83257124632235291     
   93.499999999998963      -0.84462592349748167     
   93.599999999998957      -0.84778996822209263     
   93.699999999998951      -0.84320000884398505     
   93.799999999998946      -0.83183274589475209     
   93.899999999998940      -0.81447926734669829     
   93.999999999998934      -0.79174934885901194     
   94.099999999998929      -0.76409003847630730     
   94.199999999998923      -0.73180869198151921     
   94.299999999998917      -0.69509522841620619     
   94.399999999998911      -0.65404142086449912     
   94.499999999998906      -0.60865687155389558     
   94.599999999998900      -0.55888240258969601     
   94.699999999998894      -0.50460230997382538     
   94.799999999998889      -0.44565755663274331     
   94.899999999998883      -0.38186269946486034     
   94.999999999998877      -0.31303023417959475     
   95.099999999998872      -0.23900702679378211     
   95.199999999998866      -0.15972823281267359     
   95.299999999998860       -7.5293751516036331E-002
   95.399999999998855        1.3930710605597654E-002
   95.499999999998849       0.10719366121215800     
   95.599999999998843       0.20323900933272768     
   95.699999999998838       0.30022822376224129     
   95.799999999998832       0.39575969585785664     
   95.899999999998826       0.48703698193457945     
   95.999999999998820       0.57119444819295939     
   96.099999999998815       0.64571235459864229     
   96.199999999998809       0.70878772156345782     
   96.299999999998803       0.75952962523541623     
   96.399999999998798       0.79792838155618295     
   96.499999999998792       0.82465003170335838     
   96.599999999998786       0.84076126666683915     
   96.699999999998781       0.84747788237073984     
   96.799999999998775       0.84598418069976922     
   96.899999999998769       0.83732890420808925     
   96.999999999998764       0.82238111461094243     
   97.099999999998758       0.80182427789051247     
   97.199999999998752       0.77617042045842288     
   97.299999999998747       0.74578217561236149     
   97.399999999998741       0.71089577080636601     
   97.499999999998735       0.67164167735512537     
   97.599999999998730       0.62806192580783149     
   97.699999999998724       0.58012443225985610     
   97.799999999998718       0.52773550957851334     
   97.899999999998712       0.47075237513419260     
   97.999999999998707       0.40899813218616549     
   98.099999999998701       0.34228251864960468     
   98.199999999998695       0.27043268473099014     
   98.299999999998690       0.19333916620695896     
   98.399999999998684       0.11102246043609246     
   98.499999999998678        2.3723964098207234E-002
   98.599999999998673       -6.7980460666043380E-002
   98.699999999998667      -0.16305754942982448     
   98.799999999998661      -0.25991561862833440     
   98.899999999998656      -0.35637623239289196     
   98.999999999998650      -0.44977602483066736     
   99.099999999998644      -0.53723032951552252     
   99.199999999998639      -0.61602452458563040     
   99.299999999998633      -0.68402140219935825     
   99.399999999998627      -0.73994162009474507     
   99.499999999998622      -0.78342604902882118     
   99.599999999998616      -0.81489161039347979     
   99.699999999998610      -0.83527188573725797     
   99.799999999998604      -0.84574716179907539     
   99.899999999998599      -0.84753163593602276     
   99.999999999998593      -0.84173873166081514     
   100.09999999999859      -0.82931468009893639     
   100.19999999999858      -0.81101923009265364     
   100.29999999999858      -0.78743328061033702     
   100.39999999999857      -0.75897875606843357     
   100.49999999999856      -0.72594177509570534     
   100.59999999999856      -0.68849449783918049     
   100.69999999999855      -0.64671384728598713     
   100.79999999999855      -0.60059697636527332     
   100.89999999999854      -0.55007434930633314     
   100.99999999999854      -0.49502199063514224     
   101.09999999999853      -0.43527508859035813     
   101.19999999999852      -0.37064588520652947     
   101.29999999999852      -0.30094970088242590     
   101.39999999999851      -0.22604391842967200     
   101.49999999999851      -0.14588537622807987     
   101.59999999999850       -6.0610954379042820E-002
   101.69999999999850        2.9357479330977876E-002
   101.79999999999849       0.12319138905028894     
   101.89999999999849       0.21954030024043242     
   101.99999999999848       0.31646611671586866     
   102.09999999999847       0.41148453539547625     
   102.19999999999847       0.50176096503065837     
   102.29999999999846       0.58445822589352858     
   102.39999999999846       0.65715457618655293     
   102.49999999999845       0.71819285741659467     
   102.59999999999845       0.76683834899403092     
   102.69999999999844       0.80321264928462022     
   102.79999999999843       0.82806871251935499     
   102.89999999999843       0.84251428455726063     
   102.99999999999842       0.84777030790860186     
   103.09999999999842       0.84500366730572174     
   103.19999999999841       0.83523467319225841     
   103.29999999999841       0.81930085227039362     
   103.39999999999840       0.79785551864223847     
   103.49999999999839       0.77138394852084846     
   103.59999999999839       0.74022595096795163     
   103.69999999999838       0.70459861417672143     
   103.79999999999838       0.66461641849997743     
   103.89999999999837       0.62030799813267812     
   103.99999999999837       0.57163006180188747     
   104.09999999999836       0.51847975984659944     
   104.19999999999835       0.46070741466586274     
   104.29999999999835       0.39813221659397957     
   104.39999999999834       0.33056433351342490     
   104.49999999999834       0.25783786264703795     
   104.59999999999833       0.17985990253182968     
   104.69999999999833        9.6681051669398790E-002
   104.79999999999832        8.5905006133047829E-003
   104.89999999999831       -8.3767481279229922E-002
   104.99999999999831      -0.17927154287534991     
   105.09999999999830      -0.27623045931991463     
   105.19999999999830      -0.37237286068503239     
   105.29999999999829      -0.46497538142239470     
   105.39999999999829      -0.55115238937182742     
   105.49999999999828      -0.62825959894358774     
   105.59999999999827      -0.69428974447661251     
   105.69999999999827      -0.74812019691106779     
   105.79999999999826      -0.78953692828912436     
   105.89999999999826      -0.81906335083752069     
   105.99999999999825      -0.83769242478656281     
   106.09999999999825      -0.84662293355454155     
   106.19999999999824      -0.84705946243587371     
   106.29999999999824      -0.84009040427501702     
   106.39999999999823      -0.82663102286646062     
   106.49999999999822      -0.80740997724697305     
   106.59999999999822      -0.78297987163728111     
   106.69999999999821      -0.75373817196837356     
   106.79999999999821      -0.71995038119931687     
   106.89999999999820      -0.68177142999063978     
   106.99999999999820      -0.63926382646239088     
   107.09999999999819      -0.59241264053212417     
   107.19999999999818      -0.54113831990578320     
   107.29999999999818      -0.48530899559363955     
   107.39999999999817      -0.42475457818296303     
   107.49999999999817      -0.35928571951871591     
   107.59999999999816      -0.28872165406967443     
   107.69999999999816      -0.21293189233005577     
   107.79999999999815      -0.13189722974299811     
   107.89999999999814       -4.5794509663585670E-002
   107.99999999999814        4.4894747299664223E-002
   108.09999999999813       0.13926160263567366     
   108.19999999999813       0.23585920208668099     
   108.29999999999812       0.33265093337023299     
   108.39999999999812       0.42707533347147941     
   108.49999999999811       0.51626968650895189     
   108.59999999999810       0.59743743039828812     
   108.69999999999810       0.66826499942001238     
   108.79999999999809       0.72724559634924113     
   108.89999999999809       0.77379866486464344     
   108.99999999999808       0.80817045833864198     
   109.09999999999808       0.83119281880762386     
   109.19999999999807       0.84400763003019297     
   109.29999999999806       0.84783625826262010     
   109.39999999999806       0.84382560240822202     
   109.49999999999805       0.83296656840798045     
   109.59999999999805       0.81606514720076140     
   109.69999999999804       0.79374498358986301     
   109.79999999999804       0.76646525546939570     
   109.89999999999803       0.73454359680342540     
   109.99999999999802       0.69817852657429025     
   110.09999999999802       0.65746900678288067     
   110.19999999999801       0.61243066586770856     
   110.29999999999801       0.56300935047906253     
   110.39999999999800       0.50909340245783219     
   110.49999999999800       0.45052668516370298     
   110.59999999999799       0.38712509096128034     
   110.69999999999798       0.31870013705916339     
   110.79999999999798       0.24509424236122401     
   110.89999999999797       0.16623305288504647     
   110.99999999999797        8.2199962172304519E-002
   111.09999999999796       -6.6647176949232584E-003
   111.19999999999796       -9.9644781639344579E-002
   111.29999999999795      -0.19552804171410726     
   111.39999999999795      -0.29252330193724096     
   111.49999999999794      -0.38826981480908679     
   111.59999999999793      -0.47999251323283387     
   111.69999999999793      -0.56481650836018160     
   111.79999999999792      -0.64017938813778441     
   111.89999999999792      -0.70421101699308286     
   111.99999999999791      -0.75594607824317961     
   112.09999999999791      -0.79531055686754903     
   112.19999999999790      -0.82292653675547844     
   112.29999999999789      -0.83983876419757841     
   112.39999999999789      -0.84725883778648381     
   112.49999999999788      -0.84637831727195389     
   112.59999999999788      -0.83825900765493300     
   112.69999999999787      -0.82378486979948340     
   112.79999999999787      -0.80365380229736616     
   112.89999999999786      -0.77839072405834175     
   112.99999999999785      -0.74836930656667133     
   113.09999999999785      -0.71383504491384964     
   113.19999999999784      -0.67492615307674586     
   113.29999999999784      -0.63169114560977180     
   113.39999999999783      -0.58410336797381790     
   113.49999999999783      -0.53207359404578691     
   113.59999999999782      -0.47546245288881334     
   113.69999999999781      -0.41409510438027231     
   113.79999999999781      -0.34778138584700269     
   113.89999999999780      -0.27634561171226979     
   113.99999999999780      -0.19967113395161779     
   114.09999999999779      -0.11776509963894599     
   114.19999999999779       -3.0847406794137042E-002
   114.29999999999778        6.0537242019297680E-002
   114.39999999999777       0.15539627318092974     
   114.49999999999777       0.25218484533503843     
   114.59999999999776       0.34876955526100401     
   114.69999999999776       0.44251812679527958     
   114.79999999999775       0.53055033286369113     
   114.89999999999775       0.61012236863469826     
   114.99999999999774       0.67903827658407168     
   115.09999999999773       0.73594502958717656     
   115.19999999999773       0.78041322548480274     
   115.29999999999772       0.81280668685554458     
   115.39999999999772       0.83402816611265707     
   115.49999999999771       0.84524709878452298     
   115.59999999999771       0.84768093856074611     
   115.69999999999770       0.84245434327263446     
   115.79999999999769       0.83052804667588753     
   115.89999999999769       0.81267661376147005     
   115.99999999999768       0.78949454860378765     
   116.09999999999768       0.76141559106269230     
   116.19999999999767       0.72873583920695728     
   116.29999999999767       0.69163579660660091     
   116.39999999999766       0.65019936397040601     
   116.49999999999766       0.60442954390931480     
   116.59999999999765       0.55426166350317263     
   116.69999999999764       0.49957561819597890     
   116.79999999999764       0.44020927081728672     
   116.89999999999763       0.37597587233971230     
   116.99999999999763       0.30668927413808533     
   117.09999999999762       0.23220168372216118     
   117.19999999999762       0.15245939451977136     
   117.29999999999761        6.7581408012307678E-002
   117.39999999999760       -2.2037437653045708E-002
   117.49999999999760      -0.11560551876945642     
   117.59999999999759      -0.21181733064973379     
   117.69999999999759      -0.30878183912129420     
   117.79999999999758      -0.40405326421823123     
   117.89999999999758      -0.49481387047563791     
   117.99999999999757      -0.57821148962479541     
   118.09999999999756      -0.65177665858631839     
   118.19999999999756      -0.71378252510193618     
   118.29999999999755      -0.76342058456592998     
   118.39999999999755      -0.80075105577010242     
   118.49999999999754      -0.82648673242328630     
   118.59999999999754      -0.84171679863314119     
   118.69999999999753      -0.84766037205946976     
   118.79999999999752      -0.84549292605064030     
   118.89999999999752      -0.83624837063357216     
   118.99999999999751      -0.82077917455086513     
   119.09999999999751      -0.79975287451421606     
   119.19999999999750      -0.77366733478979111     
   119.29999999999750      -0.74287309231603815     
   119.39999999999749      -0.70759622740864225     
   119.49999999999748      -0.66795873369527869     
   119.59999999999748      -0.62399554036606353     
   119.69999999999747      -0.57566862057383439     
   119.79999999999747      -0.52287942022289324     
   119.89999999999746      -0.46548147403867335     
   119.99999999999746      -0.40329575123461220     
   120.09999999999745      -0.33613210531072063     
   120.19999999999744      -0.26382117757879142     
   120.29999999999744      -0.18626198216576276     
   120.39999999999743      -0.10349053354397679     
   120.49999999999743       -1.5772977954624998E-002
   120.59999999999742        7.6279253755154430E-002
   120.69999999999742       0.17158688505665104     
   120.79999999999741       0.26850591901248488     
   120.89999999999741       0.36480860244759677     
   120.99999999999740       0.45779899721890410     
   121.09999999999739       0.54459048949932376     
   121.19999999999739       0.62250402142899919     
   121.29999999999738       0.68946983105837367     
   121.39999999999738       0.74429092828727639     
   121.49999999999737       0.78668515521093940     
   121.59999999999737       0.81712645378376814     
   121.69999999999736       0.83658062277406176     
   121.79999999999735       0.84623841729956717     
   121.89999999999735       0.84730942243044138     
   121.99999999999734       0.84089409540077109     
   122.09999999999734       0.82792241720984072     
   122.19999999999733       0.80913773429319291     
   122.29999999999733       0.78510597653935010     
   122.39999999999732       0.75623611025315651     
   122.49999999999731       0.72280332513768597     
   122.59999999999731       0.68497064662675999     
   122.69999999999730       0.64280735622495166     
   122.79999999999730       0.59630420110386417     
   122.89999999999729       0.54538633009965343     
   122.99999999999729       0.48992556459075387     
   123.09999999999728       0.42975425082686119     
   123.19999999999727       0.36468370027714331     
   123.29999999999727       0.29453115320764733     
   123.39999999999726       0.21916016933454519     
   123.49999999999726       0.13853990719245640     
   123.59999999999725        5.2827905129889385E-002
   123.69999999999725       -3.7523005269474122E-002
   123.79999999999724      -0.13164237491805764     
   123.89999999999723      -0.22812921934368080     
   123.99999999999723      -0.32499340982952690     
   124.09999999999722      -0.41970928406371460     
   124.19999999999722      -0.50942615716060180     
   124.29999999999721      -0.59132671333475018     
   124.39999999999721      -0.66304493194853698     
   124.49999999999720      -0.72300231158288919     
   124.59999999999719      -0.77054560259187255     
   124.69999999999719      -0.80586288040863607     
   124.79999999999718      -0.82974962554337128     
   124.89999999999718      -0.84333239623276079     
   124.99999999999717      -0.84783292213704664     
   125.09999999999717      -0.84440786715003746     
   125.19999999999716      -0.83406217069596222     
   125.29999999999715      -0.81761675149877999     
   125.39999999999715      -0.79570924217359462     
   125.49999999999714      -0.76881109861849173     
   125.59999999999714      -0.73725037636880464     
   125.69999999999713      -0.70123431856154939     
   125.79999999999713      -0.66086917861871497     
   125.89999999999712      -0.61617669638670747     
   125.99999999999712      -0.56710781985736680     
   126.09999999999711      -0.51355501789397406     
   126.19999999999710      -0.45536515708574760     
   126.29999999999710      -0.39235561247208239     
   126.39999999999709      -0.32433714358405841     
   126.49999999999709      -0.25114805116116179     
   126.59999999999708      -0.17270494268370823     
   126.69999999999708       -8.9075336895926935E-002
   126.79999999999707       -5.7491526929261128E-004
   126.89999999999706        9.2114622766025916E-002
   126.99999999999706       0.18782443539330376     
   127.09999999999705       0.28481069097279454     
   127.19999999999705       0.38075447746055457     
   127.29999999999704       0.47290413109088458     
   127.39999999999704       0.55837819596628047     
   127.49999999999703       0.63457407384113884     
   127.59999999999702       0.69955585399027664     
   127.69999999999702       0.75228371406798911     
   127.79999999999701       0.79261801055904968     
   127.89999999999701       0.82113508314063655     
   127.99999999999700       0.83885608470391004     
   128.09999999999701       0.84698722860836850     
   128.19999999999700       0.84672664617303650     
   128.29999999999700       0.83914891194200325     
   128.39999999999699       0.82515284371420716     
   128.49999999999699       0.80545086222879581     
   128.59999999999698       0.78058092042582661     
   128.69999999999698       0.75092787602149380     
   128.79999999999697       0.71674662477906037     
   128.89999999999696       0.67818323465507535     
   128.99999999999696       0.63529279575023112     
   129.09999999999695       0.58805416185305071     
   129.19999999999695       0.53638264539352154     
   129.29999999999694       0.48014237851218405     
   129.39999999999694       0.41916070326732602     
   129.49999999999693       0.35324774265086273     
   129.59999999999692       0.28222525490826456     
   129.69999999999692       0.20596981651403207     
   129.79999999999691       0.12447578851337050     
   129.89999999999691        3.7942286666272709E-002
   129.99999999999690       -5.3116350307699692E-002
   130.09999999999690      -0.14774755093458355     
   130.19999999999689      -0.24445305325855557     
   130.29999999999688      -0.34114503368979943     
   130.39999999999688      -0.43522390998804167     
   130.49999999999687      -0.52381639081990805     
   130.59999999999687      -0.60415217937474330     
   130.69999999999686      -0.67397849575052915     
   130.79999999999686      -0.73186913631842809     
   130.89999999999685      -0.77732354789902924     
   130.99999999999685      -0.81065078201555696     
   131.09999999999684      -0.83272099729858706     
   131.19999999999683      -0.84469138002283040     
   131.29999999999683      -0.84778175305412962     
   131.39999999999682      -0.84312756931129873     
   131.49999999999682      -0.83170393521190733     
   131.59999999999681      -0.81430027858669973     
   131.69999999999681      -0.79152483579000865     
   131.79999999999680      -0.76382331121306646     
   131.89999999999679      -0.73150192313230633     
   131.99999999999679      -0.69474963904632148     
   132.09999999999678      -0.65365743653033836     
   132.19999999999678      -0.60823425093296268     
   132.29999999999677      -0.55842034871536228     
   132.39999999999677      -0.50409957971591879     
   132.49999999999676      -0.44511258985555824     
   132.59999999999675      -0.38127379641419545     
   132.69999999999675      -0.31239581823922352     
   132.79999999999674      -0.23832603817225292     
   132.89999999999674      -0.15900070206207867     
   132.99999999999673       -7.4521589755104312E-002
   133.09999999999673        1.4742712314177481E-002
   133.19999999999672       0.10803672800555322     
   133.29999999999671       0.20409943663596655     
   133.39999999999671       0.30108703217737931     
   133.49999999999670       0.39659341277855514     
   133.59999999999670       0.48781987949086492     
   133.69999999999669       0.57190199828143518     
   133.79999999999669       0.64632493998647123     
   133.89999999999668       0.70929329567054744     
   133.99999999999667       0.75992442666334736     
   134.09999999999667       0.79821574048819477     
   134.19999999999666       0.82483806977427621     
   134.29999999999666       0.84086045210351068     
   134.39999999999665       0.84749907970438954     
   134.49999999999665       0.84593740403152884     
   134.59999999999664       0.83722269371051250     
   134.69999999999663       0.82222234674570960     
   134.79999999999663       0.80161822526628435     
   134.89999999999662       0.77592092661568213     
   134.99999999999662       0.74549186213314012     
   135.09999999999661       0.71056623381270356     
   135.19999999999661       0.67127365624110891     
   135.29999999999660       0.62765544241144555     
   135.39999999999660       0.57967890774149311     
   135.49999999999659       0.52724987238125032     
   135.59999999999658       0.47022517893537114     
   135.69999999999658       0.40842770923110150     
   135.79999999999657       0.34166720190806071     
   135.89999999999657       0.26977114117291995     
   135.99999999999656       0.19263088983898818     
   136.09999999999656       0.11026846978310004     
   136.19999999999655        2.2927720323846240E-002
   136.29999999999654       -6.8811971778438244E-002
   136.39999999999654      -0.16391276197413082     
   136.49999999999653      -0.26077772819793049     
   136.59999999999653      -0.35722344934154027     
   136.69999999999652      -0.45058319514182271     
   136.79999999999652      -0.53797196089766475     
   136.89999999999651      -0.61667854530930966     
   136.99999999999650      -0.68457240826999566     
   137.09999999999650      -0.74038245193585239     
   137.19999999999649      -0.78375732634906281     
   137.29999999999649      -0.81511977003438307     
   137.39999999999648      -0.83540669428813907     
   137.49999999999648      -0.84579951114081720     
   137.59999999999647      -0.84751200151206740     
   137.69999999999646      -0.84165631002313468     
   137.79999999999646      -0.82917704305684314     
   137.89999999999645      -0.81083230029500752     
   137.99999999999645      -0.78720147134207252     
   138.09999999999644      -0.75870517206721633     
   138.19999999999644      -0.72562841674212708     
   138.29999999999643      -0.68814244235015176     
   138.39999999999642      -0.64632339971922048     
   138.49999999999642      -0.60016779446094948     
   138.59999999999641      -0.54960555318576865     
   138.69999999999641      -0.49451227391778552     
   138.79999999999640      -0.43472285344594008     
   138.89999999999640      -0.37004943125184059     
   138.99999999999639      -0.30030750657327504     
   139.09999999999638      -0.22535506162707514     
   139.19999999999638      -0.14515014227168072     
   139.29999999999637       -5.9831663891549744E-002
   139.39999999999637        3.0175442599150795E-002
   139.49999999999636       0.12403847752928050     
   139.59999999999636       0.22040192228911171     
   139.69999999999635       0.31732244505004004     
   139.79999999999634       0.41231152153716100     
   139.89999999999634       0.50253281873141020     
   139.99999999999633       0.58515099774608514     
   140.09999999999633       0.65774978217120161     
   140.19999999999632       0.71867985191111450     
   140.29999999999632       0.76721468918840863     
   140.39999999999631       0.80348264689829363     
   140.49999999999631       0.82824104677932997     
   140.59999999999630       0.84259960810408752     
   140.69999999999629       0.84777941049635219     
   140.79999999999629       0.84494634446172623     
   140.89999999999628       0.83511918974040633     
   140.99999999999628       0.81913380629688248     
   141.09999999999627       0.79764192858061056     
   141.19999999999627       0.77112743788393956     
   141.29999999999626       0.73992895581424145     
   141.39999999999625       0.70426257561477390     
   141.49999999999625       0.66424194627082778     
   141.59999999999624       0.61989500533697173     
   141.69999999999624       0.57117787919582697     
   141.79999999999623       0.51798724400097007     
   141.89999999999623       0.46017306989193107     
   141.99999999999622       0.39755435727011573     
   142.09999999999621       0.32994132173564172     
   142.19999999999621       0.25716846488668982     
   142.29999999999620       0.17914381429636486     
   142.39999999999620        9.5919632267419147E-002
   142.49999999999619        7.7877256364504988E-003
   142.59999999999619       -8.4603924562643887E-002
   142.69999999999618      -0.18012923578721862     
   142.79999999999617      -0.27709170870018279     
   142.89999999999617      -0.37321515662663296     
   142.99999999999616      -0.46577326891677961     
   143.09999999999616      -0.55188068515089905     
   143.19999999999615      -0.62889715924381673     
   143.29999999999615      -0.69482249780427452     
   143.39999999999614      -0.74854237586884309     
   143.49999999999613      -0.78985029474176249     
   143.59999999999613      -0.81927507572772840     
   143.69999999999612      -0.83781260238696131     
   143.79999999999612      -0.84666247380692528     
   143.89999999999611      -0.84702866950314826     
   143.99999999999611      -0.83999821462080559     
   144.09999999999610      -0.82648472656770133     
   144.19999999999609      -0.80721523071371259     
   144.29999999999609      -0.78274085347632449     
   144.39999999999608      -0.75345778737007763     
   144.49999999999608      -0.71963046345363835     
   144.59999999999607      -0.68141291672506077     
   144.69999999999607      -0.63886690574001137     
   144.79999999999606      -0.59197687221960116     
   144.89999999999606      -0.54066274430296479     
   144.99999999999605      -0.48479224681999628     
   145.09999999999604      -0.42419502596587660     
   145.19999999999604      -0.35868167069335261     
   145.29999999999603      -0.28807165393903383     
   145.39999999999603      -0.21223517351549157     
   145.49999999999602      -0.13115435580414780     
   145.59999999999602       -4.5008240058737881E-002
   145.69999999999601        4.5718404347967687E-002
   145.79999999999600       0.14011230085636950     
   145.89999999999600       0.23672145607319178     
   145.99999999999599       0.33350409591225733     
   146.09999999999599       0.42789485110750081     
   146.19999999999598       0.51702981048816798     
   146.29999999999598       0.59811489572253884     
   146.39999999999597       0.66884252425627166     
   146.49999999999596       0.72771394578139681     
   146.59999999999596       0.77415667150178025     
   146.69999999999595       0.80842334567804253     
   146.79999999999595       0.83134975468200234     
   146.89999999999594       0.84407939929790854     
   146.99999999999594       0.84783354422180013     
   147.09999999999593       0.84375796731938157     
   147.19999999999592       0.83284199831497263     
   147.29999999999592       0.81588996456218899     
   147.39999999999591       0.79352395805408538     
   147.49999999999591       0.76620179646944830     
   147.59999999999590       0.73423996034601491     
   147.69999999999590       0.69783600337771112     
   147.79999999999589       0.65708808072431635     
   147.89999999999588       0.61201114450923244     
   147.99999999999588       0.56255047718552087     
   148.09999999999587       0.50859396531453904     
   148.19999999999587       0.44998514362569003     
   148.29999999999586       0.38653974815833364     
   148.39999999999586       0.31806939418193692     
   148.49999999999585       0.24441698011197899     
   148.59999999999584       0.16550918901422718     
   148.69999999999584        8.1431223853200646E-002
   148.79999999999583       -7.4738089873727931E-003
   148.89999999999583      -0.10048580738931466     
   148.99999999999582      -0.19638771384559855     
   149.09999999999582      -0.29338305040663759     
   149.19999999999581      -0.38910646242781410     
   149.29999999999580      -0.48078039683759866     
   149.39999999999580      -0.56553086342621728     
   149.49999999999579      -0.64080008728393123     
   149.59999999999579      -0.70472535652123303     
   149.69999999999578      -0.75634965931302567     
   149.79999999999578      -0.79560622112451751     
   149.89999999999577      -0.82312211720599315     
   149.99999999999577      -0.83994462254469671     
   150.09999999999576      -0.84728586196752143     
   150.19999999999575      -0.84633661907191704     
   150.29999999999575      -0.83815725602508528     
   150.39999999999574      -0.82363007378505448     
   150.49999999999574      -0.80345135668908718     
   150.59999999999573      -0.77814457867667075     
   150.69999999999573      -0.74808217279999334     
   150.79999999999572      -0.71350859395329602     
   150.89999999999571      -0.67456118707760571     
   150.99999999999571      -0.63128773904427504     
   151.09999999999570      -0.58366098586660520     
   151.19999999999570      -0.53159120002743354     
   151.29999999999569      -0.47493862551641897     
   151.39999999999569      -0.41352818654380824     
   151.49999999999568      -0.34716970000936032     
   151.59999999999567      -0.27568778260011456     
   151.69999999999567      -0.19896656707133553     
   151.79999999999566      -0.11701466128361801     
   151.89999999999566       -3.0054325352947137E-002
   151.99999999999565        6.1366302313309903E-002
   152.09999999999565       0.15625014353925387     
   152.19999999999564       0.25304714469219008     
   152.29999999999563       0.34961885144935162     
   152.39999999999563       0.44332943911999773     
   152.49999999999562       0.53129806090423748     
   152.59999999999562       0.61078403388831826     
   152.69999999999561       0.67959785925040372     
   152.79999999999561       0.73639470510602012     
   152.89999999999560       0.78075305213960589     
   152.99999999999559       0.81304272860084337     
   153.09999999999559       0.83417001247786948     
   153.19999999999558       0.84530561811103277     
   153.29999999999558       0.84766667922737060     
   153.39999999999557       0.84237662187909401     
   153.49999999999557       0.83039456841059278     
   153.59999999999556       0.81249342885127207     
   153.69999999999555       0.78926618350733835     
   153.79999999999555       0.76114524705100761     
   153.89999999999554       0.72842559757683534     
   153.99999999999554       0.69128680216037364     
   154.09999999999553       0.64981197838946192     
   154.19999999999553       0.60400347235233642     
   154.29999999999552       0.55379606497562772     
   154.39999999999552       0.49906921581511399     
   154.49999999999551       0.43966048397031215     
   154.59999999999550       0.37538299999608149     
   154.69999999999550       0.30605076725178515     
   154.79999999999549       0.23151655289203021     
   154.89999999999549       0.15172780156638416     
   154.99999999999548        6.6805476015717999E-002
   155.09999999999548       -2.2852609601287474E-002
   155.19999999999547      -0.11645075240426254     
   155.29999999999546      -0.21267845554763870     
   155.39999999999546      -0.30963942648304843     
   155.49999999999545      -0.40488352988821291     
   155.59999999999545      -0.49559104101561724     
   155.69999999999544      -0.57891132820700153     
   155.79999999999544      -0.65238013538009954     
   155.89999999999543      -0.71427832916288214     
   155.99999999999542      -0.76380565356177954     
   156.09999999999542      -0.80102924514455776     
   156.19999999999541      -0.82666646604344141     
   156.29999999999541      -0.84180864851838266     
   156.39999999999540      -0.84767516752772443     
   156.49999999999540      -0.84544056812222035     
   156.59999999999539      -0.83613725505087699     
   156.69999999999538      -0.82061603093672308     
   156.79999999999538      -0.79954284101977247     
   156.89999999999537      -0.77341413838852224     
   156.99999999999537      -0.74257925623882537     
   157.09999999999536      -0.70726326559140906     
   157.19999999999536      -0.66758731680140870     
   157.29999999999535      -0.62358563259003796     
   157.39999999999534      -0.57521959511137655     
   157.49999999999534      -0.52239016726779153     
   157.59999999999533      -0.46495052073529941     
   157.69999999999533      -0.40272141962537494     
   157.79999999999532      -0.33551274249650026     
   157.89999999999532      -0.26315550112797464     
   157.99999999999531      -0.18554958963755508     
   158.09999999999530      -0.10273261954054377     
   158.19999999999530       -1.4973270542443989E-002
   158.29999999999529        7.7113403298415623E-002
   158.39999999999529       0.17244346419744516     
   158.49999999999528       0.26936765438479621     
   158.59999999999528       0.36565331909935572     
   158.69999999999527       0.45860137145119773     
   158.79999999999526       0.54532517801344016     
   158.89999999999526       0.62314942955610064     
   158.99999999999525       0.69001125121780271     
   159.09999999999525       0.74472193616394133     
   159.19999999999524       0.78700697927774499     
   159.29999999999524       0.81734592632855629     
   159.39999999999523       0.83670769057683059     
   159.49999999999523       0.84628398695631379     
   159.59999999999522       0.84728388202265970     
   159.69999999999521       0.84080650560448400     
   159.79999999999521       0.82778020150029608     
   159.89999999999520       0.80894667461738823     
   159.99999999999520       0.78487036191519277     
   160.09999999999519       0.75595893965283234     
   160.19999999999519       0.72248651035236500     
   160.29999999999518       0.68461519087026546     
   160.39999999999517       0.64241350253764007     
   160.49999999999517       0.59587155532475811     
   160.59999999999516       0.54491396994251196     
   160.69999999999516       0.48941215187483489     
   160.79999999999515       0.42919816996758531     
   160.89999999999515       0.36408325367819927     
   160.99999999999514       0.29388485299622175     
   161.09999999999513       0.21846717264272258     
   161.19999999999513       0.13780064282795257     
   161.29999999999512        5.2044921015859724E-002
   161.39999999999512       -3.8344000606231513E-002
   161.49999999999511      -0.13249141657469948     
   161.59999999999511      -0.22899124573272567     
   161.69999999999510      -0.32584815812497964     
   161.79999999999509      -0.42053243067999585     
   161.89999999999509      -0.51019192053583617     
   161.99999999999508      -0.59201149136766595     
   162.09999999999508      -0.66363086542989136     
   162.19999999999507      -0.72347949693219649     
   162.29999999999507      -0.77091227420993791     
   162.39999999999506      -0.80612383879683980     
   162.49999999999505      -0.82991381561299149     
   162.59999999999505      -0.84341054651348513     
   162.69999999999504      -0.84783577008547628     
   162.79999999999504      -0.84434508718123980     
   162.89999999999503      -0.83394188121959700     
   162.99999999999503      -0.81744540512202479     
   163.09999999999502      -0.79549172568076743     
   163.19999999999501      -0.76855092208853470     
   163.29999999999501      -0.73694988040508902     
   163.39999999999500      -0.70089486453886451     
   163.49999999999500      -0.66049130955761670     
   163.59999999999499      -0.61576026943684425     
   163.69999999999499      -0.56665211939485438     
   163.79999999999498      -0.51305886400820144     
   163.89999999999498      -0.45482702989604323     
   163.99999999999497      -0.39177381958149671     
   164.09999999999496      -0.32371006638238531     
   164.19999999999496      -0.25047451435748092     
   164.29999999999495      -0.17198475612229258     
   164.39999999999495       -8.8310050095076531E-002
   164.49999999999494        2.3121276363184673E-004
   164.59999999999494        9.2953523464511065E-002
   164.69999999999493       0.18868323426926503     
   164.79999999999492       0.28567123139781880     
   164.89999999999492       0.38159389119322085     
   164.99999999999491       0.47369684163897635     
   165.09999999999491       0.55909922683741742     
   165.19999999999490       0.63520280572316334     
   165.29999999999490       0.70007893166500179     
   165.39999999999489       0.75269609405484872     
   165.49999999999488       0.79292203115430915     
   165.59999999999488       0.82133827274436688     
   165.69999999999487       0.83896868568295957     
   165.79999999999487       0.84702014409501514     
   165.89999999999486       0.84669008151462488     
   165.99999999999486       0.83905166359309991     
   166.09999999999485       0.82500205366615020     
   166.19999999999484       0.80525204857225063     
   166.29999999999484       0.78033814059385065     
   166.39999999999483       0.75064393247500472     
   166.49999999999483       0.71642326486466279     
   166.59999999999482       0.67782132418190510     
   166.69999999999482       0.63489246256770393     
   166.79999999999481       0.58761491552564349     
   166.89999999999480       0.53590348546402922     
   166.99999999999480       0.47962190934779991     
   167.09999999999479       0.41859727974563898     
   167.19999999999479       0.35263967874820468     
   167.29999999999478       0.28157113611694151     
   167.39999999999478       0.20526896413897086     
   167.49999999999477       0.12372892235259100     
   167.59999999999476        3.7152409232456093E-002
   167.69999999999476       -5.3942889367104299E-002
   167.79999999999475      -0.14859997518136470     
   167.89999999999475      -0.24531540571538718     
   167.99999999999474      -0.34199624912477322     
   168.09999999999474      -0.43603919992681522     
   168.19999999999473      -0.52457007112897791     
   168.29999999999472      -0.60482138662537044     
   168.39999999999472      -0.67454660559848378     
   168.49999999999471      -0.73232765694536528     
   168.59999999999471      -0.77767196370613356     
   168.69999999999470      -0.81089476788363257     
   168.79999999999470      -0.83286995123807539     
   168.89999999999469      -0.84475613669141081     
   168.99999999999469      -0.84777292807612370     
   169.09999999999468      -0.84305459703474406     
   169.19999999999467      -0.83157465401383235     
   169.29999999999467      -0.81412086715953080     
   169.39999999999466      -0.79129993505620877     
   169.49999999999466      -0.76355622029234560     
   169.59999999999465      -0.73119480540500448     
   169.69999999999465      -0.69440370787073813     
   169.79999999999464      -0.65327311100870122     
   169.89999999999463      -0.60781128433391218     
   169.99999999999463      -0.55795793961630502     
   170.09999999999462      -0.50359648155471570     
   170.19999999999462      -0.44456724037943518     
   170.29999999999461      -0.38068449564809020     
   170.39999999999461      -0.31176099219379660     
   170.49999999999460      -0.23764463391509549     
   170.59999999999459      -0.15827276303474350     
   170.69999999999459       -7.3749047986262459E-002
   170.79999999999458        1.5555035252154667E-002
   170.89999999999458       0.10888001711612423     
   170.99999999999457       0.20495994072924212     
   171.09999999999457       0.30194572648119566     
   171.19999999999456       0.39742679261052216     
   171.29999999999455       0.48860221114685665     
   171.39999999999455       0.57260878153538564     
   171.49999999999454       0.64693661559627857     
   171.59999999999454       0.70979789064451826     
   171.69999999999453       0.76031825021477561     
   171.79999999999453       0.79850217635548315     
   171.89999999999452       0.82502527079862076     
   171.99999999999451       0.84095889761345433     
   172.09999999999451       0.84751963112745465     
   172.19999999999450       0.84589006433060621     
   172.29999999999450       0.83711598862373471     
   172.39999999999449       0.82206313797383657     
   172.49999999999449       0.80141177186155843     
   172.59999999999448       0.77567106034771627     
   172.69999999999447       0.74520119464568446     
   172.79999999999447       0.71023635292186094     
   172.89999999999446       0.67090529439581414     
   172.99999999999446       0.62724861562495671     
   173.09999999999445       0.57923303232378143     
   173.19999999999445       0.52676387289622162     
   173.29999999999444       0.46969760634420976     
   173.39999999999444       0.40785689467703135     
   173.49999999999443       0.34105147966082405     
   173.59999999999442       0.26910918310446341     
   173.69999999999442       0.19192220009788502     
   173.79999999999441       0.10951408423334269     
   173.89999999999441        2.2131126521045597E-002
   173.99999999999440       -6.9643751759325620E-002
   174.09999999999440      -0.16476811765350677     
   174.19999999999439      -0.26163980802513054     
   174.29999999999438      -0.35807042442014803     
   174.39999999999438      -0.45138989332456309     
   174.49999999999437      -0.53871290347229517     
   174.59999999999437      -0.61733170724352537     
   174.69999999999436      -0.68512245490312285     
   174.79999999999436      -0.74082229767319030     
   174.89999999999435      -0.78408765271973468     
   174.99999999999434      -0.81534705446370126     
   175.09999999999434      -0.83554072222937570     
   175.19999999999433      -0.84585117648776198     
   175.29999999999433      -0.84749177123475372     
   175.39999999999432      -0.84157336715125886     
   175.49999999999432      -0.82903894451716309     
   175.59999999999431      -0.81064495456473062     
   175.69999999999430      -0.78696927916421111     
   175.79999999999430      -0.75843122749412029     
   175.89999999999429      -0.72531471120136670     
   175.99999999999429      -0.68779004558020707     
   176.09999999999428      -0.64593261051138040     
   176.19999999999428      -0.59973826530938656     
   176.29999999999427      -0.54913639991783181     
   176.39999999999426      -0.49400218691476011     
   176.49999999999426      -0.43417023302959579     
   176.59999999999425      -0.36945257721917185     
   176.69999999999425      -0.29966490060956030     
   176.79999999999424      -0.22466578933105669     
   176.89999999999424      -0.14441450308295378     
   176.99999999999423       -5.9052000871375118E-002
   177.09999999999422        3.0993713509528023E-002
   177.19999999999422       0.12488576720520284     
   177.29999999999421       0.22126359200783180     
   177.39999999999421       0.31817862345868864     
   177.49999999999420       0.41313813164951502     
   177.59999999999420       0.50330406986244536     
   177.69999999999419       0.58584297402174879     
   177.79999999999418       0.65834406142374780     
   177.89999999999418       0.71916586287813755     
   177.99999999999417       0.76759005756899201     
   178.09999999999417       0.80375173433433666     
   178.19999999999416       0.82841256001541819     
   178.29999999999416       0.84268420804016397     
   178.39999999999415       0.84778788202716271     
   178.49999999999415       0.84488847114002597     
   178.59999999999414       0.83500322173816566     
   178.69999999999413       0.81896632706673045     
   178.79999999999413       0.79742794327831301     
   178.89999999999412       0.77087055856593889     
   178.99999999999412       0.73963160889285562     
   179.09999999999411       0.70392619414057189     
   179.19999999999411       0.66386713324298752     
   179.29999999999410       0.61948166820215156     
   179.39999999999409       0.57072534401872699     
   179.49999999999409       0.51749436364917667     
   179.59999999999408       0.45963834619225286     
   179.69999999999408       0.39697610383723769     
   179.79999999999407       0.32931790247523252     
   179.89999999999407       0.25649865192728905     
   179.99999999999406       0.17842731435600739     
   180.09999999999405        9.5157823399309061E-002
   180.19999999999405        6.9846114758810723E-003
   180.29999999999404       -8.5440618857540285E-002
   180.39999999999404      -0.18098704600205429     
   180.49999999999403      -0.27795289500737458     
   180.59999999999403      -0.37405717248320924     
   180.69999999999402      -0.46657064594976394     
   180.79999999999401      -0.55260825946749548     
   180.89999999999401      -0.62953383861408529     
   180.99999999999400      -0.69535428218926310     
   181.09999999999400      -0.74896357082649279     
   181.19999999999399      -0.79016272076682248     
   181.29999999999399      -0.81948594053053092     
   181.39999999999398      -0.83793201584642618     
   181.49999999999397      -0.84670134567425248     
   181.59999999999397      -0.84699729428305526     
   181.69999999999396      -0.83990551481670650     
   181.79999999999396      -0.82633797738635895     
   181.89999999999395      -0.80702007462734193     
   181.99999999999395      -0.78250145685920947     
   182.09999999999394      -0.75317704503299898     
   182.19999999999393      -0.71931020000086632     
   182.29999999999393      -0.68105406252662837     
   182.39999999999392      -0.63846964277480911     
   182.49999999999392      -0.59154075526909211     
   182.59999999999391      -0.54018680953782783     
   182.69999999999391      -0.48427512532462852     
   182.79999999999390      -0.42363508590665233     
   182.89999999999390      -0.35807721951543059     
   182.99999999999389      -0.28742124081877485     
   183.09999999999388      -0.21153803974364194     
   183.19999999999388      -0.13041108030818016     
   183.29999999999387       -4.4221606306933822E-002
   183.39999999999387        4.6542354268064967E-002
   183.49999999999386       0.14096317780292117     
   183.59999999999386       0.23758372733380143     
   183.69999999999385       0.33435707187766706     
   183.79999999999384       0.42871395374595944     
   183.89999999999384       0.51778929618969283     
   183.99999999999383       0.59879153851514344     
   184.09999999999383       0.66941910755357692     
   184.19999999999382       0.72818130925881419     
   184.29999999999382       0.77451371380725764     
   184.39999999999381       0.80867533649636170     
   184.49999999999380       0.83150588577366613     
   184.59999999999380       0.84415046111931558     
   184.69999999999379       0.84783021362894639     
   184.79999999999379       0.84368979388752119     
   184.89999999999378       0.83271695329374174     
   184.99999999999378       0.81571435594062225     
   185.09999999999377       0.79330254249365983     
   185.19999999999376       0.76593797226036819     
   185.29999999999376       0.73393597413431022     
   185.39999999999375       0.69749313806372770     
   185.49999999999375       0.65670681364009298     
   185.59999999999374       0.61159127772994371     
   185.69999999999374       0.56209124954403988     
   185.79999999999373       0.50809416137531527     
   185.89999999999372       0.44944322060500419     
   185.99999999999372       0.38595400878462105     
   186.09999999999371       0.31743824200115456     
   186.19999999999371       0.24373930228730384     
   186.29999999999370       0.16478491563238812     
   186.39999999999370        8.0662102289754539E-002
   186.49999999999369       -8.2832275430419211E-003
   186.59999999999368      -0.10132706499157201     
   186.69999999999368      -0.19724747610220938     
   186.79999999999367      -0.29424270140422820     
   186.89999999999367      -0.38994279134479315     
   186.99999999999366      -0.48156773219646509     
   187.09999999999366      -0.56624446586174260     
   187.19999999999365      -0.64141988542510875     
   187.29999999999364      -0.70523871970233398     
   187.39999999999364      -0.75675226016114638     
   187.49999999999363      -0.79590095651256343     
   187.59999999999363      -0.82331685312104430     
   187.69999999999362      -0.84004973319908183     
   187.79999999999362      -0.84731223308820147     
   187.89999999999361      -0.84629435174813150     
   187.99999999999361      -0.83805500490516815     
   188.09999999999360      -0.82347483310734426     
   188.19999999999359      -0.80324850756112132     
   188.29999999999359      -0.77789805899923659     
   188.39999999999358      -0.74779468388269665     
   188.49999999999358      -0.71318179856114872     
   188.59999999999357      -0.67419588032206690     
   188.69999999999357      -0.63088398949054381     
   188.79999999999356      -0.58321825361361623     
   188.89999999999355      -0.53110844474515717     
   188.99999999999355      -0.47441442294053937     
   189.09999999999354      -0.41296087830975808     
   189.19999999999354      -0.34655760965057048     
   189.29999999999353      -0.27502953940395491     
   189.39999999999353      -0.19826158619972928     
   189.49999999999352      -0.11626382572203992     
   189.59999999999351       -2.9260889109402471E-002
   189.69999999999351        6.2195639486544649E-002
   189.79999999999350       0.15710416879319350     
   189.89999999999350       0.25390942969769692     
   189.99999999999349       0.35046792368582502     
   190.09999999999349       0.44414029761319396     
   190.19999999999348       0.53204511608092608     
   190.29999999999347       0.61144485154177408     
   190.39999999999347       0.68015648772344439     
   190.49999999999346       0.73684339413653299     
   190.59999999999346       0.78109192325529508     
   190.69999999999345       0.81327788814779489     
   190.79999999999345       0.83431107044453467     
   190.89999999999344       0.84536344595994362     
   190.99999999999343       0.84765181747877061     
   191.09999999999343       0.84229837385351203     
   191.19999999999342       0.83026062442763737     
   191.29999999999342       0.81230982486382930     
   191.39999999999341       0.78903743328743181     
   191.49999999999341       0.76087454103808194     
   191.59999999999340       0.72811500798540330     
   191.69999999999339       0.69093746620704588     
   191.79999999999339       0.64942425140100746     
   191.89999999999338       0.60357705416460017     
   191.99999999999338       0.55333011022309753     
   192.09999999999337       0.49856244428400853     
   192.19999999999337       0.43911131307030898     
   192.29999999999336       0.37478972868344002     
   192.39999999999336       0.30541184941956773     
   192.49999999999335       0.23083100645416108     
   192.59999999999334       0.15099580186293576     
   192.69999999999334        6.6029167835729027E-002
   192.79999999999333       -2.3668095771480088E-002
   192.89999999999333      -0.11729619740593690     
   192.99999999999332      -0.21353964206798751     
   193.09999999999332      -0.31049688099133288     
   193.19999999999331      -0.40571343798390269     
   193.29999999999330      -0.49636762624231795     
   193.39999999999330      -0.57961038460815228     
   193.49999999999329      -0.65298269320432467     
   193.59999999999329      -0.71477315152814525     
   193.69999999999328      -0.76418974768907733     
   193.79999999999328      -0.80130651813582432     
   193.89999999999327      -0.82684537101946853     
   193.99999999999326      -0.84189976708178971     
   194.09999999999326      -0.84768932494665805     
   194.19999999999325      -0.84538765382228998     
   194.29999999999325      -0.83602565021572162     
   194.39999999999324      -0.82045245049039761     
   194.49999999999324      -0.79933240970196739     
   194.59999999999323      -0.77316057156740903     
   194.69999999999322      -0.74228506736157274     
   194.79999999999322      -0.70692996041950951     
   194.89999999999321      -0.66721555916095276     
   194.99999999999321      -0.62317538094115155     
   195.09999999999320      -0.57477021788299254     
   195.19999999999320      -0.52190055086643583     
   195.29999999999319      -0.46441918970949853     
   195.39999999999318      -0.40214669509071765     
   195.49999999999318      -0.33489297311779259     
   195.59999999999317      -0.26248940976720736     
   195.69999999999317      -0.18483678455135361     
   195.79999999999316      -0.10197431340338649     
   195.89999999999316       -1.4173218679319366E-002
   195.99999999999315        7.7947812470702885E-002
   196.09999999999314       0.17330017304370010     
   196.19999999999314       0.27022934260701581     
   196.29999999999313       0.36649777382301951     
   196.39999999999313       0.45940325331818627     
   196.49999999999312       0.54605916035320567     
   196.59999999999312       0.62379396698465195     
   196.69999999999311       0.69055170667198107     
   196.79999999999310       0.74515195882954333     
   196.89999999999310       0.78732785779787950     
   196.99999999999309       0.81756453156436348     
   197.09999999999309       0.83683398643812978     
   197.19999999999308       0.84632888086901159     
   197.29999999999308       0.84725775295230110     
   197.39999999999307       0.84071840046189517     
   197.49999999999307       0.82763752887795383     
   197.59999999999306       0.80875520241088728     
   197.69999999999305       0.78463436676283227     
   197.79999999999305       0.75568141000298905     
   197.89999999999304       0.72216934918487385     
   197.99999999999304       0.68425939403777880     
   198.09999999999303       0.64201930691066911     
   198.19999999999303       0.59543856158118169     
   198.29999999999302       0.54444125158846357     
   198.39999999999301       0.48889836759708044     
   198.49999999999301       0.42864170248231065     
   198.59999999999300       0.36348240579183388     
   198.69999999999300       0.29323814039908719     
   198.79999999999299       0.21777376068836410     
   198.89999999999299       0.13706097508434262     
   198.99999999999298        5.1261568666910284E-002
   199.09999999999297       -3.9165295959932928E-002
   199.19999999999297      -0.13334064776835086     
   199.29999999999296      -0.22985330394745290     
   199.39999999999296      -0.32670273729882487     
   199.49999999999295      -0.42135518074696116     
   199.59999999999295      -0.51095706241416661     
   199.69999999999294      -0.59269545940501600     
   199.79999999999293      -0.66421586411630995     
   199.89999999999293      -0.72395569723550468     
   199.99999999999292      -0.77127797778281304     
   200.09999999999292      -0.80638389410707567     
   200.19999999999291      -0.83007719318592188     
   200.29999999999291      -0.84348798171439132     
   200.39999999999290      -0.84783799465727427     
   200.49999999999289      -0.84428176317521164     
   200.59999999999289      -0.83382111230968625     
   200.69999999999288      -0.81727362936393322     
   200.79999999999288      -0.79527381673282949     
   200.89999999999287      -0.76829037873856820     
   200.99999999999287      -0.73664903376144475     
   201.09999999999286      -0.70055506804568057     
   201.19999999999285      -0.66011309959793951     
   201.29999999999285      -0.61534349759470863     
   201.39999999999284      -0.56619606543872214     
   201.49999999999284      -0.51256234441938142     
   201.59999999999283      -0.45428852243690859     
   201.69999999999283      -0.39119163127904788     
   201.79999999999282      -0.32308258071868612     
   201.89999999999281      -0.24980056211571439     
   201.99999999999281      -0.17126415894274655     
   202.09999999999280       -8.7544377001657639E-002
   202.19999999999280        1.0376738421934567E-003
   202.29999999999279        9.3792665252855359E-002
   202.39999999999279       0.18954213630814376     
   202.49999999999278       0.28653169076992829     
   202.59999999999278       0.38243300455363699     
   202.69999999999277       0.47448902175643420     
   202.79999999999276       0.55981951964501564     
   202.89999999999276       0.63583064584684601     
   202.99999999999275       0.70060103624000347     
   203.09999999999275       0.75310749182802850     
   203.19999999999274       0.79322511728434963     
   203.29999999999274       0.82154061039979109     
   203.39999999999273       0.83908053118585668     
   203.49999999999272       0.84705239930112308     
   203.59999999999272       0.84665294154909299     
   203.69999999999271       0.83895391075854042     
   203.79999999999271       0.82485081511108915     
   203.89999999999270       0.80505282858121507     
   203.99999999999270       0.78009498453176296     
   204.09999999999269       0.75035963258221849     
   204.19999999999268       0.71609955993971242     
   204.29999999999268       0.67745907288982965     
   204.39999999999267       0.63449178676757301     
   204.49999999999267       0.58717531978081450     
   204.59999999999266       0.53542396527632952     
   204.69999999999266       0.47910106616041964     
   204.79999999999265       0.41803346703394689     
   204.89999999999264       0.35203121133699661     
   204.99999999999264       0.28091660372815824     
   205.09999999999263       0.20456769725917165     
   205.19999999999263       0.12298165683789572     
   205.29999999999262        3.6362172448169847E-002
   205.39999999999262       -5.4769713034360235E-002
   205.49999999999261      -0.14945256577920440     
   205.59999999999260      -0.24617775894816871     
   205.69999999999260      -0.34284725839113722     
   205.79999999999259      -0.43685405439827851     
   205.89999999999259      -0.52532309480410666     
   205.99999999999258      -0.60548975790725557     
   206.09999999999258      -0.67511376697810765     
   206.19999999999257      -0.73278519110569440     
   206.29999999999256      -0.77801941965371846     
   206.39999999999256      -0.81113786469363391     
   206.49999999999255      -0.83301810900639306     
   206.59999999999255      -0.84482019434678324     
   206.69999999999254      -0.84776349403481976     
   206.79999999999254      -0.84298109263289867     
   206.89999999999253      -0.83144490278701400     
   206.99999999999253      -0.81394103342992974     
   207.09999999999252      -0.79107464691646734     
   207.19999999999251      -0.76328876588355987     
   207.29999999999251      -0.73088733889429480     
   207.39999999999250      -0.69405743492166949     
   207.49999999999250      -0.65288844427939563     
   207.59999999999249      -0.60738797169281078     
   207.69999999999249      -0.55749517519335123     
   207.79999999999248      -0.50309301536582829     
   207.89999999999247      -0.44402150806856544     
   207.99999999999247      -0.38009479703981330     
   208.09999999999246      -0.31112575595649022     
   208.19999999999246      -0.23696281402050740     
   208.29999999999245      -0.15754441587638451     
   208.39999999999245       -7.2976126582340137E-002
   208.49999999999244        1.6367678730806773E-002
   208.59999999999243       0.10972352746189312     
   208.69999999999243       0.20582052010699581     
   208.79999999999242       0.30280430480463699     
   208.89999999999242       0.39825983330018910     
   208.99999999999241       0.48938397494430430     
   209.09999999999241       0.57331479639370508     
   209.19999999999240       0.64754738047912663     
   209.29999999999239       0.71030150620299681     
   209.39999999999239       0.76071109617270016     
   209.49999999999238       0.79878768981779402     
   209.59999999999238       0.82521163561596611     
   209.69999999999237       0.84105660406150240     
   209.79999999999237       0.84753953743287780     
   209.89999999999236       0.84584216227059128     
   209.99999999999235       0.83700878948849800     
   210.09999999999235       0.82190348870894137     
   210.19999999999234       0.80120491797718940     
   210.29999999999234       0.77542082185922567     
   210.39999999999233       0.74491017327412756     
   210.49999999999233       0.70990612819069787     
   210.59999999999232       0.67053659181973635     
   210.69999999999231       0.62684144540161557     
   210.79999999999231       0.57878680592111897     
   210.89999999999230       0.52627751100812603     
   210.99999999999230       0.46916965722761977     
   211.09999999999229       0.40728568839038493     
   211.19999999999229       0.34043535179989953     
   211.29999999999228       0.26844681048190755     
   211.39999999999227       0.19121309705924922     
   211.49999999999227       0.10875930405462490     
   211.59999999999226        2.1334183236440374E-002
   211.69999999999226       -7.0475799697641228E-002
   211.79999999999225      -0.16562361513741258     
   211.89999999999225      -0.26250185637738921     
   211.99999999999224      -0.35891715562253551     
   212.09999999999224      -0.45219611734317938     
   212.19999999999223      -0.53945315547964789     
   212.29999999999222      -0.61798400916808494     
   212.39999999999222      -0.68567154154356780     
   212.49999999999221      -0.74126115737443843     
   212.59999999999221      -0.78441702866889507     
   212.69999999999220      -0.81557346446811185     
   212.79999999999220      -0.83567397043038194     
   212.89999999999219      -0.84590215867103880     
   212.99999999999218      -0.84747094583052862     
   213.09999999999218      -0.84148990364130072     
   213.19999999999217      -0.82890038494495266     
   213.29999999999217      -0.81045719324758780     
   213.39999999999216      -0.78673670431944842     
   213.49999999999216      -0.75815692250502997     
   213.59999999999215      -0.72500065855680995     
   213.69999999999214      -0.68743730755209398     
   213.79999999999214      -0.64554147963433528     
   213.89999999999213      -0.59930838884011306     
   213.99999999999213      -0.54866688939833730     
   214.09999999999212      -0.49349172949865083     
   214.19999999999212      -0.43361722720537621     
   214.29999999999211      -0.36885532298600582     
   214.39999999999210      -0.29902188291515419     
   214.49999999999210      -0.22397610155975051     
   214.59999999999209      -0.14367845883983249     
   214.69999999999209       -5.8271965738227849E-002
   214.79999999999208        3.1812291311912627E-002
   214.89999999999208       0.12573325692505011     
   214.99999999999207       0.22212530782265733     
   215.09999999999206       0.31903465002591291     
   215.19999999999206       0.41396436367354306     
   215.29999999999205       0.50407471651220159     
   215.39999999999205       0.58653415325114011     
   215.49999999999204       0.65893741310828169     
   215.59999999999204       0.71965089014086603     
   215.69999999999203       0.76796445449644257     
   215.79999999999202       0.80401991229577430     
   215.89999999999202       0.82858325308070924     
   215.99999999999201       0.84276808522350333     
   216.09999999999201       0.84779572327609576     
   216.19999999999200       0.84483004799212902     
   216.29999999999200       0.83488676970416043     
   216.39999999999199       0.81879841497346972     
   216.49999999999199       0.79721356301887147     
   216.59999999999198       0.77061331075696426     
   216.69999999999197       0.73933391031575391     
   216.79999999999197       0.70358946980079384     
   216.89999999999196       0.66349197940840565     
   216.99999999999196       0.61906798667434870     
   217.09999999999195       0.57027245617930444     
   217.19999999999195       0.51700111867198428     
   217.29999999999194       0.45910324343225595     
   217.39999999999193       0.39639745616395983     
   217.49999999999193       0.32869407563190073     
   217.59999999999192       0.25582842374085002     
   217.69999999999192       0.17771040281310924     
   217.79999999999191        9.4395625373471001E-002
   217.89999999999191        6.1811587339018342E-003
   217.99999999999190       -8.6277563184760112E-002
   218.09999999999189      -0.18184497211786349     
   218.19999999999189      -0.27881401645058568     
   218.29999999999188      -0.37489890622384492     
   218.39999999999188      -0.46736751051038034     
   218.49999999999187      -0.55333511063694540     
   218.59999999999187      -0.63016963594191400     
   218.69999999999186      -0.69588509718828229     
   218.79999999999185      -0.74938378194256705     
   218.89999999999185      -0.79047420694988191     
   218.99999999999184      -0.81969594605748919     
   219.09999999999184      -0.83805066603479406     
   219.19999999999183      -0.84673954997337852     
   219.29999999999183      -0.84696533748105529     
   219.39999999999182      -0.83981230543637564     
   219.49999999999181      -0.82619077576640909     
   219.59999999999181      -0.80682450931512051     
   219.69999999999180      -0.78226168201293578     
   219.79999999999180      -0.75289594509989710     
   219.89999999999179      -0.71898959091342629     
   219.99999999999179      -0.68069486740889940     
   220.09999999999178      -0.63807203753095243     
   220.19999999999177      -0.59110428960382766     
   220.29999999999177      -0.53971051550146609     
   220.39999999999176      -0.48375763097750263     
   220.49999999999176      -0.42307475786981386     
   220.59999999999175      -0.35747236586756947     
   220.69999999999175      -0.28677041464481312     
   220.79999999999174      -0.21084049105443189     
   220.89999999999173      -0.12966740346758421     
   220.99999999999173       -4.3434608877322645E-002
   221.09999999999172        4.7366596246150458E-002
   221.19999999999172       0.14181423225067619     
   221.29999999999171       0.23844601422836695     
   221.39999999999171       0.33520985930939540     
   221.49999999999170       0.42953263933086017     
   221.59999999999170       0.51854814175725628     
   221.69999999999169       0.59946735740401269     
   221.79999999999168       0.66999474858972019     
   221.89999999999168       0.72864768670664359     
   221.99999999999167       0.77486979221369767     
   222.09999999999167       0.80892643153436483     
   222.19999999999166       0.83166121294509820     
   222.29999999999166       0.84422081634315060     
   222.39999999999165       0.84782626724013166     
   222.49999999999164       0.84362108274183578     
   222.59999999999164       0.83259143384103595     
   222.69999999999163       0.81553832170994622     
   222.79999999999163       0.79308073717525818     
   222.89999999999162       0.76567378301812350     
   222.99999999999162       0.73363163826846167     
   223.09999999999161       0.69714993066913356     
   223.19999999999160       0.65632520551386209     
   223.29999999999160       0.61117106546908762     
   223.39999999999159       0.56163166745791782     
   223.49999999999159       0.50759399051734166     
   223.59999999999158       0.44890091596610487     
   223.69999999999158       0.38536787271172018     
   223.79999999999157       0.31680668042537435     
   223.89999999999156       0.24306120887657645     
   223.99999999999156       0.16406023287078375     
   224.09999999999155        7.9892597833486831E-002
   224.19999999999155       -9.0929727015366946E-003
   224.29999999999154      -0.10216855339746012     
   224.39999999999154      -0.19810732701136202     
   224.49999999999153      -0.29510225308496085     
   224.59999999999152      -0.39077879951187500     
   224.69999999999152      -0.48235451733213552     
   224.79999999999151      -0.56695731406435590     
   224.89999999999151      -0.64203878155932781     
   224.99999999999150      -0.70575110620291404     
   225.09999999999150      -0.75715388103181835     
   225.19999999999149      -0.79619476366895980     
   225.29999999999148      -0.82351074533228630     
   225.39999999999148      -0.84015409702786104     
   225.49999999999147      -0.84733795194949102     
   225.59999999999147      -0.84625151598453086     
   225.69999999999146      -0.83795225484646685     
   225.79999999999146      -0.82331914818963103     
   225.89999999999145      -0.80304525522269632     
   225.99999999999145      -0.77765116523779976     
   226.09999999999144      -0.74750683994480949     
   226.19999999999143      -0.71285465879919541     
   226.29999999999143      -0.67383023281476062     
   226.39999999999142      -0.63047989690528150     
   226.49999999999142      -0.58277517113202804     
   226.59999999999141      -0.53062532808563601     
   226.69999999999141      -0.47388984502895837     
   226.79999999999140      -0.41239317954377419     
   226.89999999999139      -0.34594511465937483     
   226.99999999999139      -0.27437088207317595     
   227.09999999999138      -0.19755619140045594     
   227.19999999999138      -0.11551259320365780     
   227.29999999999137       -2.8467098584637737E-002
   227.39999999999137        6.3025252659622971E-002
   227.49999999999136       0.15795834764621497     
   227.59999999999135       0.25477169864794824     
   227.69999999999135       0.35131676997844380     
   227.79999999999134       0.44495070023055089     
   227.89999999999134       0.53279149660108449     
   227.99999999999133       0.61210482032507341     
   228.09999999999133       0.68071416139453245     
   228.19999999999132       0.73729109670166193     
   228.29999999999131       0.78142983933064358     
   228.39999999999131       0.81351216626954892     
   228.49999999999130       0.83445134088069206     
   228.59999999999130       0.84542058316851598     
   228.69999999999129       0.84763635405110105     
   228.79999999999129       0.84221959980264471     
   228.89999999999128       0.83012621520218532     
   228.99999999999127       0.81212580215383423     
   229.09999999999127       0.78880829819435827     
   229.19999999999126       0.76060347318615673     
   229.29999999999126       0.72780407052135410     
   229.39999999999125       0.69058778877381366     
   229.49999999999125       0.64903618298064158     
   229.59999999999124       0.60315028927870129     
   229.69999999999123       0.55286379914373496     
   229.79999999999123       0.49805530347663168     
   229.89999999999122       0.43856175798132091     
   229.99999999999122       0.37419605827716368     
   230.09999999999121       0.30477252056007703     
   230.19999999999121       0.23014504441702027     
   230.29999999999120       0.15026339557181473     
   230.39999999999119        6.5252483869528699E-002
   230.49999999999119       -2.4483895442815387E-002
   230.59999999999118      -0.11814185265521092     
   230.69999999999118      -0.21440088866899110     
   230.79999999999117      -0.31135420075176012     
   230.89999999999117      -0.40654298644784337     
   230.99999999999116      -0.49714362422098007     
   231.09999999999116      -0.58030865731469039     
   231.19999999999115      -0.65358433116942027     
   231.29999999999114      -0.71526699197134591     
   231.39999999999114      -0.76457286727240636     
   231.49999999999113      -0.80158287542713047     
   231.59999999999113      -0.82702344819858697     
   231.69999999999112      -0.84199015518492681     
   231.79999999999112      -0.84770284509995009     
   231.89999999999111      -0.84533418381285041     
   231.99999999999110      -0.83591355665717793     
   232.09999999999110      -0.82028843361487935     
   232.19999999999109      -0.79912158085247365     
   232.29999999999109      -0.77290663452342034     
   232.39999999999108      -0.74199052580195901     
   232.49999999999108      -0.70659631194440597     
   232.59999999999107      -0.66684346076987600     
   232.69999999999106      -0.62276478536887780     
   232.79999999999106      -0.57432048880005759     
   232.89999999999105      -0.52141057090141141     
   232.99999999999105      -0.46388748082733849     
   233.09999999999104      -0.40157157749812578     
   233.19999999999104      -0.33427279707051472     
   233.29999999999103      -0.26182290346085629     
   233.39999999999102      -0.18412356699657700     
   233.49999999999102      -0.10121561542136803     
   233.59999999999101       -1.3372822940884779E-002
   233.69999999999101        7.8782480325297999E-002
   233.79999999999100       0.17415701022718411     
   233.89999999999100       0.27109098191539011     
   233.99999999999099       0.36734196459847990     
   234.09999999999098       0.46020464079607248     
   234.19999999999098       0.54679243479745732     
   234.29999999999097       0.62443763255076423     
   234.39999999999097       0.69109119692484156     
   234.49999999999096       0.74558099640021902     
   234.59999999999096       0.78764779133040952     
   234.69999999999095       0.81778227029157891     
   234.79999999999094       0.83695951122800394     
   234.89999999999094       0.84637309986149079     
   234.99999999999093       0.84723103593484117     
   235.09999999999093       0.84062978055728976     
   235.19999999999092       0.82749439979672734     
   235.29999999999092       0.80856331800965464     
   235.39999999999091       0.78439799131664434     
   235.49999999999091       0.75540352145255241     
   235.59999999999090       0.72185184171278793     
   235.69999999999089       0.68390325614717640     
   235.79999999999089       0.64162476931182488     
   235.89999999999088       0.59500521979931820     
   235.99999999999088       0.54396817493080085     
   236.09999999999087       0.48838421162864454     
   236.19999999999087       0.42808484823525828     
   236.29999999999086       0.36288115649811525     
   236.39999999999085       0.29259101534628307     
   236.49999999999085       0.21707993350083804     
   236.59999999999084       0.13632090415745474     
   236.69999999999084        5.0477848528457214E-002
   236.79999999999083       -3.9986890547153139E-002
   236.89999999999083      -0.13419006730834390     
   236.99999999999082      -0.23071539237876856     
   237.09999999999081      -0.32755714541274594     
   237.19999999999081      -0.42217753220612619     
   237.29999999999080      -0.51172158091208120     
   237.39999999999080      -0.59337861602798858     
   237.49999999999079      -0.66479992723170567     
   237.59999999999079      -0.72443091237016932     
   237.69999999999078      -0.77164271370975901     
   237.79999999999077      -0.80664304706291479     
   237.89999999999077      -0.83023975912069237     
   237.99999999999076      -0.84356470268889894     
   238.09999999999076      -0.84783959661763297     
   238.19999999999075      -0.84421789577173689     
   238.29999999999075      -0.83369986447330469     
   238.39999999999074      -0.81710142460763913     
   238.49999999999073      -0.79505551560437548     
   238.59999999999073      -0.76802946875120848     
   238.69999999999072      -0.73634783654357072     
   238.79999999999072      -0.70021492912343630     
   238.89999999999071      -0.65973454872723403     
   238.99999999999071      -0.61492638080277784     
   239.09999999999070      -0.56573965789480130     
   239.19999999999069      -0.51206545900634703     
   239.29999999999069      -0.45374963457319489     
   239.39999999999068      -0.39060904743480923     
   239.49999999999068      -0.32245468649717618     
   239.59999999999067      -0.24912619441680695     
   239.69999999999067      -0.17054315126236297     
   239.79999999999066       -8.6778317946453881E-002
   239.89999999999065        1.8444673338050416E-003
   239.99999999999065        9.4632047115473461E-002
   240.09999999999064       0.19040114007065123     
   240.19999999999064       0.28739206726915217     
   240.29999999999063       0.38327181550085249     
   240.39999999999063       0.47528066944890424     
   240.49999999999062       0.56053907274685422     
   240.59999999999062       0.63645759315757910     
   240.69999999999061       0.70112216733009924     
   240.79999999999060       0.75351790759186676     
   240.89999999999060       0.79352726956268360     
   240.99999999999059       0.82174209692962852     
   241.09999999999059       0.83919162208138454     
   241.19999999999058       0.84708399503537135     
   241.29999999999058       0.84661522697063019     
   241.39999999999057       0.83885565400019346     
   241.49999999999056       0.82469912848206073     
   241.59999999999056       0.80485320257340442     
   241.69999999999055       0.77985145245849330     
   241.79999999999055       0.75007497647915433     
   241.89999999999054       0.71577551007100637     
   241.99999999999054       0.67709648078768692     
   242.09999999999053       0.63409076831006139     
   242.19999999999052       0.58673537453859170     
   242.29999999999052       0.53494408471916866     
   242.39999999999051       0.47857984881882193     
   242.49999999999051       0.41746926499730169     
   242.59999999999050       0.35142234030297426     
   242.69999999999050       0.28026165768475958     
   242.79999999999049       0.20386601592682796     
   242.89999999999048       0.12223399220094991     
   242.99999999999048        3.5571576809639391E-002
   243.09999999999047       -5.5596820461348964E-002
   243.19999999999047      -0.15030532146558639     
   243.29999999999046      -0.24704011128294012     
   243.39999999999046      -0.34369805951260335     
   243.49999999999045      -0.43766847135146236     
   243.59999999999044      -0.52607546002146499     
   243.69999999999044      -0.60615729190148238     
   243.79999999999043      -0.67567997922701684     
   243.89999999999043      -0.73324173877657961     
   243.99999999999042      -0.77836591620994600     
   244.09999999999042      -0.81138007320402061     
   244.19999999999041      -0.83316547146940323     
   244.29999999999040      -0.84488355383189917     
   244.39999999999040      -0.84775345167591110     
   244.49999999999039      -0.84290705672315791     
   244.59999999999039      -0.83131468201680392     
   244.69999999999038      -0.81376077776162770     
   244.79999999999038      -0.79084897162878198     
   244.89999999999037      -0.76302094815540888     
   244.99999999999037      -0.73057952369426382     
   245.09999999999036      -0.69371082023083330     
   245.19999999999035      -0.65250343632181651     
   245.29999999999035      -0.60696431294538744     
   245.39999999999034      -0.55703205534707123     
   245.49999999999034      -0.50258918102471550     
   245.59999999999033      -0.44347539278713627     
   245.69999999999033      -0.37950470046285339     
   245.79999999999032      -0.31049010944103433     
   245.89999999999031      -0.23628057848771677     
   245.99999999999031      -0.15681566073438652     
   246.09999999999030       -7.2202825918604288E-002
   246.19999999999030        1.7180642058193238E-002
   246.29999999999029       0.11056725795712381     
   246.39999999999029       0.20668117325998370     
   246.49999999999028       0.30366276527601466     
   246.59999999999027       0.39909253279346779     
   246.69999999999027       0.49016516892717926     
   246.79999999999026       0.57402004129995932     
   246.89999999999026       0.64815723369199751     
   246.99999999999025       0.71080414206925113     
   247.09999999999025       0.76110296482434914     
   247.19999999999024       0.79907228153729071     
   247.29999999999023       0.82539716506670158     
   247.39999999999023       0.84115357231218901     
   247.49999999999022       0.84755879941268630     
   247.59999999999022       0.84579369852391628     
   247.69999999999021       0.83690109684437441     
   247.79999999999021       0.82174339936357554     
   247.89999999999020       0.80099766391311167     
   247.99999999999019       0.77517021135413744     
   248.09999999999019       0.74461879814195941     
   248.19999999999018       0.70957555967553976     
   248.29999999999018       0.67016754851292537     
   248.39999999999017       0.62643393169430417     
   248.49999999999017       0.57834022844761190     
   248.59999999999016       0.52579078660146228     
   248.69999999999015       0.46864133145243930     
   248.79999999999015       0.40671409023770799     
   248.89999999999014       0.33981881821769117     
   248.99999999999014       0.26778402326235251     
   249.09999999999013       0.19050358080006435     
   249.19999999999013       0.10800412951685778     
   249.29999999999012        2.0536891019570486E-002
   249.39999999999011       -7.1308114678736240E-002
   249.49999999999011      -0.16647925309149253     
   249.59999999999010      -0.26336387151895513     
   249.69999999999010      -0.35976364094100893     
   249.79999999999009      -0.45300186516302005     
   249.89999999999009      -0.54019271516371126     
   249.99999999999008      -0.61863544986838070     
   250.09999999999008      -0.68621966764208930     
   250.19999999999007      -0.74169903111218471     
   250.29999999999006      -0.78474545472777568     
   250.39999999999006      -0.81579900083572265     
   250.49999999999005      -0.83580643976067226     
   250.59999999999005      -0.84595245852106460     
   250.69999999999004      -0.84744952602474644     
   250.79999999999004      -0.84140592008818871     
   250.89999999999003      -0.82876136480415008     
   250.99999999999002      -0.81026901668836104     
   251.09999999999002      -0.78650374704964710     
   251.19999999999001      -0.75788225725513614     
   251.29999999999001      -0.72468625889126670     
   251.39999999999000      -0.68708422828808069     
   251.49999999999000      -0.64515000705955461     
   251.59999999998999      -0.59887816498233337     
   251.69999999998998      -0.54819702152285887     
   251.79999999998998      -0.49298090154191088     
   251.89999999998997      -0.43306383583736030     
   251.99999999998997      -0.36825766843009294     
   252.09999999998996      -0.29837845341455238     
   252.19999999998996      -0.22328599833241708     
   252.29999999998995      -0.14294200972204057     
   252.39999999998994       -5.7491558914389840E-002
   252.49999999998994        3.2631175252773092E-002
   252.59999999998993       0.12658094553201665     
   252.69999999998993       0.22298706815606853     
   252.79999999998992       0.31989052283346153     
   252.89999999998992       0.41479021555016793     
   252.99999999998991       0.50484475677179930     
   253.09999999998990       0.58722453396986363     
   253.19999999998990       0.65952983639487084     
   253.29999999998989       0.72013493352796687     
   253.39999999998989       0.76833788033535411     
   253.49999999998988       0.80428718148775280     
   253.59999999998988       0.82875312682888336     
   253.69999999998987       0.84285124051168436     
   253.79999999998986       0.84780293501723591     
   253.89999999998986       0.84477107566837129     
   253.99999999998985       0.83476983415585615     
   254.09999999998985       0.81863007040958879     
   254.19999999998984       0.79699878808491653     
   254.29999999998984       0.77035569464638365     
   254.39999999998983       0.73903586019427336     
   254.49999999998983       0.70325240264160005     
   254.59999999998982       0.66311648475859908     
   254.69999999998981       0.61865396069933820     
   254.79999999998981       0.56981921558599824     
   254.89999999998980       0.51650750894997532     
   254.99999999998980       0.45856776147732076     
   255.09999999998979       0.39581841411905133     
   255.19999999998979       0.32806984110580745     
   255.29999999998978       0.25515778030028341     
   255.39999999998977       0.17699307977151665     
   255.49999999998977        9.3633038500545246E-002
   255.59999999998976        5.3773680158516191E-003
   255.69999999998976       -8.7114756561480114E-002
   255.79999999998975      -0.18270301272887174     
   255.89999999998975      -0.27967507123591412     
   255.99999999998974      -0.37574035581649545     
   256.09999999998973      -0.46816386058919168     
   256.19999999998976      -0.55406123697872589     
   256.29999999998978      -0.63080455012057723     
   256.39999999998980      -0.69641494236387580     
   256.49999999998983      -0.74980300938025723     
   256.59999999998985      -0.79078475387937508     
   256.69999999998987      -0.81990509312132165     
   256.79999999998989      -0.83816855382180844     
   256.89999999998992      -0.84677708752032577     
   256.99999999998994      -0.84693279980144398     
   257.09999999998996      -0.83971858705223479     
   257.19999999998998      -0.82604312215066400     
   257.29999999999001      -0.80662853510326971     
   257.39999999999003      -0.78202152916359846     
   257.49999999999005      -0.75261448771274453     
   257.59999999999008      -0.71866863626305100     
   257.69999999999010      -0.68033533138480973     
   257.79999999999012      -0.63767408997204467     
   257.89999999999014      -0.59066747514652385     
   257.99999999999017      -0.53923386208451762     
   258.09999999999019      -0.48323976364821564     
   258.19999999999021      -0.42251404171965423     
   258.29999999999023      -0.35686710963238111     
   258.39999999999026      -0.28611917535339915     
   258.49999999999028      -0.21014252748861534     
   258.59999999999030      -0.12892332549633001     
   258.69999999999033       -4.2647248241292041E-002
   258.79999999999035        4.8191129465476074E-002
   258.89999999999037       0.14266546297168378     
   258.99999999999039       0.23930831511382755     
   259.09999999999042       0.33606245624887610     
   259.19999999999044       0.43035090580709223     
   259.29999999999046       0.51930634533819076     
   259.39999999999048       0.60014235102272939     
   259.49999999999051       0.67056944664882645     
   259.59999999999053       0.72911307805555736     
   259.69999999999055       0.77522490715753156     
   259.79999999999058       0.80917663153475072     
   259.89999999999060       0.83181573705918510     
   259.99999999999062       0.84429046581754474     
   260.09999999999064       0.84782170581028260     
   260.19999999999067       0.84355183451016236     
   260.29999999999069       0.83246544045222426     
   260.39999999999071       0.81536186224273566     
   260.49999999999073       0.79285854236433684     
   260.59999999999076       0.76540922891755581     
   260.69999999999078       0.73332695284756122     
   260.79999999999080       0.69680638122970850     
   260.89999999999083       0.65594325632828687     
   260.99999999999085       0.61075050766493533     
   261.09999999999087       0.56117173082949423     
   261.19999999999089       0.50709345261687255     
   261.29999999999092       0.44835822957259686     
   261.39999999999094       0.38478133981049417     
   261.49999999999096       0.31617470936268322     
   261.59999999999098       0.24238269986908562     
   261.69999999999101       0.16333514086112133     
   261.79999999999103        7.9122710837051691E-002
   261.89999999999105       -9.9030438006160321E-003
   261.99999999999108      -0.10301027155596244     
   262.09999999999110      -0.19896726509816401     
   262.19999999999112      -0.29596170360243518     
   262.29999999999114      -0.39161448488156425     
   262.39999999999117      -0.48314075027060466     
   262.49999999999119      -0.56766940643733255     
   262.59999999999121      -0.64265677469148064     
   262.69999999999123      -0.70626251569603438     
   262.79999999999126      -0.75755452217430819     
   262.89999999999128      -0.79648764323397170     
   262.99999999999130      -0.82370379467255161     
   263.09999999999133      -0.84025771489802015     
   263.19999999999135      -0.84736301935141556     
   263.29999999999137      -0.84620811246370709     
   263.39999999999139      -0.83784900639877913     
   263.49999999999142      -0.82316301945369263     
   263.59999999999144      -0.80284159998158111     
   263.69999999999146      -0.77740389760271156     
   263.79999999999148      -0.74721864111498704     
   263.89999999999151      -0.71252717472786598     
   263.99999999999153      -0.67346424455895437     
   264.09999999999155      -0.63007546124380653     
   264.19999999999158      -0.58233173833760654     
   264.29999999999160      -0.53014184993411939     
   264.39999999999162      -0.47336489164804163     
   264.49999999999164      -0.41182509011015556     
   264.59999999999167      -0.34533221492331290     
   264.69999999999169      -0.27371181055623478     
   264.79999999999171      -0.19685038273667205     
   264.89999999999173      -0.11476096397800117     
   264.99999999999176       -2.7672954300548669E-002
   265.09999999999178        6.3855140951806943E-002
   265.19999999999180       0.15881267880021488     
   265.29999999999183       0.25563394983831955     
   265.39999999999185       0.35216538833578565     
   265.49999999999187       0.44576064493073003     
   265.59999999999189       0.53353720067756949     
   265.69999999999192       0.61276393897544912     
   265.79999999999194       0.68127087966242184     
   265.89999999999196       0.73773781283053264     
   265.99999999999199       0.78176680086859296     
   266.09999999999201       0.81374556374137141     
   266.19999999999203       0.83459082465486101     
   266.29999999999205       0.84547703057339985     
   266.39999999999208       0.84762028967928538     
   266.49999999999210       0.84214030033171805     
   266.59999999999212       0.82999134120775853     
   266.69999999999214       0.81194136107431392     
   266.79999999999217       0.78857877847674773     
   266.89999999999219       0.76033204365581442     
   266.99999999999221       0.72749278527170558     
   267.09999999999224       0.69023776988616081     
   267.19999999999226       0.64864777310219623     
   267.29999999999228       0.60272317762540406     
   267.39999999999230       0.55239713163379955     
   267.49999999999233       0.49754779326501442     
   267.59999999999235       0.43801181856544957     
   267.69999999999237       0.37360198865075239     
   267.79999999999239       0.30413278059025373     
   267.89999999999242       0.22945866678768501     
   267.99999999999244       0.14953058285449516     
   268.09999999999246        6.4475424513998347E-002
   268.19999999999249       -2.5300007894170196E-002
   268.29999999999251      -0.11898771703211419     
   268.39999999999253      -0.21526219380836698     
   268.49999999999255      -0.31221138387058467     
   268.59999999999258      -0.40737217322531571     
   268.69999999999260      -0.49791903302214019     
   268.79999999999262      -0.58100614482043988     
   268.89999999999264      -0.65418504839394753     
   268.99999999999267      -0.71575985027343170     
   269.09999999999269      -0.76495501264178134     
   269.19999999999271      -0.80185831770491867     
   269.29999999999274      -0.82720069842928978     
   269.39999999999276      -0.84207981368922769     
   269.49999999999278      -0.84771572877027179     
   269.59999999999280      -0.84528015875441265     
   269.69999999999283      -0.83580097490259342     
   269.79999999999285      -0.82012398071133186     
   269.89999999999287      -0.79891035476108874     
   269.99999999999289      -0.77265232745161205     
   270.09999999999292      -0.74169563167570052     
   270.19999999999294      -0.70626232021553104     
   270.29999999999296      -0.66647102162202643     
   270.39999999999299      -0.62235384582047337     
   270.49999999999301      -0.57387040777162523     
   270.59999999999303      -0.52092022725288722     
   270.69999999999305      -0.46335539395240488     
   270.79999999999308      -0.40099606671259191     
   270.89999999999310      -0.33365221424816938     
   270.99999999999312      -0.26115598217107849     
   271.09999999999314      -0.18340993706079495     
   271.19999999999317      -0.10045652588201738     
   271.29999999999319       -1.2572083902036069E-002
   271.39999999999321        7.9617405915731479E-002
   271.49999999999324       0.17501397437985025     
   271.59999999999326       0.27195257054707667     
   271.69999999999328       0.36818588940824570     
   271.79999999999330       0.46100553186609539     
   271.89999999999333       0.54752499963240497     
   271.99999999999335       0.62508042509921091     
   272.09999999999337       0.69162972148869317     
   272.19999999999339       0.74600904899883813     
   272.29999999999342       0.78796678043885127     
   272.39999999999344       0.81799914331283174     
   272.49999999999346       0.83708426581700612     
   272.59999999999349       0.84641664475692424     
   272.69999999999351       0.84720373168439933     
   272.79999999999353       0.84054064647321403     
   272.89999999999355       0.82735081470859051     
   272.99999999999358       0.80837102174760234     
   273.09999999999360       0.78416123580886909     
   273.19999999999362       0.75512527414822839     
   273.29999999999364       0.72153398801136381     
   273.39999999999367       0.68354677721389734     
   273.49999999999369       0.64122988970632178     
   273.59999999999371       0.59457152990263673     
   273.69999999999374       0.54349473985996133     
   273.79999999999376       0.48786968383770385     
   273.89999999999378       0.42752760708759130     
   273.99999999999380       0.36227950567404599     
   274.09999999999383       0.29194347776488500     
   274.19999999999385       0.21638569110679573     
   274.29999999999387       0.13558043024080824     
   274.39999999999390        4.9693761044141763E-002
   274.49999999999392       -4.0808783585714506E-002
   274.59999999999394      -0.13503967400500030     
   274.69999999999396      -0.23157750941893862     
   274.79999999999399      -0.32841138053107743     
   274.89999999999401      -0.42299948300381729     
   274.99999999999403      -0.51248547415331214     
   275.09999999999405      -0.59406095982676121     
   275.19999999999408      -0.66538305400926656     
   275.29999999999410      -0.72490514222156355     
   275.39999999999412      -0.77200648239582892     
   275.49999999999415      -0.80690129839130331     
   275.59999999999417      -0.83040151427715447     
   275.69999999999419      -0.84364071029026666     
   275.79999999999421      -0.84784057673063329     
   275.89999999999424      -0.84415348560892622     
   275.99999999999426      -0.83357813821553328     
   276.09999999999428      -0.81692879123409090     
   276.19999999999430      -0.79483682256767718     
   276.29999999999433      -0.76776819230662441     
   276.39999999999435      -0.73604628885458601     
   276.49999999999437      -0.69987444781084174     
   276.59999999999440      -0.65935565693015552     
   276.69999999999442      -0.61450891900045479     
   276.79999999999444      -0.56528289666566611     
   276.89999999999446      -0.51156820764450150     
   276.99999999999449      -0.45321036616618016     
   277.09999999999451      -0.39002606791519484     
   277.19999999999453      -0.32182638361841764     
   277.29999999999455      -0.24845141123818615     
   277.39999999999458      -0.16982173319521210     
   277.49999999999460       -8.6011873257472171E-002
   277.59999999999462        2.6515926081427249E-003
   277.69999999999465        9.5471668038665705E-002
   277.79999999999467       0.19126024411946796     
   277.89999999999469       0.28825235907837810     
   277.99999999999471       0.38411032199859124     
   278.09999999999474       0.47607178272908407     
   278.19999999999476       0.56125788450984193     
   278.29999999999478       0.63708364661073991     
   278.39999999999480       0.70164232455932996     
   278.49999999999483       0.75392734155789576     
   278.59999999999485       0.79382848860748567     
   278.69999999999487       0.82194273315891075     
   278.79999999999490       0.83930195923882200     
   278.89999999999492       0.84711493210569722     
   278.99999999999494       0.84657693847190774     
   279.09999999999496       0.83875689387794206     
   279.19999999999499       0.82454699420982680     
   279.29999999999501       0.80465317086405685     
   279.39999999999503       0.77960754459032311     
   279.49999999999505       0.74978996429901301     
   279.59999999999508       0.71545111532234096     
   279.69999999999510       0.67673354788111439     
   279.79999999999512       0.63368940715197697     
   279.89999999999515       0.58629507971536488     
   279.99999999999517       0.53446384367743394     
   280.09999999999519       0.47805825718772471     
   280.19999999999521       0.41690467349653609     
   280.29999999999524       0.35081306552757063     
   280.39999999999526       0.27960629792531727     
   280.49999999999528       0.20316392019003851     
   280.59999999999530       0.12148592866966397     
   280.69999999999533        3.4780622809793230E-002
   280.79999999999535       -5.6424210802819244E-002
   280.89999999999537      -0.15115824098073510     
   280.99999999999540      -0.24790246104901156     
   281.09999999999542      -0.34454865051758399     
   281.19999999999544      -0.43848244874228492     
   281.29999999999546      -0.52682716496637105     
   281.39999999999549      -0.60682398729964782     
   281.49999999999551      -0.67624524169314326     
   281.59999999999553      -0.73369729994380417     
   281.69999999999555      -0.77871145384906248     
   281.79999999999558      -0.81162139417673940     
   281.89999999999560      -0.83331203949429922     
   281.99999999999562      -0.84494621598948361     
   282.09999999999565      -0.84774280174383954     
   282.19999999999567      -0.84283248992102366     
   282.29999999999569      -0.83118399218625372     
   282.39999999999571      -0.81358010051577478     
   282.49999999999574      -0.79062290944834446     
   282.59999999999576      -0.76275276727357577     
   282.69999999999578      -0.73027135989576486     
   282.79999999999580      -0.69336386382648263     
   282.89999999999583      -0.65211808711164687     
   282.99999999999585      -0.60654030802339998     
   283.09999999999587      -0.55656857997380094     
   283.19999999999590      -0.50208497840234867     
   283.29999999999592      -0.44292889439462502     
   283.39999999999594      -0.37891420578582619     
   283.49999999999596      -0.30985405255621801     
   283.59999999999599      -0.23559792731107704     
   283.69999999999601      -0.15608649775148647     
   283.79999999999603       -7.1429146366048968E-002
   283.89999999999606        1.7993924546218856E-002
   283.99999999999608       0.11141120751966271     
   284.09999999999610       0.20754189868277600     
   284.19999999999612       0.30452110602849602     
   284.29999999999615       0.39992488904302431     
   284.39999999999617       0.49094579114849757     
   284.49999999999619       0.57472451470853192     
   284.59999999999621       0.64876617430308603     
   284.69999999999624       0.71130579797652571     
   284.79999999999626       0.76149385646453061     
   284.89999999999628       0.79935595218095556     
   284.99999999999631       0.82558185999355793     
   285.09999999999633       0.84124980323049359     
   285.19999999999635       0.84757741785804552     
   285.29999999999637       0.84574467376130169     
   285.39999999999640       0.83679291122867605     
   285.49999999999642       0.82158287034765565     
   285.59999999999644       0.80079000996633498     
   285.69999999999646       0.77491922903319777     
   285.79999999999649       0.74432706936923554     
   285.89999999999651       0.70924464742901294     
   285.99999999999653       0.66979816447145224     
   286.09999999999656       0.62602607445163172     
   286.19999999999658       0.57789329981279092     
   286.29999999999660       0.52530369955585399     
   286.39999999999662       0.46811262888035154     
   286.49999999999665       0.40614210008015594     
   286.59999999999667       0.33920187880105540     
   286.69999999999669       0.26712082139731008     
   286.79999999999671       0.18979365139183729     
   286.89999999999674       0.10724856088474906     
   286.99999999999676        1.9739250415154661E-002
   287.09999999999678       -7.2140695792451817E-002
   287.19999999999681      -0.16733503018588630     
   287.29999999999683      -0.26422585171925533     
   287.39999999999685      -0.36060987837460295     
   287.49999999999687      -0.45380713475833995     
   287.59999999999690      -0.54093158077942394     
   287.69999999999692      -0.61928602814171008     
   287.79999999999694      -0.68676683266066885     
   287.89999999999696      -0.74213591896812425     
   287.99999999999699      -0.78507293143390011     
   288.09999999999701      -0.81602366435817808     
   288.19999999999703      -0.83593813109105175     
   288.29999999999706      -0.84600207686792306     
   288.39999999999708      -0.84742751254133564     
   288.49999999999710      -0.84132141708470609     
   288.59999999999712      -0.82862188455605890     
   288.69999999999715      -0.81008042522883150     
   288.79999999999717      -0.78627040759335887     
   288.89999999999719      -0.75760723189602386     
   288.99999999999721      -0.72437151228364205     
   289.09999999999724      -0.68673080780621820     
   289.19999999999726      -0.64475819275396384     
   289.29999999999728      -0.59844759366036926     
   289.39999999999731      -0.54772679618174558     
   289.49999999999733      -0.49246970291143705     
   289.59999999999735      -0.43251005878377036     
   289.69999999999737      -0.36765961342308817     
   289.79999999999740      -0.29773461202601514     
   289.89999999999742      -0.22259547966207965     
   289.99999999999744      -0.14220515590322591     
   290.09999999999746       -5.6710780816372347E-002
   290.19999999999749        3.3450364584006978E-002
   290.29999999999751       0.12742883187457865     
   290.39999999999753       0.22384887143620463     
   290.49999999999756       0.32074623996992457     
   290.59999999999758       0.41561568522910480     
   290.69999999999760       0.50561418874331199     
   290.79999999999762       0.58791411472590738     
   290.89999999999765       0.66012133046588495     
   290.99999999999767       0.72061799287871120     
   291.09999999999769       0.76871033545818768     
   291.19999999999771       0.80455354262032275     
   291.29999999999774       0.82892218211593904     
   291.39999999999776       0.84293367476263803     
   291.49999999999778       0.84780951802364735     
   291.59999999999781       0.84471155481714677     
   291.69999999999783       0.83465241560814929     
   291.79999999999785       0.81846129376454835     
   291.89999999999787       0.79678361875567671     
   291.99999999999790       0.77009771041982233     
   292.09999999999792       0.73873745863567197     
   292.19999999999794       0.70291499270472657     
   292.29999999999797       0.66274064928030074     
   292.39999999999799       0.61823959021773789     
   292.49999999999801       0.56936562214170860     
   292.59999999999803       0.51601353435781516     
   292.69999999999806       0.45803190018655221     
   292.79999999999808       0.39523897756469356     
   292.89999999999810       0.32744519879029471     
   292.99999999999812       0.25448672157157043     
   293.09999999999815       0.17627534532819195     
   293.19999999999817        9.2870063084494955E-002
   293.29999999999819        4.5732399206977747E-003
   293.39999999999822       -8.7952198011017807E-002
   293.49999999999824      -0.18356116643558315     
   293.59999999999826      -0.28053605757656613     
   293.69999999999828      -0.37658151923787170     
   293.79999999999831      -0.46895969418764555     
   293.89999999999833      -0.55478663682498097     
   293.99999999999835      -0.63143858005653297     
   294.09999999999837      -0.69694381729060784     
   294.19999999999840      -0.75022125331227296     
   294.29999999999842      -0.79109436215020135     
   294.39999999999844      -0.82011338253834032     
   294.49999999999847      -0.83828568007851068     
   294.59999999999849      -0.84681395913076296     
   294.69999999999851      -0.84689968194704479     
   294.79999999999853      -0.83962436023448628     
   294.89999999999856      -0.82589501697919743     
   294.99999999999858      -0.80643215231488141     
   295.09999999999860      -0.78178099853383332     
   295.19999999999862      -0.75233267300974871     
   295.29999999999865      -0.71834733611740598     
   295.39999999999867      -0.67997545446292118     
   295.49999999999869      -0.63727580005700102     
   295.59999999999872      -0.59023031181489116     
   295.69999999999874      -0.53875684917230215     
   295.79999999999876      -0.48272152320075318     
   295.89999999999878      -0.42195293731460370     
   295.99999999999881      -0.35626145068643500     
   296.09999999999883      -0.28546752287467114     
   296.19999999999885      -0.20944414908091075     
   296.29999999999887      -0.12817884660259471     
   296.39999999999890       -4.1859524864811481E-002
   296.49999999999892        4.9015953114334321E-002
   296.59999999999894       0.14351686874290950     
   296.69999999999897       0.24017062835250866     
   296.79999999999899       0.33691486074424593     
   296.89999999999901       0.43116875112830089     
   296.99999999999903       0.52006390509073097     
   297.09999999999906       0.60081651801705915     
   297.19999999999908       0.67114320102692071     
   297.29999999999910       0.72957748324630145     
   297.39999999999912       0.77557905908254399     
   297.49999999999915       0.80942593724475498     
   297.59999999999917       0.83196945898097685     
   297.69999999999919       0.84435941039104867     
   297.79999999999922       0.84781653009357649     
   297.89999999999924       0.84348204981884378     
   297.99999999999926       0.83233897362070841     
   298.09999999999928       0.81518497790927968     
   298.19999999999931       0.79263595832382716     
   298.29999999999933       0.76514431013077500     
   298.39999999999935       0.73302191796777094     
   298.49999999999937       0.69646248977810243     
   298.59999999999940       0.65556096606269509     
   298.69999999999942       0.61032960425221483     
   298.79999999999944       0.56071143955736225     
   298.89999999999947       0.50659254754623073     
   298.99999999999949       0.44781516128400523     
   299.09999999999951       0.38419440994764265     
   299.19999999999953       0.31554232871701954     
   299.29999999999956       0.24170377525012260     
   299.39999999999958       0.16260963973142409     
   299.49999999999960        7.8352441649883128E-002
   299.59999999999962       -1.0713440180737721E-002
   299.69999999999965      -0.10385221841839747     
   299.79999999999967      -0.19982728889018436     
   299.89999999999969      -0.29682105111366541     
   299.99999999999972      -0.39244984541164746     
   300.09999999999974      -0.48392642904551664     
   300.19999999999976      -0.56838074139357853     
   300.29999999999978      -0.64327386383678820     
   300.39999999999981      -0.70677294786417499     
   300.49999999999983      -0.75795418384519098     
   300.59999999999985      -0.79677959585263880     
   300.69999999999987      -0.82389600197715196     
   300.79999999999990      -0.84036058767728783     
   300.89999999999992      -0.84738743609359024     
   300.99999999999994      -0.84616414186714872     
   301.09999999999997      -0.83774526011041128     
   301.19999999999999      -0.82300644731960548     
   301.30000000000001      -0.80263754214372252     
   301.40000000000003      -0.77715625630241736     
   301.50000000000006      -0.74693008751990309     
   301.60000000000008      -0.71219934640552884     
   301.70000000000010      -0.67309791555576715     
   301.80000000000013      -0.62967068245919788     
   301.90000000000015      -0.58188795514378977     
   302.00000000000017      -0.52965801017345548     
   302.10000000000019      -0.47283956266171234     
   302.20000000000022      -0.41125660987077417     
   302.30000000000024      -0.34471891032760155     
   302.40000000000026      -0.27305232479949515     
   302.50000000000028      -0.19614416026982612     
   302.60000000000031      -0.11400893829343665     
   302.70000000000033       -2.6878456778512055E-002
   302.80000000000035        6.4685303482305709E-002
   302.90000000000038       0.15966716095684083     
   303.00000000000040       0.25649618156449128     
   303.10000000000042       0.35301377676827944     
   303.20000000000044       0.44657012967660692     
   303.30000000000047       0.53428222652991042     
   303.40000000000049       0.61342220623838184     
   303.50000000000051       0.68182664193417031     
   303.60000000000053       0.73818354255920937     
   303.70000000000056       0.78210280837690005     
   303.80000000000058       0.81397808134120142     
   303.90000000000060       0.83472952263653166     
   304.00000000000063       0.84553278901108098     
   304.10000000000065       0.84760362509743625     
   304.20000000000067       0.84206047604484147     
   304.30000000000069       0.82985600291665851     
   304.40000000000072       0.81175650197707416     
   304.50000000000074       0.78834887438204948     
   304.60000000000076       0.76006025260650634     
   304.70000000000078       0.72718115232238767     
   304.80000000000081       0.68988740956851635     
   304.90000000000083       0.64825902173847438     
   305.00000000000085       0.60229571913446966     
   305.10000000000088       0.55193010758858518     
   305.20000000000090       0.49703991352028792     
   305.30000000000092       0.43746149468401319     
   305.40000000000094       0.37300751967711926     
   305.50000000000097       0.30349262942676253     
   305.60000000000099       0.22877187357341522     
   305.70000000000101       0.14879736387325551     
   305.80000000000103        6.3697990167573396E-002
   305.90000000000106       -2.6116432402118181E-002
   306.00000000000108      -0.11983378941388680     
   306.10000000000110      -0.21612355594119514     
   306.20000000000113      -0.31306842845256072     
   306.30000000000115      -0.40820099626226575     
   306.40000000000117      -0.49869385071969752     
   306.50000000000119      -0.58170284562487673     
   306.60000000000122      -0.65478484400313230     
   306.70000000000124      -0.71625172622150790     
   306.80000000000126      -0.76533618413180404     
   306.90000000000128      -0.80213284565832976     
   307.00000000000131      -0.82737712256114626     
   307.10000000000133      -0.84216874345609705     
   307.20000000000135      -0.84772797673966371     
   307.30000000000138      -0.84522557930662923     
   307.40000000000140      -0.83568790547846061     
   307.50000000000142      -0.81995909218018581     
   307.60000000000144      -0.79869873171704708     
   307.70000000000147      -0.77239765054665521     
   307.80000000000149      -0.74140038509829842     
   307.90000000000151      -0.70592798528225709     
   308.00000000000153      -0.66609824171133680     
   308.10000000000156      -0.62194256224342015     
   308.20000000000158      -0.57341997470712358     
   308.30000000000160      -0.52042951980157970     
   308.40000000000163      -0.46282292894904892     
   308.50000000000165      -0.40042016260016455     
   308.60000000000167      -0.33303122454571010     
   308.70000000000169      -0.26048864586201537     
   308.80000000000172      -0.18269589483425658     
   308.90000000000174       -9.9697045076385729E-002
   309.00000000000176       -1.1771002142089884E-002
   309.10000000000178        8.0452588290373661E-002
   309.20000000000181       0.17587106412826270     
   309.30000000000183       0.27281410673452805     
   309.40000000000185       0.36902954623193823     
   309.50000000000188       0.46180592450930924     
   309.60000000000190       0.54825685314686368     
   309.70000000000192       0.62572234347925926     
   309.80000000000194       0.69216727988075766     
   309.90000000000197       0.74643611675230237     
   310.00000000000199       0.78828482568923774     
   310.10000000000201       0.81821515143179324     
   310.20000000000203       0.83720825107567909     
   310.30000000000206       0.84645951637791994     
   310.40000000000208       0.84717584091437881     
   310.50000000000210       0.84045099879160745     
   310.60000000000213       0.82720677406515830     
   310.70000000000215       0.80817831395858686     
   310.80000000000217       0.78392410047200312     
   310.90000000000219       0.75484666823727820     
   311.00000000000222       0.72121578815669352     
   311.10000000000224       0.68318995725448106     
   311.20000000000226       0.64083466806073175     
   311.30000000000229       0.59413749181622444     
   311.40000000000231       0.54302094626828135     
   311.50000000000233       0.48735478409465438     
   311.60000000000235       0.42696997890307770     
   311.70000000000238       0.36167745319971423     
   311.80000000000240       0.29129552758566440     
   311.90000000000242       0.21569103353735175     
   312.00000000000244       0.13483955353331206     
   312.10000000000247        4.8909306664019825E-002
   312.20000000000249       -4.1630974286069711E-002
   312.30000000000251      -0.13588946666069784     
   312.40000000000254      -0.23243965345250767     
   312.50000000000256      -0.32926544071179986     
   312.60000000000258      -0.42382103108250668     
   312.70000000000260      -0.51324874026078859     
   312.80000000000263      -0.59474248939332364     
   312.90000000000265      -0.66596524368534438     
   313.00000000000267      -0.72537838667814891     
   313.10000000000269      -0.77236928424815465     
   313.20000000000272      -0.80715864882002741     
   313.30000000000274      -0.83056245951503793     
   313.40000000000276      -0.84371600537113289     
   313.50000000000279      -0.84784093575965969     
   313.60000000000281      -0.84408853332440914     
   313.70000000000283      -0.83345593404134788     
   313.80000000000285      -0.81675572962457310     
   313.90000000000288      -0.79461773789579426     
   314.00000000000290      -0.76750654958620756     
   314.10000000000292      -0.73574439079924181     
   314.20000000000294      -0.69953362414862619     
   314.30000000000297      -0.65897642419375291     
   314.40000000000299      -0.61409111212990974     
   314.50000000000301      -0.56482578165704667     
   314.60000000000304      -0.51107059021282697     
   314.70000000000306      -0.45267071708120310     
   314.80000000000308      -0.38944269259124831     
   314.90000000000310      -0.32119767198829141     
   315.00000000000313      -0.24777621256343824     
   315.10000000000315      -0.16909990486252641     
   315.20000000000317       -8.5245043271014453E-002
   315.30000000000319        3.4590490254514938E-003
   315.40000000000322        9.6311526998424130E-002
   315.50000000000324       0.19211944700674671     
   315.60000000000326       0.28911256437082727     
   315.70000000000329       0.38494852200304208     
   315.80000000000331       0.47686235960520745     
   315.90000000000333       0.56197595329956351     
   316.00000000000335       0.63770880516260342     
   316.10000000000338       0.70216150755344187     
   316.20000000000340       0.75433579393898076     
   316.30000000000342       0.79412877503736634     
   316.40000000000344       0.82214251991229104     
   316.50000000000347       0.83941154352664638     
   316.60000000000349       0.84714521131923792     
   316.70000000000351       0.84653807674511661     
   316.80000000000354       0.83865763095169421     
   316.90000000000356       0.82439441272575775     
   317.00000000000358       0.80445273376961468     
   317.10000000000360       0.77936326114531318     
   317.20000000000363       0.74950459617731846     
   317.30000000000365       0.71512637576035032     
   317.40000000000367       0.67637027417908246     
   317.50000000000369       0.63328770325394890     
   317.60000000000372       0.58585443523184288     
   317.70000000000374       0.53398324204085879     
   317.80000000000376       0.47753629113727109     
   317.90000000000379       0.41633969239856661     
   318.00000000000381       0.35020338689907271     
   318.10000000000383       0.27895052439617030     
   318.20000000000385       0.20246141010574625     
   318.30000000000388       0.12073746648201920     
   318.40000000000390        3.3989310952918059E-002
   318.50000000000392       -5.7251883201025311E-002
   318.60000000000394      -0.15201132305175613     
   318.70000000000397      -0.24876480656291430     
   318.80000000000399      -0.34539902942335665     
   318.90000000000401      -0.43929598451839974     
   319.00000000000404      -0.52757820781930542     
   319.10000000000406      -0.60748984279147056     
   319.20000000000408      -0.67680955372425466     
   319.30000000000410      -0.73415187459336939     
   319.40000000000413      -0.77905603304509963     
   319.50000000000415      -0.81186182837293142     
   319.60000000000417      -0.83345781394715146     
   319.70000000000420      -0.84500818166122393     
   319.80000000000422      -0.84773154498243497     
   319.90000000000424      -0.84275739284202145     
   320.00000000000426      -0.83105283377916905     
   320.10000000000429      -0.81339900205502325     
   320.20000000000431      -0.79039646063257185     
   320.30000000000433      -0.76248422340665323     
   320.40000000000435      -0.72996284759320773     
   320.50000000000438      -0.69301656574104609     
   320.60000000000440      -0.65173239662935034     
   320.70000000000442      -0.60611595686399489     
   320.80000000000445      -0.55610474897589657     
   320.90000000000447      -0.50158040737639686     
   321.00000000000449      -0.44238201275795602     
   321.10000000000451      -0.37832331288564658     
   321.20000000000454      -0.30921758522011700     
   321.30000000000456      -0.23491486049537671     
   321.40000000000458      -0.15535692708216667     
   321.50000000000460       -7.0655088308827552E-002
   321.60000000000463        1.8807525492275157E-002
   321.70000000000465       0.11225537505186071     
   321.80000000000467       0.20840269485428151     
   321.90000000000470       0.30537932518067445     
   322.00000000000472       0.40075689998943709     
   322.10000000000474       0.49172583965265421     
   322.20000000000476       0.57542821506869313     
   322.30000000000479       0.64937420137804835     
   322.40000000000481       0.71180647365674943     
   322.50000000000483       0.76188377138689423     
   322.60000000000485       0.79963870241434076     
   322.70000000000488       0.82576572123767189     
   322.80000000000490       0.84134529767998589     
   322.90000000000492       0.84759539355924329     
   323.00000000000495       0.84569508865335796     
   323.10000000000497       0.83668423317948615     
   323.20000000000499       0.82142190207277488     
   323.30000000000501       0.80058195643642505     
   323.40000000000504       0.77466787510054025     
   323.50000000000506       0.74403498708018345     
   323.60000000000508       0.70891339150866273     
   323.70000000000510       0.66942843969703192     
   323.80000000000513       0.62561787362857235     
   323.90000000000515       0.57744601993328915     
   324.00000000000517       0.52481624975880325     
   324.10000000000520       0.46758354938175928     
   324.20000000000522       0.40556971778854012     
   324.30000000000524       0.33858453344756761     
   324.40000000000526       0.26645720485023006     
   324.50000000000529       0.18908330891939945     
   324.60000000000531       0.10649259843785217     
   324.70000000000533        1.8941261984291843E-002
   324.80000000000535       -7.2973542110958869E-002
   324.90000000000538      -0.16819094507242929     
   325.00000000000540      -0.26508779522991843     
   325.10000000000542      -0.36145586590652040     
   325.20000000000545      -0.45461192409083562     
   325.30000000000547      -0.54166975057298838     
   325.40000000000549      -0.61993574277995567     
   325.50000000000551      -0.68731303605797223     
   325.60000000000554      -0.74257182102150099     
   325.70000000000556      -0.78539945932249910     
   325.80000000000558      -0.81624745582488367     
   325.90000000000560      -0.83606904529039583     
   326.00000000000563      -0.84605101454041332     
   326.10000000000565      -0.84740490610384167     
   326.20000000000567      -0.84123639522428961     
   326.30000000000570      -0.82848194466370562     
   326.40000000000572      -0.80989141921354491     
   326.50000000000574      -0.78603668619288691     
   326.60000000000576      -0.75733184658395902     
   326.70000000000579      -0.72405641881840288     
   326.80000000000581      -0.68637704613096817     
   326.90000000000583      -0.64436603669173520     
   327.00000000000585      -0.59801667480663390     
   327.10000000000588      -0.54725621327431417     
   327.20000000000590      -0.49195813348402795     
   327.30000000000592      -0.43195589591375183     
   327.40000000000595      -0.36706115784870957     
   327.50000000000597      -0.29709035868115519     
   327.60000000000599      -0.22190454557657213     
   327.70000000000601      -0.14146789757346034     
   327.80000000000604       -5.5929631878794406E-002
   327.90000000000606        3.4269858537854955E-002
   328.00000000000608       0.12827691478050407     
   328.10000000000610       0.22471071607043092     
   328.20000000000613       0.32160179950448009     
   328.30000000000615       0.41644077064353729     
   328.40000000000617       0.50638301051616796     
   328.50000000000620       0.58860289405850574     
   328.60000000000622       0.66071189449788847     
   328.70000000000624       0.72110006802822724     
   328.80000000000626       0.76908182023396754     
   328.90000000000629       0.80481899640045418     
   329.00000000000631       0.82909041979526632     
   329.10000000000633       0.84301538883245686     
   329.20000000000636       0.84781547306759442     
   329.30000000000638       0.84465148608724316     
   329.40000000000640       0.83453451457756922     
   329.50000000000642       0.81829208543065524     
   329.60000000000645       0.79656805531437802     
   329.70000000000647       0.76983935826798477     
   329.80000000000649       0.73843870575330828     
   329.90000000000651       0.70257724003898725     
   330.00000000000654       0.66236447296827650     
   330.10000000000656       0.61782487517915308     
   330.20000000000658       0.56891167575930157     
   330.30000000000661       0.51551919478116337     
   330.40000000000663       0.45749565943115711     
   330.50000000000665       0.39465914637638788     
   330.60000000000667       0.32682014859338449     
   330.70000000000670       0.25381524753689944     
   330.80000000000672       0.17555719959799945     
   330.90000000000674        9.2106699448993079E-002
   331.00000000000676        3.7687750688812915E-003
   331.10000000000679       -8.8789886533803944E-002
   331.20000000000681      -0.18441943181501480     
   331.30000000000683      -0.28139697366298205     
   331.40000000000686      -0.37742239444425246     
   331.50000000000688      -0.46975500929046432     
   331.60000000000690      -0.55551130849536479     
   331.70000000000692      -0.63207172464744676     
   331.80000000000695      -0.69747172153674819     
   331.90000000000697      -0.75063851390638026     
   332.00000000000699      -0.79140303235304832     
   332.10000000000701      -0.82032081512130228     
   332.20000000000704      -0.83840204567325971     
   332.30000000000706      -0.84685016561880477     
   332.40000000000708      -0.84686598462042117     
   332.50000000000711      -0.83952962555441879     
   332.60000000000713      -0.82574646069448454     
   332.70000000000715      -0.80623536127668582     
   332.80000000000717      -0.78154009035106098     
   332.90000000000720      -0.75205050113496430     
   333.00000000000722      -0.71802569055099930     
   333.10000000000724      -0.67961523665958790     
   333.20000000000726      -0.63687716775345737     
   333.30000000000729      -0.58979279953629216     
   333.40000000000731      -0.53827947666075271     
   333.50000000000733      -0.48220290951073275     
   333.60000000000736      -0.42139144452583166     
   333.70000000000738      -0.35565538892026927     
   333.80000000000740      -0.28481545715411760     
   333.90000000000742      -0.20874535588293597     
   334.00000000000745      -0.12743396701314688     
   334.10000000000747       -4.1071439234172488E-002
   334.20000000000749        4.9841066359162120E-002
   334.30000000000751       0.14436844831852291     
   334.40000000000754       0.24103295228409749     
   334.50000000000756       0.33776707082267388     
   334.60000000000758       0.43198617323035110     
   334.70000000000761       0.52082081915941980     
   334.80000000000763       0.60148985702301994     
   334.90000000000765       0.67171601101319089     
   335.00000000000767       0.73004090221442852     
   335.10000000000770       0.77593224842809816     
   335.20000000000772       0.80967434940768579     
   335.30000000000774       0.83212237957222690     
   335.40000000000776       0.84442765090981931     
   335.50000000000779       0.84781074084291919     
   335.60000000000781       0.84341172929417907     
   335.70000000000783       0.83221203384107911     
   335.80000000000786       0.81500766908223077     
   335.90000000000788       0.79241298532011228     
   336.00000000000790       0.76487902683434339     
   336.10000000000792       0.73271653373063073     
   336.20000000000795       0.69611825635321134     
   336.30000000000797       0.65517833470349440     
   336.40000000000799       0.60990835517355591     
   336.50000000000801       0.56025079354885243     
   336.60000000000804       0.50609127518735153     
   336.70000000000806       0.44727171097041191     
   336.80000000000808       0.38360708300146795     
   336.90000000000811       0.31490953840510505     
   337.00000000000813       0.24102443501910259     
   337.10000000000815       0.16188372962533923     
   337.20000000000817        7.7581790638638876E-002
   337.30000000000820       -1.1524161163602678E-002
   337.40000000000822      -0.10469439291617724     
   337.50000000000824      -0.20068739689477946     
   337.60000000000827      -0.29768029375646032     
   337.70000000000829      -0.39328487904322651     
   337.80000000000831      -0.48471155167750518     
   337.90000000000833      -0.56909131733689788     
   338.00000000000836      -0.64389004800449323     
   338.10000000000838      -0.70728240238566120     
   338.20000000000840      -0.75835286629760934     
   338.30000000000842      -0.79707062216678115     
   338.40000000000845      -0.82408736807841587     
   338.50000000000847      -0.84046271623092372     
   338.60000000000849      -0.84741120297396411     
   338.70000000000852      -0.84611960487566706     
   338.80000000000854      -0.83764101653005052     
   338.90000000000856      -0.82284943220886875     
   339.00000000000858      -0.80243308201747043     
   339.10000000000861      -0.77690824154866900     
   339.20000000000863      -0.74664117929036811     
   339.30000000000865      -0.71187117389545984     
   339.40000000000867      -0.67273124581195420     
   339.50000000000870      -0.62926556051087834     
   339.60000000000872      -0.58144382147106821     
   339.70000000000874      -0.52917380869427888     
   339.80000000000877      -0.47231385794246672     
   339.90000000000879      -0.41068773869694458     
   340.00000000000881      -0.34410520076788587     
   340.10000000000883      -0.27239242476088177     
   340.20000000000886      -0.19543752407422330     
   340.30000000000888      -0.11325651641262047     
   340.40000000000890       -2.6083606555656072E-002
   340.50000000000892        6.5515739353326885E-002
   340.60000000000895       0.16052179280009424     
   340.70000000000897       0.25735839210493472     
   340.80000000000899       0.35386193327100179     
   340.90000000000902       0.44737915241886800     
   341.00000000000904       0.53502657236919815     
   341.10000000000906       0.61407962085420609     
   341.20000000000908       0.68238144761375985     
   341.30000000000911       0.73862828592146901     
   341.40000000000913       0.78243786236105195     
   341.50000000000915       0.81420971984457458     
   341.60000000000917       0.83486743569289334     
   341.70000000000920       0.84558785931618508     
   341.80000000000922       0.84758636103851370     
   341.90000000000924       0.84198012754582208     
   342.00000000000927       0.82972020080177344     
   342.10000000000929       0.81157122521536817     
   342.20000000000931       0.78811858615996089     
   342.30000000000933       0.75978810020066512     
   342.40000000000936       0.72686917176298460     
   342.50000000000938       0.68953670784959042     
   342.60000000000940       0.64786992886715822     
   342.70000000000942       0.60186791374112714     
   342.80000000000945       0.55146272690945508     
   342.90000000000947       0.49653166412029082     
   343.00000000000949       0.43691078620574036     
   343.10000000000952       0.37241265123738770     
   343.20000000000954       0.30285206699540901     
   343.30000000000956       0.22808466479169881     
   343.40000000000958       0.14806373880184504     
   343.50000000000961        6.2920181241496953E-002
   343.60000000000963       -2.6933168229165763E-002
   343.70000000000965      -0.12068006866283847     
   343.80000000000967      -0.21698497350760354     
   343.90000000000970      -0.31392533258872557     
   344.00000000000972      -0.40902945349351127     
   344.10000000000974      -0.49946807537988741     
   344.20000000000977      -0.58239875822318388     
   344.30000000000979      -0.65538371712024535     
   344.40000000000981      -0.71674261960168228     
   344.50000000000983      -0.76571638207600290     
   344.60000000000986      -0.80240645997497384     
   344.70000000000988      -0.82755272144187619     
   344.80000000000990      -0.84225694534512752     
   344.90000000000992      -0.84773958978873376     
   345.00000000000995      -0.84517044612832448     
   345.10000000000997      -0.83557434891115023     
   345.20000000000999      -0.81979376842247154     
   345.30000000001002      -0.79848671201086929     
   345.40000000001004      -0.77214260400513823     
   345.50000000001006      -0.74110478618774511     
   345.60000000001008      -0.70559330719697422     
   345.70000000001011      -0.66572512103524861     
   345.80000000001013      -0.62153093458918296     
   345.90000000001015      -0.57296918952043885     
   346.00000000001017      -0.51993844843316195     
   346.10000000001020      -0.46229008568712482     
   346.20000000001022      -0.39984386503301966     
   346.30000000001024      -0.33240982786495432     
   346.40000000001027      -0.25982089450555246     
   346.50000000001029      -0.18198144041599557     
   346.60000000001031       -9.8937173305482864E-002
   346.70000000001033       -1.0969578251517398E-002
   346.80000000001036        8.1288026485466860E-002
   346.90000000001038       0.17672827808649477     
   347.00000000001040       0.27367558869839465     
   347.10000000001043       0.36987293303937135     
   347.20000000001045       0.46260581670002854     
   347.30000000001047       0.54898799362624362     
   347.40000000001049       0.62636338653935364     
   347.50000000001052       0.69270387161864388     
   347.60000000001054       0.74686219978784774     
   347.70000000001056       0.78860192764723047     
   347.80000000001058       0.81843029545103430     
   347.90000000001061       0.83733146787306800     
   348.00000000001063       0.84650171554559195     
   348.10000000001065       0.84714736433700200     
   348.20000000001068       0.84036083809371920     
   348.30000000001070       0.82706227831791446     
   348.40000000001072       0.80798519497689125     
   348.50000000001074       0.78368658553949033     
   348.60000000001077       0.75456770386838312     
   348.70000000001079       0.72089724222671436     
   348.80000000001081       0.68283279628769988     
   348.90000000001083       0.64043910434422291     
   349.00000000001086       0.59370310546812055     
   349.10000000001088       0.54254679405141504     
   349.20000000001090       0.48683951227360905     
   349.30000000001093       0.42641196354966177     
   349.40000000001095       0.36107499895993661     
   349.50000000001097       0.29064716474480012     
   349.60000000001099       0.21499596082986094     
   349.70000000001102       0.13409827424110196     
   349.80000000001104        4.8124485846450585E-002
   349.90000000001106       -4.2453461849376803E-002
   350.00000000001108      -0.13673944406793226     
   350.10000000001111      -0.23330182285437900     
   350.20000000001113      -0.33011932400467475     
   350.30000000001115      -0.42464217437904012     
   350.40000000001118      -0.51401137735498736     
   350.50000000001120      -0.59542320331997456     
   350.60000000001122      -0.66654649549811029     
   350.70000000001124      -0.72585064563029456     
   350.80000000001127      -0.77273111967492247     
   350.90000000001129      -0.80741509907682807     
   351.00000000001131      -0.83072259569317886     
   351.10000000001133      -0.84379058878282653     
   351.20000000001136      -0.84784067446676048     
   351.30000000001138      -0.84402303955471369     
   351.40000000001140      -0.83333325245499079     
   351.50000000001143      -0.81658224016004755     
   351.60000000001145      -0.79439826186186313     
   351.70000000001147      -0.76724454077179027     
   351.80000000001149      -0.73544214248305284     
   351.90000000001152      -0.69919245817856734     
   352.00000000001154      -0.65859685050637984     
   352.10000000001156      -0.61367296013485828     
   352.20000000001158      -0.56436831277645938     
   352.30000000001161      -0.51057260659235215     
   352.40000000001163      -0.45213068718595278     
   352.50000000001165      -0.38885892133674127     
   352.60000000001168      -0.32056855151589159     
   352.70000000001170      -0.24710059837998918     
   352.80000000001172      -0.16837766639016336     
   352.90000000001174       -8.4477828328924837E-002
   353.00000000001177        4.2668359394998634E-003
   353.10000000001179        9.7151622963559059E-002
   353.20000000001181       0.19297874727736081     
   353.30000000001183       0.28997268131334930     
   353.40000000001186       0.38578641346609899     
   353.50000000001188       0.47765239808410970     
   353.60000000001190       0.56269327748304543     
   353.70000000001193       0.63833306777270260     
   353.80000000001195       0.70267971594177181     
   353.90000000001197       0.75474326495069832     
   354.00000000001199       0.79442812947224661     
   354.10000000001202       0.82234145801443725     
   354.20000000001204       0.83952037581247663     
   354.30000000001206       0.84717483348185763     
   354.40000000001208       0.84649864248110929     
   354.50000000001211       0.83855786578016334     
   354.60000000001213       0.82424138446027029     
   354.70000000001215       0.80425189160583144     
   354.80000000001218       0.77911860234108421     
   354.90000000001220       0.74921887224937078     
   355.00000000001222       0.71480129145162541     
   355.10000000001224       0.67600665969066831     
   355.20000000001227       0.63288565657684215     
   355.30000000001229       0.58541344100909154     
   355.40000000001231       0.53350227969966246     
   355.50000000001234       0.47701395053824774     
   355.60000000001236       0.41577432157116651     
   355.70000000001238       0.34959330430692542     
   355.80000000001240       0.27829433704524076     
   355.90000000001243       0.20175848573305541     
   356.00000000001245       0.11998860587888949     
   356.10000000001247        3.3197641747012535E-002
   356.20000000001249       -5.8079836793779510E-002
   356.30000000001252      -0.15286456640098825     
   356.40000000001254      -0.24962714613689035     
   356.50000000001256      -0.34624919424447315     
   356.60000000001259      -0.44010907662726112     
   356.70000000001261      -0.52832858676335215     
   356.80000000001263      -0.60815485707135575     
   356.90000000001265      -0.67737291467345562     
   357.00000000001268      -0.73460546271583604     
   357.10000000001270      -0.77939965427504410     
   357.20000000001272      -0.81210137655498094     
   357.30000000001274      -0.83360279569392126     
   357.40000000001277      -0.84506945168784842     
   357.50000000001279      -0.84771968213415283     
   357.60000000001281      -0.84268176610018219     
   357.70000000001284      -0.83092120727790364     
   357.80000000001286      -0.81321748274068317     
   357.90000000001288      -0.79016962543766023     
   358.00000000001290      -0.76221531672211651     
   358.10000000001293      -0.72965398687995886     
   358.20000000001295      -0.69266892600595331     
   358.30000000001297      -0.65134636485441200     
   358.40000000001299      -0.60569125940334634     
   358.50000000001302      -0.55564056225474601     
   358.60000000001304      -0.50107546782358048     
   358.70000000001306      -0.44183474774316406     
   358.80000000001309      -0.37773202163846764     
   358.90000000001311      -0.30858070735027737     
   359.00000000001313      -0.23423137804524630     
   359.10000000001315      -0.15462694888128181     
   359.20000000001318       -6.9880652132128393E-002
   359.30000000001320        1.9621444192040663E-002
   359.40000000001322       0.11309975945390856     
   359.50000000001324       0.20926356025139620     
   359.60000000001327       0.30623742085022054     
   359.70000000001329       0.40158856357446071     
   359.80000000001331       0.49250531248786694     
   359.90000000001334       0.57613114083580552     
   360.00000000001336       0.64998131398963555     
   360.10000000001338       0.71230616884839082     
   360.20000000001340       0.76227270988994245     
   360.30000000001343       0.79992053290578435     
   360.40000000001345       0.82594874964113107     
   360.50000000001347       0.84144005652386022     
   360.60000000001349       0.84761272730537718     
   360.70000000001352       0.84564494386907663     
   360.80000000001354       0.83657506323307895     
   360.90000000001356       0.82126049494865005     
   361.00000000001359       0.80037350362104998     
   361.10000000001361       0.77441614975838347     
   361.20000000001363       0.74374255139707957     
   361.30000000001365       0.70858179197002191     
   361.40000000001368       0.66905837418928060     
   361.50000000001370       0.62520932917789596     
   361.60000000001372       0.57699838872342069     
   361.70000000001374       0.52432843709538324     
   361.80000000001377       0.46705409282455068     
   361.90000000001379       0.40499694323112145     
   362.00000000001381       0.33796678205230141     
   362.10000000001384       0.26579317358223081     
   362.20000000001386       0.18837255346557397     
   362.30000000001388       0.10573624245419004     
   362.40000000001390        1.8142926287117098E-002
   362.50000000001393       -7.3806652706915568E-002
   362.60000000001395      -0.16904699640336635     
   362.70000000001397      -0.26594970030366749     
   362.80000000001399      -0.36230160152271279     
   362.90000000001402      -0.45541623112734042     
   363.00000000001404      -0.54240722279809517     
   363.10000000001406      -0.62058459258383114     
   363.20000000001409      -0.68785827730126148     
   363.30000000001411      -0.74300673735852152     
   363.40000000001413      -0.78572503893343637     
   363.50000000001415      -0.81647037602758299     
   363.60000000001418      -0.83619918322808684     
   363.70000000001420      -0.84609927236657778     
   363.80000000001422      -0.84738170743426600     
   363.90000000001424      -0.84115085509837006     
   364.00000000001427      -0.82834154558783835     
   364.10000000001429      -0.80970199898458761     
   364.20000000001431      -0.78580258308792494     
   364.30000000001434      -0.75705610147244551     
   364.40000000001436      -0.72374097857708353     
   364.50000000001438      -0.68602294328366653     
   364.60000000001440      -0.64397353884370079     
   364.70000000001443      -0.59758540834997131     
   364.80000000001445      -0.54678527269607891     
   364.90000000001447      -0.49144619313245763     
   365.00000000001450      -0.43140134709223682     
   365.10000000001452      -0.36646230158633730     
   365.20000000001454      -0.29644569330722437     
   365.30000000001456      -0.22121319609948376     
   365.40000000001459      -0.14073023491884804     
   365.50000000001461       -5.5148112532718868E-002
   365.60000000001463        3.5089656349685361E-002
   365.70000000001465       0.12912519308048684     
   365.80000000001468       0.22557260046940814     
   365.90000000001470       0.32245719951083252     
   366.00000000001472       0.41726546973323242     
   366.10000000001475       0.50715122018869618     
   366.20000000001477       0.58929087051742046     
   366.30000000001479       0.66130152767812089     
   366.40000000001481       0.72158115882087326     
   366.50000000001484       0.76945233503847632     
   366.60000000001486       0.80508354353917311     
   366.70000000001488       0.82925784072196507     
   366.80000000001490       0.84309638357718542     
   366.90000000001493       0.84782080092009626     
   367.00000000001495       0.84459087012542511     
   367.10000000001497       0.83441613157811090     
   367.20000000001500       0.81812244579731686     
   367.30000000001502       0.79635209804104945     
   367.40000000001504       0.76958063837810065     
   367.50000000001506       0.73813960165678194     
   367.60000000001509       0.70223914468913629     
   367.70000000001511       0.66198795581291037     
   367.80000000001513       0.61740981552846685     
   367.90000000001515       0.56845737634656945     
   368.00000000001518       0.51502449010025486     
   368.10000000001520       0.45695903907658542     
   368.20000000001522       0.39407892042359194     
   368.30000000001525       0.32619469041684901     
   368.40000000001527       0.25314335817212313     
   368.50000000001529       0.17483864268953650     
   368.60000000001531        9.1342947911672634E-002
   368.70000000001534        2.9639740751225691E-003
   368.80000000001536       -8.9627821135756625E-002
   368.90000000001538      -0.18527780744982189     
   369.00000000001540      -0.28225781769210001     
   369.10000000001543      -0.37826297940010456     
   369.20000000001545      -0.47054980389273315     
   369.30000000001547      -0.55623525032171617     
   369.40000000001550      -0.63270398280371798     
   369.50000000001552      -0.69799865468217004     
   369.60000000001554      -0.75105479133948583     
   369.70000000001556      -0.79171076508473781     
   369.80000000001559      -0.82052739168627331     
   369.90000000001561      -0.83851765147546620     
   370.00000000001563      -0.84688570779799366     
   370.10000000001565      -0.84683170852246059     
   370.20000000001568      -0.83943438358090161     
   370.30000000001570      -0.82559745373605653     
   370.40000000001572      -0.80603816231206371     
   370.50000000001575      -0.78129880483900216     
   370.60000000001577      -0.75176797222841318     
   370.70000000001579      -0.71770369963397207     
   370.80000000001581      -0.67925467798645300     
   370.90000000001584      -0.63647819302398290     
   371.00000000001586      -0.58935493823265861     
   371.10000000001588      -0.53780174444000717     
   371.20000000001590      -0.48168392244762748     
   371.30000000001593      -0.42082956321805121     
   371.40000000001595      -0.35504892421772172     
   371.50000000001597      -0.28416297813038899     
   371.60000000001600      -0.20804614793947773     
   371.70000000001602      -0.12668868694809571     
   371.80000000001604       -4.0282991829311943E-002
   371.90000000001606        5.0666468372440238E-002
   372.00000000001609       0.14522020045867268     
   372.10000000001611       0.24189528525477555     
   372.20000000001613       0.33861908451915879     
   372.30000000001615       0.43280317005896762     
   372.40000000001618       0.52157708570072758     
   372.50000000001620       0.60216236668970502     
   372.60000000001622       0.67228787590944772     
   372.70000000001625       0.73050333490610464     
   372.80000000001627       0.77628447564127268     
   372.90000000001629       0.80992186877158634     
   373.00000000001631       0.83227449969690059     
   373.10000000001634       0.84449518822034364     
   373.20000000001636       0.84780433881024897     
   373.30000000001638       0.84334087356063370     
   373.40000000001641       0.83208462160550400     
   373.50000000001643       0.81482993613138766     
   373.60000000001645       0.79218962361637191     
   373.70000000001647       0.76461337920130357     
   373.80000000001650       0.73241080023385197     
   373.90000000001652       0.69577368098978942     
   374.00000000001654       0.65479536223262780     
   374.10000000001656       0.60948676036679361     
   374.20000000001659       0.55978979270616880     
   374.30000000001661       0.50558963541672242     
   374.40000000001663       0.44672787849615936     
   374.50000000001666       0.38301935884429833     
   374.60000000001668       0.31427633833754459     
   374.70000000001670       0.24034467916931251     
   374.80000000001672       0.16115741068053502     
   374.90000000001675        7.6810758164300816E-002
   375.00000000001677       -1.2335206076215716E-002
   375.10000000001679      -0.10553679398578077     
   375.20000000001681      -0.20154758762458819     
   375.30000000001684      -0.29853942967489455     
   375.40000000001686      -0.39411958372548472     
   375.50000000001688      -0.48549611619749894     
   375.60000000001691      -0.56980113268311072     
   375.70000000001693      -0.64450532621620615     
   375.80000000001695      -0.70779087894988113     
   375.90000000001697      -0.75875056979325373     
   376.00000000001700      -0.79736072282384618     
   376.10000000001702      -0.82427789381164829     
   376.20000000001704      -0.84056410142510474     
   376.30000000001706      -0.84743432078996050     
   376.40000000001709      -0.84607450216859259     
   376.50000000001711      -0.83753627620427684     
   376.60000000001713      -0.82269197454044429     
   376.70000000001716      -0.80222821990831061     
   376.80000000001718      -0.77665985355007305     
   376.90000000001720      -0.74635191655377942     
   377.00000000001722      -0.71154265725725052     
   377.10000000001725      -0.67236423533030687     
   377.20000000001727      -0.62886009535401799     
   377.30000000001729      -0.58099933723538710     
   377.40000000001731      -0.52868924538239204     
   377.50000000001734      -0.47178777735770389     
   377.60000000001736      -0.41011847645466537     
   377.70000000001738      -0.34349108613435431     
   377.80000000001741      -0.27173211039283879     
   377.90000000001743      -0.19473047421881562     
   378.00000000001745      -0.11250369859314574     
   378.10000000001747       -2.5288404164449163E-002
   378.20000000001750        6.6346447671375541E-002
   378.30000000001752       0.16137657301823388     
   378.40000000001754       0.25822057974300594     
   378.50000000001756       0.35470985584541781     
   378.60000000001759       0.44818771111676314     
   378.70000000001761       0.53577023641719923     
   378.80000000001763       0.61473618157501853     
   378.90000000001766       0.68293529611640524     
   379.00000000001768       0.73907204296033036     
   379.10000000001770       0.78277196333303789     
   379.20000000001772       0.81444048003080904     
   379.30000000001775       0.83500456469269047     
   379.40000000001777       0.84564224232328777     
   379.50000000001779       0.84756849823436209     
   379.60000000001781       0.84189925543667099     
   379.70000000001784       0.82958393533375341     
   379.80000000001786       0.81138553113989886     
   379.90000000001788       0.78788791405737901     
   380.00000000001791       0.75951558659769425     
   380.10000000001793       0.72655684367982298     
   380.20000000001795       0.68918566475459875     
   380.30000000001797       0.64748049446218869     
   380.40000000001800       0.60143976137661137     
   380.50000000001802       0.55099498949352665     
   380.60000000001804       0.49602304493838051     
   380.70000000001806       0.43635969299467992     
   380.80000000001809       0.37181738320786822     
   380.90000000001811       0.30221109321715434     
   381.00000000001813       0.22739704045528722     
   381.10000000001816       0.14732970780954729     
   381.20000000001818        6.2141998142958954E-002
   381.30000000001820       -2.7750214641426782E-002
   381.40000000001822      -0.12152655364464114     
   381.50000000001825      -0.21784644495137692     
   381.60000000001827      -0.31478209437491161     
   381.70000000001829      -0.40985754286064957     
   381.80000000001831      -0.50024170507803301     
   381.90000000001834      -0.58309388112133065     
   382.00000000001836      -0.65598166687960968     
   382.10000000001838      -0.71723253020977562     
   382.20000000001841      -0.76609560681520128     
   382.30000000001843      -0.80267916134705697     
   382.40000000001845      -0.82772749592142836     
   382.50000000001847      -0.84234442021636657     
   382.60000000001850      -0.84775056869734877     
   382.70000000001852      -0.84511475987682727     
   382.80000000001854      -0.83546030572507057     
   382.90000000001857      -0.81962800983695361     
   383.00000000001859      -0.79827429593058763     
   383.10000000001861      -0.77188718802097023     
   383.20000000001863      -0.74080883505916773     
   383.30000000001866      -0.70525828600901330     
   383.40000000001868      -0.66535165958794051     
   383.50000000001870      -0.62111896280575141     
   383.60000000001872      -0.57251805212176821     
   383.70000000001875      -0.51944701302941376     
   383.80000000001877      -0.46175686403241845     
   383.90000000001879      -0.39926717387914412     
   384.00000000001882      -0.33178802410349723     
   384.10000000001884      -0.25915272806944539     
   384.20000000001886      -0.18126657390116463     
   384.30000000001888       -9.8176910866843964E-002
   384.40000000001891       -1.0167812817809652E-002
   384.50000000001893        8.2123719539833773E-002
   384.60000000001895       0.17758561487120425     
   384.70000000001897       0.27453701466266978     
   384.80000000001900       0.37071604780538275     
   384.90000000001902       0.46340520641990612     
   385.00000000001904       0.54971841936543508     
   385.10000000001907       0.62700355313843648     
   385.20000000001909       0.69323949622986158     
   385.30000000001911       0.74728729824065931     
   385.40000000001913       0.78891808688387510     
   385.50000000001916       0.81864457617605590     
   385.60000000001918       0.83745391707920958     
   385.70000000001920       0.84654324308070372     
   385.80000000001922       0.84711830266329324     
   385.90000000001925       0.84027016495909357     
   386.00000000001927       0.82691732791633354     
   386.10000000001929       0.80779166513459011     
   386.20000000001932       0.78344869124241145     
   386.30000000001934       0.75428838118771646     
   386.40000000001936       0.72057835029670603     
   386.50000000001938       0.68247529432950760     
   386.60000000001941       0.64004319852297387     
   386.70000000001943       0.59326837078319861     
   386.80000000001945       0.54207228310168154     
   386.90000000001947       0.48632386824519730     
   387.00000000001950       0.42585356089170001     
   387.10000000001952       0.36047214283591239     
   387.20000000001954       0.28999838917493515     
   387.30000000001957       0.21430047301837063     
   387.40000000001959       0.13335659256739693     
   387.50000000001961        4.7339299047392897E-002
   387.60000000001963       -4.3276245478686012E-002
   387.70000000001966      -0.13758960502085579     
   387.80000000001968      -0.23416401600150669     
   387.90000000001970      -0.33097302846282306     
   388.00000000001972      -0.42546291083577759     
   388.10000000001975      -0.51477338356429181     
   388.20000000001977      -0.59610310020858470     
   388.30000000001979      -0.66712680869549301     
   388.40000000001982      -0.72632191897677445     
   388.50000000001984      -0.77309198909042542     
   388.60000000001986      -0.80767064989308834     
   388.70000000001988      -0.83088192367197355     
   388.80000000001991      -0.84386446137673776     
   388.90000000001993      -0.84783979361308648     
   389.00000000001995      -0.84395700493490622     
   389.10000000001997      -0.83321009395892631     
   389.20000000002000      -0.81640832321951562     
   389.30000000002002      -0.79417839473693841     
   389.40000000002004      -0.76698216604302027     
   389.50000000002007      -0.73513954400924331     
   389.60000000002009      -0.69885094994003538     
   389.70000000002011      -0.65821693585385344     
   389.80000000002013      -0.61325446295634312     
   389.90000000002016      -0.56391048992861315     
   390.00000000002018      -0.51007425666117934     
   390.10000000002020      -0.45159027634510845     
   390.20000000002022      -0.38827475402241446     
   390.30000000002025      -0.31993902210735781     
   390.40000000002027      -0.24642456867252077     
   390.50000000002029      -0.16765501790160670     
   390.60000000002032       -8.3710228771192746E-002
   390.70000000002034        5.0749527053342569E-003
   390.80000000002036        9.7991954903736980E-002
   390.90000000002038       0.19383814347710798     
   391.00000000002041       0.29083270807462669     
   391.10000000002043       0.38662399434335587     
   391.20000000002045       0.47844189617877397     
   391.30000000002047       0.56340985543562172     
   391.40000000002050       0.63895643340982555     
   391.50000000002052       0.70319694936226218     
   391.60000000002054       0.75514975481534041     
   391.70000000002057       0.79472655253639002     
   391.80000000002059       0.82253954829217657     
   391.90000000002061       0.83962845696443544     
   392.00000000002063       0.84720379939883472     
   392.10000000002066       0.84645863636951246     
   392.20000000002068       0.83845759892049410     
   392.30000000002070       0.82408790984203850     
   392.40000000002073       0.80405064468662557     
   392.50000000002075       0.77887356839335864     
   392.60000000002077       0.74893279264850998     
   392.70000000002079       0.71447586246072481     
   392.80000000002082       0.67564270442283159     
   392.90000000002084       0.63248326707930946     
   393.00000000002086       0.58497209696586683     
   393.10000000002088       0.53302095654166703     
   393.20000000002091       0.47649123525898451     
   393.30000000002093       0.41520856087964475     
   393.40000000002095       0.34898281763818578     
   393.50000000002098       0.27763773581825973     
   393.60000000002100       0.20105514712922845     
   393.70000000002102       0.11923934709981596     
   393.80000000002104        3.2405615699356655E-002
   393.90000000002107       -5.8908070719055294E-002
   394.00000000002109      -0.15371796975072427     
   394.10000000002111      -0.25048947808365069     
   394.20000000002113      -0.34709914299744726     
   394.30000000002116      -0.44092172302061095     
   394.40000000002118      -0.52907829998834788     
   394.50000000002120      -0.60881902884208650     
   394.60000000002123      -0.67793532390234179     
   394.70000000002125      -0.73505806430891096     
   394.80000000002127      -0.77974231802087102     
   394.90000000002129      -0.81234003948804145     
   395.00000000002132      -0.83374698560154048     
   395.10000000002134      -0.84513002690982431     
   395.20000000002136      -0.84770721394045301     
   395.30000000002138      -0.84260561030815706     
   395.40000000002141      -0.83078911316325676     
   395.50000000002143      -0.81303554293244296     
   395.60000000002145      -0.78994240411815897     
   395.70000000002148      -0.76194604738577631     
   395.80000000002150      -0.72934477784769358     
   395.90000000002152      -0.69232094465090210     
   396.00000000002154      -0.65095999176453245     
   396.10000000002157      -0.60526621557578530     
   396.20000000002159      -0.55517601970984043     
   396.30000000002161      -0.50057015961869078     
   396.40000000002163      -0.44128709921436449     
   396.50000000002166      -0.37714033191860452     
   396.60000000002168      -0.30794341886259513     
   396.70000000002170      -0.23354747996399597     
   396.80000000002173      -0.15389656330285778     
   396.90000000002175       -6.9105838220938548E-002
   397.00000000002177        2.0435679940746118E-002
   397.10000000002179       0.11394435962512206     
   397.20000000002182       0.21012449335029493     
   397.30000000002184       0.30709539115516027     
   397.40000000002186       0.40241987774226395     
   397.50000000002188       0.49328420770734088     
   397.60000000002191       0.57683329047238430     
   397.70000000002193       0.65058751121862790     
   397.80000000002195       0.71280488329726288     
   397.90000000002198       0.76266067227771750     
   398.00000000002200       0.80020144432699980     
   398.10000000002202       0.82613094604748882     
   398.20000000002204       0.84153408062539814     
   398.30000000002207       0.84762941988478502     
   398.40000000002209       0.84559424007624595     
   398.50000000002211       0.83646540192433849     
   398.60000000002213       0.82109864938355837     
   398.70000000002216       0.80016465181644880     
   398.80000000002218       0.77416405320754234     
   398.90000000002220       0.74344976244081573     
   399.00000000002223       0.70824984886724329     
   399.10000000002225       0.66868796794642449     
   399.20000000002227       0.62480044105096388     
   399.30000000002229       0.57655040609607300     
   399.40000000002232       0.52384026144923712     
   399.50000000002234       0.46652425907521461     
   399.60000000002236       0.40442377627485299     
   399.70000000002238       0.33734862450920677     
   399.80000000002241       0.26512872755362049     
   399.90000000002243       0.18766138511284461     
   400.00000000002245       0.10497949321207085     
   400.10000000002248        1.7344243884754709E-002
   400.20000000002250       -7.4640026651397920E-002
   400.30000000002252      -0.16990318282920167     
   400.40000000002254      -0.26681156519214133     
   400.50000000002257      -0.36314708320973688     
   400.60000000002259      -0.45622005383778647     
   400.70000000002261      -0.54314399571405947     
   400.80000000002264      -0.62123257636125284     
   400.90000000002266      -0.68840255586505261     
   401.00000000002268      -0.74344066807133213     
   401.10000000002270      -0.78604967081051969     
   401.20000000002273      -0.81669242575999801     
   401.30000000002275      -0.83632854577396676     
   401.40000000002277      -0.84614685117394384     
   401.50000000002279      -0.84735791725357446     
   401.60000000002282      -0.84106479729712835     
   401.70000000002284      -0.82820068778791556     
   401.80000000002286      -0.80951216488279787     
   401.90000000002289      -0.78556809851698628     
   402.00000000002291      -0.75677999671387175     
   402.10000000002293      -0.72342519164015384     
   402.20000000002295      -0.68566849928461948     
   402.30000000002298      -0.64358069917968563     
   402.40000000002300      -0.59715379421823767     
   402.50000000002302      -0.54631397434159445     
   402.60000000002304      -0.49093388172859559     
   402.70000000002307      -0.43084641218335840     
   402.80000000002309      -0.36586304451473850     
   402.90000000002311      -0.29580061583116307     
   403.00000000002314      -0.22052143125454246     
   403.10000000002316      -0.13999216812624282     
   403.20000000002318       -5.4366223210688958E-002
   403.30000000002320        3.5909757252676255E-002
   403.40000000002323       0.12997366560261644     
   403.50000000002325       0.22643452304145334     
   403.60000000002327       0.32331243806160426     
   403.70000000002329       0.41808978043912948     
   403.80000000002332       0.50791881586308651     
   403.90000000002334       0.58997804265843368     
   404.00000000002336       0.66189022920065088     
   404.10000000002339       0.72206126510713542     
   404.20000000002341       0.76982188025192744     
   404.30000000002343       0.80534718474999367     
   404.40000000002345       0.82942444575198826     
   404.50000000002348       0.84317665985261159     
   404.60000000002350       0.84782550235129928     
   404.70000000002352       0.84452970757732726     
   404.80000000002354       0.83429726712259900     
   404.90000000002357       0.81795237525283881     
   405.00000000002359       0.79613574721472646     
   405.10000000002361       0.76932155093651755     
   405.20000000002364       0.73784014645490892     
   405.30000000002366       0.70190070669922411     
   405.40000000002368       0.66161109780394800     
   405.50000000002370       0.61699441120998255     
   405.60000000002373       0.56800272381078731     
   405.70000000002375       0.51452942019488934     
   405.80000000002377       0.45642203898797518     
   405.90000000002379       0.39349829957564370     
   406.00000000002382       0.32556882416263500     
   406.10000000002384       0.25247105345370063     
   406.20000000002386       0.17411967471259898     
   406.30000000002389        9.0578808792101895E-002
   406.40000000002391        2.1588375568624973E-003
   406.50000000002393       -9.0466000819460587E-002
   406.60000000002395      -0.18613629191923742     
   406.70000000002398      -0.28311858785825356     
   406.80000000002400      -0.37910327206918581     
   406.90000000002402      -0.47134407599148437     
   407.00000000002404      -0.55695846064039412     
   407.10000000002407      -0.63333535344179237     
   407.20000000002409      -0.69852461631279339     
   407.30000000002411      -0.75147008579327934     
   407.40000000002414      -0.79201756094505349     
   407.50000000002416      -0.82073311305056951     
   407.60000000002418      -0.83863249835454057     
   407.70000000002420      -0.84692058648113566     
   407.80000000002423      -0.84679685435298635     
   407.90000000002425      -0.83933863488167437     
   408.00000000002427      -0.82544799654238976     
   408.10000000002429      -0.80584055574347324     
   408.20000000002432      -0.78105714222059641     
   408.30000000002434      -0.75148508642946454     
   408.40000000002436      -0.71738136343592052     
   408.50000000002439      -0.67889377845470278     
   408.60000000002441      -0.63607887583076494     
   408.70000000002443      -0.58891672782561288     
   408.80000000002445      -0.53732365239997859     
   408.90000000002448      -0.48116456188080098     
   409.00000000002450      -0.42026729325603701     
   409.10000000002452      -0.35444205646295035     
   409.20000000002454      -0.28351008574283754     
   409.30000000002457      -0.20734652529655934     
   409.40000000002459      -0.12594300662947910     
   409.50000000002461       -3.9494183132887883E-002
   409.60000000002464        5.1492158323201420E-002
   409.70000000002466       0.14607212391970079     
   409.80000000002468       0.24275762560731975     
   409.90000000002470       0.33947089986675533     
   410.00000000002473       0.43361973956036109     
   410.10000000002475       0.52233270287436251     
   410.20000000002477       0.60283404567153154     
   410.30000000002480       0.67285879502350021     
   410.40000000002482       0.73096478127271625     
   410.50000000002484       0.77663574117271639     
   410.60000000002486       0.81016849608627883     
   410.70000000002489       0.83242582021930445     
   410.80000000002491       0.84456202316852880     
   410.90000000002493       0.84779732474646208     
   411.00000000002495       0.84326948324148765     
   411.10000000002498       0.83195673740500531     
   411.20000000002500       0.81465177942552847     
   411.30000000002502       0.79196587347491365     
   411.40000000002505       0.76434736740396736     
   411.50000000002507       0.73210471757453621     
   411.60000000002509       0.69542876372207973     
   411.70000000002511       0.65441204863160951     
   411.80000000002514       0.60906481976940807     
   411.90000000002516       0.55932843693123901     
   412.00000000002518       0.50508762811065544     
   412.10000000002520       0.44618366372555973     
   412.20000000002523       0.38243123734865009     
   412.30000000002525       0.31364272842545782     
   412.40000000002527       0.23966450769502262     
   412.50000000002530       0.16043068303629232     
   412.60000000002532        7.6039344590227209E-002
   412.70000000002534       -1.3146574242422326E-002
   412.80000000002536      -0.10637942055997074     
   412.90000000002539      -0.20240785958857105     
   413.00000000002541      -0.29939845701036633     
   413.10000000002543      -0.39495395740700179     
   413.20000000002545      -0.48628012063855203     
   413.30000000002548      -0.57051018585264379     
   413.40000000002550      -0.64511969749945519     
   413.50000000002552      -0.70829837725192213     
   413.60000000002555      -0.75914729459813346     
   413.70000000002557      -0.79764989847378787     
   413.80000000002559      -0.82446758001303744     
   413.90000000002561      -0.84066474412575243     
   414.00000000002564      -0.84745679033810839     
   414.10000000002566      -0.84602883442410304     
   414.20000000002568      -0.83743103967849564     
   414.30000000002570      -0.82253407473221762     
   414.40000000002573      -0.80202295612079566     
   414.50000000002575      -0.77641109251444906     
   414.60000000002577      -0.74606229943687685     
   414.70000000002580      -0.71121379654994310     
   414.80000000002582      -0.67199688411315517     
   414.90000000002584      -0.62845428694340177     
   415.00000000002586      -0.58055450235238149     
   415.10000000002589      -0.52820432012337615     
   415.20000000002591      -0.47126132077472510     
   415.30000000002593      -0.40954882301002138     
   415.40000000002595      -0.34287656631755875     
   415.50000000002598      -0.27107138164857936     
   415.60000000002600      -0.19402301077388623     
   415.70000000002602      -0.11175048509465228     
   415.80000000002605       -2.4492850140203012E-002
   415.90000000002607        6.7177427539423643E-002
   416.00000000002609       0.16223150029572669     
   416.10000000002611       0.25908274275883469     
   416.20000000002614       0.35555754249140997     
   416.30000000002616       0.44899580373050374     
   416.40000000002618       0.53651321689935150     
   416.50000000002620       0.61539188715847137     
   416.60000000002623       0.68348818686328761     
   416.70000000002625       0.73951481372380168     
   416.80000000002627       0.78310511180811360     
   416.90000000002630       0.81467036268073179     
   417.00000000002632       0.83514091050482064     
   417.10000000002634       0.84569593886628069     
   417.20000000002636       0.84755003741574308     
   417.30000000002639       0.84181786031821204     
   417.40000000002641       0.82944720698212071     
   417.50000000002643       0.81119942010037371     
   417.60000000002645       0.78765685832035381     
   417.70000000002648       0.75924271195628801     
   417.80000000002650       0.72624416815863746     
   417.90000000002652       0.68883428030826077     
   418.00000000002655       0.64709071849709066     
   418.10000000002657       0.60101126197181476     
   418.20000000002659       0.55052689523765641     
   418.30000000002661       0.49551405584775976     
   418.40000000002664       0.43580821491488109     
   418.50000000002666       0.37122171546510596     
   418.60000000002668       0.30156970801354260     
   418.70000000002671       0.22670900057800980     
   418.80000000002673       0.14659527106737927     
   418.90000000002675        6.1363441281660866E-002
   419.00000000002677       -2.8567570901737560E-002
   419.10000000002680      -0.12237324322120424     
   419.20000000002682      -0.21870796871271492     
   419.30000000002684      -0.31563871190455228     
   419.40000000002686      -0.41068526230510727     
   419.50000000002689      -0.50101473789204587     
   419.60000000002691      -0.58378821283021487     
   419.70000000002693      -0.65657869242153444     
   419.80000000002696      -0.71772145784713881     
   419.90000000002698      -0.76647385869424567     
   420.00000000002700      -0.80295095046899223     
   420.10000000002702      -0.82790144685040556     
   420.20000000002705      -0.84243116892946479     
   420.30000000002707      -0.84776091424441424     
   420.40000000002709      -0.84505852120829605     
   420.50000000002711      -0.83534577644346464     
   420.60000000002714      -0.81946181682134167     
   420.70000000002716      -0.79806148376332575     
   420.80000000002718      -0.77163140278729614     
   420.90000000002721      -0.74051253182705568     
   421.00000000002723      -0.70492292176717219     
   421.10000000002725      -0.66497785736314363     
   421.20000000002727      -0.62070664684074228     
   421.30000000002730      -0.57206656242101195     
   421.40000000002732      -0.51895521347191198     
   421.50000000002734      -0.46122326385064427     
   421.60000000002736      -0.39869008900665065     
   421.70000000002739      -0.33116581315935617     
   421.80000000002741      -0.25848414652230262     
   421.90000000002743      -0.18055129538635889     
   422.00000000002746       -9.7416258060183419E-002
   422.10000000002748       -9.3657064314324467E-003
   422.20000000002750        8.2959666488678890E-002
   422.30000000002752       0.17844307309528323     
   422.40000000002755       0.27539838284831836     
   422.50000000002757       0.37155888850360475     
   422.60000000002759       0.46420409165202642     
   422.70000000002761       0.55044812866339921     
   422.80000000002764       0.62764284214118504     
   422.90000000002766       0.69377415324780689     
   423.00000000002768       0.74771141225065230     
   423.10000000002771       0.78923330397317315     
   423.20000000002773       0.81885799441360418     
   423.30000000002775       0.83757559956411631     
   423.40000000002777       0.84658409980324012     
   423.50000000002780       0.84708865660315980     
   423.60000000002782       0.84017897996608915     
   423.70000000002784       0.82677192330878158     
   423.80000000002786       0.80759772476278691     
   423.90000000002789       0.78321041781102430     
   424.00000000002791       0.75400870034076384     
   424.10000000002793       0.72025911244137397     
   424.20000000002796       0.68211745139537638     
   424.30000000002798       0.63964695056275978     
   424.40000000002800       0.59283328768600319     
   424.50000000002802       0.54159741331115441     
   424.60000000002805       0.48580785187991582     
   424.70000000002807       0.42529477079358252     
   424.80000000002809       0.35986888470912520     
   424.90000000002811       0.28934920080936766     
   425.00000000002814       0.21360457013810527     
   425.10000000002816       0.13261450871727390     
   425.20000000002818        4.6553746725452455E-002
   425.30000000002821       -4.4099324373659432E-002
   425.40000000002823      -0.13843994830983053     
   425.50000000002825      -0.23502623126738220     
   425.60000000002827      -0.33182655213727502     
   425.70000000002830      -0.42628323839535764     
   425.80000000002832      -0.51553475702012519     
   425.90000000002834      -0.59678217866623795     
   426.00000000002836      -0.66770618253143255     
   426.10000000002839      -0.72679220662169430     
   426.20000000002841      -0.77345189291267757     
   426.30000000002843      -0.80792530200210944     
   426.40000000002846      -0.83104044431225943     
   426.50000000002848      -0.84393762400373473     
   426.60000000002850      -0.84783829395877119     
   426.70000000002852      -0.84389043009887199     
   426.80000000002855      -0.83308645905446688     
   426.90000000002857      -0.81623397918094698     
   427.00000000002859      -0.79395813679119054     
   427.10000000002861      -0.76671942557880324     
   427.20000000002864      -0.73483659548041802     
   427.30000000002866      -0.69850909947188189     
   427.40000000002868      -0.65783668022155550     
   427.50000000002871      -0.61283562053504637     
   427.60000000002873      -0.56345231301793430     
   427.70000000002875      -0.50957554029722651     
   427.80000000002877      -0.45104948442330550     
   427.90000000002880      -0.38769019051917647     
   428.00000000002882      -0.31930908366931410     
   428.10000000002884      -0.24574812342665553     
   428.20000000002887      -0.16693195952189754     
   428.30000000002889       -8.2942244940120730E-002
   428.40000000002891        5.8833986748993428E-003
   428.50000000002893        9.8832521784935401E-002
   428.60000000002896       0.19469763414807287     
   428.70000000002898       0.29169264282054430     
   428.80000000002900       0.38746126258960345     
   428.90000000002902       0.47923085190408582     
   429.00000000002905       0.56412568553706743     
   429.10000000002907       0.63957890104862836     
   429.20000000002909       0.70371320745862176     
   429.30000000002912       0.75555526375965198     
   429.40000000002914       0.79502404485670874     
   429.50000000002916       0.82273679157333135     
   429.60000000002918       0.83973578785045944     
   429.70000000002921       0.84723210987458675     
   429.80000000002923       0.84641805909880885     
   429.90000000002925       0.83835683092865121     
   430.00000000002927       0.82393398929864903     
   430.10000000002930       0.80384899332497006     
   430.20000000002932       0.77862815951706055     
   430.30000000002934       0.74864635750740915     
   430.40000000002937       0.71415008885164977     
   430.50000000002939       0.67527840838206432     
   430.60000000002941       0.63208053471961234     
   430.70000000002943       0.58453040302060855     
   430.80000000002946       0.53253927245446597     
   430.90000000002948       0.47596814516770253     
   431.00000000002950       0.41464241018937958     
   431.10000000002952       0.34837192678024859     
   431.20000000002955       0.27698072066169022     
   431.30000000002957       0.20035139435280908     
   431.40000000002959       0.11848969038632573     
   431.50000000002962        3.1613233320011591E-002
   431.60000000002964       -5.9736584111336408E-002
   431.70000000002966      -0.15457153181945973     
   431.80000000002968      -0.25135180071259622     
   431.90000000002971      -0.34794887369703970     
   432.00000000002973      -0.44173392165093056     
   432.10000000002975      -0.52982734568760270     
   432.20000000002977      -0.60948235681190166     
   432.30000000002980      -0.67849678077849973     
   432.40000000002982      -0.73550967937540634     
   432.50000000002984      -0.78008402476796901     
   432.60000000002987      -0.81257781793890460     
   432.70000000002989      -0.83389038453718356     
   432.80000000002991      -0.84518990816698403     
   432.90000000002993      -0.84769414114173225     
   433.00000000002996      -0.84252892607741159     
   433.10000000002998      -0.83065655191489252     
   433.20000000003000      -0.81285318298898379     
   433.30000000003002      -0.78971479692775903     
   433.40000000003005      -0.76167641556272447     
   433.50000000003007      -0.72903522058748704     
   433.60000000003009      -0.69197262170508766     
   433.70000000003012      -0.65057327733699022     
   433.80000000003014      -0.60484082531529459     
   433.90000000003016      -0.55471112124040323     
   434.00000000003018      -0.50006448263635472     
   434.10000000003021      -0.44073906703565874     
   434.20000000003023      -0.37654824360058492     
   434.30000000003025      -0.30730571967351678     
   434.40000000003027      -0.23286316625596887     
   434.50000000003030      -0.15316577050259650     
   434.60000000003032       -6.8330646962692865E-002
   434.70000000003034        2.1250232030399524E-002
   434.80000000003037       0.11478917446107390     
   434.90000000003039       0.21098549262351962     
   435.00000000003041       0.30795323421098519     
   435.10000000003043       0.40325084043663734     
   435.20000000003046       0.49406252336665124     
   435.30000000003048       0.57753466244572471     
   435.40000000003050       0.65119279215176462     
   435.50000000003052       0.71330261675479290     
   435.60000000003055       0.76304765885842629     
   435.70000000003057       0.80048143735204902     
   435.80000000003059       0.82631231130105987     
   435.90000000003062       0.84162737084754935     
   436.00000000003064       0.84764547208487329     
   436.10000000003066       0.84554297794149080     
   436.20000000003068       0.83635524978697773     
   436.30000000003071       0.82093636578471108     
   436.40000000003073       0.79995540131793974     
   436.50000000003075       0.77391158564805651     
   436.60000000003078       0.74315662033163665     
   436.70000000003080       0.70791756225393832     
   436.80000000003082       0.66831722096623525     
   436.90000000003084       0.62439120919875846     
   437.00000000003087       0.57610207196383045     
   437.10000000003089       0.52335172270379648     
   437.20000000003091       0.46599404800015609     
   437.30000000003093       0.40385021678679478     
   437.40000000003096       0.33673006071262790     
   437.50000000003098       0.26446386672552030     
   437.60000000003100       0.18694980394508476     
   437.70000000003103       0.10422235099191940     
   437.80000000003105        1.6545215341242342E-002
   437.90000000003107       -7.5473663011901837E-002
   438.00000000003109      -0.17075950299665771     
   438.10000000003112      -0.26767338814385216     
   438.20000000003114      -0.36399230895276147     
   438.30000000003116      -0.45702339019331339     
   438.40000000003118      -0.54388006758408036     
   438.50000000003121      -0.62187969292579148     
   438.60000000003123      -0.68894587122979001     
   438.70000000003125      -0.74387361325693380     
   438.80000000003128      -0.78637335550065901     
   438.90000000003130      -0.81691360581721861     
   439.00000000003132      -0.83645713379793507     
   439.10000000003134      -0.84619375178930312     
   439.20000000003137      -0.84733353628163044     
   439.30000000003139      -0.84097822240955811     
   439.40000000003141      -0.82805937172227728     
   439.50000000003143      -0.80932191724803093     
   439.60000000003146      -0.78533323271775013     
   439.70000000003148      -0.75650353245992896     
   439.80000000003150      -0.72310905808750159     
   439.90000000003153      -0.68531371415364517     
   440.00000000003155      -0.64318751766910576     
   440.10000000003157      -0.59672183233895404     
   440.20000000003159      -0.54584231810516315     
   440.30000000003162      -0.49042119914416848     
   440.40000000003164      -0.43029109105126756     
   440.50000000003166      -0.36526338651294082     
   440.60000000003168      -0.29515512618053219     
   440.70000000003171      -0.21982925106660595     
   440.80000000003173      -0.13925369738429744     
   440.90000000003175       -5.3583964347831053E-002
   441.00000000003178        3.6730160476668508E-002
   441.10000000003180       0.13082233117120234     
   441.20000000003182       0.22729648219135878     
   441.30000000003184       0.32416751322717680     
   441.40000000003187       0.41891370070223122     
   441.50000000003189       0.50868579564435557     
   441.60000000003191       0.59066440904240947     
   441.70000000003193       0.66247799826555065     
   441.80000000003196       0.72254038674292842     
   441.90000000003198       0.77019045625839988     
   442.00000000003200       0.80560992074848470     
   442.10000000003203       0.82959023574183011     
   442.20000000003205       0.84325621851405985     
   442.30000000003207       0.84782957813035920     
   442.40000000003209       0.84446799908740833     
   442.50000000003212       0.83417792172270011     
   442.60000000003214       0.81778187418448423     
   442.70000000003216       0.79591900311354946     
   442.80000000003218       0.76906209612883125     
   442.90000000003221       0.73754034025587767     
   443.00000000003223       0.70156192611277612     
   443.10000000003225       0.66123389893069484     
   443.20000000003228       0.61657866216763768     
   443.30000000003230       0.56754771805894100     
   443.40000000003232       0.51403398494467334     
   443.50000000003234       0.45588465903040742     
   443.60000000003237       0.39291728370202855     
   443.70000000003239       0.32494254973314379     
   443.80000000003241       0.25179833335898960     
   443.90000000003243       0.17340029577848520     
   444.00000000003246        8.9814282412098670E-002
   444.10000000003248        1.3533661345840747E-003
   444.20000000003250       -9.1304424583843372E-002
   444.30000000003253      -0.18699488379875318     
   444.40000000003255      -0.28397928235286551     
   444.50000000003257      -0.37994327041425796     
   444.60000000003259      -0.47213782358543022     
   444.70000000003262      -0.55768093779202765     
   444.80000000003264      -0.63396583548392704     
   444.90000000003266      -0.69904960602036681     
   445.00000000003268      -0.75188439745403768     
   445.10000000003271      -0.79232342053657412     
   445.20000000003273      -0.82093798003261986     
   445.30000000003275      -0.83874658717978290     
   445.40000000003278      -0.84695480248021415     
   445.50000000003280      -0.84676142281068989     
   445.60000000003282      -0.83924238002329399     
   445.70000000003284      -0.82529808955086315     
   445.80000000003287      -0.80564254189241447     
   445.90000000003289      -0.78081510271797283     
   446.00000000003291      -0.75120184387681077     
   446.10000000003294      -0.71705868202587542     
   446.20000000003296      -0.67853253807504943     
   446.30000000003298      -0.63567921613559419     
   446.40000000003300      -0.58847816823645538     
   446.50000000003303      -0.53684520043034367     
   446.60000000003305      -0.48064482767949673     
   446.70000000003307      -0.41970463450461593     
   446.80000000003309      -0.35383478554042536     
   446.90000000003312      -0.28285677993151082     
   447.00000000003314      -0.20664648800143570     
   447.10000000003316      -0.12519692628126033     
   447.20000000003319       -3.8705013630276452E-002
   447.30000000003321        5.2318135377035044E-002
   447.40000000003323       0.14692421745415213     
   447.50000000003325       0.24361997168112021     
   447.60000000003328       0.34032251489660059     
   447.70000000003330       0.43443587968126129     
   447.80000000003332       0.52308766884330282     
   447.90000000003334       0.60350489262826135     
   448.00000000003337       0.67342876766916204     
   448.10000000003339       0.73142524127086461     
   448.20000000003341       0.77698604547663697     
   448.30000000003344       0.81041423210335428     
   448.40000000003346       0.83257634200407926     
   448.50000000003348       0.84462815659969825     
   448.60000000003350       0.84778969940141136     
   448.70000000003353       0.84319755895883586     
   448.80000000003355       0.83182838172946139     
   448.90000000003357       0.81447319933241225     
   449.00000000003359       0.79174173515717428     
   449.10000000003362       0.76408099161391618     
   449.20000000003364       0.73179828584917528     
   449.30000000003366       0.69508350458381507     
   449.40000000003369       0.65402839388152534     
   449.50000000003371       0.60864253331852547     
   449.60000000003373       0.55886672612571631     
   449.70000000003375       0.50458525314528913     
   449.80000000003378       0.44563906652289731     
   449.90000000003380       0.38184271838723099     
   450.00000000003382       0.31300870858048307     
   450.10000000003384       0.23898392059149182     
   450.20000000003387       0.15970354683351140     
   450.30000000003389        7.5267550282160187E-002
   450.40000000003391       -1.3958264982901841E-002
   450.50000000003394      -0.10722227156779039     
   450.60000000003396      -0.20326821129201431     
   450.70000000003398      -0.30025737390161067     
   450.80000000003400      -0.39578799803577530     
   450.90000000003403      -0.48706356303586790     
   451.00000000003405      -0.57121847527054803     
   451.10000000003407      -0.64573316088769028     
   451.20000000003409      -0.70880489699256255     
   451.30000000003412      -0.75954304098256098     
   451.40000000003414      -0.79793814976905009     
   451.50000000003416      -0.82465642751964174     
   451.60000000003419      -0.84076464519852367     
   451.70000000003421      -0.84747861241403710     
   451.80000000003423      -0.84598260231922051     
   451.90000000003425      -0.83732530749693590     
   452.00000000003428      -0.82237573320099744     
   452.10000000003430      -0.80181729095854548     
   452.20000000003432      -0.77616195864883031     
   452.30000000003434      -0.74577232806574412     
   452.40000000003437      -0.71088459183203123     
   452.50000000003439      -0.67162919216236894     
   452.60000000003441      -0.62804813523343039     
   452.70000000003444      -0.58010931673737720     
   452.80000000003446      -0.52771903280259291     
   452.90000000003448      -0.47073448806073609     
   453.00000000003450      -0.40897877822918638     
   453.10000000003453      -0.34226164120841834     
   453.20000000003455      -0.27041023848209111     
   453.30000000003457      -0.19331513381105653     
   453.40000000003459      -0.11099687617883493     
   453.50000000003462       -2.3696945021081106E-002
   453.60000000003464        6.8008678056903749E-002
   453.70000000003466       0.16308657331324677     
   453.80000000003469       0.25994487942933259     
   453.90000000003471       0.35640499120729585     
   454.00000000003473       0.44980342822128577     
   454.10000000003475       0.53725551204478506     
   454.20000000003478       0.61604673636778196     
   454.30000000003480       0.68404011928155073     
   454.40000000003482       0.73995659826486704     
   454.50000000003485       0.78343730830478397     
   454.60000000003487       0.81489936857666379     
   454.70000000003489       0.83527647399832494     
   454.80000000003491       0.84574894977836645     
   454.90000000003494       0.84753097931233379     
   455.00000000003496       0.84173594279008224     
   455.10000000003498       0.82931001621527145     
   455.20000000003500       0.81101289244550545     
   455.30000000003503       0.78742541919408948     
   455.40000000003505       0.75896947643443324     
   455.50000000003507       0.72593114528457214     
   455.60000000003510       0.68848255453480123     
   455.70000000003512       0.64670060094497406     
   455.80000000003514       0.60058241545728919     
   455.90000000003516       0.55005844403844140     
   456.00000000003519       0.49500469672147868     
   456.10000000003521       0.43525635183039618     
   456.20000000003523       0.37062564788588398     
   456.30000000003525       0.30092791130670499     
   456.40000000003528       0.22602054517477957     
   456.50000000003530       0.14586042874809857     
   456.60000000003532        6.0584511069823543E-002
   456.70000000003535       -2.9385236269650089E-002
   456.80000000003537      -0.12322013625067192     
   456.90000000003539      -0.21956954322823719     
   457.00000000003541      -0.31649518326869663     
   457.10000000003544      -0.41151260976816262     
   457.20000000003546      -0.50178717190244915     
   457.30000000003548      -0.58448175186567752     
   457.40000000003550      -0.65717479289231628     
   457.50000000003553      -0.71820940232064279     
   457.60000000003555      -0.76685113806199090     
   457.70000000003557      -0.80322182803738507     
   457.80000000003560      -0.82807457508005333     
   457.90000000003562      -0.84251719234366962     
   458.00000000003564      -0.84777062720787111     
   458.10000000003566      -0.84500173077771812     
   458.20000000003569      -0.83523076158841059     
   458.30000000003571      -0.81929518977229132     
   458.40000000003573      -0.79784827579529960     
   458.50000000003575      -0.77137524849649797     
   458.60000000003578      -0.74021587660526145     
   458.70000000003580      -0.70458721451971551     
   458.80000000003582      -0.66460371435414134     
   458.90000000003585      -0.62029398664140012     
   459.00000000003587      -0.57161472032777483     
   459.10000000003589      -0.51846304964203116     
   459.20000000003591      -0.46068928500744655     
   459.30000000003594      -0.39811261028377976     
   459.40000000003596      -0.33054319493097378     
   459.50000000003598      -0.25781514983358989     
   459.60000000003600      -0.17983560496962178     
   459.70000000003603       -9.6655215187401833E-002
   459.80000000003605       -8.5632596858331023E-003
   459.90000000003607        8.3795866363584354E-002
   460.00000000003610       0.17930065136786044     
   460.10000000003612       0.27625969147328877     
   460.20000000003614       0.37240145310648520     
   460.30000000003616       0.46500247038093012     
   460.40000000003619       0.55117711982318829     
   460.50000000003621       0.62828125241801913     
   460.60000000003623       0.69430784221175668     
   460.70000000003625       0.74813454196245865     
   460.80000000003628       0.78954757949206733     
   460.90000000003630       0.81907055097165826     
   461.00000000003632       0.83769651619776930     
   461.10000000003635       0.84662428653240396     
   461.20000000003637       0.84705842686539046     
   461.30000000003639       0.84008728369187935     
   461.40000000003641       0.82662606494251722     
   461.50000000003644       0.80740337419161545     
   461.60000000003646       0.78297176547476521     
   461.70000000003648       0.75372866147232409     
   461.80000000003650       0.71993952873484968     
   461.90000000003653       0.68175926750029714     
   462.00000000003655       0.63925036042895289     
   462.10000000003657       0.59239785610075013     
   462.20000000003660       0.54112218457166317     
   462.30000000003662       0.48529146304813042     
   462.40000000003664       0.42473559311973530     
   462.50000000003666       0.35926522446134634     
   462.60000000003669       0.28869959958205577     
   462.70000000003671       0.21290825222547277     
   462.80000000003673       0.13187202289767547     
   462.90000000003675        4.5767829341889832E-002
   463.00000000003678       -4.4922697730564232E-002
   463.10000000003680      -0.13929047272142636     
   463.20000000003682      -0.23588846702204047     
   463.30000000003685      -0.33267989307698603     
   463.40000000003687      -0.42710315500072010     
   463.50000000003689      -0.51629549585697188     
   463.60000000003691      -0.59746043730524234     
   463.70000000003694      -0.66828461626587699     
   463.80000000003696      -0.72726150847447812     
   463.90000000003698      -0.77381083156339669     
   464.00000000003701      -0.80817905613909391     
   464.10000000003703      -0.83119815847530298     
   464.20000000003705      -0.84401007751415646     
   464.30000000003707      -0.84783617626292840     
   464.40000000003710      -0.84382331567931501     
   464.50000000003712      -0.83296234824177395     
   464.60000000003714      -0.81605920842128110     
   464.70000000003716      -0.79373748829390811     
   464.80000000003719      -0.76645631955730487     
   464.90000000003721      -0.73453329699856407     
   465.00000000003723      -0.69816690681244109     
   465.10000000003726      -0.65745608359443386     
   465.20000000003728      -0.61241643281129055     
   465.30000000003730      -0.56299378194856775     
   465.40000000003732      -0.50907645737822849     
   465.50000000003735      -0.45050831128513724     
   465.60000000003737      -0.38710523069810593     
   465.70000000003739      -0.31867873610887237     
   465.80000000003741      -0.24507126262896139     
   465.90000000003744      -0.16620849137764049     
   466.00000000003746       -8.2173877180331423E-002
   466.10000000003748        6.6921731970317894E-003
   466.20000000003751        9.9673322569439879E-002
   466.30000000003753       0.19555721782863067     
   466.40000000003755       0.29255248371420289     
   466.50000000003757       0.38829821615885213     
   466.60000000003760       0.48001926327685873     
   466.70000000003762       0.56484076617161871     
   466.80000000003764       0.64020046966964328     
   466.90000000003766       0.70422848988032083     
   467.00000000003769       0.75595979201481833     
   467.10000000003771       0.79532060706274921     
   467.20000000003773       0.82293318868670773     
   467.30000000003776       0.83984236933829270     
   467.40000000003778       0.84725976571266726     
   467.50000000003780       0.84637691135633619     
   467.60000000003782       0.83825556235941967     
   467.70000000003785       0.82377962325660159     
   467.80000000003787       0.80364693783289309     
   467.90000000003789       0.77838237592631632     
   468.00000000003791       0.74835956695807515     
   468.10000000003794       0.71382397068784487     
   468.20000000003796       0.67491377157439125     
   468.30000000003798       0.63167745945562181     
   468.40000000003801       0.58408835909144063     
   468.50000000003803       0.53205722732542438     
   468.60000000003805       0.47544468013251479     
   468.70000000003807       0.41407586936582003     
   468.80000000003810       0.34776063162084886     
   468.90000000003812       0.27632329152273133     
   469.00000000003814       0.19964722746362787     
   469.10000000003816       0.11773963598193880     
   469.20000000003819        3.0820495121826871E-002
   469.30000000003821       -6.0565376101611626E-002
   469.40000000003823      -0.15542525132189289     
   469.50000000003826      -0.25221411232982610     
   469.60000000003828      -0.34879838435627608     
   469.70000000003830      -0.44254567047146465     
   469.80000000003832      -0.53057572205792103     
   469.90000000003835      -0.61014483969450506     
   470.00000000003837      -0.67905728467550297     
   470.10000000003839      -0.73596030792322553     
   470.20000000003841      -0.78042477500512253     
   470.30000000003844      -0.81281471267598404     
   470.40000000003846      -0.83403299336825631     
   470.50000000003848      -0.84524909629851919     
   470.60000000003851      -0.84768046447732093     
   470.70000000003853      -0.84245171401822438     
   470.80000000003855      -0.83052352401133989     
   470.90000000003857      -0.81267040326798079     
   471.00000000003860      -0.78948680411929384     
   471.10000000003862      -0.76140642141733461     
   471.20000000003864      -0.72872531518981476     
   471.30000000003866      -0.69162395719720238     
   471.40000000003869      -0.65018622154864247     
   471.50000000003871      -0.60441508855550996     
   471.60000000003873      -0.55424586674539067     
   471.70000000003876      -0.49955843675103595     
   471.80000000003878      -0.44019065107113581     
   471.90000000003880      -0.37595575655915181     
   472.00000000003882      -0.30666760970004286     
   472.10000000003885      -0.23217843692654605     
   472.20000000003887      -0.15243457063788252     
   472.30000000003889       -6.7555078747281214E-002
   472.40000000003892        2.2065099749779826E-002
   472.50000000003894       0.11563420285359105     
   472.60000000003896       0.21184655653998388     
   472.70000000003898       0.30881094813066656     
   472.80000000003901       0.40408144960101555     
   472.90000000003903       0.49484025752376742     
   473.00000000003905       0.57823525522791963     
   473.10000000003907       0.65179715588174791     
   473.20000000003910       0.71379936897801355     
   473.30000000003912       0.76343366994442508     
   473.40000000003914       0.80076051265732584     
   473.50000000003917       0.82649284624690722     
   473.60000000003919       0.84171992805292462     
   473.70000000003921       0.84766088469211376     
   473.80000000003923       0.84549115813027198     
   473.90000000003926       0.83624460735353956     
   474.00000000003928       0.82077364455825474     
   474.10000000003930       0.79974575241992163     
   474.20000000003932       0.77365874727919193     
   474.30000000003935       0.74286312518914088     
   474.40000000003937       0.70758493218317819     
   474.50000000003939       0.66794613324603147     
   474.60000000003942       0.62398163357188441     
   474.70000000003944       0.57565338623897544     
   474.80000000003946       0.52286282074228208     
   474.90000000003948       0.46546345946569723     
   475.00000000003951       0.40327626463411559     
   475.10000000003953       0.33611109055730592     
   475.20000000003955       0.26379859105986847     
   475.30000000003957       0.18623781004756290     
   475.40000000003960       0.10346481607628377     
   475.50000000003962        1.5745841223537643E-002
   475.60000000003964       -7.6307560852339140E-002
   475.70000000003967      -0.17161595554867723     
   475.80000000003969      -0.26853516740419681     
   475.90000000003971      -0.36483727673558830     
   476.00000000003973      -0.45782623816629442     
   476.10000000003976      -0.54461543667526324     
   476.20000000003978      -0.62252594109668280     
   476.30000000003980      -0.68948822288184319     
   476.40000000003982      -0.74430557301717004     
   476.50000000003985      -0.78669609355385162     
   476.60000000003987      -0.81713391699568971     
   476.70000000003989      -0.83658494816994078     
   476.80000000003992      -0.84623997503870785     
   476.90000000003994      -0.84730856523719411     
   477.00000000003996      -0.84089113102346658     
   477.10000000003998      -0.82791759784814778     
   477.20000000004001      -0.80913125641916117     
   477.30000000004003      -0.78509798592706315     
   477.40000000004005      -0.75622670886161170     
   477.50000000004007      -0.72279257799843255     
   477.60000000004010      -0.68495858791007358     
   477.70000000004012      -0.64279399428096839     
   477.80000000004014      -0.59628952263930668     
   477.90000000004017      -0.54537030388083529     
   478.00000000004019      -0.48990814525076110     
   478.10000000004021      -0.42973538356013502     
   478.20000000004023      -0.36466332746023544     
   478.30000000004026      -0.29450922428351733     
   478.40000000004028      -0.21913665556166728     
   478.50000000004030      -0.13851482288347011     
   478.60000000004032       -5.2801336381861824E-002
   478.70000000004035        3.7550865248159898E-002
   478.80000000004037       0.13167118860677263     
   478.90000000004039       0.22815847632039857     
   479.00000000004042       0.32502242307570717     
   479.10000000004044       0.41973722846362782     
   479.20000000004046       0.50945215764037133     
   479.30000000004048       0.59134996823530928     
   479.40000000004051       0.66306483407889782     
   479.50000000004053       0.72301852358958552     
   479.60000000004055       0.77055806344582112     
   479.70000000004057       0.80587175225225249     
   479.80000000004060       0.82975521154851251     
   479.90000000004062       0.84333506041638251     
   480.00000000004064       0.84783302902543556     
   480.10000000004067       0.84440574529894896     
   480.20000000004069       0.83405809588892232     
   480.30000000004071       0.81761094297847414     
   480.40000000004073       0.79570186601476445     
   480.50000000004076       0.76880227413988655     
   480.60000000004078       0.73724018316724982     
   480.70000000004080       0.70122280297279327     
   480.80000000004082       0.66085635918201546     
   480.90000000004085       0.61616256834500327     
   481.00000000004087       0.56709235899772770     
   481.10000000004089       0.51353818422902053     
   481.20000000004092       0.45534689906890702     
   481.30000000004094       0.39233587267238124     
   481.40000000004096       0.32431586703123372     
   481.50000000004098       0.25112519786625026     
   481.60000000004101       0.17268050600000134     
   481.70000000004103        8.9049369095736727E-002
   481.80000000004105        5.4756043181856950E-004
   481.90000000004108       -9.2143091424172152E-002
   482.00000000004110      -0.18785358166012317     
   482.10000000004112      -0.28483989936446091     
   482.20000000004114      -0.38078297239710851     
   482.30000000004117      -0.47293104467498831     
   482.40000000004119      -0.55840268012153571     
   482.50000000004121      -0.63459542785819745     
   482.60000000004123      -0.69957362340246099     
   482.70000000004126      -0.75229772651261007     
   482.80000000004128      -0.79262834446465680     
   482.90000000004130      -0.82114199345195305     
   483.00000000004133      -0.83885991882037481     
   483.10000000004135      -0.84698835660638550     
   483.20000000004137      -0.84672541459312933     
   483.30000000004139      -0.83914561957113443     
   483.40000000004142      -0.82514773319775858     
   483.50000000004144      -0.80544412107943120     
   483.60000000004146      -0.78057268655245227     
   483.70000000004148      -0.75091824470846846     
   483.80000000004151      -0.71673565547230300     
   483.90000000004153      -0.67817095685773121     
   484.00000000004155      -0.63527921389986508     
   484.10000000004158      -0.58803925938616441     
   484.20000000004160      -0.53636638842054307     
   484.30000000004162      -0.48012471971283904     
   484.40000000004164      -0.41914158682866853     
   484.50000000004167      -0.35322711133493140     
   484.60000000004169      -0.28220306063715517     
   484.70000000004171      -0.20594603610259826     
   484.80000000004173      -0.12445044612933405     
   484.90000000004176       -3.7915483809578293E-002
   485.00000000004178        5.3144398696082590E-002
   485.10000000004180       0.14777647981077485     
   485.20000000004183       0.24448232181218899     
   485.30000000004185       0.34117392763793331     
   485.40000000004187       0.43525158836894245     
   485.50000000004189       0.52384198177381913     
   485.60000000004192       0.60417490622501413     
   485.70000000004194       0.67399779316625075     
   485.80000000004196       0.73188471486235385     
   485.90000000004198       0.77733538901078458     
   486.00000000004201       0.81065907757615707     
   486.10000000004203       0.83272606591618936     
   486.20000000004205       0.84469358935858641     
   486.30000000004208       0.84778146352390471     
   486.40000000004210       0.84312510133358898     
   486.50000000004212       0.83169955506760807     
   486.60000000004214       0.81429419621878052     
   486.70000000004217       0.79151720892372179     
   486.80000000004219       0.76381425200200370     
   486.90000000004221       0.73149150515365358     
   487.00000000004223       0.69473790360821919     
   487.10000000004226       0.65364439796303420     
   487.20000000004228       0.60821990095091893     
   487.30000000004230       0.55840466019097956     
   487.40000000004233       0.50408251039658869     
   487.50000000004235       0.44509408675242906     
   487.60000000004237       0.38125380183294183     
   487.70000000004239       0.31237427871478085     
   487.80000000004242       0.23830291785497265     
   487.90000000004244       0.15897600221471833     
   488.00000000004246        7.4495375608233036E-002
   488.10000000004248       -1.4770277615160907E-002
   488.20000000004251      -0.10806534593456041     
   488.30000000004253      -0.20412864123653374     
   488.40000000004255      -0.30111617848471328     
   488.50000000004258      -0.39662170355924342     
   488.60000000004260      -0.48784644142682410     
   488.70000000004262      -0.57192599936651667     
   488.80000000004264      -0.64634571542028851     
   488.90000000004267      -0.70931043787826387     
   489.00000000004269      -0.75993780922113685     
   489.10000000004271      -0.79822547736455129     
   489.20000000004273      -0.82484443716937816     
   489.30000000004276      -0.84086380550880413     
   489.40000000004278      -0.84749978781247393     
   489.50000000004280      -0.84593580652981182     
   489.60000000004283      -0.83721908020265212     
   489.70000000004285      -0.82221695036251752     
   489.80000000004287      -0.80161122472424862     
   489.90000000004289      -0.77591245215946514     
   490.00000000004292      -0.74548200256580921     
   490.10000000004294      -0.71055504316146045     
   490.20000000004296      -0.67126115947935805     
   490.30000000004298      -0.62764164017812096     
   490.40000000004301      -0.57966378030539190     
   490.50000000004303      -0.52723338330518543     
   490.60000000004305      -0.47020727908284821     
   490.70000000004308      -0.40840834197842546     
   490.80000000004310      -0.34164631069822254     
   490.90000000004312      -0.26974868084814052     
   491.00000000004314      -0.19260684340329193     
   491.10000000004317      -0.11024287210945044     
   491.20000000004319       -2.2900689348105518E-002
   491.30000000004321        6.8840198319704338E-002
   491.40000000004324       0.16394179074767673     
   491.50000000004326       0.26080698802820318     
   491.60000000004328       0.35725219998984797     
   491.70000000004330       0.45061058255131503     
   491.80000000004333       0.53799712008634404     
   491.90000000004335       0.61670072797174336     
   492.00000000004337       0.68459109280429775     
   492.10000000004339       0.74039739664147275     
   492.20000000004342       0.78376855334478679     
   492.30000000004344       0.81512749850240585     
   492.40000000004346       0.83541125604237787     
   492.50000000004349       0.84580127589205256     
   492.60000000004351       0.84751132465272372     
   492.70000000004353       0.84165350345073098     
   492.80000000004355       0.82917236350047629     
   492.90000000004358       0.81082594852301404     
   493.00000000004360       0.78719359692294566     
   493.10000000004362       0.75869588018940959     
   493.20000000004364       0.72561777514218062     
   493.30000000004367       0.68813048745794958     
   493.40000000004369       0.64631014177853352     
   493.50000000004371       0.60015322176324482     
   493.60000000004374       0.54958963579221887     
   493.70000000004376       0.49449496743243454     
   493.80000000004378       0.43470410360528122     
   493.90000000004380       0.37002918034722515     
   494.00000000004383       0.30028570301936319     
   494.10000000004385       0.22533167426159795     
   494.20000000004387       0.14512518102620944     
   494.30000000004389        5.9805207922193876E-002
   494.40000000004392       -3.0203210001426534E-002
   494.50000000004394      -0.12406723158742169     
   494.60000000004396      -0.22043116693098949     
   494.70000000004399      -0.31735150655602551     
   494.80000000004401      -0.41233958319096969     
   494.90000000004403      -0.50255900519240271     
   495.00000000004405      -0.58517449674852018     
   495.10000000004408      -0.65776996744424299     
   495.20000000004410      -0.71869636344266929     
   495.30000000004412      -0.76722744527128384     
   495.40000000004414      -0.80349179475101740     
   495.50000000004417      -0.82824688146224856     
   495.60000000004419      -0.84260249131781806     
   495.70000000004421      -0.84777970836469274     
   495.80000000004424      -0.84494438923890902     
   495.90000000004426      -0.83511526168082295     
   496.00000000004428      -0.81912812908540622     
   496.10000000004430      -0.79763467231181973     
   496.20000000004433      -0.77111872534019599     
   496.30000000004435      -0.73991886950700170     
   496.40000000004437      -0.70425116431437640     
   496.50000000004439      -0.66422923055377103     
   496.60000000004442      -0.61988098215459819     
   496.70000000004444      -0.57116252575136650     
   496.80000000004446      -0.51797052142094502     
   496.90000000004449      -0.46015492736840136     
   497.00000000004451      -0.39753473757890251     
   497.10000000004453      -0.32992016931722168     
   497.20000000004455      -0.25714573797363521     
   497.30000000004458      -0.17911950275045135     
   497.40000000004460       -9.5893782552593398E-002
   497.50000000004462       -7.7604731774476438E-003
   497.60000000004464        8.4632318192505676E-002
   497.70000000004467       0.18015834829430313     
   497.80000000004469       0.27712093875252375     
   497.90000000004471       0.37324373958530810     
   498.00000000004474       0.46580034059263931     
   498.10000000004476       0.55190539115196569     
   498.20000000004478       0.62891878284510927     
   498.30000000004480       0.69484056266686267     
   498.40000000004483       0.74855668752541193     
   498.50000000004485       0.78986091402042369     
   498.60000000004487       0.81928224665941529     
   498.70000000004489       0.83781666785010789     
   498.80000000004492       0.84666380408661046     
   498.90000000004494       0.84702761415765382     
   499.00000000004496       0.83999507671245277     
   499.10000000004499       0.82647975326369350     
   499.20000000004501       0.80720861375024189     
   499.30000000004503       0.78273273446225089     
   499.40000000004505       0.75344826472651116     
   499.50000000004508       0.71961959925069297     
   499.60000000004510       0.68140074265878126     
   499.70000000004512       0.63885342808652390     
   499.80000000004515       0.59196207595132766     
   499.90000000004517       0.54064659677479399     
   500.00000000004519       0.48477470162007691     
