 t x
   0.0000000000000000        1.0000000000000000     
   1.0000000000000000       0.70830850219846109     
   2.0000000000000000       0.84686139700544072     
   3.0000000000000000       0.62925444535604480     
   4.0000000000000000       0.17033824998684538     
   5.0000000000000000      -0.67674709869725858     
   6.0000000000000000      -0.60406734798780115     
   7.0000000000000000      -0.25295356468681079     
   8.0000000000000000       0.59466684770354483     
   9.0000000000000000       0.63234857403006983     
   10.000000000000000       0.35496897436036190     
   11.000000000000000      -0.47215899817117668     
   12.000000000000000      -0.69561053817870899     
   13.000000000000000      -0.45259238443852773     
   14.000000000000000       0.32916921637239011     
   15.000000000000000       0.76526404762491440     
   16.000000000000000       0.52940202238164669     
   17.000000000000000      -0.18836638109866755     
   18.000000000000000      -0.80054999546557015     
   19.000000000000000      -0.57775290109192190     
   20.000000000000000        6.2269739171530447E-002
   21.000000000000000       0.79367054532644643     
   22.000000000000000       0.59767157582021258     
   23.000000000000000        4.7622503965576879E-002
   24.000000000000000      -0.75535096974130878     
   25.000000000000000      -0.59913620355578101     
   26.000000000000000      -0.14735078245694344     
   27.000000000000000       0.69212734075417426     
   28.000000000000000       0.60219029473779195     
   29.000000000000000       0.24610876974786799     
   30.000000000000000      -0.60172998956252022     
   31.000000000000000      -0.62934411000819424     
   32.000000000000000      -0.34849374089860480     
   33.000000000000000       0.48067822156219847     
   34.000000000000000       0.69096414484646118     
   35.000000000000000       0.44695050909738970     
   36.000000000000000      -0.33826419501732402     
   37.000000000000000      -0.76162994437904075     
   38.000000000000000      -0.52540429156999524     
   39.000000000000000       0.19679552281541524     
   40.000000000000000       0.79965787399974053     
   41.000000000000000       0.57559907003244815     
   42.000000000000000       -6.9653918173766538E-002
   43.000000000000000      -0.79514043019495606     
   44.000000000000000      -0.59713470534028990     
   45.000000000000000       -4.1145035472963110E-002
   46.000000000000000       0.75849273110395021     
   47.000000000000000       0.59923572716168683     
   48.000000000000000       0.14123327471139402     
   49.000000000000000      -0.69682256974415491     
   50.000000000000000      -0.60151155227984832     
   51.000000000000000      -0.23982945519388177     
   52.000000000000000       0.60827546647102426     
   53.000000000000000       0.62660708675918031     
   54.000000000000000       0.34205519367043014     
   55.000000000000000      -0.48906963349926547     
   56.000000000000000      -0.68637497172669515     
   57.000000000000000      -0.44123015180206171     
   58.000000000000000       0.34736469375082268     
   59.000000000000000       0.75785325476845966     
   60.000000000000000       0.52129465517135698     
   61.000000000000000      -0.20528373195109229     
   62.000000000000000      -0.79859339050413936     
   63.000000000000000      -0.57332983123063408     
   64.000000000000000        7.7104648615607063E-002
   65.000000000000000       0.79648669764687718     
   66.000000000000000       0.59651810924162518     
   67.000000000000000        3.4624405947444981E-002
   68.000000000000000      -0.76154012741628030     
   69.000000000000000      -0.59933487406641583     
   70.000000000000000      -0.13511123061815888     
   71.000000000000000       0.70141373774544635     
   72.000000000000000       0.60092450933308528     
   73.000000000000000       0.23356841907731857     
   74.000000000000000      -0.61469704625553923     
   75.000000000000000      -0.62401843312791916     
   76.000000000000000      -0.33560918472487394     
   77.000000000000000       0.49736637580191806     
   78.000000000000000       0.68184166136723956     
   79.000000000000000       0.43543098905565614     
   80.000000000000000      -0.35646839307035683     
   81.000000000000000      -0.75394119994798325     
   82.000000000000000      -0.51707360445258832     
   83.000000000000000       0.21382975084689060     
   84.000000000000000       0.79735463214414726     
   85.000000000000000       0.57094470726781221     
   86.000000000000000       -8.4622295149727522E-002
   87.000000000000000      -0.79770625670536111     
   88.000000000000000      -0.59581794929831688     
   89.000000000000000       -2.8058353759290000E-002
   90.000000000000000       0.76449262475442759     
   91.000000000000000       0.59942803855465032     
   92.000000000000000       0.12898240992037013     
   93.000000000000000      -0.70590216707561237     
   94.000000000000000      -0.60042363023316814     
   95.000000000000000      -0.22732528341117109     
   96.000000000000000       0.62099531029890676     
   97.000000000000000       0.62157763747090067     
   98.000000000000000       0.32915924082547110     
   99.000000000000000      -0.50556398029479022     
   100.00000000000000      -0.67737565486985418     
   101.00000000000000      -0.42955706998319632     
   102.00000000000000       0.36556936597783440     
   103.00000000000000       0.74990239164247852     
   104.00000000000000       0.51274186329582871     
   105.00000000000000      -0.22243204720357035     
   106.00000000000000      -0.79593997961966312     
   107.00000000000000      -0.56844336947398211     
   108.00000000000000        9.2207097309250141E-002
   109.00000000000000       0.79879593107240576     
   110.00000000000000       0.59503057984709518     
   111.00000000000000        2.1444689272668405E-002
   112.00000000000000      -0.76734951780351379     
   113.00000000000000      -0.59950966962499841     
   114.00000000000000      -0.12284451818146186     
   115.00000000000000       0.71028912137936273     
   116.00000000000000       0.60000329191764434     
   117.00000000000000       0.22109948644241506     
   118.00000000000000      -0.62717101053468893     
   119.00000000000000      -0.61928361017303335     
   120.00000000000000      -0.32270864262390486     
   121.00000000000000       0.51365834655703779     
   122.00000000000000       0.67298777322057013     
   123.00000000000000       0.42361264878813948     
   124.00000000000000      -0.37466145687796387     
   125.00000000000000      -0.74574622907148880     
   126.00000000000000      -0.50830024102351712     
   127.00000000000000       0.23108892195825870     
   128.00000000000000       0.79434815748984633     
   129.00000000000000       0.56582562707813722     
   130.00000000000000       -9.9859171109472067E-002
   131.00000000000000      -0.79975247470265387     
   132.00000000000000      -0.59415255680605039     
   133.00000000000000       -1.4781304128770323E-002
   134.00000000000000       0.77010992604413275     
   135.00000000000000       0.59957427621502157     
   136.00000000000000       0.11669521279720108     
   137.00000000000000      -0.71457579703613294     
   138.00000000000000      -0.59965780036795635     
   139.00000000000000      -0.21489029283697270     
   140.00000000000000       0.63322504928057688     
   141.00000000000000       0.61713472375994249     
   142.00000000000000       0.31626041523584236     
   143.00000000000000      -0.52164575033851412     
   144.00000000000000      -0.66868815548548910     
   145.00000000000000      -0.41760215746511531     
   146.00000000000000       0.38373831894825772     
   147.00000000000000       0.74148285978265238     
   148.00000000000000       0.50374965138656447     
   149.00000000000000      -0.23979849008869569     
   150.00000000000000      -0.79257827379210821     
   151.00000000000000      -0.56309141207642988     
   152.00000000000000       0.10757851384449557     
   153.00000000000000       0.80057258938526732     
   154.00000000000000       0.59318064599245979     
   155.00000000000000        8.0661803874537696E-003
   156.00000000000000      -0.77277279073621674     
   157.00000000000000      -0.59961643270347320     
   158.00000000000000      -0.11053210904248301     
   159.00000000000000       0.71876331489191603     
   160.00000000000000       0.59938140559894582     
   161.00000000000000       0.20869680375803423     
   162.00000000000000      -0.63915845965770968     
   163.00000000000000      -0.61512885291206199     
   164.00000000000000      -0.30981732160333919     
   165.00000000000000       0.52952284751425938     
   166.00000000000000       0.66448620792064084     
   167.00000000000000       0.41153017515857926     
   168.00000000000000      -0.39279345571710456     
   169.00000000000000      -0.73712312725745421     
   170.00000000000000      -0.49909113349332135     
   171.00000000000000       0.24855865996734583     
   172.00000000000000       0.79062986178707761     
   173.00000000000000       0.56024076416872903     
   174.00000000000000      -0.11536500906083091     
   175.00000000000000      -0.80125294333149721     
   176.00000000000000      -0.59211183024386038     
   177.00000000000000       -1.2973992161601222E-003
   178.00000000000000       0.77533687289934516     
   179.00000000000000       0.59963078481206533     
   180.00000000000000       0.10435278623596733     
   181.00000000000000      -0.72285271224556358     
   182.00000000000000      -0.59916831528459646     
   183.00000000000000      -0.20251796676305411     
   184.00000000000000       0.64497238670794876     
   185.00000000000000       0.61326341392576611     
   186.00000000000000       0.30338185844775395     
   187.00000000000000      -0.53728667387183937     
   188.00000000000000      -0.66039056406134100     
   189.00000000000000      -0.40540139494313959     
   190.00000000000000       0.40182026593506931     
   191.00000000000000       0.73267850576884130     
   192.00000000000000       0.49432587402536304     
   193.00000000000000      -0.25736711186755529     
   194.00000000000000      -0.78850292360876639     
   195.00000000000000      -0.55727381612059146     
   196.00000000000000       0.12321843146816103     
   197.00000000000000       0.80179019071577451     
   198.00000000000000       0.59094331513289222     
   199.00000000000000       -5.5268510121080361E-003
   200.00000000000000      -0.77780075239686064     
   201.00000000000000      -0.59961205600146172     
   202.00000000000000       -9.8154794095308917E-002
   203.00000000000000       0.72684493503281666     
   204.00000000000000       0.59901270710952992     
   205.00000000000000       0.19635258545668488     
   206.00000000000000      -0.65066806929462240     
   207.00000000000000      -0.61153540324434474     
   208.00000000000000      -0.29695625459458591     
   209.00000000000000       0.54493464107745426     
   210.00000000000000       0.65640905559264384     
   211.00000000000000       0.39922058883870915     
   212.00000000000000      -0.41081209074344827     
   213.00000000000000      -0.72816102340169575     
   214.00000000000000      -0.48945522997177326     
   215.00000000000000       0.26622127635020554     
   216.00000000000000       0.78619797542773850     
   217.00000000000000       0.55419077991230303     
   218.00000000000000      -0.13113845153091308     
   219.00000000000000      -0.80218099213441763     
   220.00000000000000      -0.58967253308994616     
   221.00000000000000        1.2408267344071522E-002
   222.00000000000000       0.78016282822155436     
   223.00000000000000       0.59955505443706536     
   224.00000000000000        9.1935659349677956E-002
   225.00000000000000      -0.73074083016220592     
   226.00000000000000      -0.59890873993679872     
   227.00000000000000      -0.19019932884865953     
   228.00000000000000       0.65624682284762259     
   229.00000000000000       0.60994143475438378     
   230.00000000000000       0.29054247143817058     
   231.00000000000000      -0.55246452920295752     
   232.00000000000000      -0.65254869357466105     
   233.00000000000000      -0.39299257187602304     
   234.00000000000000       0.41976226210433559     
   235.00000000000000       0.72358317454912180     
   236.00000000000000       0.48448075102647614     
   237.00000000000000      -0.27511831336362391     
   238.00000000000000      -0.78371609353890825     
   239.00000000000000      -0.55099193403591640     
   240.00000000000000       0.13912463947134646     
   241.00000000000000       0.80242203596658501     
   242.00000000000000       0.58829714577798531     
   243.00000000000000       -1.9348425716669060E-002
   244.00000000000000      -0.78242132006814225     
   245.00000000000000      -0.59945468057690621     
   246.00000000000000       -8.5692892667089793E-002
   247.00000000000000       0.73454113796989684     
   248.00000000000000       0.59885056388393032     
   249.00000000000000       0.18405674037718212     
   250.00000000000000      -0.66171002299113657     
   251.00000000000000      -0.60847777560998229     
   252.00000000000000      -0.28414220530844614     
   253.00000000000000       0.55987447621808950     
   254.00000000000000       0.64881565940847086     
   255.00000000000000       0.38672216599916609     
   256.00000000000000      -0.42866415145675130     
   257.00000000000000      -0.71895782354886606     
   258.00000000000000      -0.47940420074205004     
   259.00000000000000       0.28405509296200637     
   260.00000000000000       0.78105896057371127     
   261.00000000000000       0.54767761229540834     
   262.00000000000000      -0.14717646840588305     
   263.00000000000000      -0.80251006064632213     
   264.00000000000000      -0.58681504460013434     
   265.00000000000000        2.6348775380061751E-002
   266.00000000000000       0.78457427126269152     
   267.00000000000000       0.59930593540692623     
   268.00000000000000        7.9423995941901304E-002
   269.00000000000000      -0.73824648477528865     
   270.00000000000000      -0.59883232940132824     
   271.00000000000000      -0.17792324656990138     
   272.00000000000000       0.66705909007172703     
   273.00000000000000       0.60714038040755969     
   274.00000000000000       0.27775689150276905     
   275.00000000000000      -0.56716296486178108     
   276.00000000000000      -0.64521530478147759     
   277.00000000000000      -0.38041416453658000     
   278.00000000000000       0.43751121760043216     
   279.00000000000000       0.71429810140743821     
   280.00000000000000       0.47422757552494788     
   281.00000000000000      -0.29302817858012120     
   282.00000000000000      -0.77822891082122514     
   283.00000000000000      -0.54424819445414818     
   284.00000000000000       0.15529331633195964     
   285.00000000000000       0.80244187788182231     
   286.00000000000000       0.58522434926176015     
   287.00000000000000       -3.3410634361803249E-002
   288.00000000000000      -0.78661955310211495     
   289.00000000000000      -0.59910392931885115     
   290.00000000000000       -7.3126469972944141E-002
   291.00000000000000       0.74185737553527165     
   292.00000000000000       0.59884819545023271     
   293.00000000000000       0.17179716532612499     
   294.00000000000000      -0.67229547458588534     
   295.00000000000000      -0.60592492358745609     
   296.00000000000000      -0.27138770975173060     
   297.00000000000000       0.57432880730493974     
   298.00000000000000       0.64175215972471511     
   299.00000000000000       0.37407329789632870     
   300.00000000000000      -0.44629705287789811     
   301.00000000000000      -0.70961729776178750     
   302.00000000000000      -0.46895312059463845     
   303.00000000000000       0.30203381378885374     
   304.00000000000000       0.77522897343935160     
   305.00000000000000       0.54070409905706485     
   306.00000000000000      -0.16347446668398269     
   307.00000000000000      -0.80221439688739338     
   308.00000000000000      -0.58352340435358285     
   309.00000000000000        4.0535186038595405E-002
   310.00000000000000       0.78855487063846486     
   311.00000000000000       0.59884389159348961     
   312.00000000000000        6.6797822545561103E-002
   313.00000000000000      -0.74537418661204424     
   314.00000000000000      -0.59889233688149179     
   315.00000000000000      -0.16567671381561488     
   316.00000000000000       0.67742064348958786     
   317.00000000000000       0.60482682998490855     
   318.00000000000000       0.26503559089786266     
   319.00000000000000      -0.58137112800646062     
   320.00000000000000      -0.63842994784645402     
   321.00000000000000      -0.36770420105120405     
   322.00000000000000       0.45501542682052276     
   323.00000000000000       0.70492875034222635     
   324.00000000000000       0.46358334211276736     
   325.00000000000000      -0.31106791339481760     
   326.00000000000000      -0.77206291216205414     
   327.00000000000000      -0.53704577873082471     
   328.00000000000000       0.17171910718564209     
   329.00000000000000       0.80182464972388934     
   330.00000000000000       0.58171077396966986     
   331.00000000000000       -4.7723476856675551E-002
   332.00000000000000      -0.79037776992368680     
   333.00000000000000      -0.59852118041873670     
   334.00000000000000       -6.0435576911799238E-002
   335.00000000000000       0.74879715868676100     
   336.00000000000000       0.59895895112131892     
   337.00000000000000       0.15956001600108238     
   338.00000000000000      -0.68243606735773055     
   339.00000000000000      -0.60384130349252652     
   340.00000000000000      -0.25870122457896705     
   341.00000000000000       0.58828934514605746     
   342.00000000000000       0.63525160777298884     
   343.00000000000000       0.36131138328037471     
   344.00000000000000      -0.46366032653915545     
   345.00000000000000      -0.70024573422377911     
   346.00000000000000      -0.45812101481425782     
   347.00000000000000       0.32012605963884189     
   348.00000000000000       0.76873525997867520     
   349.00000000000000       0.53327371823182279     
   350.00000000000000      -0.18002632674427854     
   351.00000000000000      -0.80126981787285101     
   352.00000000000000      -0.57978523442264884     
   353.00000000000000        5.4976415213895291E-002
   354.00000000000000       0.79208564671149184     
   355.00000000000000       0.59813129333799098     
   356.00000000000000        5.4037280642844188E-002
   357.00000000000000      -0.75212638986842206     
   358.00000000000000      -0.59904226427569440     
   359.00000000000000      -0.15344510980323328     
   360.00000000000000       0.68734320834866502     
   361.00000000000000       0.60296335382924682     
   362.00000000000000       0.25238506772251951     
   363.00000000000000      -0.59508315099357501     
   364.00000000000000      -0.63221931982438118     
   365.00000000000000      -0.35489920053209689     
   366.00000000000000       0.47222599326778392     
   367.00000000000000       0.69558135308970426     
   368.00000000000000       0.45256918463321882     
   369.00000000000000      -0.32920350409738253     
   370.00000000000000      -0.76525134719198229     
   371.00000000000000      -0.52938843546626102     
   372.00000000000000       0.18839511016385702     
   373.00000000000000       0.80054726019596201     
   374.00000000000000       0.57774576516682785     
   375.00000000000000       -6.2294771486603562E-002
   376.00000000000000      -0.79367575659486367     
   377.00000000000000      -0.59766987799238880     
   378.00000000000000       -4.7600514807148220E-002
   379.00000000000000       0.75536182906377392     
   380.00000000000000       0.59913653677070666     
   381.00000000000000       0.14732995393871329     
   382.00000000000000      -0.69214350891843657     
   383.00000000000000      -0.60218782143742478     
   384.00000000000000      -0.24608735367340201     
   385.00000000000000       0.60175249154633281     
   386.00000000000000       0.62933453697535779     
   387.00000000000000       0.34847183067109688     
   388.00000000000000      -0.48070695460350554     
   389.00000000000000      -0.69094843458872490     
   390.00000000000000      -0.44693116600286137     
   391.00000000000000       0.33829517570552220     
   392.00000000000000       0.76161732126543469     
   393.00000000000000       0.52539048564634250     
   394.00000000000000      -0.19682433049925008     
   395.00000000000000      -0.79965454245166423     
   396.00000000000000      -0.57559153808681818     
   397.00000000000000        6.9679179153170345E-002
   398.00000000000000       0.79514522654121067     
   399.00000000000000       0.59713274299058750     
   400.00000000000000        4.1122903407412537E-002
   401.00000000000000      -0.75850326968889759     
   402.00000000000000      -0.59923606865137335     
   403.00000000000000      -0.14121243447230730     
   404.00000000000000       0.69683838122079922     
   405.00000000000000       0.60150940055073709     
   406.00000000000000       0.23980810179342232     
   407.00000000000000      -0.60829754573514094     
   408.00000000000000      -0.62659801919466962     
   409.00000000000000      -0.34203325177841681     
   410.00000000000000       0.48909805212186430     
   411.00000000000000       0.68635943165840940     
   412.00000000000000       0.44121053370889174     
   413.00000000000000      -0.34739569511052537     
   414.00000000000000      -0.75784015695545837     
   415.00000000000000      -0.52128046866946320     
   416.00000000000000       0.20531273893841218     
   417.00000000000000       0.79858946855102575     
   418.00000000000000       0.57332190535342342     
   419.00000000000000       -7.7130136934205340E-002
   420.00000000000000      -0.79649106777311096     
   421.00000000000000      -0.59651586871408036     
   422.00000000000000       -3.4602122990417428E-002
   423.00000000000000       0.76155034381611841     
   424.00000000000000       0.59933520466571011     
   425.00000000000000       0.13509037113488642     
   426.00000000000000      -0.70142919712279139     
   427.00000000000000      -0.60092266049152576     
   428.00000000000000      -0.23354712738715505     
   429.00000000000000       0.61471870446718579     
   430.00000000000000       0.62400987031517030     
   431.00000000000000       0.33558722358362725     
   432.00000000000000      -0.49739446417837319     
   433.00000000000000      -0.68182633142565452     
   434.00000000000000      -0.43541110937800676     
   435.00000000000000       0.35649939534263875     
   436.00000000000000       0.75392765539427664     
   437.00000000000000       0.51705903971214406     
   438.00000000000000      -0.21385895218218154     
   439.00000000000000      -0.79735011373067022     
   440.00000000000000      -0.57093638608877839     
   441.00000000000000        8.4648011837998971E-002
   442.00000000000000       0.79771018993172016     
   443.00000000000000       0.59581541784545555     
   444.00000000000000        2.8035912326462742E-002
   445.00000000000000      -0.76450251686028980     
   446.00000000000000      -0.59942833926333206     
   447.00000000000000      -0.12896152346751527     
   448.00000000000000       0.70591727876167010     
   449.00000000000000       0.60042206526785158     
   450.00000000000000       0.22730405182425439     
   451.00000000000000      -0.62101654974102893     
   452.00000000000000      -0.62156957665723478     
   453.00000000000000      -0.32913727203137588     
   454.00000000000000       0.50559172383057360     
   455.00000000000000       0.67736057299731045     
   456.00000000000000       0.42953694287554989     
   457.00000000000000      -0.36560034856729473     
   458.00000000000000      -0.74988843104006042     
   459.00000000000000      -0.51272692291793376     
   460.00000000000000       0.22246143739391055     
   461.00000000000000       0.79593485979679690     
   462.00000000000000       0.56843465211797106     
   463.00000000000000       -9.2233042969270929E-002
   464.00000000000000      -0.79879941645285635     
   465.00000000000000      -0.59502774539266934     
   466.00000000000000       -2.1422082040608581E-002
   467.00000000000000       0.76735908291600552     
   468.00000000000000       0.59950992163799810     
   469.00000000000000       0.12282359685939637     
   470.00000000000000      -0.71030388956743995     
   471.00000000000000      -0.60000199154856171     
   472.00000000000000      -0.22107831274330286     
   473.00000000000000       0.62719183403630696     
   474.00000000000000       0.61927604670588499     
   475.00000000000000       0.32268667691745512     
   476.00000000000000      -0.51368573192702860     
   477.00000000000000      -0.67297297513582022     
   478.00000000000000      -0.42359228905888224     
   479.00000000000000       0.37469239847191338     
   480.00000000000000       0.74573188573488935     
   481.00000000000000       0.50828492793142432     
   482.00000000000000      -0.23111849491097014     
   483.00000000000000      -0.79434243254605930     
   484.00000000000000      -0.56581651311382897     
   485.00000000000000        9.9885345930697644E-002
   486.00000000000000       0.79975550108308402     
   487.00000000000000       0.59414940797514459     
   488.00000000000000        1.4758524066678325E-002
   489.00000000000000      -0.77011916086149745     
   490.00000000000000      -0.59957446094060141     
   491.00000000000000      -0.11667424855254283     
   492.00000000000000       0.71459022567616859     
   493.00000000000000       0.59965674509986211     
   494.00000000000000       0.21486917423637986     
   495.00000000000000      -0.63324546014903438     
   496.00000000000000      -0.61712765122357827     
   497.00000000000000      -0.31623846247441045     
   498.00000000000000       0.52167276550788777     
   499.00000000000000       0.66867367449174819     
   500.00000000000000       0.41758158047745414     
   501.00000000000000      -0.38376919765166523     
   502.00000000000000      -0.74146816949280336     
   503.00000000000000      -0.50373396889399658     
   504.00000000000000       0.23982823904318962     
   505.00000000000000       0.79257194139200315     
   506.00000000000000       0.56308190146472303     
   507.00000000000000      -0.10760491762052860     
   508.00000000000000      -0.80057514546511477     
   509.00000000000000      -0.59317717213789800     
   510.00000000000000       -8.0432207876015571E-003
   511.00000000000000       0.77278169134570240     
   512.00000000000000       0.59961653178258922     
   513.00000000000000       0.11051109368884826     
   514.00000000000000      -0.71877740766279430     
   515.00000000000000      -0.59938057577002468     
   516.00000000000000      -0.20867573692688374     
   517.00000000000000       0.63917846161312708     
   518.00000000000000       0.61512226326314301     
   519.00000000000000       0.30979539074311579     
   520.00000000000000      -0.52954948174465188     
   521.00000000000000      -0.66447207475107606     
   522.00000000000000      -0.41150939672132875     
   523.00000000000000       0.39282424920036857     
   524.00000000000000       0.73710812806107806     
   525.00000000000000       0.49907508537835227     
   526.00000000000000      -0.24858857742298329     
   527.00000000000000      -0.79062292111698462     
   528.00000000000000      -0.56023085721196297     
   529.00000000000000       0.11539164120639356     
   530.00000000000000       0.80125501772870589     
   531.00000000000000       0.59210802146816843     
   532.00000000000000        1.2742537225503003E-003
   533.00000000000000      -0.77534543477215478     
   534.00000000000000      -0.59963078013926285     
   535.00000000000000      -0.10433171147525061     
   536.00000000000000       0.72286647252818836     
   537.00000000000000       0.59916769111063739     
   538.00000000000000       0.20249694786579692     
   539.00000000000000      -0.64499198382021494     
   540.00000000000000      -0.61325729762633951     
   541.00000000000000      -0.30335995753414624     
   542.00000000000000       0.53731291771388545     
   543.00000000000000       0.66037680676175448     
   544.00000000000000       0.40538043119410760     
   545.00000000000000      -0.40185095159133866     
   546.00000000000000      -0.73266323773574094     
   547.00000000000000      -0.49430946460742503     
   548.00000000000000       0.25739718950979723     
   549.00000000000000       0.78849537552825777     
   550.00000000000000       0.55726351341383329     
   551.00000000000000      -0.12324529103542348     
   552.00000000000000      -0.80179177203492669     
   553.00000000000000      -0.59093916230513610     
   554.00000000000000        5.5501883773275695E-003
   555.00000000000000       0.77780897038703212     
   556.00000000000000       0.59961192974759370     
   557.00000000000000        9.8133651539730193E-002
   558.00000000000000      -0.72685836588377606     
   559.00000000000000      -0.59901226872391877     
   560.00000000000000      -0.19633161018369671     
   561.00000000000000       0.65068726592316950     
   562.00000000000000       0.61152974939110905     
   563.00000000000000       0.29693439076030381     
   564.00000000000000      -0.54496048635094951     
   565.00000000000000      -0.65639569944026177     
   566.00000000000000      -0.39919945612347207     
   567.00000000000000       0.41084264585200558     
   568.00000000000000       0.72814552834376078     
   569.00000000000000       0.48943846418901032     
   570.00000000000000      -0.26625150497772848     
   571.00000000000000      -0.78618982262540982     
   572.00000000000000      -0.55418008229793614     
   573.00000000000000       0.13116553722427948     
   574.00000000000000       0.80218206903795120     
   575.00000000000000       0.58966802785686512     
   576.00000000000000       -1.2431802156870786E-002
   577.00000000000000      -0.78017069656908933     
   578.00000000000000      -0.59955478907405579     
   579.00000000000000       -9.1914440544810794E-002
   580.00000000000000       0.73075393428788982     
   581.00000000000000       0.59890846742663129     
   582.00000000000000       0.19017839244755691     
   583.00000000000000      -0.65626562358415486     
   584.00000000000000      -0.60993623120330687     
   585.00000000000000      -0.29052065090819440     
   586.00000000000000       0.55248996896598834     
   587.00000000000000       0.65253576103123234     
   588.00000000000000       0.39297128662483555     
   589.00000000000000      -0.41979266399649823     
   590.00000000000000      -0.72356749570615475     
   591.00000000000000      -0.48446363451041774     
   592.00000000000000       0.27514868281937910     
   593.00000000000000       0.78370734069006254     
   594.00000000000000       0.55098084256274693     
   595.00000000000000      -0.13915194965976929     
   596.00000000000000      -0.80242259724908471     
   597.00000000000000      -0.58829228056894600     
   598.00000000000000        1.9372163130470299E-002
   599.00000000000000       0.78242883240664374     
   600.00000000000000       0.59945425890469117     
   601.00000000000000        8.5671589116046110E-002
   602.00000000000000      -0.73455391770097855     
   603.00000000000000      -0.59885043732256849     
   604.00000000000000      -0.18403583768294518     
   605.00000000000000       0.66172843260540826     
   606.00000000000000       0.60847300909556934     
   607.00000000000000       0.28412043341106463     
   608.00000000000000      -0.55989950472653527     
   609.00000000000000      -0.64880317010531041     
   610.00000000000000      -0.38670074460460374     
   611.00000000000000       0.42869437768080526     
   612.00000000000000       0.71894200524742380     
   613.00000000000000       0.47938673988647773     
   614.00000000000000      -0.28408559207138895     
   615.00000000000000      -0.78104961449685284     
   616.00000000000000      -0.54766612818348914     
   617.00000000000000       0.14720400113173793     
   618.00000000000000       0.80251009531195883     
   619.00000000000000       0.58680981262556742     
   620.00000000000000       -2.6372720108480907E-002
   621.00000000000000      -0.78458142063172454     
   622.00000000000000      -0.59930534058261009     
   623.00000000000000       -7.9402599130805163E-002
   624.00000000000000       0.73825894204153764     
   625.00000000000000       0.59883232887772453     
   626.00000000000000       0.17790237203372994     
   627.00000000000000      -0.66707711346039222     
   628.00000000000000      -0.60713603665626792     
   629.00000000000000      -0.27773517268588999     
   630.00000000000000       0.56718757752059723     
   631.00000000000000       0.64520327553365542     
   632.00000000000000       0.38039262323428563     
   633.00000000000000      -0.43754124608229977     
   634.00000000000000      -0.71428218869971660     
   635.00000000000000      -0.47420977754587756     
   636.00000000000000       0.29305879509944455     
   637.00000000000000       0.77821898062954620     
   638.00000000000000       0.54423631906646341     
   639.00000000000000      -0.15532106931552769     
   640.00000000000000      -0.80244137522511294     
   641.00000000000000      -0.58521874450488709     
   642.00000000000000        3.3434790665064607E-002
   643.00000000000000       0.78662633196443943     
   644.00000000000000       0.59910314488800531     
   645.00000000000000        7.3104971397767726E-002
   646.00000000000000      -0.74186951184071748     
   647.00000000000000      -0.59884830109535436     
   648.00000000000000      -0.17177631304298702     
   649.00000000000000       0.67231311672439276     
   650.00000000000000       0.60592098742490685     
   651.00000000000000       0.27136604760368754     
   652.00000000000000      -0.57435300061261507     
   653.00000000000000      -0.64174060457130244     
   654.00000000000000      -0.37405165265094925     
   655.00000000000000       0.44632686207452538     
   656.00000000000000       0.70960133605211584     
   657.00000000000000       0.46893499357854607     
   658.00000000000000      -0.30206453436720371     
   659.00000000000000      -0.77521847068273853     
   660.00000000000000      -0.54069183387915498     
   661.00000000000000       0.16350243732258229     
   662.00000000000000       0.80221334657755583     
   663.00000000000000       0.58351742155540065     
   664.00000000000000       -4.0559557713803818E-002
   665.00000000000000      -0.78856127090222694     
   666.00000000000000      -0.59884290152341269     
   667.00000000000000       -6.6776213740338042E-002
   668.00000000000000       0.74538600301057278     
   669.00000000000000       0.59889252889220546     
   670.00000000000000       0.16565587755049710     
   671.00000000000000      -0.67743790938702975     
   672.00000000000000      -0.60482328543672115     
   673.00000000000000      -0.26501398817199312     
   674.00000000000000       0.58139489949398859     
   675.00000000000000       0.63841887811356191     
   676.00000000000000       0.36768246744927696     
   677.00000000000000      -0.45504499586333153     
   678.00000000000000      -0.70491278500897125     
   679.00000000000000      -0.46356489505054743     
   680.00000000000000       0.31109872355206136     
   681.00000000000000       0.77205185095461693     
   682.00000000000000       0.53703312535933423     
   683.00000000000000      -0.17174729254651322     
   684.00000000000000      -0.80182304189317111     
   685.00000000000000      -0.58170440860732242     
   686.00000000000000        4.7748067232037505E-002
   687.00000000000000       0.79038378296958800     
   688.00000000000000       0.59851996913337513     
   689.00000000000000        6.0413849478160753E-002
   690.00000000000000      -0.74880865575828148     
   691.00000000000000      -0.59895920978210127     
   692.00000000000000      -0.15953918921398447     
   693.00000000000000       0.68245296201451733     
   694.00000000000000       0.60383813387868768     
   695.00000000000000       0.25867968322126844     
   696.00000000000000      -0.58831269331169012     
   697.00000000000000      -0.63524103215627969     
   698.00000000000000      -0.36128957643158144     
   699.00000000000000       0.46368963536532171     
   700.00000000000000       0.70022981024438846     
   701.00000000000000       0.45810225761889722     
   702.00000000000000      -0.32015694376213333     
   703.00000000000000      -0.76872365710644897     
   704.00000000000000      -0.53326067837281865     
   705.00000000000000       0.18005472355039398     
   706.00000000000000       0.80126764320930388     
   707.00000000000000       0.57977848268147880     
   708.00000000000000       -5.5001227146887266E-002
   709.00000000000000      -0.79209126342489389     
   710.00000000000000      -0.59812984575411132     
   711.00000000000000       -5.4015426280756951E-002
   712.00000000000000       0.75213756769580387     
   713.00000000000000       0.59904256997855931     
   714.00000000000000       0.15342428567298827     
   715.00000000000000      -0.68735973671685369     
   716.00000000000000      -0.60296054185205783     
   717.00000000000000      -0.25236358890175631     
   718.00000000000000       0.59510607523453896     
   719.00000000000000       0.63220924448776561     
   720.00000000000000       0.35487733497994833     
   721.00000000000000      -0.47225502273755837     
   722.00000000000000      -0.69556551467625938     
   723.00000000000000      -0.45255012813976558     
   724.00000000000000       0.32923444545791647     
   725.00000000000000       0.76523922219534157     
   726.00000000000000       0.52937501094399164     
   727.00000000000000      -0.18842371477197184     
   728.00000000000000      -0.80054451004121852     
   729.00000000000000      -0.57773862390656949     
   730.00000000000000        6.2319807365973090E-002
   731.00000000000000       0.79368096740272687     
   732.00000000000000       0.59766817955648088     
   733.00000000000000        4.7578525346656186E-002
   734.00000000000000      -0.75537268721080009     
   735.00000000000000      -0.59913687003376059     
   736.00000000000000      -0.14730912538576174     
   737.00000000000000       0.69215967586450455     
   738.00000000000000       0.60218534926313638     
   739.00000000000000       0.24606593781308422     
   740.00000000000000      -0.60177499208858376     
   741.00000000000000      -0.62932496566270735     
   742.00000000000000      -0.34844992031378241     
   743.00000000000000       0.48073568660225185     
   744.00000000000000       0.69093272484077151     
   745.00000000000000       0.44691182194993384     
   746.00000000000000      -0.33832615649661746     
   747.00000000000000      -0.76160469649090001     
   748.00000000000000      -0.52537667842287461     
   749.00000000000000       0.19685313886968192     
   750.00000000000000       0.79965120890432784     
   751.00000000000000       0.57558400480254424     
   752.00000000000000       -6.9704440904554521E-002
   753.00000000000000      -0.79515002145371005     
   754.00000000000000      -0.59713077971588779     
   755.00000000000000       -4.1100770841124623E-002
   756.00000000000000       0.75851380717953742     
   757.00000000000000       0.59923641013642026     
   758.00000000000000       0.14119159418057853     
   759.00000000000000      -0.69685419149063832     
   760.00000000000000      -0.60150724988504800     
   761.00000000000000      -0.23978674860513371     
   762.00000000000000       0.60831962356212566     
   763.00000000000000       0.62658895335154807     
   764.00000000000000       0.34201130980023237     
   765.00000000000000      -0.48912646964595147     
   766.00000000000000      -0.68634389223901793     
   767.00000000000000      -0.44119091470166538     
   768.00000000000000       0.34742669650737223     
   769.00000000000000       0.75782705757201896     
   770.00000000000000       0.52126628087533977     
   771.00000000000000      -0.20534174659629967     
   772.00000000000000      -0.79858554457629438     
   773.00000000000000      -0.57331397813200535     
   774.00000000000000        7.7155626029036917E-002
   775.00000000000000       0.79649543642973253     
   776.00000000000000       0.59651362721702283     
   777.00000000000000        3.4579839506417520E-002
   778.00000000000000      -0.76156055911545339     
   779.00000000000000      -0.59933553519534655     
   780.00000000000000      -0.13506951157298108     
   781.00000000000000       0.70144465530867428     
   782.00000000000000       0.60092081264916353     
   783.00000000000000       0.23352583590476078     
   784.00000000000000      -0.61474036124847031     
   785.00000000000000      -0.62400130921781427     
   786.00000000000000      -0.33556526239711526     
   787.00000000000000       0.49742255140449632     
   788.00000000000000       0.68181100226570512     
   789.00000000000000       0.43539122883329406     
   790.00000000000000      -0.35653039758328242     
   791.00000000000000      -0.75391410937006809     
   792.00000000000000      -0.51704447368785267     
   793.00000000000000       0.21388815417027929     
   794.00000000000000       0.79734559327677135     
   795.00000000000000       0.57092806356174552     
   796.00000000000000       -8.4673729305271950E-002
   797.00000000000000      -0.79771412165160838     
   798.00000000000000      -0.59581288538079780     
   799.00000000000000       -2.8013470341261448E-002
   800.00000000000000       0.76451240785746510     
   801.00000000000000       0.59942863983797245     
   802.00000000000000       0.12894063690940882     
   803.00000000000000      -0.70593238927092750     
   804.00000000000000      -0.60042050123649693     
   805.00000000000000      -0.22728282043857495     
   806.00000000000000       0.62103778776153595     
   807.00000000000000       0.62156151754626376     
   808.00000000000000       0.32911530323006388     
   809.00000000000000      -0.50561946616847442     
   810.00000000000000      -0.67734549203193894     
   811.00000000000000      -0.42951681495021476     
   812.00000000000000       0.36563133105367907     
   813.00000000000000       0.74987446907622135     
   814.00000000000000       0.51271198126556350     
   815.00000000000000      -0.22249082821736377     
   816.00000000000000      -0.79592973791869237     
   817.00000000000000      -0.56842593341176795     
   818.00000000000000        9.2258989409629510E-002
   819.00000000000000       0.79880290028916856     
   820.00000000000000       0.59502490988650192     
   821.00000000000000        2.1399474231716287E-002
   822.00000000000000      -0.76736864690959417     
   823.00000000000000      -0.59951017345326785     
   824.00000000000000      -0.12280267540490186     
   825.00000000000000       0.71031865659259763     
   826.00000000000000       0.60000069204738482     
   827.00000000000000       0.22105713923688342     
   828.00000000000000      -0.62721265612679900     
   829.00000000000000      -0.61926848492249709     
   830.00000000000000      -0.32266471123887053     
   831.00000000000000       0.51371311605595360     
   832.00000000000000       0.67295817807585745     
   833.00000000000000       0.42357192856337528     
   834.00000000000000      -0.37472333988912893     
   835.00000000000000      -0.74571754115463995     
   836.00000000000000      -0.50826961357543810     
   837.00000000000000       0.23114806847494396     
   838.00000000000000       0.79433670553666447     
   839.00000000000000       0.56580739779855937     
   840.00000000000000       -9.9911521532220049E-002
   841.00000000000000      -0.79975852588110341     
   842.00000000000000      -0.59414625805498889     
   843.00000000000000       -1.4735743404345025E-002
   844.00000000000000       0.77012839454767446     
   845.00000000000000       0.59957464540552130     
   846.00000000000000       0.11665328414778980     
   847.00000000000000      -0.71460465316628907     
   848.00000000000000      -0.59965569063297008     
   849.00000000000000      -0.21484805581803929     
   850.00000000000000       0.63326586961837106     
   851.00000000000000       0.61712058034626760     
   852.00000000000000       0.31621650977288174     
   853.00000000000000      -0.52169977939742584     
   854.00000000000000      -0.66865919463189738     
   855.00000000000000      -0.41756100277668973     
   856.00000000000000       0.38380007610294353     
   857.00000000000000       0.74145347808515738     
   858.00000000000000       0.50371828514957107     
   859.00000000000000      -0.23985798858469931     
   860.00000000000000      -0.79256560692085265     
   861.00000000000000      -0.56307238950253347     
   862.00000000000000       0.10763132217549887     
   863.00000000000000       0.80057769992388939     
   864.00000000000000       0.59317369715909640     
   865.00000000000000        8.0202605652495151E-003
   866.00000000000000      -0.77279059080962487     
   867.00000000000000      -0.59961663053894332     
   868.00000000000000      -0.11049007814703643     
   869.00000000000000       0.71879149929579178     
   870.00000000000000       0.59937974667511185     
   871.00000000000000       0.20865467026576362     
   872.00000000000000      -0.63919846218272602     
   873.00000000000000      -0.61511567524325683     
   874.00000000000000      -0.30977345997174360     
   875.00000000000000       0.52957611466084864     
   876.00000000000000       0.66445794281553028     
   877.00000000000000       0.41148861762544320     
   878.00000000000000      -0.39285504235489321     
   879.00000000000000      -0.73709312788008208     
   880.00000000000000      -0.49905903602527257     
   881.00000000000000       0.24861849543874392     
   882.00000000000000       0.79061597837584630     
   883.00000000000000       0.56022094890627061     
   884.00000000000000      -0.11541827412827188     
   885.00000000000000      -0.80125709046601690     
   886.00000000000000      -0.59210421153583126     
   887.00000000000000       -1.2511075854266807E-003
   888.00000000000000       0.77535399548292228     
   889.00000000000000       0.59963077508249718     
   890.00000000000000       0.10431063649793071     
   891.00000000000000      -0.72288023168390692     
   892.00000000000000      -0.59916706760314786     
   893.00000000000000      -0.20247592912467993     
   894.00000000000000       0.64501157956105104     
   895.00000000000000       0.61325118292105829     
   896.00000000000000       0.30333805673522873     
   897.00000000000000      -0.53733916021173866     
   898.00000000000000      -0.66036305078700497     
   899.00000000000000      -0.40535946684182395     
   900.00000000000000       0.40188163684159023     
   901.00000000000000       0.73264796885762862     
   902.00000000000000       0.49429305396710044     
   903.00000000000000      -0.25742726768237190     
   904.00000000000000      -0.78848782538266704     
   905.00000000000000      -0.55725320936062284     
   906.00000000000000       0.12327215137517133     
   907.00000000000000       0.80179335165543031     
   908.00000000000000       0.59093500829096257     
   909.00000000000000       -5.5735264057452660E-003
   910.00000000000000      -0.77781718719658466     
   911.00000000000000      -0.59961180304954353     
   912.00000000000000       -9.8112508738855797E-002
   913.00000000000000       0.72687179561765547     
   914.00000000000000       0.59901183093702048     
   915.00000000000000       0.19631063505139784     
   916.00000000000000      -0.65070646119556108     
   917.00000000000000      -0.61152409709269728     
   918.00000000000000      -0.29691252706344751     
   919.00000000000000       0.54498633025452914     
   920.00000000000000       0.65638234469400758     
   921.00000000000000       0.39917832286086430     
   922.00000000000000      -0.41087320047716214     
   923.00000000000000      -0.72813003258583497     
   924.00000000000000      -0.48942169720182199     
   925.00000000000000       0.26628173410265249     
   926.00000000000000       0.78618166777046028     
   927.00000000000000       0.55416938334036003     
   928.00000000000000      -0.13119262368514029     
   929.00000000000000      -0.80218314420440817     
   930.00000000000000      -0.58966352141025535     
   931.00000000000000        1.2455337651146370E-002
   932.00000000000000       0.78017856371534722     
   933.00000000000000       0.59955452320771485     
   934.00000000000000        9.1893221465768726E-002
   935.00000000000000      -0.73076703730508275     
   936.00000000000000      -0.59890819544732032     
   937.00000000000000      -0.19015745617023677     
   938.00000000000000       0.65628442298050338     
   939.00000000000000       0.60993102916371422     
   940.00000000000000       0.29049883053530401     
   941.00000000000000      -0.55251540733753401     
   942.00000000000000      -0.65252282996559108     
   943.00000000000000      -0.39295000088223669     
   944.00000000000000       0.41982306532833785     
   945.00000000000000       0.72355181631251098     
   946.00000000000000       0.48444651681037798     
   947.00000000000000      -0.27517905273623844     
   948.00000000000000      -0.78369858580809182     
   949.00000000000000      -0.55096974975025081     
   950.00000000000000       0.13917926060956931     
   951.00000000000000       0.80242315675665987     
   952.00000000000000       0.58828741412193275     
   953.00000000000000       -1.9395901242555524E-002
   954.00000000000000      -0.78243634352116331     
   955.00000000000000      -0.59945383667116159     
   956.00000000000000       -8.5650285261847037E-002
   957.00000000000000       0.73456669633083593     
   958.00000000000000       0.59885031122421262     
   959.00000000000000       0.18401493509422939     
   960.00000000000000      -0.66174684089598501     
   961.00000000000000      -0.60846824404567934     
   962.00000000000000      -0.28409866168740017     
   963.00000000000000       0.55992453182592661     
   964.00000000000000       0.64879068234196624     
   965.00000000000000       0.38667932277425499     
   966.00000000000000      -0.42872460326863004     
   967.00000000000000      -0.71892618654771256     
   968.00000000000000      -0.47936927787007255     
   969.00000000000000       0.28411609160201878     
   970.00000000000000       0.78104026641392765     
   971.00000000000000       0.54765464273665665     
   972.00000000000000      -0.14723153461175209     
   973.00000000000000      -0.80251012816567302     
   974.00000000000000      -0.58680457939123076     
   975.00000000000000        2.6396665550468712E-002
   976.00000000000000       0.78458856875207472     
   977.00000000000000       0.59930474514026455     
   978.00000000000000        7.9381201987559935E-002
   979.00000000000000      -0.73827139821242094     
   980.00000000000000      -0.59883232874937509     
   981.00000000000000      -0.17788149758355865     
   982.00000000000000       0.66709513554219957     
   983.00000000000000       0.60713169431928982     
   984.00000000000000       0.27771345405639353     
   985.00000000000000      -0.56721218875661195     
   986.00000000000000      -0.64519124787814208     
   987.00000000000000      -0.38037108155109678     
   988.00000000000000       0.43757127385358574     
   989.00000000000000       0.71426627574797119     
   990.00000000000000       0.47419197843201288     
   991.00000000000000      -0.29308941199644400     
   992.00000000000000      -0.77820904846692251     
   993.00000000000000      -0.54422444234872547     
   994.00000000000000       0.15534882304494158     
   995.00000000000000       0.80244087072061387     
   996.00000000000000       0.58521313846905876     
   997.00000000000000       -3.3458947695616637E-002
   998.00000000000000      -0.78663310955145083     
   999.00000000000000      -0.59910235978379434     
   1000.0000000000000       -7.3083472461529575E-002
   1001.0000000000000       0.74188164705516424     
   1002.0000000000000       0.59884840706816456     
   1003.0000000000000       0.17175546082516091     
   1004.0000000000000      -0.67233075757306882     
   1005.0000000000000      -0.60591705262357243     
   1006.0000000000000      -0.27134438565380659     
   1007.0000000000000       0.57437719248736452     
   1008.0000000000000       0.64172905105333289     
   1009.0000000000000       0.37403000707845674     
   1010.0000000000000      -0.44635667048827871     
   1011.0000000000000      -0.70958537425321866     
   1012.0000000000000      -0.46891686545672884     
   1013.0000000000000       0.30209525527583991     
   1014.0000000000000       0.77520796599882891     
   1015.0000000000000       0.54067956737644463     
   1016.0000000000000      -0.16353040869760638     
   1017.0000000000000      -0.80221229438548614     
   1018.0000000000000      -0.58351143746162548     
   1019.0000000000000        4.0583930128434975E-002
   1020.0000000000000       0.78856766986220050     
   1021.0000000000000       0.59884191072612936     
   1022.0000000000000        6.6754604545319451E-002
   1023.0000000000000      -0.74539781832089502     
   1024.0000000000000      -0.59889272116330416     
   1025.0000000000000      -0.16563504132892248     
   1026.0000000000000       0.67745517401170763     
   1027.0000000000000       0.60481974219408874     
   1028.0000000000000       0.26499238565226635     
   1029.0000000000000      -0.58141866954187293     
   1030.0000000000000      -0.63840781005013858     
   1031.0000000000000      -0.36766073357255680     
   1032.0000000000000       0.45507456405350255     
   1033.0000000000000       0.70489681974055673     
   1034.0000000000000       0.46354644691479241     
   1035.0000000000000      -0.31112953398833909     
   1036.0000000000000      -0.77204078787246067     
   1037.0000000000000      -0.53702047066866587     
   1038.0000000000000       0.17177547863324272     
   1039.0000000000000       0.80182143214751089     
   1040.0000000000000       0.58169804193520647     
   1041.0000000000000       -4.7772658357352449E-002
   1042.0000000000000      -0.79038979468148063     
   1043.0000000000000      -0.59851875706858304     
   1044.0000000000000       -6.0392121626276163E-002
   1045.0000000000000       0.74882015174273442     
   1046.0000000000000       0.59895946863629812     
   1047.0000000000000       0.15951836244766304     
   1048.0000000000000      -0.68246985541550886     
   1049.0000000000000      -0.60383496551249438     
   1050.0000000000000      -0.25865814207499394     
   1051.0000000000000       0.58833604003414031     
   1052.0000000000000       0.63523045823426738     
   1053.0000000000000       0.36126776935853305     
   1054.0000000000000      -0.46371894327203950     
   1055.0000000000000      -0.70021388648190785     
   1056.0000000000000      -0.45808349938534171     
   1057.0000000000000       0.32018782810936558     
   1058.0000000000000       0.76871205242133767     
   1059.0000000000000       0.53324763720064061     
   1060.0000000000000      -0.18008312107059676     
   1061.0000000000000      -0.80126546660016118     
   1062.0000000000000      -0.57977172961872203     
   1063.0000000000000        5.5026039838760532E-002
   1064.0000000000000       0.79209687877244106     
   1065.0000000000000       0.59812839734031775     
   1066.0000000000000        5.3993571472360946E-002
   1067.0000000000000      -0.75214874443552526     
   1068.0000000000000      -0.59904287580826709     
   1069.0000000000000      -0.15340346153983564     
   1070.0000000000000       0.68737626384598605     
   1071.0000000000000       0.60295773106264483     
   1072.0000000000000       0.25234211029510550     
   1073.0000000000000      -0.59512899803172403     
   1074.0000000000000      -0.63219917086263733     
   1075.0000000000000      -0.35485546925201328     
   1076.0000000000000       0.47228405122440020     
   1077.0000000000000       0.69554967662858358     
   1078.0000000000000       0.45253107064657683     
   1079.0000000000000      -0.32926538698355001     
   1080.0000000000000      -0.76522709545713685     
   1081.0000000000000      -0.52936158511498244     
   1082.0000000000000       0.18845232008110835     
   1083.0000000000000       0.80054175791262550     
   1084.0000000000000       0.57773148131513874     
   1085.0000000000000       -6.2344844011563927E-002
   1086.0000000000000      -0.79368617681139619     
   1087.0000000000000      -0.59766648024204283     
   1088.0000000000000       -4.7556535412290768E-002
   1089.0000000000000       0.75538354426776932     
   1090.0000000000000       0.59913720335754561     
   1091.0000000000000       0.14728829680537620     
   1092.0000000000000      -0.69217584158790268     
   1093.0000000000000      -0.60218287821506200     
   1094.0000000000000      -0.24604452216708594     
   1095.0000000000000       0.60179749118915971     
   1096.0000000000000       0.62931539607029563     
   1097.0000000000000       0.34842800982682914     
   1098.0000000000000      -0.48076441755822813     
   1099.0000000000000      -0.69091701560308894     
   1100.0000000000000      -0.44689247693875467     
   1101.0000000000000       0.33835713739039019     
   1102.0000000000000       0.76159207005572849     
   1103.0000000000000       0.52536286989961600     
   1104.0000000000000      -0.19688194792665925     
   1105.0000000000000      -0.79964787335764975     
   1106.0000000000000      -0.57557647017960445     
   1107.0000000000000        6.9729703427935497E-002
   1108.0000000000000       0.79515481493233331     
   1109.0000000000000       0.59712881551603503     
   1110.0000000000000        4.1078637774008886E-002
   1111.0000000000000      -0.75852434357585152     
   1112.0000000000000      -0.59923675161660539     
   1113.0000000000000      -0.14117075383612027     
   1114.0000000000000       0.69687000055372672     
   1115.0000000000000       0.60150510028256376     
   1116.0000000000000       0.23976539562900478     
   1117.0000000000000      -0.60834169995199716     
   1118.0000000000000      -0.62657988922980756     
   1119.0000000000000      -0.34198936773602090     
   1120.0000000000000       0.48915488607134344     
   1121.0000000000000       0.68632835346898402     
   1122.0000000000000       0.44117129478053835     
   1123.0000000000000      -0.34745769794113418     
   1124.0000000000000      -0.75781395661846596     
   1125.0000000000000      -0.52125209178901355     
   1126.0000000000000       0.20537075492469847     
   1127.0000000000000       0.79858161857987520     
   1128.0000000000000       0.57330604956636433     
   1129.0000000000000       -7.7181115900113118E-002
   1130.0000000000000      -0.79649980361661699     
   1131.0000000000000      -0.59651138475030474     
   1132.0000000000000       -3.4557555495357217E-002
   1133.0000000000000       0.76157077331426060     
   1134.0000000000000       0.59933586565510533     
   1135.0000000000000       0.13504865193235366     
   1136.0000000000000      -0.70146011230314631     
   1137.0000000000000      -0.60091896580577875     
   1138.0000000000000      -0.23350454463011761     
   1139.0000000000000       0.61476201659941876     
   1140.0000000000000       0.62399274983581920     
   1141.0000000000000       0.33554330116547276     
   1142.0000000000000      -0.49745063748011792     
   1143.0000000000000      -0.68179567388783147     
   1144.0000000000000      -0.43537134742168226     
   1145.0000000000000       0.35656139979204848     
   1146.0000000000000       0.75390056187571330     
   1147.0000000000000       0.51702990637974411     
   1148.0000000000000      -0.21391735681112067     
   1149.0000000000000      -0.79734107078239336     
   1150.0000000000000      -0.57091973968670340     
   1151.0000000000000        8.4699447551553897E-002
   1152.0000000000000       0.79771805186489897     
   1153.0000000000000       0.59581035190420295     
   1154.0000000000000        2.7991027803600965E-002
   1155.0000000000000      -0.76452229774592251     
   1156.0000000000000      -0.59942894027835336     
   1157.0000000000000      -0.12891975024595914     
   1158.0000000000000       0.70594749860343331     
   1159.0000000000000       0.60041893813888081     
   1160.0000000000000       0.22726158925410722     
   1161.0000000000000      -0.62105902436046012     
   1162.0000000000000      -0.62155346013793344     
   1163.0000000000000      -0.32909333442165983     
   1164.0000000000000       0.50564720730833823     
   1165.0000000000000       0.67733041197415389     
   1166.0000000000000       0.42949668620736281     
   1167.0000000000000      -0.36566231343674005     
   1168.0000000000000      -0.74986050575134811     
   1169.0000000000000      -0.51269703833875191     
   1170.0000000000000       0.22252021967385893     
   1171.0000000000000       0.79592461398530623     
   1172.0000000000000       0.56841721335536821     
   1173.0000000000000       -9.2284936630328218E-002
   1174.0000000000000      -0.79880638258121384     
   1175.0000000000000      -0.59502207332846169     
   1176.0000000000000       -2.1376865845910031E-002
   1177.0000000000000       0.76737820978424132     
   1178.0000000000000       0.59951042507059205     
   1179.0000000000000       0.12278175381788498     
   1180.0000000000000      -0.71033342245488162     
   1181.0000000000000      -0.59999939341388731     
   1182.0000000000000      -0.22103596592312408     
   1183.0000000000000       0.62723347680620356     
   1184.0000000000000       0.61926092482279438     
   1185.0000000000000       0.32264274558826500     
   1186.0000000000000      -0.51374049894367391     
   1187.0000000000000      -0.67294338204106785     
   1188.0000000000000      -0.42355156730179655     
   1189.0000000000000       0.37475428112935616     
   1190.0000000000000       0.74570319533115648     
   1191.0000000000000       0.50825429795559707     
   1192.0000000000000      -0.23117764265010188     
   1193.0000000000000      -0.79433097646163475     
   1194.0000000000000      -0.56579828113232788     
   1195.0000000000000        9.9937697914037393E-002
   1196.0000000000000       0.79976154909658137     
   1197.0000000000000       0.59414310704545970     
   1198.0000000000000        1.4712962141692598E-002
   1199.0000000000000      -0.77013762710261857     
   1200.0000000000000      -0.59957482960956898     
   1201.0000000000000      -0.11663231958284748     
   1202.0000000000000       0.71461907950653714     
   1203.0000000000000       0.59965463696705124     
   1204.0000000000000       0.21482693758191163     
   1205.0000000000000      -0.63328627768863033     
   1206.0000000000000      -0.61711351112791679     
   1207.0000000000000      -0.31619455713136002     
   1208.0000000000000       0.52172679200700389     
   1209.0000000000000       0.66864471590629293     
   1210.0000000000000       0.41754042436300542     
   1211.0000000000000      -0.38383095430183389     
   1212.0000000000000      -0.74143878556015608     
   1213.0000000000000      -0.50370260015333113     
   1214.0000000000000       0.23988773871313829     
   1215.0000000000000       0.79255927037864693     
   1216.0000000000000       0.56306287618986472     
   1217.0000000000000      -0.10765772750939961     
   1218.0000000000000      -0.80058025276145950     
   1219.0000000000000      -0.59317022105594019     
   1220.0000000000000       -7.9972997203242580E-003
   1221.0000000000000       0.77279948912793073     
   1222.0000000000000       0.59961672897232499     
   1223.0000000000000       0.11046906241695076     
   1224.0000000000000      -0.71880558979094844     
   1225.0000000000000      -0.59937891831397805     
   1226.0000000000000      -0.20863360377462925     
   1227.0000000000000       0.63921846136655325     
   1228.0000000000000       0.61510908885229243     
   1229.0000000000000       0.30975152928931582     
   1230.0000000000000      -0.52960274626274040     
   1231.0000000000000      -0.66444381211432890     
   1232.0000000000000      -0.41146783787110996     
   1233.0000000000000       0.39288583518041564     
   1234.0000000000000       0.73707812671493222     
   1235.0000000000000       0.49904298543413267     
   1236.0000000000000      -0.24864841401453114     
   1237.0000000000000      -0.79060903356367285     
   1238.0000000000000      -0.56021103925165905     
   1239.0000000000000       0.11544490782645500     
   1240.0000000000000       0.80125916154329802     
   1241.0000000000000       0.59210040044674317     
   1242.0000000000000        1.2279608047195412E-003
   1243.0000000000000      -0.77536255503158846     
   1244.0000000000000      -0.59963076964156148     
   1245.0000000000000      -0.10428956130391043     
   1246.0000000000000       0.72289398971275542     
   1247.0000000000000       0.59916644476189707     
   1248.0000000000000       0.20245491053965292     
   1249.0000000000000      -0.64503117393050724     
   1250.0000000000000      -0.61324506980979610     
   1251.0000000000000      -0.30331615605108431     
   1252.0000000000000       0.53736540136530342     
   1253.0000000000000       0.66034929613738624     
   1254.0000000000000       0.40533850188647852     
   1255.0000000000000      -0.40191232168556029     
   1256.0000000000000      -0.73263269913498985     
   1257.0000000000000      -0.49427664210444655     
   1258.0000000000000       0.25745734638517270     
   1259.0000000000000       0.78848027317202540     
   1260.0000000000000       0.55724290396096976     
   1261.0000000000000      -0.12329901248739006     
   1262.0000000000000      -0.80179492957715448     
   1263.0000000000000      -0.59093085309027482     
   1264.0000000000000        5.5968650974258516E-003
   1265.0000000000000       0.77782540282545132     
   1266.0000000000000       0.59961167590710729     
   1267.0000000000000        9.8091365692587251E-002
   1268.0000000000000      -0.72688522423448587     
   1269.0000000000000      -0.59901139374860457     
   1270.0000000000000      -0.19628966005973303     
   1271.0000000000000       0.65072565511185076     
   1272.0000000000000       0.61151844634896924     
   1273.0000000000000       0.29689066350408944     
   1274.0000000000000      -0.54501217278811243     
   1275.0000000000000      -0.65636899135414173     
   1276.0000000000000      -0.39915718905107667     
   1277.0000000000000       0.41090375461865503     
   1278.0000000000000       0.72811453612841970     
   1279.0000000000000       0.48940492901027316     
   1280.0000000000000      -0.26631196372485993     
   1281.0000000000000      -0.78617351086294396     
   1282.0000000000000      -0.55415868303958671     
   1283.0000000000000       0.13121971091347640     
   1284.0000000000000       0.80218421763365833     
   1285.0000000000000       0.58965901375002860     
   1286.0000000000000       -1.2478873826958559E-002
   1287.0000000000000      -0.78018642966025453     
   1288.0000000000000      -0.59955425683784302     
   1289.0000000000000       -9.1872002112453388E-002
   1290.0000000000000       0.73078013921381191     
   1291.0000000000000       0.59890792399863502     
   1292.0000000000000       0.19013652001663955     
   1293.0000000000000      -0.65630322103672367     
   1294.0000000000000      -0.60992582863545164     
   1295.0000000000000      -0.29047701031956075     
   1296.0000000000000       0.55254084431752826     
   1297.0000000000000       0.65250990037796497     
   1298.0000000000000       0.39292871464841683     
   1299.0000000000000      -0.41985346609959351     
   1300.0000000000000      -0.72353613636870462     
   1301.0000000000000      -0.48442939792643080     
   1302.0000000000000       0.27520942311407270     
   1303.0000000000000       0.78368982889307581     
   1304.0000000000000       0.55095865559844237     
   1305.0000000000000      -0.13920657232072431     
   1306.0000000000000      -0.80242371448918315     
   1307.0000000000000      -0.58828254643686673     
   1308.0000000000000        1.9419640052979692E-002
   1309.0000000000000       0.78244385341162048     
   1310.0000000000000       0.59945341387612183     
   1311.0000000000000        8.5628981104393320E-002
   1312.0000000000000      -0.73457947385949152     
   1313.0000000000000      -0.59885018558863146     
   1314.0000000000000      -0.18399403261097036     
   1315.0000000000000       0.66176524786292346     
   1316.0000000000000       0.60846348046014564     
   1317.0000000000000       0.28407689013750381     
   1318.0000000000000      -0.55994955751621112     
   1319.0000000000000      -0.64877819611863285     
   1320.0000000000000      -0.38665790050830784     
   1321.0000000000000       0.42875482821997013     
   1322.0000000000000       0.71891036745025416     
   1323.0000000000000       0.47935181469291799     
   1324.0000000000000      -0.28414659155375377     
   1325.0000000000000      -0.78103091632504129     
   1326.0000000000000      -0.54764315595492641     
   1327.0000000000000       0.14725906884589901     
   1328.0000000000000       0.80251015920734048     
   1329.0000000000000       0.58679934489705488     
   1330.0000000000000       -2.6420611706074904E-002
   1331.0000000000000      -0.78459571562365438     
   1332.0000000000000      -0.59930414907969887     
   1333.0000000000000       -7.9359804512066923E-002
   1334.0000000000000       0.73828385328795587     
   1335.0000000000000       0.59883232901604955     
   1336.0000000000000       0.17786062321931906     
   1337.0000000000000      -0.66711315631720702     
   1338.0000000000000      -0.60712735339644974     
   1339.0000000000000      -0.27769173561432148     
   1340.0000000000000       0.56723679856978515     
   1341.0000000000000       0.64517922181509968     
   1342.0000000000000       0.38034953948719830     
   1343.0000000000000      -0.43760130091404070     
   1344.0000000000000      -0.71425036255272834     
   1345.0000000000000      -0.47417417818344743     
   1346.0000000000000       0.29312002927096437     
   1347.0000000000000       0.77819911433348821     
   1348.0000000000000       0.54421256430095155     
   1349.0000000000000      -0.15537657752017098     
   1350.0000000000000      -0.80244036436820509     
   1351.0000000000000      -0.58520753115421453     
   1352.0000000000000        3.3483105453503081E-002
   1353.0000000000000       0.78663988586305500     
   1354.0000000000000       0.59910157400603192     
   1355.0000000000000        7.3061973164131211E-002
   1356.0000000000000      -0.74189378117862426     
   1357.0000000000000      -0.59884851336843270     
   1358.0000000000000      -0.17173460867257390     
   1359.0000000000000       0.67234839713197192     
   1360.0000000000000       0.60591311918326640     
   1361.0000000000000       0.27132272390211898     
   1362.0000000000000      -0.57440138292915932     
   1363.0000000000000      -0.64171749917093712     
   1364.0000000000000      -0.37400836117903180     
   1365.0000000000000       0.44638647811891607     
   1366.0000000000000       0.70956941236562310     
   1367.0000000000000       0.46889873622929124     
   1368.0000000000000      -0.30212597651459427     
   1369.0000000000000      -0.77519745938778639     
   1370.0000000000000      -0.54066729954895254     
   1371.0000000000000       0.16355838080902019     
   1372.0000000000000       0.80221124031106927     
   1373.0000000000000       0.58350545207220450     
   1374.0000000000000       -4.0608303282527625E-002
   1375.0000000000000      -0.78857406751828518     
   1376.0000000000000      -0.59884091920145932     
   1377.0000000000000       -6.6732994960408409E-002
   1378.0000000000000       0.74540963254301762     
   1379.0000000000000       0.59889291369455866     
   1380.0000000000000       0.16561420515081465     
   1381.0000000000000      -0.67747243736367957     
   1382.0000000000000      -0.60481620025681715     
   1383.0000000000000      -0.26497078333870450     
   1384.0000000000000       0.58144243815009633     
   1385.0000000000000       0.63839674365628496     
   1386.0000000000000       0.36763899942121903     
   1387.0000000000000      -0.45510413139080286     
   1388.0000000000000      -0.70488085453750482     
   1389.0000000000000      -0.46352799770561731     
   1390.0000000000000       0.31116034470346948     
   1391.0000000000000       0.77202972291577998     
   1392.0000000000000       0.53700781465883940     
   1393.0000000000000      -0.17180366544579262     
   1394.0000000000000      -0.80181982048679989     
   1395.0000000000000      -0.58169167395327770     
   1396.0000000000000        4.7797250232653576E-002
   1397.0000000000000       0.79039580505925899     
   1398.0000000000000       0.59851754422418546     
   1399.0000000000000        6.0370393356048879E-002
   1400.0000000000000      -0.74883164664012025     
   1401.0000000000000      -0.59895972768368200     
   1402.0000000000000      -0.15949753570203928     
   1403.0000000000000       0.68248674756076255     
   1404.0000000000000       0.60383179839374679     
   1405.0000000000000       0.25863660114015741     
   1406.0000000000000      -0.58835938531340115     
   1407.0000000000000      -0.63521988600702339     
   1408.0000000000000      -0.36124596206139842     
   1409.0000000000000       0.46374825025908611     
   1410.0000000000000       0.70019796293685099     
   1411.0000000000000       0.45806474011371717     
   1412.0000000000000      -0.32021871268034424     
   1413.0000000000000      -0.76870044592356790     
   1414.0000000000000      -0.53323459471531010     
   1415.0000000000000       0.18011151930484426     
   1416.0000000000000       0.80126328804532243     
   1417.0000000000000       0.57976497523434201     
   1418.0000000000000       -5.5050853289543067E-002
   1419.0000000000000      -0.79210249275402211     
   1420.0000000000000      -0.59812694809644118     
   1421.0000000000000       -5.3971716217561139E-002
   1422.0000000000000       0.75215992008758148     
   1423.0000000000000       0.59904318176459204     
   1424.0000000000000       0.15338263740369329     
   1425.0000000000000      -0.68739278973611828     
   1426.0000000000000      -0.60295492146080143     
   1427.0000000000000      -0.25232063190257226     
   1428.0000000000000       0.59515191938513246     
   1429.0000000000000       0.63218909894903974     
   1430.0000000000000       0.35483360334845326     
   1431.0000000000000      -0.47231307872809847     
   1432.0000000000000      -0.69553383894717691     
   1433.0000000000000      -0.45251201215378895     
   1434.0000000000000       0.32929632867407649     
   1435.0000000000000       0.76521496697762748     
   1436.0000000000000       0.52934815797925583     
   1437.0000000000000      -0.18848092609122025     
   1438.0000000000000      -0.80053900381009158     
   1439.0000000000000      -0.57772433739250695     
   1440.0000000000000        6.2369881423398055E-002
   1441.0000000000000       0.79369138482075574     
   1442.0000000000000       0.59766478004891277     
   1443.0000000000000        4.7534545003959261E-002
   1444.0000000000000      -0.75539440023467042     
   1445.0000000000000      -0.59913753674183778     
   1446.0000000000000      -0.14726746819747200     
   1447.0000000000000       0.69219200608868570     
   1448.0000000000000       0.60218040829298891     
   1449.0000000000000       0.24602310673540329     
   1450.0000000000000      -0.60181998884807264     
   1451.0000000000000      -0.62930582819813985     
   1452.0000000000000      -0.34840609921039034     
   1453.0000000000000       0.48079314747123747     
   1454.0000000000000       0.69090130687616003     
   1455.0000000000000       0.44687313096946996     
   1456.0000000000000      -0.33838811838662225     
   1457.0000000000000      -0.76157944196021221     
   1458.0000000000000      -0.52534906007659155     
   1459.0000000000000       0.19691075767013011     
   1460.0000000000000       0.79964453581154826     
   1461.0000000000000       0.57556893421797650     
   1462.0000000000000       -6.9754966723330480E-002
   1463.0000000000000      -0.79515960697696053     
   1464.0000000000000      -0.59712685039087421     
   1465.0000000000000       -4.1056504205974509E-002
   1466.0000000000000       0.75853487887782256     
   1467.0000000000000       0.59923709309170647     
   1468.0000000000000       0.14114991343884548     
   1469.0000000000000      -0.69688580841011616     
   1470.0000000000000      -0.60150295174306778     
   1471.0000000000000      -0.23974404286502399     
   1472.0000000000000       0.60836377490477545     
   1473.0000000000000       0.62657082682943877     
   1474.0000000000000       0.34196742558592613     
   1475.0000000000000      -0.48918330139785687     
   1476.0000000000000      -0.68631281534877064     
   1477.0000000000000      -0.44115167394566629     
   1478.0000000000000       0.34748869941158161     
   1479.0000000000000       0.75780085409512377     
   1480.0000000000000       0.52123790141051185     
   1481.0000000000000      -0.20539976392355019     
   1482.0000000000000      -0.79857769056169781     
   1483.0000000000000      -0.57329811965648436     
   1484.0000000000000        7.7206606547446044E-002
   1485.0000000000000       0.79650416933364110     
   1486.0000000000000       0.59650914131377819     
   1487.0000000000000        3.4535270957148478E-002
   1488.0000000000000      -0.76158098641251537     
   1489.0000000000000      -0.59933619604476529     
   1490.0000000000000      -0.13502779221291383     
   1491.0000000000000       0.70147556810625888     
   1492.0000000000000       0.60091711996115038     
   1493.0000000000000       0.23348325356320654     
   1494.0000000000000      -0.61478367052005822     
   1495.0000000000000      -0.62398419216915302     
   1496.0000000000000      -0.33552133988883415     
   1497.0000000000000       0.49747872240506896     
   1498.0000000000000       0.68178034629247386     
   1499.0000000000000       0.43535146514333595     
   1500.0000000000000      -0.35659240196869807     
   1501.0000000000000      -0.75388701291156912     
   1502.0000000000000      -0.51701533778784869     
   1503.0000000000000       0.21394656010464175     
   1504.0000000000000       0.79733654624747896     
   1505.0000000000000       0.57091141446364213     
   1506.0000000000000       -8.4725166576851363E-002
   1507.0000000000000      -0.79772198057146482     
   1508.0000000000000      -0.59580781741553146     
   1509.0000000000000       -2.7968584713396361E-002
   1510.0000000000000       0.76453218652563049     
   1511.0000000000000       0.59942924058425695     
   1512.0000000000000       0.12889886347707463     
   1513.0000000000000      -0.70596260675923594     
   1514.0000000000000      -0.60041737597477884     
   1515.0000000000000      -0.22724035827082506     
   1516.0000000000000       0.62108025953783463     
   1517.0000000000000       0.62154540443218953     
   1518.0000000000000       0.32907136560628819     
   1519.0000000000000      -0.50567494725001039     
   1520.0000000000000      -0.67731533282436973     
   1521.0000000000000      -0.42947655664716600     
   1522.0000000000000       0.36569329571623033     
   1523.0000000000000       0.74984654106582715     
   1524.0000000000000       0.51268209413753274     
   1525.0000000000000      -0.22254961176332588     
   1526.0000000000000      -0.79591948799659584     
   1527.0000000000000      -0.56840849194876675     
   1528.0000000000000        9.2310884631368939E-002
   1529.0000000000000       0.79880986332886217     
   1530.0000000000000       0.59501923571841608     
   1531.0000000000000        2.1354256883107992E-002
   1532.0000000000000      -0.76738777153990911     
   1533.0000000000000      -0.59951067648975531     
   1534.0000000000000      -0.12276083209825250     
   1535.0000000000000       0.71034818715433778     
   1536.0000000000000       0.59999809564784290     
   1537.0000000000000       0.22101479280199243     
   1538.0000000000000      -0.62725429607455918     
   1539.0000000000000      -0.61925336640670259     
   1540.0000000000000      -0.32262077996575300     
   1541.0000000000000       0.51376788059004985     
   1542.0000000000000       0.67292858703183733     
   1543.0000000000000       0.42353120527432447     
   1544.0000000000000      -0.37478522219234151     
   1545.0000000000000      -0.74568884826485382     
   1546.0000000000000      -0.50823898107193943     
   1547.0000000000000       0.23120721743636563     
   1548.0000000000000       0.79432524532094295     
   1549.0000000000000       0.56578916311513439     
   1550.0000000000000       -9.9963875076146680E-002
   1551.0000000000000      -0.79976457072938656     
   1552.0000000000000      -0.59413995494643357     
   1553.0000000000000       -1.4690180278643217E-002
   1554.0000000000000       0.77014685852628428     
   1555.0000000000000       0.59957501355253129     
   1556.0000000000000       0.11661135485762059     
   1557.0000000000000      -0.71463350469695497     
   1558.0000000000000      -0.59965358410187808     
   1559.0000000000000      -0.21480581952795880     
   1560.0000000000000       0.63330668435985515     
   1561.0000000000000       0.61710644356843258     
   1562.0000000000000       0.31617260454994911     
   1563.0000000000000      -0.52175380333649779     
   1564.0000000000000      -0.66863023831529089     
   1565.0000000000000      -0.41751984523658470     
   1566.0000000000000       0.38386183224807668     
   1567.0000000000000       0.74142409191824143     
   1568.0000000000000       0.50368691390532128     
   1569.0000000000000      -0.23991748942841884     
   1570.0000000000000      -0.79255293176537667     
   1571.0000000000000      -0.56305336152672025     
   1572.0000000000000       0.10768413362222395     
   1573.0000000000000       0.80058280397769255     
   1574.0000000000000       0.59316674382831391     
   1575.0000000000000        7.9743382527515116E-003
   1576.0000000000000      -0.77280838630056814     
   1577.0000000000000      -0.59961682708252484     
   1578.0000000000000      -0.11044804649849560     
   1579.0000000000000       0.71881967914830280     
   1580.0000000000000       0.59937809068639369     
   1581.0000000000000       0.20861253745343622     
   1582.0000000000000      -0.63923845916465649     
   1583.0000000000000      -0.61510250409013911     
   1584.0000000000000      -0.30972959869592587     
   1585.0000000000000       0.52962937655021736     
   1586.0000000000000       0.66442968264779678     
   1587.0000000000000       0.41144705745851629     
   1588.0000000000000      -0.39291662767667357     
   1589.0000000000000      -0.73706312456609280     
   1590.0000000000000      -0.49902693360498224     
   1591.0000000000000       0.24867833315024895     
   1592.0000000000000       0.79060208668047394     
   1593.0000000000000       0.56020112824813539     
   1594.0000000000000      -0.11547154230093160     
   1595.0000000000000      -0.80126123096041724     
   1596.0000000000000      -0.59209658820079825     
   1597.0000000000000       -1.2048133803599370E-003
   1598.0000000000000       0.77537111341809339     
   1599.0000000000000       0.59963076381624869     
   1600.0000000000000       0.10426848589309212     
   1601.0000000000000      -0.72290774661476898     
   1602.0000000000000      -0.59916582258665396     
   1603.0000000000000      -0.20243389211066548     
   1604.0000000000000       0.64505076692863428     
   1605.0000000000000       0.61323895829242570     
   1606.0000000000000       0.30329425548179534     
   1607.0000000000000      -0.53739164117448524     
   1608.0000000000000      -0.66033554281319073     
   1609.0000000000000      -0.40531753632826079     
   1610.0000000000000       0.40194300612298500     
   1611.0000000000000       0.73261742856830991     
   1612.0000000000000       0.49426022901952049     
   1613.0000000000000      -0.25748742561809257     
   1614.0000000000000      -0.78847271889636406     
   1615.0000000000000      -0.55723259721488394     
   1616.0000000000000       0.12332587437206444     
   1617.0000000000000       0.80179650579996720     
   1618.0000000000000       0.59092669670297626     
   1619.0000000000000       -5.6202044524336081E-003
   1620.0000000000000      -0.77783361727356515     
   1621.0000000000000      -0.59961154832008245     
   1622.0000000000000       -9.8070222400826967E-002
   1623.0000000000000       0.72689865173429902     
   1624.0000000000000       0.59901095715843944     
   1625.0000000000000       0.19626868520864704     
   1626.0000000000000      -0.65074484767209140     
   1627.0000000000000      -0.61151279715978291     
   1628.0000000000000      -0.29686880008230132     
   1629.0000000000000       0.54503801395161933     
   1630.0000000000000       0.65635563942092479     
   1631.0000000000000       0.39913605469429991     
   1632.0000000000000      -0.41093430827622091     
   1633.0000000000000      -0.72809903897201722     
   1634.0000000000000      -0.48938815961442927     
   1635.0000000000000       0.26634219384423308     
   1636.0000000000000       0.78616535190291514     
   1637.0000000000000       0.55414798139562893     
   1638.0000000000000      -0.13124679890926871     
   1639.0000000000000      -0.80218528932557165     
   1640.0000000000000      -0.58965450487609783     
   1641.0000000000000        1.2502410684366194E-002
   1642.0000000000000       0.78019429440373655     
   1643.0000000000000       0.59955398996424092     
   1644.0000000000000        9.1850782484765969E-002
   1645.0000000000000      -0.73079324001410473     
   1646.0000000000000      -0.59890765308034488     
   1647.0000000000000      -0.19011558398670531     
   1648.0000000000000       0.65632201775287080     
   1649.0000000000000       0.60992062961836535     
   1650.0000000000000       0.29045519026102667     
   1651.0000000000000      -0.55256627990590479     
   1652.0000000000000      -0.65249697226858105     
   1653.0000000000000      -0.39290742792356592     
   1654.0000000000000       0.41988386631000529     
   1655.0000000000000       0.72352045587525049     
   1656.0000000000000       0.48441227785865060     
   1657.0000000000000      -0.27523979395275200     
   1658.0000000000000      -0.78368106994509312     
   1659.0000000000000      -0.55094756010733548     
   1660.0000000000000       0.13923388479321164     
   1661.0000000000000       0.80242427044652653     
   1662.0000000000000       0.58827767751366933     
   1663.0000000000000       -1.9443379561797425E-002
   1664.0000000000000      -0.78245136207793453     
   1665.0000000000000      -0.59945299051937684     
   1666.0000000000000       -8.5607676643586705E-002
   1667.0000000000000       0.73459225028696762     
   1668.0000000000000       0.59885006041559419     
   1669.0000000000000       0.18397313023310358     
   1670.0000000000000      -0.66178365350628077     
   1671.0000000000000      -0.60845871833880316     
   1672.0000000000000      -0.28405511876142736     
   1673.0000000000000       0.55997458179733495     
   1674.0000000000000       0.64876571143550521     
   1675.0000000000000       0.38663647780695098     
   1676.0000000000000      -0.42878505253456922     
   1677.0000000000000      -0.71889454795557239     
   1678.0000000000000      -0.47933435035509797     
   1679.0000000000000       0.28417709192645202     
   1680.0000000000000       0.78102156423029989     
   1681.0000000000000       0.54763166783831441     
   1682.0000000000000      -0.14728660383415226     
   1683.0000000000000      -0.80251018843683686     
   1684.0000000000000      -0.58679410914296981     
   1685.0000000000000        2.6444558575348776E-002
   1686.0000000000000       0.78460286124637646     
   1687.0000000000000       0.59930355240072208     
   1688.0000000000000        7.9338406704227205E-002
   1689.0000000000000      -0.73829630726816031     
   1690.0000000000000      -0.59883232967751721     
   1691.0000000000000      -0.17783974894094251     
   1692.0000000000000       0.66713117578547210     
   1693.0000000000000       0.60712301388757228     
   1694.0000000000000       0.27767001735971564     
   1695.0000000000000      -0.56726140696007565     
   1696.0000000000000      -0.64516719734469152     
   1697.0000000000000      -0.38032799704277587     
   1698.0000000000000       0.43763132726341414     
   1699.0000000000000       0.71423444911451517     
   1700.0000000000000       0.47415637680027500     
   1701.0000000000000      -0.29315064692285131     
   1702.0000000000000      -0.77818917822937683     
   1703.0000000000000      -0.54420068492315909     
   1704.0000000000000       0.15540433274118570     
   1705.0000000000000       0.80243985616776670     
   1706.0000000000000       0.58520192256029324     
   1707.0000000000000       -3.3507263938768239E-002
   1708.0000000000000      -0.78664666089915825     
   1709.0000000000000      -0.59910078755453233     
   1710.0000000000000       -7.3040473505474490E-002
   1711.0000000000000       0.74190591421111007     
   1712.0000000000000       0.59884861999592998     
   1713.0000000000000       0.17171375658515409     
   1714.0000000000000      -0.67236603540116013     
   1715.0000000000000      -0.60590918710380393     
   1716.0000000000000      -0.27130106234865675     
   1717.0000000000000       0.57442557193797139     
   1718.0000000000000       0.64170594892424671     
   1719.0000000000000       0.37398671495285568     
   1720.0000000000000      -0.44641628496619484     
   1721.0000000000000      -0.70955345038985551     
   1722.0000000000000      -0.46888060589633745     
   1723.0000000000000       0.30215669808329865     
   1724.0000000000000       0.77518695084977485     
   1725.0000000000000       0.54065503039669704     
   1726.0000000000000      -0.16358635365679031     
   1727.0000000000000      -0.80221018435419111     
   1728.0000000000000      -0.58349946538708553     
   1729.0000000000000        4.0632677176120291E-002
   1730.0000000000000       0.78858046387038083     
   1731.0000000000000       0.59883992694922206     
   1732.0000000000000        6.6711384985507660E-002
   1733.0000000000000      -0.74542144567694724     
   1734.0000000000000      -0.59889310648574046     
   1735.0000000000000      -0.16559336901609800     
   1736.0000000000000       0.67748969944300363     
   1737.0000000000000       0.60481265962471331     
   1738.0000000000000       0.26494918123133038     
   1739.0000000000000      -0.58146620531864124     
   1740.0000000000000      -0.63838567893210130     
   1741.0000000000000      -0.36761726499543901     
   1742.0000000000000       0.45513369787499980     
   1743.0000000000000       0.70486488940033720     
   1744.0000000000000       0.46350954742313716     
   1745.0000000000000      -0.31119115569727124     
   1746.0000000000000      -0.77201865608476994     
   1747.0000000000000      -0.53699515732987479     
   1748.0000000000000       0.17183185298412496     
   1749.0000000000000       0.80181820691093075     
   1750.0000000000000       0.58168530466149204     
   1751.0000000000000       -4.7821842857974084E-002
   1752.0000000000000      -0.79040181410281740     
   1753.0000000000000      -0.59851633060000708     
   1754.0000000000000       -6.0348664667382645E-002
   1755.0000000000000       0.74884314045044031     
   1756.0000000000000       0.59895998692402541     
   1757.0000000000000       0.15947670897703370     
   1758.0000000000000      -0.68250363845033590     
   1759.0000000000000      -0.60382863252224273     
   1760.0000000000000      -0.25861506041677168     
   1761.0000000000000       0.58838272914946543     
   1762.0000000000000       0.63520931547461867     
   1763.0000000000000       0.36122415454034612     
   1764.0000000000000      -0.46377755632623990     
   1765.0000000000000      -0.70018203960973047     
   1766.0000000000000      -0.45804597980414913     
   1767.0000000000000       0.32024959747487519     
   1768.0000000000000       0.76868883761336626     
   1769.0000000000000       0.53322155091684798     
   1770.0000000000000      -0.18013991825309450     
   1771.0000000000000      -0.80126110754468760     
   1772.0000000000000      -0.57975821952830264     
   1773.0000000000000        5.5075667499262182E-002
   1774.0000000000000       0.79210810536952614     
   1775.0000000000000       0.59812549802231330     
   1776.0000000000000        5.3949860516263159E-002
   1777.0000000000000      -0.75217109465196685     
   1778.0000000000000      -0.59904348784730765     
   1779.0000000000000      -0.15336181326447912     
   1780.0000000000000       0.68740931438730724     
   1781.0000000000000       0.60295211304632079     
   1782.0000000000000       0.25229915372416134     
   1783.0000000000000      -0.59517483929476722     
   1784.0000000000000      -0.63217902874701548     
   1785.0000000000000      -0.35481173726942911     
   1786.0000000000000       0.47234210524844394     
   1787.0000000000000       0.69551800163253918     
   1788.0000000000000       0.45249295266153794     
   1789.0000000000000      -0.32932727052928951     
   1790.0000000000000      -0.76520283675707290     
   1791.0000000000000      -0.52933472953683469     
   1792.0000000000000       0.18850953280226035     
   1793.0000000000000       0.80053624773352472     
   1794.0000000000000       0.57771719213864503     
   1795.0000000000000       -6.2394919601497678E-002
   1796.0000000000000      -0.79369659143068971     
   1797.0000000000000      -0.59766307897692839     
   1798.0000000000000       -4.7512554121568740E-002
   1799.0000000000000       0.75540525511149181     
   1800.0000000000000       0.59913787018641229     
   1801.0000000000000       0.14724663956196377     
   1802.0000000000000      -0.69220816936690910     
   1803.0000000000000      -0.60217793949670562     
   1804.0000000000000      -0.24600169151803347     
   1805.0000000000000       0.60184248506533322     
   1806.0000000000000       0.62929626204625622     
   1807.0000000000000       0.34838418846461872     
   1808.0000000000000      -0.48082187634108231     
   1809.0000000000000      -0.69088559866046850     
   1810.0000000000000      -0.44685378404222620     
   1811.0000000000000       0.33841909948509508     
   1812.0000000000000       0.76156681220464351     
   1813.0000000000000       0.52533524895382577     
   1814.0000000000000      -0.19693956810004243     
   1815.0000000000000      -0.79964119626594188     
   1816.0000000000000      -0.57556139691763841     
   1817.0000000000000        6.9780230790756792E-002
   1818.0000000000000       0.79516439758747148     
   1819.0000000000000       0.59712488434025013     
   1820.0000000000000        4.1034370136931231E-002
   1821.0000000000000      -0.75854541308543233     
   1822.0000000000000      -0.59923743456150103     
   1823.0000000000000      -0.14112907298866667     
   1824.0000000000000       0.69690161505986059     
   1825.0000000000000       0.60150080426634345     
   1826.0000000000000       0.23972269031318028     
   1827.0000000000000      -0.60838584842047971     
   1828.0000000000000      -0.62656176615043346     
   1829.0000000000000      -0.34194548335009217     
   1830.0000000000000       0.48921171562530791     
   1831.0000000000000       0.68629727787884154     
   1832.0000000000000       0.44113205219720497     
   1833.0000000000000      -0.34751970091848550     
   1834.0000000000000      -0.75778775000231702     
   1835.0000000000000      -0.52122370973986165     
   1836.0000000000000       0.20542877359279776     
   1837.0000000000000       0.79857376052169193     
   1838.0000000000000       0.57329018840234958     
   1839.0000000000000       -7.7232097971047575E-002
   1840.0000000000000      -0.79650853358068074     
   1841.0000000000000      -0.59650689690729530     
   1842.0000000000000       -3.4512985891703263E-002
   1843.0000000000000       0.76159119841019340     
   1844.0000000000000       0.59933652636410639     
   1845.0000000000000       0.13500693241457251     
   1846.0000000000000      -0.70149102271806285     
   1847.0000000000000      -0.60091527511505805     
   1848.0000000000000      -0.23346196270400876     
   1849.0000000000000       0.61480532301041502     
   1850.0000000000000       0.62397563621778362     
   1851.0000000000000       0.33549937856733403     
   1852.0000000000000      -0.49750680617917986     
   1853.0000000000000      -0.68176501948007229     
   1854.0000000000000      -0.43533158199841926     
   1855.0000000000000       0.35662340411299176     
   1856.0000000000000       0.75387346247799192     
   1857.0000000000000       0.51700076791219673     
   1858.0000000000000      -0.21397576405077834     
   1859.0000000000000      -0.79733201967197032     
   1860.0000000000000      -0.57090308789255162     
   1861.0000000000000        8.4750886381171342E-002
   1862.0000000000000       0.79772590777117869     
   1863.0000000000000       0.59580528191464333     
   1864.0000000000000        2.7946141070563035E-002
   1865.0000000000000      -0.76454207419655784     
   1866.0000000000000      -0.59942954075546440     
   1867.0000000000000      -0.12887797660266348     
   1868.0000000000000       0.70597771373838425     
   1869.0000000000000       0.60041581474396821     
   1870.0000000000000       0.22721912748870310     
   1871.0000000000000      -0.62110149329369280     
   1872.0000000000000      -0.62153735042897784     
   1873.0000000000000      -0.32904939678407336     
   1874.0000000000000       0.50570268599333690     
   1875.0000000000000       0.67730025458300003     
   1876.0000000000000       0.42945642626979602     
   1877.0000000000000      -0.36572427789190226     
   1878.0000000000000      -0.74983257502004563     
   1879.0000000000000      -0.51266714866193985     
   1880.0000000000000       0.22257900448569345     
   1881.0000000000000       0.79591435995251780     
   1882.0000000000000       0.56839976919195856     
   1883.0000000000000       -9.2336833412754116E-002
   1884.0000000000000      -0.79881334253198444     
   1885.0000000000000      -0.59501639705623388     
   1886.0000000000000       -2.1331647343229121E-002
   1887.0000000000000       0.76739733217655837     
   1888.0000000000000       0.59951092771054149     
   1889.0000000000000       0.12273991024591069     
   1890.0000000000000      -0.71036295069101185     
   1891.0000000000000      -0.59999679874902556     
   1892.0000000000000      -0.22099361987345600     
   1893.0000000000000       0.62727511393190427     
   1894.0000000000000       0.61924580967414689     
   1895.0000000000000       0.32259881437144877     
   1896.0000000000000      -0.51379526099494177     
   1897.0000000000000      -0.67291379304855237     
   1898.0000000000000      -0.42351084248113746     
   1899.0000000000000       0.37481616307783028     
   1900.0000000000000       0.74567449995614754     
   1901.0000000000000       0.50822366292450361     
   1902.0000000000000      -0.23123679283365683     
   1903.0000000000000      -0.79431951211456209     
   1904.0000000000000      -0.56578004374697821     
   1905.0000000000000        9.9990053018545799E-002
   1906.0000000000000       0.79976759077938775     
   1907.0000000000000       0.59413680175778683     
   1908.0000000000000        1.4667397815118943E-002
   1909.0000000000000      -0.77015608881862629     
   1910.0000000000000      -0.59957519723419517     
   1911.0000000000000      -0.11659038997201415     
   1912.0000000000000       0.71464792873758598     
   1913.0000000000000       0.59965253203722235     
   1914.0000000000000       0.21478470165614172     
   1915.0000000000000      -0.63332708963208950     
   1916.0000000000000      -0.61709937766772105     
   1917.0000000000000      -0.31615065202875275     
   1918.0000000000000       0.52178081338578264     
   1919.0000000000000       0.66861576185924776     
   1920.0000000000000       0.41749926539761106     
   1921.0000000000000      -0.38389270994141311     
   1922.0000000000000      -0.74140939715985477     
   1923.0000000000000      -0.50367122640558470     
   1924.0000000000000       0.23994724073045470     
   1925.0000000000000       0.79254659108103254     
   1926.0000000000000       0.56304384551310382     
   1927.0000000000000      -0.10771054051396500     
   1928.0000000000000      -0.80058535357245697     
   1929.0000000000000      -0.59316326547610354     
   1930.0000000000000       -7.9513761624577795E-003
   1931.0000000000000       0.77281728232748426     
   1932.0000000000000       0.59961692486933238     
   1933.0000000000000       0.11042703039157414     
   1934.0000000000000      -0.71883376736789439     
   1935.0000000000000      -0.59937726379212963     
   1936.0000000000000      -0.20859147130214006     
   1937.0000000000000       0.63925845557708250     
   1938.0000000000000       0.61509592095668664     
   1939.0000000000000       0.30970766819166706     
   1940.0000000000000      -0.52965600552317005     
   1941.0000000000000      -0.66441555441625932     
   1942.0000000000000      -0.41142627638784957     
   1943.0000000000000       0.39294741984340464     
   1944.0000000000000       0.73704812143402976     
   1945.0000000000000       0.49901088053787179     
   1946.0000000000000      -0.24870825284580034     
   1947.0000000000000      -0.79059513772625956     
   1948.0000000000000      -0.56019121589570608     
   1949.0000000000000       0.11549817755169101     
   1950.0000000000000       0.80126329871724189     
   1951.0000000000000       0.59209277479789035     
   1952.0000000000000        1.1816653122780352E-003
   1953.0000000000000      -0.77537967064237701     
   1954.0000000000000      -0.59963075760635243     
   1955.0000000000000      -0.10424741026537870     
   1956.0000000000000       0.72292150238998309     
   1957.0000000000000       0.59916520107718929     
   1958.0000000000000       0.20241287383766815     
   1959.0000000000000      -0.64507035855548323     
   1960.0000000000000      -0.61323284836882108     
   1961.0000000000000      -0.30327235502744471     
   1962.0000000000000       0.53741787963918952     
   1963.0000000000000       0.66032179081471198     
   1964.0000000000000       0.40529657016736076     
   1965.0000000000000      -0.40197369015360096     
   1966.0000000000000      -0.73260215715807397     
   1967.0000000000000      -0.49424381471237960     
   1968.0000000000000       0.25751750538102497     
   1969.0000000000000       0.78846516255571419     
   1970.0000000000000       0.55722228912237526     
   1971.0000000000000      -0.12335273702917915     
   1972.0000000000000      -0.80179808032373689     
   1973.0000000000000      -0.59092253912896975     
   1974.0000000000000        5.6435444708338167E-003
   1975.0000000000000       0.77784183054085942     
   1976.0000000000000       0.59961142028826497     
   1977.0000000000000        9.8049078863476247E-002
   1978.0000000000000      -0.72691207811712655     
   1979.0000000000000      -0.59901052116629461     
   1980.0000000000000      -0.19624771049808476     
   1981.0000000000000       0.65076403887633671     
   1982.0000000000000       0.61150714952499707     
   1983.0000000000000       0.29684693679815510     
   1984.0000000000000      -0.54506385374496957     
   1985.0000000000000      -0.65634228889461688     
   1986.0000000000000      -0.39911491979072455     
   1987.0000000000000       0.41096486144959654     
   1988.0000000000000       0.72808354111712958     
   1989.0000000000000       0.48937138901435573     
   1990.0000000000000      -0.26637242446065412     
   1991.0000000000000      -0.78615719089042824     
   1992.0000000000000      -0.55413727840849847     
   1993.0000000000000       0.13127388767249837     
   1994.0000000000000       0.80218635928001869     
   1995.0000000000000       0.58964999478837465     
   1996.0000000000000       -1.2525948223429673E-002
   1997.0000000000000      -0.78020215794572034     
   1998.0000000000000      -0.59955372258670914     
   1999.0000000000000       -9.1829562582608215E-002
   2000.0000000000000       0.73080633970598730     
   2001.0000000000000       0.59890738269221744     
   2002.0000000000000       0.19009464808037368     
   2003.0000000000000      -0.65634081312900028     
   2004.0000000000000      -0.60991543211230159     
   2005.0000000000000      -0.29043337035976358     
   2006.0000000000000       0.55259171410259633     
   2007.0000000000000       0.65248404563766738     
   2008.0000000000000       0.39288614070787453     
   2009.0000000000000      -0.41991426595931203     
   2010.0000000000000      -0.72350477483266296     
   2011.0000000000000      -0.48439515660711130     
   2012.0000000000000       0.27527016525214676     
   2013.0000000000000       0.78367230896422313     
   2014.0000000000000       0.55093646327694457     
   2015.0000000000000      -0.13926119802700831     
   2016.0000000000000      -0.80242482462856268     
   2017.0000000000000      -0.58827280735226151     
   2018.0000000000000        1.9467119769063568E-002
   2019.0000000000000       0.78245886952002441     
   2020.0000000000000       0.59945256660073110     
   2021.0000000000000        8.5586371879328049E-002
   2022.0000000000000      -0.73460502561328644     
   2023.0000000000000      -0.59884993570486933     
   2024.0000000000000      -0.18395222796056454     
   2025.0000000000000       0.66180205782611379     
   2026.0000000000000       0.60845395768148569     
   2027.0000000000000       0.28403334755922205     
   2028.0000000000000      -0.55999960466924548     
   2029.0000000000000      -0.64875322829277804     
   2030.0000000000000      -0.38661505467037272     
   2031.0000000000000       0.42881527621217108     
   2032.0000000000000       0.71887872806418973     
   2033.0000000000000       0.47931688485669594     
   2034.0000000000000      -0.28420759271997170     
   2035.0000000000000      -0.78101221012980859     
   2036.0000000000000      -0.54762017838683619     
   2037.0000000000000       0.14731413957648565     
   2038.0000000000000       0.80251021585403826     
   2039.0000000000000       0.58678887212890629     
   2040.0000000000000       -2.6468506158339400E-002
   2041.0000000000000      -0.78461000562015304     
   2042.0000000000000      -0.59930295510314346     
   2043.0000000000000       -7.9317008563942415E-002
   2044.0000000000000       0.73830876015305125     
   2045.0000000000000       0.59883233073354780     
   2046.0000000000000       0.17781887474836044     
   2047.0000000000000      -0.66714919394705241     
   2048.0000000000000      -0.60711867579248013     
   2049.0000000000000      -0.27764829929261708     
   2050.0000000000000       0.56728601392744404     
   2051.0000000000000       0.64515517446707926     
   2052.0000000000000       0.38030645421801423     
   2053.0000000000000      -0.43766135290145658     
   2054.0000000000000      -0.71421853543385894     
   2055.0000000000000      -0.47413857428258976     
   2056.0000000000000       0.29318126495194874     
   2057.0000000000000       0.77817924015472328     
   2058.0000000000000       0.54418880421536497     
   2059.0000000000000      -0.15543208870795600     
   2060.0000000000000      -0.80243934611917889     
   2061.0000000000000      -0.58519631268723404     
   2062.0000000000000        3.3531423151455853E-002
   2063.0000000000000       0.78665343465966631     
   2064.0000000000000       0.59910000042910971     
   2065.0000000000000        7.3018973485461380E-002
   2066.0000000000000      -0.74191804615263335     
   2067.0000000000000      -0.59884872695042579     
   2068.0000000000000      -0.17169290456282871     
   2069.0000000000000       0.67238367238069130     
   2070.0000000000000       0.60590525638499959     
   2071.0000000000000       0.27127940099345199     
   2072.0000000000000      -0.57444975951377208     
   2073.0000000000000      -0.64169440031339242     
   2074.0000000000000      -0.37396506840010890     
   2075.0000000000000       0.44644609102987376     
   2076.0000000000000       0.70953748832644248     
   2077.0000000000000       0.46886247445797186     
   2078.0000000000000      -0.30218741998178539     
   2079.0000000000000      -0.77517644038495792     
   2080.0000000000000      -0.54064275991969679     
   2081.0000000000000       0.16361432724088254     
   2082.0000000000000       0.80220912651473697     
   2083.0000000000000       0.58349347740621615     
   2084.0000000000000       -4.0657051809251832E-002
   2085.0000000000000      -0.78858685891838787     
   2086.0000000000000      -0.59883893396923649     
   2087.0000000000000       -6.6689774620519393E-002
   2088.0000000000000       0.74543325772269065     
   2089.0000000000000       0.59889329953662074     
   2090.0000000000000       0.16557253292469631     
   2091.0000000000000      -0.67750696024973822     
   2092.0000000000000      -0.60480912029758294     
   2093.0000000000000      -0.26492757933016631     
   2094.0000000000000       0.58148997104749078     
   2095.0000000000000       0.63837461587768829     
   2096.0000000000000       0.36759553029539177     
   2097.0000000000000      -0.45516326350586095     
   2098.0000000000000      -0.70484892432957635     
   2099.0000000000000      -0.46349109606746702     
   2100.0000000000000       0.31122196696956322     
   2101.0000000000000       0.77200758737962527     
   2102.0000000000000       0.53698249868179160     
   2103.0000000000000      -0.17186004124820142     
   2104.0000000000000      -0.80181659141979456     
   2105.0000000000000      -0.58167893405980498     
   2106.0000000000000        4.7846436233346945E-002
   2107.0000000000000       0.79040782181204949     
   2108.0000000000000       0.59851511619587350     
   2109.0000000000000        6.0326935560181316E-002
   2110.0000000000000      -0.74885463317369538     
   2111.0000000000000      -0.59896024635710088     
   2112.0000000000000      -0.15945588227256730     
   2113.0000000000000       0.68252052808428632     
   2114.0000000000000       0.60382546789778269     
   2115.0000000000000       0.25859351990485069     
   2116.0000000000000      -0.58840607154232671     
   2117.0000000000000      -0.63519874663712461     
   2118.0000000000000      -0.36120234679554497     
   2119.0000000000000       0.46380686147327876     
   2120.0000000000000       0.70016611650105964     
   2121.0000000000000       0.45802721845676359     
   2122.0000000000000      -0.32028048249276414     
   2123.0000000000000      -0.76867722749095990     
   2124.0000000000000      -0.53320850580527557     
   2125.0000000000000       0.18016831791530508     
   2126.0000000000000       0.80125892509815577     
   2127.0000000000000       0.57975146250056731     
   2128.0000000000000       -5.5100482467945966E-002
   2129.0000000000000      -0.79211371661884233     
   2130.0000000000000      -0.59812404711776512     
   2131.0000000000000       -5.3928004368371862E-002
   2132.0000000000000       0.75218226812867695     
   2133.0000000000000       0.59904379405618857     
   2134.0000000000000       0.15334098912211103     
   2135.0000000000000      -0.68742583779960897     
   2136.0000000000000      -0.60294930581899542     
   2137.0000000000000      -0.25227767575987742     
   2138.0000000000000       0.59519775776063133     
   2139.0000000000000       0.63216896025660774     
   2140.0000000000000       0.35478987101510223     
   2141.0000000000000      -0.47237113078522613     
   2142.0000000000000      -0.69550216468517090     
   2143.0000000000000      -0.45247389216996026     
   2144.0000000000000       0.32935821254898190     
   2145.0000000000000       0.76519070479573237     
   2146.0000000000000       0.52932129978774178     
   2147.0000000000000      -0.18853814021418203     
   2148.0000000000000      -0.80053348968283367     
   2149.0000000000000      -0.57771004555352401     
   2150.0000000000000        6.2419958545885557E-002
   2151.0000000000000       0.79370179664108198     
   2152.0000000000000       0.59766137702592748     
   2153.0000000000000        4.7490562765026278E-002
   2154.0000000000000      -0.75541610889822253     
   2155.0000000000000      -0.59913820369104520     
   2156.0000000000000      -0.14722581089876685     
   2157.0000000000000       0.69222433142262785     
   2158.0000000000000       0.60217547182599873     
   2159.0000000000000       0.24598027651497223     
   2160.0000000000000      -0.60186497984095422     
   2161.0000000000000      -0.62928669761466072     
   2162.0000000000000      -0.34836227758966704     
   2163.0000000000000       0.48085060416756603     
   2164.0000000000000       0.69086989095649765     
   2165.0000000000000       0.44683443615716967     
   2166.0000000000000      -0.33845008068559035     
   2167.0000000000000      -0.76155418078931436     
   2168.0000000000000      -0.52532143653134322     
   2169.0000000000000       0.19696837921634458     
   2170.0000000000000       0.79963785472074878     
   2171.0000000000000       0.57555385827856798     
   2172.0000000000000       -6.9805495630231085E-002
   2173.0000000000000      -0.79516918676374593     
   2174.0000000000000      -0.59712291736400736     
   2175.0000000000000       -4.1012235566787902E-002
   2176.0000000000000       0.75855594619866329     
   2177.0000000000000       0.59923777602576656     
   2178.0000000000000       0.14110823248549631     
   2179.0000000000000      -0.69691742050301342     
   2180.0000000000000      -0.60149865785217360     
   2181.0000000000000      -0.23970133797346210     
   2182.0000000000000       0.60840792049912951     
   2183.0000000000000       0.62655270719278278     
   2184.0000000000000       0.34192354102866285     
   2185.0000000000000      -0.48924012875351319     
   2186.0000000000000      -0.68628174105965933     
   2187.0000000000000      -0.44111242953530994     
   2188.0000000000000       0.34755070246161623     
   2189.0000000000000       0.75777464434037090     
   2190.0000000000000       0.52120951677709015     
   2191.0000000000000      -0.20545778393238368     
   2192.0000000000000      -0.79856982845978763     
   2193.0000000000000      -0.57328225580394454     
   2194.0000000000000        7.7257590170929591E-002
   2195.0000000000000       0.79651289635761180     
   2196.0000000000000       0.59650465153070831     
   2197.0000000000000        3.4490700298933641E-002
   2198.0000000000000      -0.76160140930727027     
   2199.0000000000000      -0.59933685661290859     
   2200.0000000000000      -0.13498607253723993     
   2201.0000000000000       0.70150647613860928     
   2202.0000000000000       0.60091343126728114     
   2203.0000000000000       0.23344067205250557     
   2204.0000000000000      -0.61482697407051612     
   2205.0000000000000      -0.62396708198167794     
   2206.0000000000000      -0.33547741720110641     
   2207.0000000000000       0.49753488880228230     
   2208.0000000000000       0.68174969345106640     
   2209.0000000000000       0.43531169798709646     
   2210.0000000000000      -0.35665440622469091     
   2211.0000000000000      -0.75385991057533797     
   2212.0000000000000      -0.51698619675281798     
   2213.0000000000000       0.21400496864946728     
   2214.0000000000000       0.79732749105581047     
   2215.0000000000000       0.57089475997342187     
   2216.0000000000000       -8.4776606964520940E-002
   2217.0000000000000      -0.79772983346391413     
   2218.0000000000000      -0.59580274540139833     
   2219.0000000000000       -2.7923696875015724E-002
   2220.0000000000000       0.76455196075867315     
   2221.0000000000000       0.59942984079175843     
   2222.0000000000000       0.12885708962263409     
   2223.0000000000000      -0.70599281954092674     
   2224.0000000000000      -0.60041425444622476     
   2225.0000000000000      -0.22719789690771525     
   2226.0000000000000       0.62112272562806692     
   2227.0000000000000       0.62152929812824365     
   2228.0000000000000       0.32902742795513990     
   2229.0000000000000      -0.50573042353816300     
   2230.0000000000000      -0.67728517725045934     
   2231.0000000000000      -0.42943629507542508     
   2232.0000000000000       0.36575525996350883     
   2233.0000000000000       0.74981860761439001     
   2234.0000000000000       0.51265220191200722     
   2235.0000000000000      -0.22260839784089126     
   2236.0000000000000      -0.79590922985302937     
   2237.0000000000000      -0.56839104508493898     
   2238.0000000000000        9.2362782974485746E-002
   2239.0000000000000       0.79881682019045075     
   2240.0000000000000       0.59501355734178263     
   2241.0000000000000        2.1309037226191374E-002
   2242.0000000000000      -0.76740689169415155     
   2243.0000000000000      -0.59951117873273574     
   2244.0000000000000      -0.12271898826076633     
   2245.0000000000000       0.71037771306494968     
   2246.0000000000000       0.59999550271720903     
   2247.0000000000000       0.22097244713748249     
   2248.0000000000000      -0.62729593037827724     
   2249.0000000000000      -0.61923825462505255     
   2250.0000000000000      -0.32257684880546650     
   2251.0000000000000       0.51382264015821044     
   2252.0000000000000       0.67289900009159853     
   2253.0000000000000       0.42349047892241387     
   2254.0000000000000      -0.37484710378556862     
   2255.0000000000000      -0.74566015040545341     
   2256.0000000000000      -0.50820834351332822     
   2257.0000000000000       0.23126636884189655     
   2258.0000000000000       0.79431377684246529     
   2259.0000000000000       0.56577092302785925     
   2260.0000000000000      -0.10001623174123220     
   2261.0000000000000      -0.79977060924645405     
   2262.0000000000000      -0.59413364747939656     
   2263.0000000000000       -1.4644614751042284E-002
   2264.0000000000000       0.77016531797959908     
   2265.0000000000000       0.59957538065434746     
   2266.0000000000000       0.11656942492593309     
   2267.0000000000000      -0.71466235162847247     
   2268.0000000000000      -0.59965148077285579     
   2269.0000000000000      -0.21476358396642170     
   2270.0000000000000       0.63334749350537622     
   2271.0000000000000       0.61709231342568860     
   2272.0000000000000       0.31612869956787470     
   2273.0000000000000      -0.52180782215473442     
   2274.0000000000000      -0.66860128653851991     
   2275.0000000000000      -0.41747868484626827     
   2276.0000000000000       0.38392358738158361     
   2277.0000000000000       0.74139470128543827     
   2278.0000000000000       0.50365553765416549     
   2279.0000000000000      -0.23997699261915839     
   2280.0000000000000      -0.79254024832560477     
   2281.0000000000000      -0.56303432814901888     
   2282.0000000000000       0.10773694818461610     
   2283.0000000000000       0.80058790154562065     
   2284.0000000000000       0.59315978599919394     
   2285.0000000000000        7.9284134493692315E-003
   2286.0000000000000      -0.77282617720862667     
   2287.0000000000000      -0.59961702233253822     
   2288.0000000000000      -0.11040601409609063     
   2289.0000000000000       0.71884785444976218     
   2290.0000000000000       0.59937643763095605     
   2291.0000000000000       0.20857040532069598     
   2292.0000000000000      -0.63927845060387889     
   2293.0000000000000      -0.61508933945182298     
   2294.0000000000000      -0.30968573777663233     
   2295.0000000000000       0.52968263318148934     
   2296.0000000000000       0.66440142742004105     
   2297.0000000000000       0.41140549465929699     
   2298.0000000000000      -0.39297821168034652     
   2299.0000000000000      -0.73703311731920806     
   2300.0000000000000      -0.49899482623285119     
   2301.0000000000000       0.24873817310108903     
   2302.0000000000000       0.79058818670104036     
   2303.0000000000000       0.56018130219437889     
   2304.0000000000000      -0.11552481357872157     
   2305.0000000000000      -0.80126536481363986     
   2306.0000000000000      -0.59208896023791413     
   2307.0000000000000       -1.1585166004052239E-003
   2308.0000000000000       0.77538822670438023     
   2309.0000000000000       0.59963075101166585     
   2310.0000000000000       0.10422633442067286     
   2311.0000000000000      -0.72293525703843309     
   2312.0000000000000      -0.59916458023327179     
   2313.0000000000000      -0.20239185572061036     
   2314.0000000000000       0.64508994881110437     
   2315.0000000000000       0.61322674003885502     
   2316.0000000000000       0.30325045468811485     
   2317.0000000000000      -0.53744411675932147     
   2318.0000000000000      -0.66030804014224198     
   2319.0000000000000      -0.40527560340396784     
   2320.0000000000000       0.40200437377714426     
   2321.0000000000000       0.73258688490476820     
   2322.0000000000000       0.49422739918308134     
   2323.0000000000000      -0.25754758567386293     
   2324.0000000000000      -0.78845760415010702     
   2325.0000000000000      -0.55721197968345337     
   2326.0000000000000       0.12337960045871943     
   2327.0000000000000       0.80179965314833224     
   2328.0000000000000       0.59091838036815902     
   2329.0000000000000       -5.6668851526904263E-003
   2330.0000000000000      -0.77785004262726709     
   2331.0000000000000      -0.59961129181145256     
   2332.0000000000000       -9.8027935080437834E-002
   2333.0000000000000       0.72692550338299922     
   2334.0000000000000       0.59901008577193871     
   2335.0000000000000       0.19622673592799073     
   2336.0000000000000      -0.65078322872464023     
   2337.0000000000000      -0.61150150344447141     
   2338.0000000000000      -0.29682507365172328     
   2339.0000000000000       0.54508969216808278     
   2340.0000000000000       0.65632893977547802     
   2341.0000000000000       0.39909378434054132     
   2342.0000000000000      -0.41099541413851959     
   2343.0000000000000      -0.72806804256425872     
   2344.0000000000000      -0.48935461721011791     
   2345.0000000000000       0.26640265557400450     
   2346.0000000000000       0.78614902782553764     
   2347.0000000000000       0.55412657407820776     
   2348.0000000000000      -0.13130097720314637     
   2349.0000000000000      -0.80218742749686878     
   2350.0000000000000      -0.58964548348677170     
   2351.0000000000000        1.2549486444208613E-002
   2352.0000000000000       0.78021002028613151     
   2353.0000000000000       0.59955345470504784     
   2354.0000000000000        9.1808342405881205E-002
   2355.0000000000000      -0.73081943828948748     
   2356.0000000000000      -0.59890711283402231     
   2357.0000000000000      -0.19007371229758496     
   2358.0000000000000       0.65635960716516761     
   2359.0000000000000       0.60991023611710549     
   2360.0000000000000       0.29041155061583268     
   2361.0000000000000      -0.55261714690753749     
   2362.0000000000000      -0.65247112048545008     
   2363.0000000000000      -0.39286485300153240     
   2364.0000000000000       0.41994466504725403     
   2365.0000000000000       0.72348909324145660     
   2366.0000000000000       0.48437803417188735     
   2367.0000000000000      -0.27530053701212726     
   2368.0000000000000      -0.78366354595054499     
   2369.0000000000000      -0.55092536510728385     
   2370.0000000000000       0.13928851202209147     
   2371.0000000000000       0.80242537703516414     
   2372.0000000000000       0.58826793595256510     
   2373.0000000000000       -1.9490860674832078E-002
   2374.0000000000000      -0.78246637573780919     
   2375.0000000000000      -0.59945214211998932     
   2376.0000000000000       -8.5565066811518764E-002
   2377.0000000000000       0.73461779983847053     
   2378.0000000000000       0.59884981145622673     
   2379.0000000000000       0.18393132579328908     
   2380.0000000000000      -0.66182046082247870     
   2381.0000000000000      -0.60844919848802836     
   2382.0000000000000      -0.28401157653093978     
   2383.0000000000000       0.56002462613188919     
   2384.0000000000000       0.64874074669064552     
   2385.0000000000000       0.38659363109876127     
   2386.0000000000000      -0.42884549925251986     
   2387.0000000000000      -0.71886290777662931     
   2388.0000000000000      -0.47929941819779587     
   2389.0000000000000       0.28423809393417021     
   2390.0000000000000       0.78100285402367375     
   2391.0000000000000       0.54760868760050807     
   2392.0000000000000      -0.14734167607287219     
   2393.0000000000000      -0.80251024145881988     
   2394.0000000000000      -0.58678363385479426     
   2395.0000000000000        2.6492454455096626E-002
   2396.0000000000000       0.78461714874489707     
   2397.0000000000000       0.59930235718677238     
   2398.0000000000000        7.9295610091113744E-002
   2399.0000000000000      -0.73832121194264611     
   2400.0000000000000      -0.59883233218391096     
   2401.0000000000000      -0.17779800064150453     
   2402.0000000000000       0.66716721080200603     
   2403.0000000000000       0.60711433911099788     
   2404.0000000000000       0.27762658141306762     
   2405.0000000000000      -0.56731061947184891     
   2406.0000000000000      -0.64514315318242588     
   2407.0000000000000      -0.38028491101309891     
   2408.0000000000000       0.43769137782791800     
   2409.0000000000000       0.71420262151128622     
   2410.0000000000000       0.47412077063048541     
   2411.0000000000000      -0.29321188335810244     
   2412.0000000000000      -0.77816930010966112     
   2413.0000000000000      -0.54417692217758673     
   2414.0000000000000       0.15545984542045099     
   2415.0000000000000       0.80243883422232176     
   2416.0000000000000       0.58519070153497599     
   2417.0000000000000       -3.3555583091610219E-002
   2418.0000000000000      -0.78666020714448559     
   2419.0000000000000      -0.59909921262957799     
   2420.0000000000000       -7.2997473103993737E-002
   2421.0000000000000       0.74193017700320651     
   2422.0000000000000       0.59884883423169144     
   2423.0000000000000       0.17167205260552576     
   2424.0000000000000      -0.67240130807062404     
   2425.0000000000000      -0.60590132702666755     
   2426.0000000000000      -0.27125773983653623     
   2427.0000000000000       0.57447394565653298     
   2428.0000000000000       0.64168285333850517     
   2429.0000000000000       0.37394342152097237     
   2430.0000000000000      -0.44647589630971019     
   2431.0000000000000      -0.70952152617591069     
   2432.0000000000000      -0.46884434191429886     
   2433.0000000000000       0.30221814220988602     
   2434.0000000000000       0.77516592799349993     
   2435.0000000000000       0.54063048811797021     
   2436.0000000000000      -0.16364230156126269     
   2437.0000000000000      -0.80220806679259216     
   2438.0000000000000      -0.58348748812954399     
   2439.0000000000000        4.0681427181960439E-002
   2440.0000000000000       0.78859325266220548     
   2441.0000000000000       0.59883794026132220     
   2442.0000000000000        6.6668163865346131E-002
   2443.0000000000000      -0.74544506868025451     
   2444.0000000000000      -0.59889349284697135     
   2445.0000000000000      -0.16555169687653415     
   2446.0000000000000       0.67752421978394073     
   2447.0000000000000       0.60480558227523296     
   2448.0000000000000       0.26490597763523449     
   2449.0000000000000      -0.58151373533662798     
   2450.0000000000000      -0.63836355449314597     
   2451.0000000000000      -0.36757379532125267     
   2452.0000000000000       0.45519282828315311     
   2453.0000000000000       0.70483295932574352     
   2454.0000000000000       0.46347264363872204     
   2455.0000000000000      -0.31125277852016425     
   2456.0000000000000      -0.77199651680054115     
   2457.0000000000000      -0.53696983871460968     
   2458.0000000000000       0.17188823023798405     
   2459.0000000000000       0.80181497401328417     
   2460.0000000000000       0.58167256214817298     
   2461.0000000000000       -4.7871030358805133E-002
   2462.0000000000000      -0.79041382818684991     
   2463.0000000000000      -0.59851390101160962     
   2464.0000000000000       -6.0305206034348635E-002
   2465.0000000000000       0.74886612480988624     
   2466.0000000000000       0.59896050598268147     
   2467.0000000000000       0.15943505558856108     
   2468.0000000000000      -0.68253741646267119     
   2469.0000000000000      -0.60382230452016550     
   2470.0000000000000      -0.25857197960440792     
   2471.0000000000000       0.58842941249197800     
   2472.0000000000000       0.63518817949461215     
   2473.0000000000000       0.36118053882716372     
   2474.0000000000000      -0.46383616569998076     
   2475.0000000000000      -0.70015019361135122     
   2476.0000000000000      -0.45800845607168633     
   2477.0000000000000       0.32031136773381702     
   2478.0000000000000       0.76866561555657564     
   2479.0000000000000       0.53319545938061386     
   2480.0000000000000      -0.18019671829143391     
   2481.0000000000000      -0.80125674070562680     
   2482.0000000000000      -0.57974470415109991     
   2483.0000000000000        5.5125298195621619E-002
   2484.0000000000000       0.79211932650185879     
   2485.0000000000000       0.59812259538262791     
   2486.0000000000000        5.3906147773792767E-002
   2487.0000000000000      -0.75219344051770620     
   2488.0000000000000      -0.59904410039100819     
   2489.0000000000000      -0.15332016497650647     
   2490.0000000000000       0.68744235997308034     
   2491.0000000000000       0.60294649977861925     
   2492.0000000000000       0.25225619800972565     
   2493.0000000000000      -0.59522067478272689     
   2494.0000000000000      -0.63215889347785992     
   2495.0000000000000      -0.35476800458563384     
   2496.0000000000000       0.47240015533823487     
   2497.0000000000000       0.69548632810557176     
   2498.0000000000000       0.45245483067919212     
   2499.0000000000000      -0.32938915473294739     
   2500.0000000000000      -0.76517857109386589     
   2501.0000000000000      -0.52930786873200009     
   2502.0000000000000       0.18856674832693798     
   2503.0000000000000       0.80053072965792638     
   2504.0000000000000       0.57770289763711480     
   2505.0000000000000       -6.2444998256583562E-002
   2506.0000000000000      -0.79370700045181664     
   2507.0000000000000      -0.59765967419574784     
   2508.0000000000000       -4.7468570934239063E-002
   2509.0000000000000       0.75542696159485079     
   2510.0000000000000       0.59913853725551203     
   2511.0000000000000       0.14720498220779649     
   2512.0000000000000      -0.69224049225589690     
   2513.0000000000000      -0.60217300528065743     
   2514.0000000000000      -0.24595886172621695     
   2515.0000000000000       0.60188747317494606     
   2516.0000000000000       0.62927713490337012     
   2517.0000000000000       0.34834036658568829     
   2518.0000000000000      -0.48087933095049101     
   2519.0000000000000      -0.69085418376473084     
   2520.0000000000000      -0.44681508731444691     
   2521.0000000000000       0.33848106198788891     
   2522.0000000000000       0.76154154771451776     
   2523.0000000000000       0.52530762280916932     
   2524.0000000000000      -0.19699719101898405     
   2525.0000000000000      -0.79963451117588735     
   2526.0000000000000      -0.57554631830074321     
   2527.0000000000000        6.9830761241770567E-002
   2528.0000000000000       0.79517397450566352     
   2529.0000000000000       0.59712094946199112     
   2530.0000000000000        4.0990100495454485E-002
   2531.0000000000000      -0.75856647821749734     
   2532.0000000000000      -0.59923811748428057     
   2533.0000000000000      -0.14108739192924702     
   2534.0000000000000       0.69693322473962793     
   2535.0000000000000       0.60149651250034164     
   2536.0000000000000       0.23967998584585831     
   2537.0000000000000      -0.60842999114074470     
   2538.0000000000000      -0.62654364995647804     
   2539.0000000000000      -0.34190159862178221     
   2540.0000000000000       0.48926854078228948     
   2541.0000000000000       0.68626620489168766     
   2542.0000000000000       0.44109280596013734     
   2543.0000000000000      -0.34758170404074451     
   2544.0000000000000      -0.75776153710960981     
   2545.0000000000000      -0.52119532252222445     
   2546.0000000000000       0.20548679494225008     
   2547.0000000000000       0.79856589437591452     
   2548.0000000000000       0.57327432186125316     
   2549.0000000000000       -7.7283083147103748E-002
   2550.0000000000000      -0.79651725766431036     
   2551.0000000000000      -0.59650240518386954     
   2552.0000000000000       -3.4468414178751905E-002
   2553.0000000000000       0.76161161910372088     
   2554.0000000000000       0.59933718679095116     
   2555.0000000000000       0.13496521258082628     
   2556.0000000000000      -0.70152192836794947     
   2557.0000000000000      -0.60091158841759862     
   2558.0000000000000      -0.23341938160867803     
   2559.0000000000000       0.61484862370038773     
   2560.0000000000000       0.62395852946080388     
   2561.0000000000000       0.33545545579028591     
   2562.0000000000000      -0.49756297027420671     
   2563.0000000000000      -0.68173436820589617     
   2564.0000000000000      -0.43529181310953208     
   2565.0000000000000       0.35668540830355605     
   2566.0000000000000       0.75384635720396398     
   2567.0000000000000       0.51697162430974286     
   2568.0000000000000      -0.21403417390064461     
   2569.0000000000000      -0.79732296039894202     
   2570.0000000000000      -0.57088643070624268     
   2571.0000000000000        8.4802328326906706E-002
   2572.0000000000000       0.79773375764954346     
   2573.0000000000000       0.59580020787565680     
   2574.0000000000000        2.7901252126669496E-002
   2575.0000000000000      -0.76456184621194478     
   2576.0000000000000      -0.59943014069292055     
   2577.0000000000000      -0.12883620253689487     
   2578.0000000000000       0.70600792416691216     
   2579.0000000000000       0.60041269508132522     
   2580.0000000000000       0.22717666652783608     
   2581.0000000000000      -0.62114395654098997     
   2582.0000000000000      -0.62152124752993299     
   2583.0000000000000      -0.32900545911961221     
   2584.0000000000000       0.50575815988433448     
   2585.0000000000000       0.67727010082716199     
   2586.0000000000000       0.42941616306422514     
   2587.0000000000000      -0.36578624193080200     
   2588.0000000000000      -0.74980463884924797     
   2589.0000000000000      -0.51263725388776882     
   2590.0000000000000       0.22263779182884857     
   2591.0000000000000       0.79590409769808745     
   2592.0000000000000       0.56838231962770314     
   2593.0000000000000       -9.2388733316565830E-002
   2594.0000000000000      -0.79882029630413209     
   2595.0000000000000      -0.59501071657493076     
   2596.0000000000000       -2.1286426531913594E-002
   2597.0000000000000       0.76741645009264980     
   2598.0000000000000       0.59951142955612158     
   2599.0000000000000       0.12269806614272577     
   2600.0000000000000      -0.71039247427619712     
   2601.0000000000000      -0.59999420755216659     
   2602.0000000000000      -0.22095127459403879     
   2603.0000000000000       0.62731674541371696     
   2604.0000000000000       0.61923070125934432     
   2605.0000000000000       0.32255488326792026     
   2606.0000000000000      -0.51385001807971664     
   2607.0000000000000      -0.67288420816136219     
   2608.0000000000000      -0.42347011459833211     
   2609.0000000000000       0.37487804431530219     
   2610.0000000000000       0.74564579961318700     
   2611.0000000000000       0.50819302283845158     
   2612.0000000000000      -0.23129594546100674     
   2613.0000000000000      -0.79430803950462525     
   2614.0000000000000      -0.56576180095777706     
   2615.0000000000000       0.10004241124420343     
   2616.0000000000000       0.79977362613045411     
   2617.0000000000000       0.59413049211113933     
   2618.0000000000000        1.4621831086335413E-002
   2619.0000000000000      -0.77017454600915691     
   2620.0000000000000      -0.59957556381277577     
   2621.0000000000000      -0.11654845971928252     
   2622.0000000000000       0.71467677336965663     
   2623.0000000000000       0.59965043030855081     
   2624.0000000000000       0.21474246645876038     
   2625.0000000000000      -0.63336789597975818     
   2626.0000000000000      -0.61708525084224175     
   2627.0000000000000      -0.31610674716741860     
   2628.0000000000000       0.52183482964322891     
   2629.0000000000000       0.66858681235346262     
   2630.0000000000000       0.41745810358273938     
   2631.0000000000000      -0.38395446456832949     
   2632.0000000000000      -0.74138000429543360     
   2633.0000000000000      -0.50363984765110748     
   2634.0000000000000       0.24000674509444297     
   2635.0000000000000       0.79253390349908470     
   2636.0000000000000       0.56302480943446898     
   2637.0000000000000      -0.10776335663417003     
   2638.0000000000000      -0.80059044789705081     
   2639.0000000000000      -0.59315630539747077     
   2640.0000000000000       -7.9054501134123711E-003
   2641.0000000000000       0.77283507094394244     
   2642.0000000000000       0.59961711947193186     
   2643.0000000000000       0.11038499761194825     
   2644.0000000000000      -0.71886194039394558     
   2645.0000000000000      -0.59937561220264346     
   2646.0000000000000      -0.20854933950905941     
   2647.0000000000000       0.63929844424509319     
   2648.0000000000000       0.61508275957543768     
   2649.0000000000000       0.30966380745091493     
   2650.0000000000000      -0.52970925952506576     
   2651.0000000000000      -0.66438730165946724     
   2652.0000000000000      -0.41138471227304602     
   2653.0000000000000       0.39300900318723692     
   2654.0000000000000       0.73701811222209279     
   2655.0000000000000       0.49897877068997043     
   2656.0000000000000      -0.24876809391601884     
   2657.0000000000000      -0.79058123360482591     
   2658.0000000000000      -0.56017138714416048     
   2659.0000000000000       0.11555145038201242     
   2660.0000000000000       0.80126742924947936     
   2661.0000000000000       0.59208514452076355     
   2662.0000000000000        1.1353672446717811E-003
   2663.0000000000000      -0.77539678160404246     
   2664.0000000000000      -0.59963074403198180     
   2665.0000000000000      -0.10420525835887717     
   2666.0000000000000       0.72294901056015448     
   2667.0000000000000       0.59916396005467143     
   2668.0000000000000       0.20237083775944237     
   2669.0000000000000      -0.64510953769554824     
   2670.0000000000000      -0.61322063330240095     
   2671.0000000000000      -0.30322855446388830     
   2672.0000000000000       0.53747035253478681     
   2673.0000000000000       0.66029429079607405     
   2674.0000000000000       0.40525463603827205     
   2675.0000000000000      -0.40203505699335118     
   2676.0000000000000      -0.73257161180887731     
   2677.0000000000000      -0.49421098243168277     
   2678.0000000000000       0.25757766649649999     
   2679.0000000000000       0.78845004367957428     
   2680.0000000000000       0.55720166889812828     
   2681.0000000000000      -0.12340646466067007     
   2682.0000000000000      -0.80180122427362144     
   2683.0000000000000      -0.59091422042044672     
   2684.0000000000000        5.6902264980684958E-003
   2685.0000000000000       0.77785825353272142     
   2686.0000000000000       0.59961116288944105     
   2687.0000000000000        9.8006791051612807E-002
   2688.0000000000000      -0.72693892753194878     
   2689.0000000000000      -0.59900965097514147     
   2690.0000000000000      -0.19620576149831032     
   2691.0000000000000       0.65080241721705456     
   2692.0000000000000       0.61149585891806435     
   2693.0000000000000       0.29680321064307769     
   2694.0000000000000      -0.54511552922087847     
   2695.0000000000000      -0.65631559206376811     
   2696.0000000000000      -0.39907264834394096     
   2697.0000000000000       0.41102596634272648     
   2698.0000000000000       0.72805254331390656     
   2699.0000000000000       0.48933784420178100     
   2700.0000000000000      -0.26643288718416730     
   2701.0000000000000      -0.78614086270829775     
   2702.0000000000000      -0.55411586840476879     
   2703.0000000000000       0.13132806750119375     
   2704.0000000000000       0.80218849397599223     
   2705.0000000000000       0.58964097097120161     
   2706.0000000000000       -1.2573025346762523E-002
   2707.0000000000000      -0.78021788142489568     
   2708.0000000000000      -0.59955318631905807     
   2709.0000000000000       -9.1787121954486683E-002
   2710.0000000000000       0.73083253576463170     
   2711.0000000000000       0.59890684350552892     
   2712.0000000000000       0.19005277663827935     
   2713.0000000000000      -0.65637839986142787     
   2714.0000000000000      -0.60990504163262305     
   2715.0000000000000      -0.29038973102929566     
   2716.0000000000000       0.55264257832066155     
   2717.0000000000000       0.65245819681215733     
   2718.0000000000000       0.39284356480473026     
   2719.0000000000000      -0.41997506357356995     
   2720.0000000000000      -0.72347341110214602     
   2721.0000000000000      -0.48436091055305275     
   2722.0000000000000       0.27533090923256376     
   2723.0000000000000       0.78365478090413809     
   2724.0000000000000       0.55091426559836743     
   2725.0000000000000      -0.13931582677843868     
   2726.0000000000000      -0.80242592766620291     
   2727.0000000000000      -0.58826306331450140     
   2728.0000000000000        1.9514602279158133E-002
   2729.0000000000000       0.78247388073120816     
   2730.0000000000000       0.59945171707695610     
   2731.0000000000000        8.5543761440059818E-002
   2732.0000000000000      -0.73463057296254242     
   2733.0000000000000      -0.59884968766943492     
   2734.0000000000000      -0.18391042373121236     
   2735.0000000000000       0.66183886249543344     
   2736.0000000000000       0.60844444075826387     
   2737.0000000000000       0.28398980567663124     
   2738.0000000000000      -0.56004964618521336     
   2739.0000000000000      -0.64872826662930261     
   2740.0000000000000      -0.38657220709230528     
   2741.0000000000000       0.42887572165535920     
   2742.0000000000000       0.71884708709341405     
   2743.0000000000000       0.47928195037848154     
   2744.0000000000000      -0.28426859556890582     
   2745.0000000000000      -0.78099349591200151     
   2746.0000000000000      -0.54759719547934571     
   2747.0000000000000       0.14736921332328556     
   2748.0000000000000       0.80251026525105806     
   2749.0000000000000       0.58677839432056411     
   2750.0000000000000       -2.6516403465669414E-002
   2751.0000000000000      -0.78462429062052064     
   2752.0000000000000      -0.59930175865141744     
   2753.0000000000000       -7.9274211285642604E-002
   2754.0000000000000       0.73833366263696254     
   2755.0000000000000       0.59883233402837610     
   2756.0000000000000       0.17777712662030604     
   2757.0000000000000      -0.66718522635039035     
   2758.0000000000000      -0.60711000384294889     
   2759.0000000000000      -0.27760486372110854     
   2760.0000000000000       0.56733522359325073     
   2761.0000000000000       0.64513113349089302     
   2762.0000000000000       0.38026336742821498     
   2763.0000000000000      -0.43772140204254861     
   2764.0000000000000      -0.71418670734732415     
   2765.0000000000000      -0.47410296584405570     
   2766.0000000000000       0.29324250214115749     
   2767.0000000000000       0.77815935809432490     
   2768.0000000000000       0.54416503880984179     
   2769.0000000000000      -0.15548760287864094     
   2770.0000000000000      -0.80243832047707542     
   2771.0000000000000      -0.58518508910345846     
   2772.0000000000000        3.3579743759274860E-002
   2773.0000000000000       0.78666697835352195     
   2774.0000000000000       0.59909842415575154     
   2775.0000000000000        7.2975972360972974E-002
   2776.0000000000000      -0.74194230676284179     
   2777.0000000000000      -0.59884894183949688     
   2778.0000000000000      -0.17165120071317264     
   2779.0000000000000       0.67241894247101597     
   2780.0000000000000       0.60589739902862239     
   2781.0000000000000       0.27123607887794110     
   2782.0000000000000      -0.57449813036622599     
   2783.0000000000000      -0.64167130799971550     
   2784.0000000000000      -0.37392177431562679     
   2785.0000000000000       0.44650570080546248     
   2786.0000000000000       0.70950556393878672     
   2787.0000000000000       0.46882620826542293     
   2788.0000000000000      -0.30224886476743235     
   2789.0000000000000      -0.77515541367556473     
   2790.0000000000000      -0.54061821499153595     
   2791.0000000000000       0.16367027661789679     
   2792.0000000000000       0.80220700518764265     
   2793.0000000000000       0.58348149755701706     
   2794.0000000000000       -4.0705803294284526E-002
   2795.0000000000000      -0.78859964510173419     
   2796.0000000000000      -0.59883694582529889     
   2797.0000000000000       -6.6646552719890950E-002
   2798.0000000000000       0.74545687854964537     
   2799.0000000000000       0.59889368641656282     
   2800.0000000000000       0.16553086087153507     
   2801.0000000000000      -0.67754147804566967     
   2802.0000000000000      -0.60480204555746941     
   2803.0000000000000      -0.26488437614655769     
   2804.0000000000000       0.58153749818603495     
   2805.0000000000000       0.63835249477857481     
   2806.0000000000000       0.36755206007319702     
   2807.0000000000000      -0.45522239220664401     
   2808.0000000000000      -0.70481699438936152     
   2809.0000000000000      -0.46345419013701750     
   2810.0000000000000       0.31128359034889264     
   2811.0000000000000       0.77198544434771255     
   2812.0000000000000       0.53695717742834881     
   2813.0000000000000      -0.17191641995343510     
   2814.0000000000000      -0.80181335469129100     
   2815.0000000000000      -0.58166618892655142     
   2816.0000000000000        4.7895625234382178E-002
   2817.0000000000000       0.79041983322711273     
   2818.0000000000000       0.59851268504704058     
   2819.0000000000000        6.0283476089788235E-002
   2820.0000000000000      -0.74887761535901409     
   2821.0000000000000      -0.59896076580053914     
   2822.0000000000000      -0.15941422892493556     
   2823.0000000000000       0.68255430358554814     
   2824.0000000000000       0.60381914238919010     
   2825.0000000000000       0.25855043951545631     
   2826.0000000000000      -0.58845275199841296     
   2827.0000000000000      -0.63517761404715156     
   2828.0000000000000      -0.36115873063537052     
   2829.0000000000000       0.46386546900612413     
   2830.0000000000000       0.70013427094111835     
   2831.0000000000000       0.45798969264904310     
   2832.0000000000000      -0.32034225319783971     
   2833.0000000000000      -0.76865400181044075     
   2834.0000000000000      -0.53318241164288427     
   2835.0000000000000       0.18022511938143859     
   2836.0000000000000       0.80125455436699999     
   2837.0000000000000       0.57973794447986404     
   2838.0000000000000       -5.5150114682317120E-002
   2839.0000000000000      -0.79212493501846482     
   2840.0000000000000      -0.59812114281673290     
   2841.0000000000000       -5.3884290732430951E-002
   2842.0000000000000       0.75220461181904974     
   2843.0000000000000       0.59904440685154103     
   2844.0000000000000       0.15329934082758367     
   2845.0000000000000      -0.68745888090777774     
   2846.0000000000000      -0.60294369492498401     
   2847.0000000000000      -0.25223472047371009     
   2848.0000000000000       0.59524359036105789     
   2849.0000000000000       0.63214882841081432     
   2850.0000000000000       0.35474613798118493     
   2851.0000000000000      -0.47242917890726044     
   2852.0000000000000      -0.69547049189424215     
   2853.0000000000000      -0.45243576818937015     
   2854.0000000000000       0.32942009708097897     
   2855.0000000000000       0.76516643565173281     
   2856.0000000000000       0.52929443636963203     
   2857.0000000000000      -0.18859535714048203     
   2858.0000000000000      -0.80052796765871193     
   2859.0000000000000      -0.57769574838938886     
   2860.0000000000000        6.2470038733614008E-002
   2861.0000000000000       0.79371220286277777     
   2862.0000000000000       0.59765797048622771     
   2863.0000000000000        4.7446578629114278E-002
   2864.0000000000000      -0.75543781320136549     
   2865.0000000000000      -0.59913887087958895     
   2866.0000000000000      -0.14718415348896763     
   2867.0000000000000       0.69225665186677132     
   2868.0000000000000       0.60217053986046765     
   2869.0000000000000       0.24593744715176330     
   2870.0000000000000      -0.60190996506732120     
   2871.0000000000000      -0.62926757391240051     
   2872.0000000000000      -0.34831845545283530     
   2873.0000000000000       0.48090805668966047     
   2874.0000000000000       0.69083847708565105     
   2875.0000000000000       0.44679573751420415     
   2876.0000000000000      -0.33851204339177271     
   2877.0000000000000      -0.76152891298054537     
   2878.0000000000000      -0.52529380778732793     
   2879.0000000000000       0.19702600350790989     
   2880.0000000000000       0.79963116563127645     
   2881.0000000000000       0.57553877698414202     
   2882.0000000000000       -6.9856027625392114E-002
   2883.0000000000000      -0.79517876081310390     
   2884.0000000000000      -0.59711898063404600     
   2885.0000000000000       -4.0967964922840050E-002
   2886.0000000000000       0.75857700914191650     
   2887.0000000000000       0.59923845893682082     
   2888.0000000000000       0.14106655131983148     
   2889.0000000000000      -0.69694902776975720     
   2890.0000000000000      -0.60149436821063074     
   2891.0000000000000      -0.23965863393035752     
   2892.0000000000000       0.60845206034534427     
   2893.0000000000000       0.62653459444151038     
   2894.0000000000000       0.34187965612959403     
   2895.0000000000000      -0.48929695171145338     
   2896.0000000000000      -0.68625066937538892     
   2897.0000000000000      -0.44107318147184282     
   2898.0000000000000       0.34761270565564051     
   2899.0000000000000       0.75774842831035905     
   2900.0000000000000       0.52118112697529173     
   2901.0000000000000      -0.20551580662233992     
   2902.0000000000000      -0.79856195827000265     
   2903.0000000000000      -0.57326638657425977     
   2904.0000000000000        7.7308576899582482E-002
   2905.0000000000000       0.79652161750065265     
   2906.0000000000000       0.59650015786663113     
   2907.0000000000000        3.4446127531069681E-002
   2908.0000000000000      -0.76162182779952137     
   2909.0000000000000      -0.59933751689801373     
   2910.0000000000000      -0.13494435254524201     
   2911.0000000000000       0.70153737940613459     
   2912.0000000000000       0.60090974656579066     
   2913.0000000000000       0.23339809137250789     
   2914.0000000000000      -0.61487027190005683     
   2915.0000000000000      -0.62394997865512913     
   2916.0000000000000      -0.33543349433500685     
   2917.0000000000000       0.49759105059478398     
   2918.0000000000000       0.68171904374500170     
   2919.0000000000000       0.43527192736589049     
   2920.0000000000000      -0.35671641034934842     
   2921.0000000000000      -0.75383280236422645     
   2922.0000000000000      -0.51695705058300145     
   2923.0000000000000       0.21406337980424672     
   2924.0000000000000       0.79731842770130779     
   2925.0000000000000       0.57087810009100437     
   2926.0000000000000       -8.4828050468335747E-002
   2927.0000000000000      -0.79773768032794001     
   2928.0000000000000      -0.59579766933727840     
   2929.0000000000000       -2.7878806825439639E-002
   2930.0000000000000       0.76457173055634153     
   2931.0000000000000       0.59943044045873273     
   2932.0000000000000       0.12881531534535384     
   2933.0000000000000      -0.70602302761638924     
   2934.0000000000000      -0.60041113664904544     
   2935.0000000000000      -0.22715543634903929     
   2936.0000000000000       0.62116518603249538     
   2937.0000000000000       0.62151319863399090     
   2938.0000000000000       0.32898349027761453     
   2939.0000000000000      -0.50578589503169724     
   2940.0000000000000      -0.67725502531352100     
   2941.0000000000000      -0.42939603023636785     
   2942.0000000000000       0.36581722379353510     
   2943.0000000000000       0.74979066872500644     
   2944.0000000000000       0.51262230458925850     
   2945.0000000000000      -0.22266718644949457     
   2946.0000000000000      -0.79589896348764944     
   2947.0000000000000      -0.56837359282024602     
   2948.0000000000000        9.2414684438996475E-002
   2949.0000000000000       0.79882377087289858     
   2950.0000000000000       0.59500787475554651     
   2951.0000000000000        2.1263815260314178E-002
   2952.0000000000000      -0.76742600737201461     
   2953.0000000000000      -0.59951168018048406     
   2954.0000000000000      -0.12267714389169571     
   2955.0000000000000       0.71040723432479991     
   2956.0000000000000       0.59999291325367321     
   2957.0000000000000       0.22093010224309334     
   2958.0000000000000      -0.62733755903826149     
   2959.0000000000000      -0.61922314957694757     
   2960.0000000000000      -0.32253291775892434     
   2961.0000000000000       0.51387739475932104     
   2962.0000000000000       0.67286941725822880     
   2963.0000000000000       0.42344974950907044     
   2964.0000000000000      -0.37490898466677691     
   2965.0000000000000      -0.74563144757976385     
   2966.0000000000000      -0.50817770089991221     
   2967.0000000000000       0.23132552269090878     
   2968.0000000000000       0.79430230010101566     
   2969.0000000000000       0.56575267753673142     
   2970.0000000000000      -0.10006859152745673     
   2971.0000000000000      -0.79977664143125682     
   2972.0000000000000      -0.59412733565289144     
   2973.0000000000000       -1.4599046820920392E-002
   2974.0000000000000       0.77018377290725470     
   2975.0000000000000       0.59957574670926694     
   2976.0000000000000       0.11652749435196763     
   2977.0000000000000      -0.71469119396118175     
   2978.0000000000000      -0.59964938064407836     
   2979.0000000000000      -0.21472134913311830     
   2980.0000000000000       0.63338829705527933     
   2981.0000000000000       0.61707818991728647     
   2982.0000000000000       0.31608479482748825     
   2983.0000000000000      -0.52186183585114154     
   2984.0000000000000      -0.66857233930443294     
   2985.0000000000000      -0.41743752160720859     
   2986.0000000000000       0.38398534150139096     
   2987.0000000000000       0.74136530619028296     
   2988.0000000000000       0.50362415639645453     
   2989.0000000000000      -0.24003649815622130     
   2990.0000000000000      -0.79252755660146268     
   2991.0000000000000      -0.56301528936945788     
   2992.0000000000000       0.10778976586262023     
   2993.0000000000000       0.80059299262661632     
   2994.0000000000000       0.59315282367081945     
   2995.0000000000000        7.8824861545137015E-003
   2996.0000000000000      -0.77284396353337870     
   2997.0000000000000      -0.59961721628730358     
   2998.0000000000000      -0.11036398093905114     
   2999.0000000000000       0.71887602520048355     
   3000.0000000000000       0.59937478750696216     
   3001.0000000000000       0.20852827386718564     
   3002.0000000000000      -0.63931843650077247     
   3003.0000000000000      -0.61507618132741992     
   3004.0000000000000      -0.30964187721460801     
   3005.0000000000000       0.52973588455379006     
   3006.0000000000000       0.66437317713486221     
   3007.0000000000000       0.41136392922928400     
   3008.0000000000000      -0.39303979436381320     
   3009.0000000000000      -0.73700310614314990     
   3010.0000000000000      -0.49896271390927999     
   3011.0000000000000       0.24879801529049267     
   3012.0000000000000       0.79057427843762662     
   3013.0000000000000       0.56016147074505762     
   3014.0000000000000      -0.11557808796155278     
   3015.0000000000000      -0.80126949202462738     
   3016.0000000000000      -0.59208132764633303     
   3017.0000000000000       -1.1122172450085399E-003
   3018.0000000000000       0.77540533534130440     
   3019.0000000000000       0.59963073666709432     
   3020.0000000000000       0.10418418207989455     
   3021.0000000000000      -0.72296276295518247     
   3022.0000000000000      -0.59916334054115761     
   3023.0000000000000      -0.20234981995411400     
   3024.0000000000000       0.64512912520886556     
   3025.0000000000000       0.61321452815933175     
   3026.0000000000000       0.30320665435484773     
   3027.0000000000000      -0.53749658696549063     
   3028.0000000000000      -0.66028054277650006     
   3029.0000000000000      -0.40523366807046290     
   3030.0000000000000       0.40206573980195837     
   3031.0000000000000       0.73255633787088759     
   3032.0000000000000       0.49419456445824150     
   3033.0000000000000      -0.25760774784882878     
   3034.0000000000000      -0.78844248114414739     
   3035.0000000000000      -0.55719135676640996     
   3036.0000000000000       0.12343332963501596     
   3037.0000000000000       0.80180279369947327     
   3038.0000000000000       0.59091005928573670     
   3039.0000000000000       -5.7135685070323072E-003
   3040.0000000000000      -0.77786646325715514     
   3041.0000000000000      -0.59961103352202771     
   3042.0000000000000       -9.7985646776903579E-002
   3043.0000000000000       0.72695235056400653     
   3044.0000000000000       0.59900921677567087     
   3045.0000000000000       0.19618478720898758     
   3046.0000000000000      -0.65082160435363401     
   3047.0000000000000      -0.61149021594563469     
   3048.0000000000000      -0.29678134777229026     
   3049.0000000000000       0.54514136490327680     
   3050.0000000000000       0.65630224575974705     
   3051.0000000000000       0.39905151180111420     
   3052.0000000000000      -0.41105651806195431     
   3053.0000000000000      -0.72803704336657515     
   3054.0000000000000      -0.48932106998941050     
   3055.0000000000000       0.26646311929102384     
   3056.0000000000000       0.78613269553876319     
   3057.0000000000000       0.55410516138819421     
   3058.0000000000000      -0.13135515856662150     
   3059.0000000000000      -0.80218955871725883     
   3060.0000000000000      -0.58963645724157621     
   3061.0000000000000        1.2596564931151244E-002
   3062.0000000000000       0.78022574136193934     
   3063.0000000000000       0.59955291742854011     
   3064.0000000000000        9.1765901228325619E-002
   3065.0000000000000      -0.73084563213144749     
   3066.0000000000000      -0.59890657470650510     
   3067.0000000000000      -0.19003184110239646     
   3068.0000000000000       0.65639719121783680     
   3069.0000000000000       0.60989984865869995     
   3070.0000000000000       0.29036791160021419     
   3071.0000000000000      -0.55266800834190222     
   3072.0000000000000      -0.65244527461801549     
   3073.0000000000000      -0.39282227611765808     
   3074.0000000000000       0.42000546153799978     
   3075.0000000000000       0.72345772841524614     
   3076.0000000000000       0.48434378575068204     
   3077.0000000000000      -0.27536128191332643     
   3078.0000000000000      -0.78364601382508214     
   3079.0000000000000      -0.55090316475020962     
   3080.0000000000000       0.13934314229602696     
   3081.0000000000000       0.80242647652155208     
   3082.0000000000000       0.58825818943799180     
   3083.0000000000000       -1.9538344582096023E-002
   3084.0000000000000      -0.78248138450014082     
   3085.0000000000000      -0.59945129147143661     
   3086.0000000000000       -8.5522455764852956E-002
   3087.0000000000000       0.73464334498552375     
   3088.0000000000000       0.59884956434426306     
   3089.0000000000000       0.18388952177427020     
   3090.0000000000000      -0.66185726284503410     
   3091.0000000000000      -0.60843968449202734     
   3092.0000000000000      -0.28396803499634832     
   3093.0000000000000       0.56007466482916501     
   3094.0000000000000       0.64871578810894315     
   3095.0000000000000       0.38655078265119286     
   3096.0000000000000      -0.42890594342043326     
   3097.0000000000000      -0.71883126601506708     
   3098.0000000000000      -0.47926448139883693     
   3099.0000000000000       0.28429909762403593     
   3100.0000000000000       0.78098413579489767     
   3101.0000000000000       0.54758570202336476     
   3102.0000000000000      -0.14739675132769958     
   3103.0000000000000      -0.80251028723062856     
   3104.0000000000000      -0.58677315352614656     
   3105.0000000000000        2.6540353190107058E-002
   3106.0000000000000       0.78463143124693613     
   3107.0000000000000       0.59930115949688845     
   3108.0000000000000        7.9252812147430296E-002
   3109.0000000000000      -0.73834611223601765     
   3110.0000000000000      -0.59883233626671295     
   3111.0000000000000      -0.17775625268469647     
   3112.0000000000000       0.66720324059226344     
   3113.0000000000000       0.60710566998815685     
   3114.0000000000000       0.27758314621678115     
   3115.0000000000000      -0.56735982629160853     
   3116.0000000000000      -0.64511911539264333     
   3117.0000000000000      -0.38024182346354773     
   3118.0000000000000       0.43775142554509816     
   3119.0000000000000       0.71417079294249997     
   3120.0000000000000       0.47408515992339484     
   3121.0000000000000      -0.29327312130095851     
   3122.0000000000000      -0.77814941410884919     
   3123.0000000000000      -0.54415315411214693     
   3124.0000000000000       0.15551536108249520     
   3125.0000000000000       0.80243780488332028     
   3126.0000000000000       0.58517947539262050     
   3127.0000000000000       -3.3603905154494074E-002
   3128.0000000000000      -0.78667374828668135     
   3129.0000000000000      -0.59909763500744428     
   3130.0000000000000       -7.2954471256301390E-002
   3131.0000000000000       0.74195443543155071     
   3132.0000000000000       0.59884904977361209     
   3133.0000000000000       0.17163034888569684     
   3134.0000000000000      -0.67243657558192560     
   3135.0000000000000      -0.60589347239067892     
   3136.0000000000000      -0.27121441811769859     
   3137.0000000000000       0.57452231364282214     
   3138.0000000000000       0.64165976429715432     
   3139.0000000000000       0.37390012678425311     
   3140.0000000000000      -0.44653550451688806     
   3141.0000000000000      -0.70948960161559738     
   3142.0000000000000      -0.46880807351144849     
   3143.0000000000000       0.30227958765425644     
   3144.0000000000000       0.77514489743131665     
   3145.0000000000000       0.54060594054041233     
   3146.0000000000000      -0.16369825241075098     
   3147.0000000000000      -0.80220594169977366     
   3148.0000000000000      -0.58347550568858264     
   3149.0000000000000        4.0730180146263062E-002
   3150.0000000000000       0.78860603623687364     
   3151.0000000000000       0.59883595066098549     
   3152.0000000000000        6.6624941184055819E-002
   3153.0000000000000      -0.74546868733087024     
   3154.0000000000000      -0.59889388024516732     
   3155.0000000000000      -0.16551002490962352     
   3156.0000000000000       0.67755873503498276     
   3157.0000000000000       0.60479851014409880     
   3158.0000000000000       0.26486277486415793     
   3159.0000000000000      -0.58156125959569538     
   3160.0000000000000      -0.63834143673407506     
   3161.0000000000000      -0.36753032455139989     
   3162.0000000000000       0.45525195527610096     
   3163.0000000000000       0.70480102952095103     
   3164.0000000000000       0.46343573556246820     
   3165.0000000000000      -0.31131440245556763     
   3166.0000000000000      -0.77197437002133484     
   3167.0000000000000      -0.53694451482302896     
   3168.0000000000000       0.17194461039451614     
   3169.0000000000000       0.80181173345370760     
   3170.0000000000000       0.58165981439489678     
   3171.0000000000000       -4.7920220860110496E-002
   3172.0000000000000      -0.79042583693273194     
   3173.0000000000000      -0.59851146830199153     
   3174.0000000000000       -6.0261745726403859E-002
   3175.0000000000000       0.74888910482107951     
   3176.0000000000000       0.59896102581044697     
   3177.0000000000000       0.15939340228161181     
   3178.0000000000000      -0.68257118945297435     
   3179.0000000000000      -0.60381598150465643     
   3180.0000000000000      -0.25852889963800968     
   3181.0000000000000       0.58847609006162394     
   3182.0000000000000       0.63516705029481468     
   3183.0000000000000       0.36113692222033456     
   3184.0000000000000      -0.46389477139148694     
   3185.0000000000000      -0.70011834849087373     
   3186.0000000000000      -0.45797092818895990     
   3187.0000000000000       0.32037313888463737     
   3188.0000000000000       0.76864238625278247     
   3189.0000000000000       0.53316936259210768     
   3190.0000000000000      -0.18025352118527671     
   3191.0000000000000      -0.80125236608217532     
   3192.0000000000000      -0.57973118348682384     
   3193.0000000000000        5.5174931928059667E-002
   3194.0000000000000       0.79213054216854917     
   3195.0000000000000       0.59811968941991145     
   3196.0000000000000        5.3862433244191710E-002
   3197.0000000000000      -0.75221578203270223     
   3198.0000000000000      -0.59904471343756116     
   3199.0000000000000      -0.15327851667526016     
   3200.0000000000000       0.68747540060375745     
   3201.0000000000000       0.60294089125788397     
   3202.0000000000000       0.25221324315183624     
   3203.0000000000000      -0.59526650449562601     
   3204.0000000000000      -0.63213876505551381     
   3205.0000000000000      -0.35472427120191657     
   3206.0000000000000       0.47245820149209278     
   3207.0000000000000       0.69545465605168133     
   3208.0000000000000       0.45241670470063056     
   3209.0000000000000      -0.32945103959286948     
   3210.0000000000000      -0.76515429846959326     
   3211.0000000000000      -0.52928100270066059     
   3212.0000000000000       0.18862396665476633     
   3213.0000000000000       0.80052520368509794     
   3214.0000000000000       0.57768859781031701     
   3215.0000000000000       -6.2495079976999213E-002
   3216.0000000000000      -0.79371740387384937     
   3217.0000000000000      -0.59765626589720444     
   3218.0000000000000       -4.7424585849559220E-002
   3219.0000000000000       0.75544866371775465     
   3220.0000000000000       0.59913920456305114     
   3221.0000000000000       0.14716332474219540     
   3222.0000000000000      -0.69227281025530629     
   3223.0000000000000      -0.60216807556521845     
   3224.0000000000000      -0.24591603279160834     
   3225.0000000000000       0.60193245551809105     
   3226.0000000000000       0.62925801464176778     
   3227.0000000000000       0.34829654419126083     
   3228.0000000000000      -0.48093678138487733     
   3229.0000000000000      -0.69082277091974120     
   3230.0000000000000      -0.44677638675658782     
   3231.0000000000000       0.33854302489702293     
   3232.0000000000000       0.76151627658769061     
   3233.0000000000000       0.52527999146584414     
   3234.0000000000000      -0.19705481668306912     
   3235.0000000000000      -0.79962781808683436     
   3236.0000000000000      -0.57553123432874254     
   3237.0000000000000        6.9881294781112713E-002
   3238.0000000000000       0.79518354568594707     
   3239.0000000000000       0.59711701088001701     
   3240.0000000000000        4.0945828848854005E-002
   3241.0000000000000      -0.75858753897190323     
   3242.0000000000000      -0.59923880038316457     
   3243.0000000000000      -0.14104571065716204     
   3244.0000000000000       0.69696482959345429     
   3245.0000000000000       0.60149222498282406     
   3246.0000000000000       0.23963728222694847     
   3247.0000000000000      -0.60847412811294810     
   3248.0000000000000      -0.62652554064786992     
   3249.0000000000000      -0.34185771355224187     
   3250.0000000000000       0.48932536154082168     
   3251.0000000000000       0.68623513451122653     
   3252.0000000000000       0.44105355607058222     
   3253.0000000000000      -0.34764370730607524     
   3254.0000000000000      -0.75773531794294335     
   3255.0000000000000      -0.52116693013631910     
   3256.0000000000000       0.20554481897259536     
   3257.0000000000000       0.79855802014198185     
   3258.0000000000000       0.57325844994294894     
   3259.0000000000000       -7.7334071428376783E-002
   3260.0000000000000      -0.79652597586651441     
   3261.0000000000000      -0.59649790957884596     
   3262.0000000000000       -3.4423840355799595E-002
   3263.0000000000000       0.76163203539464652     
   3264.0000000000000       0.59933784693387637     
   3265.0000000000000       0.13492349243039742     
   3266.0000000000000      -0.70155282925321538     
   3267.0000000000000      -0.60090790571163610     
   3268.0000000000000      -0.23337680134397565     
   3269.0000000000000       0.61489191866955017     
   3270.0000000000000       0.62394142956462084     
   3271.0000000000000       0.33541153283540348     
   3272.0000000000000      -0.49761912976384548     
   3273.0000000000000      -0.68170372006882218     
   3274.0000000000000      -0.43525204075633611     
   3275.0000000000000       0.35674741236182844     
   3276.0000000000000       0.75381924605648265     
   3277.0000000000000       0.51694247557262418     
   3278.0000000000000      -0.21409258636020922     
   3279.0000000000000      -0.79731389296285038     
   3280.0000000000000      -0.57086976812769652     
   3281.0000000000000        8.4853773388814946E-002
   3282.0000000000000       0.79774160149897633     
   3283.0000000000000       0.59579512978612348     
   3284.0000000000000        2.7856360971241112E-002
   3285.0000000000000      -0.76458161379183165     
   3286.0000000000000      -0.59943074008897712     
   3287.0000000000000      -0.12879442804791980     
   3288.0000000000000       0.70603812988940606     
   3289.0000000000000       0.60040957914916160     
   3290.0000000000000       0.22713420637129911     
   3291.0000000000000      -0.62118641410261610     
   3292.0000000000000      -0.62150515144036311     
   3293.0000000000000      -0.32896152142927154     
   3294.0000000000000       0.50581362898009674     
   3295.0000000000000       0.67723995070995102     
   3296.0000000000000       0.42937589659202563     
   3297.0000000000000      -0.36584820555145997     
   3298.0000000000000      -0.74977669724205231     
   3299.0000000000000      -0.51260735401651014     
   3300.0000000000000       0.22269658170275830     
   3301.0000000000000       0.79589382722167212     
   3302.0000000000000       0.56836486466256286     
   3303.0000000000000       -9.2440636341779903E-002
   3304.0000000000000      -0.79882724389662096     
   3305.0000000000000      -0.59500503188349807     
   3306.0000000000000       -2.1241203411311638E-002
   3307.0000000000000       0.76743556353220788     
   3308.0000000000000       0.59951193060560715     
   3309.0000000000000       0.12265622150758249     
   3310.0000000000000      -0.71042199321080379     
   3311.0000000000000      -0.59999161982150151     
   3312.0000000000000      -0.22090893008461282     
   3313.0000000000000       0.62735837125194971     
   3314.0000000000000       0.61921559957778749     
   3315.0000000000000       0.32251095227859272     
   3316.0000000000000      -0.51390477019688396     
   3317.0000000000000      -0.67285462738258428     
   3318.0000000000000      -0.42342938365480748     
   3319.0000000000000       0.37493992483973831     
   3320.0000000000000       0.74561709430560030     
   3321.0000000000000       0.50816237769774841     
   3322.0000000000000      -0.23135510053152419     
   3323.0000000000000      -0.79429655863160908     
   3324.0000000000000      -0.56574355276472210     
   3325.0000000000000       0.10009477259098976     
   3326.0000000000000       0.79977965514873106     
   3327.0000000000000       0.59412417810452989     
   3328.0000000000000        1.4576261954719616E-002
   3329.0000000000000      -0.77019299867384661     
   3330.0000000000000      -0.59957592934360804     
   3331.0000000000000      -0.11650652882389290     
   3332.0000000000000       0.71470561340309002     
   3333.0000000000000       0.59964833177921140     
   3334.0000000000000       0.21470023198945742     
   3335.0000000000000      -0.63340869673198275     
   3336.0000000000000      -0.61707113065072905     
   3337.0000000000000      -0.31606284254818717     
   3338.0000000000000       0.52188884077834852     
   3339.0000000000000       0.66855786739178602     
   3340.0000000000000       0.41741693891985898     
   3341.0000000000000      -0.38401621818050924     
   3342.0000000000000      -0.74135060697042843     
   3343.0000000000000      -0.50360846389025049     
   3344.0000000000000       0.24006625180440611     
   3345.0000000000000       0.79252120763272971     
   3346.0000000000000       0.56300576795398938     
   3347.0000000000000      -0.10781617586995951     
   3348.0000000000000      -0.80059553573418452     
   3349.0000000000000      -0.59314934081912485     
   3350.0000000000000       -7.8595215725990597E-003
   3351.0000000000000       0.77285285497688350     
   3352.0000000000000       0.59961731277844343     
   3353.0000000000000       0.11034296407730260     
   3354.0000000000000      -0.71889010886941573     
   3355.0000000000000      -0.59937396354368322     
   3356.0000000000000      -0.20850720839503034     
   3357.0000000000000       0.63933842737096391     
   3358.0000000000000       0.61506960470765770     
   3359.0000000000000       0.30961994706780438     
   3360.0000000000000      -0.52976250826755322     
   3361.0000000000000      -0.66435905384655058     
   3362.0000000000000      -0.41134314552819817     
   3363.0000000000000       0.39307058520981319     
   3364.0000000000000       0.73698809908284502     
   3365.0000000000000       0.49894665589082998     
   3366.0000000000000      -0.24882793722441421     
   3367.0000000000000      -0.79056732119945305     
   3368.0000000000000      -0.56015155299707753     
   3369.0000000000000       0.11560472631733143     
   3370.0000000000000       0.80127155313895271     
   3371.0000000000000       0.59207750961451699     
   3372.0000000000000        1.0890666013463335E-003
   3373.0000000000000      -0.77541388791610610     
   3374.0000000000000      -0.59963072891679592     
   3375.0000000000000      -0.10416310558362735     
   3376.0000000000000       0.72297651422355291     
   3377.0000000000000       0.59916272169249940     
   3378.0000000000000       0.20232880230457467     
   3379.0000000000000      -0.64514871135110741     
   3380.0000000000000      -0.61320842460952041     
   3381.0000000000000      -0.30318475436107528     
   3382.0000000000000       0.53752282005133845     
   3383.0000000000000       0.66026679608381322     
   3384.0000000000000       0.40521269950073036     
   3385.0000000000000      -0.40209642220270170     
   3386.0000000000000      -0.73254106309128442     
   3387.0000000000000      -0.49417814526281467     
   3388.0000000000000       0.25763782973074267     
   3389.0000000000000       0.78843491654385744     
   3390.0000000000000       0.55718104328830798     
   3391.0000000000000      -0.12346019538174180     
   3392.0000000000000      -0.80180436142575573     
   3393.0000000000000      -0.59090589696393192     
   3394.0000000000000        5.7369111796468086E-003
   3395.0000000000000       0.77787467180050152     
   3396.0000000000000       0.59961090370900894     
   3397.0000000000000        9.7964502256211894E-002
   3398.0000000000000      -0.72696577247920335     
   3399.0000000000000      -0.59900878317329675     
   3400.0000000000000      -0.19616381305996766     
   3401.0000000000000       0.65084079013443108     
   3402.0000000000000       0.61148457452704075     
   3403.0000000000000       0.29675948503943278     
   3404.0000000000000      -0.54516719921519763     
   3405.0000000000000      -0.65628890086367453     
   3406.0000000000000      -0.39903037471225145     
   3407.0000000000000       0.41108706929594008     
   3408.0000000000000       0.72802154272276720     
   3409.0000000000000       0.48930429457307212     
   3410.0000000000000      -0.26649335189445622     
   3411.0000000000000      -0.78612452631698837     
   3412.0000000000000      -0.55409445302849580     
   3413.0000000000000       0.13138225039941054     
   3414.0000000000000       0.80219062172053890     
   3415.0000000000000       0.58963194229780802     
   3416.0000000000000       -1.2620105197434617E-002
   3417.0000000000000      -0.78023360009718856     
   3418.0000000000000      -0.59955264803329444     
   3419.0000000000000       -9.1744680227299868E-002
   3420.0000000000000       0.73085872738996138     
   3421.0000000000000       0.59890630643672038     
   3422.0000000000000       0.19001090568987639     
   3423.0000000000000      -0.65641598123444966     
   3424.0000000000000      -0.60989465719518277     
   3425.0000000000000      -0.29034609232865005     
   3426.0000000000000       0.55269343697119278     
   3427.0000000000000       0.65243235390325194     
   3428.0000000000000       0.39280098694050608     
   3429.0000000000000      -0.42003585894028289     
   3430.0000000000000      -0.72344204518127153     
   3431.0000000000000      -0.48432665976484945     
   3432.0000000000000       0.27539165505428531     
   3433.0000000000000       0.78363724471345630     
   3434.0000000000000       0.55089206256282452     
   3435.0000000000000      -0.13937045857483354     
   3436.0000000000000      -0.80242702360108353     
   3437.0000000000000      -0.58825331432295780     
   3438.0000000000000        1.9562087583700372E-002
   3439.0000000000000       0.78248888704452546     
   3440.0000000000000       0.59945086530323499     
   3441.0000000000000        8.5501149785798813E-002
   3442.0000000000000      -0.73465611590743751     
   3443.0000000000000      -0.59884944148048025     
   3444.0000000000000      -0.18386861992239806     
   3445.0000000000000       0.66187566187133773     
   3446.0000000000000       0.60843492968915236     
   3447.0000000000000       0.28394626449014204     
   3448.0000000000000      -0.56009968206369121     
   3449.0000000000000      -0.64870331112976154     
   3450.0000000000000      -0.38652935777561254     
   3451.0000000000000       0.42893616454748590     
   3452.0000000000000       0.71881544454211133     
   3453.0000000000000       0.47924701125894570     
   3454.0000000000000      -0.28432960009941838     
   3455.0000000000000      -0.78097477367246881     
   3456.0000000000000      -0.54757420723258132     
   3457.0000000000000       0.14742429008608726     
   3458.0000000000000       0.80251030739740725     
   3459.0000000000000       0.58676791147147200     
   3460.0000000000000       -2.6564303628458963E-002
   3461.0000000000000      -0.78463857062405606     
   3462.0000000000000      -0.59930055972299456     
   3463.0000000000000       -7.9231412676378232E-002
   3464.0000000000000       0.73835856073982897     
   3465.0000000000000       0.59883233889869047     
   3466.0000000000000       0.17773537883460677     
   3467.0000000000000      -0.66722125352768313     
   3468.0000000000000      -0.60710133754644580     
   3469.0000000000000      -0.27756142890012692     
   3470.0000000000000       0.56738442756688257     
   3471.0000000000000       0.64510709888783835     
   3472.0000000000000       0.38022027911928219     
   3473.0000000000000      -0.43778144833531746     
   3474.0000000000000      -0.71415487829734059     
   3475.0000000000000      -0.47406735286859686     
   3476.0000000000000       0.29330374083735039     
   3477.0000000000000       0.77813946815336843     
   3478.0000000000000       0.54414126808451990     
   3479.0000000000000      -0.15554312003198389     
   3480.0000000000000      -0.80243728744093668     
   3481.0000000000000      -0.58517386040240171     
   3482.0000000000000        3.3628067277311491E-002
   3483.0000000000000       0.78668051694386976     
   3484.0000000000000       0.59909684518447004     
   3485.0000000000000        7.2932969789880064E-002
   3486.0000000000000      -0.74196656300934660     
   3487.0000000000000      -0.59884915803380789     
   3488.0000000000000      -0.17160949712302620     
   3489.0000000000000       0.67245420740341122     
   3490.0000000000000       0.60588954711265119     
   3491.0000000000000       0.27119275755584021     
   3492.0000000000000      -0.57454649548629377     
   3493.0000000000000      -0.64164822223095186     
   3494.0000000000000      -0.37387847892703174     
   3495.0000000000000       0.44656530744374578     
   3496.0000000000000       0.70947363920686923     
   3497.0000000000000       0.46878993765248012     
   3498.0000000000000      -0.30231031087018967     
   3499.0000000000000      -0.77513437926092021     
   3500.0000000000000      -0.54059366476461823     
   3501.0000000000000       0.16372622893979083     
   3502.0000000000000       0.80220487632887150     
   3503.0000000000000       0.58346951252418899     
   3504.0000000000000       -4.0754557737933905E-002
   3505.0000000000000      -0.78861242606752369     
   3506.0000000000000      -0.59883495476820192     
   3507.0000000000000       -6.6603329257743926E-002
   3508.0000000000000       0.74548049502393510     
   3509.0000000000000       0.59889407433255570     
   3510.0000000000000       0.16548918899072329     
   3511.0000000000000      -0.67757599075193831     
   3512.0000000000000      -0.60479497603492749     
   3513.0000000000000      -0.26484117378805788     
   3514.0000000000000       0.58158501956559139     
   3515.0000000000000       0.63833038035974654     
   3516.0000000000000       0.36750858875603654     
   3517.0000000000000      -0.45528151749129131     
   3518.0000000000000      -0.70478506472103475     
   3519.0000000000000      -0.46341727991518977     
   3520.0000000000000       0.31134521484000710     
   3521.0000000000000       0.77196329382160334     
   3522.0000000000000       0.53693185089866968     
   3523.0000000000000      -0.17197280156118955     
   3524.0000000000000      -0.80181011030042559     
   3525.0000000000000      -0.58165343855316443     
   3526.0000000000000        4.7944817236023507E-002
   3527.0000000000000       0.79043183930360206     
   3528.0000000000000       0.59851025077628761     
   3529.0000000000000        6.0240014944099363E-002
   3530.0000000000000      -0.74890059319608349     
   3531.0000000000000      -0.59896128601217724     
   3532.0000000000000      -0.15937257565851048     
   3533.0000000000000       0.68258807406500754     
   3534.0000000000000       0.60381282186636254     
   3535.0000000000000       0.25850735997208096     
   3536.0000000000000      -0.58849942668160526     
   3537.0000000000000      -0.63515648823767157     
   3538.0000000000000      -0.36111511358222420     
   3539.0000000000000       0.46392407285584708     
   3540.0000000000000       0.70010242626113062     
   3541.0000000000000       0.45795216269156275     
   3542.0000000000000      -0.32040402479401603     
   3543.0000000000000      -0.76863076888382809     
   3544.0000000000000      -0.53315631222830540     
   3545.0000000000000       0.18028192370290608     
   3546.0000000000000       0.80125017585105240     
   3547.0000000000000       0.57972442117194289     
   3548.0000000000000       -5.5199749932877018E-002
   3549.0000000000000      -0.79213614795200071     
   3550.0000000000000      -0.59811823519199470     
   3551.0000000000000       -5.3840575308980121E-002
   3552.0000000000000       0.75222695115865845     
   3553.0000000000000       0.59904502014884242     
   3554.0000000000000       0.15325769251945409     
   3555.0000000000000      -0.68749191906107587     
   3556.0000000000000      -0.60293808877711075     
   3557.0000000000000      -0.25219176604410809     
   3558.0000000000000       0.59528941718643491     
   3559.0000000000000       0.63212870341200100     
   3560.0000000000000       0.35470240424798988     
   3561.0000000000000      -0.47248722309252206     
   3562.0000000000000      -0.69543882057838968     
   3563.0000000000000      -0.45239764021310974     
   3564.0000000000000       0.32948198226841258     
   3565.0000000000000       0.76514215954770703     
   3566.0000000000000       0.52926756772510841     
   3567.0000000000000      -0.18865257686974457     
   3568.0000000000000      -0.80052243773699339     
   3569.0000000000000      -0.57768144589987058     
   3570.0000000000000        6.2520121986761157E-002
   3571.0000000000000       0.79372260348491530     
   3572.0000000000000       0.59765456042851639     
   3573.0000000000000        4.7402592595480630E-002
   3574.0000000000000      -0.75545951314400750     
   3575.0000000000000      -0.59913953830567457     
   3576.0000000000000      -0.14714249596739476     
   3577.0000000000000       0.69228896742155666     
   3578.0000000000000       0.60216561239469701     
   3579.0000000000000       0.24589461864574835     
   3580.0000000000000      -0.60195494452726683     
   3581.0000000000000      -0.62924845709148802     
   3582.0000000000000      -0.34827463280111753     
   3583.0000000000000       0.48096550503594476     
   3584.0000000000000       0.69080706526748470     
   3585.0000000000000       0.44675703504174447     
   3586.0000000000000      -0.33857400650342095     
   3587.0000000000000      -0.76150363853624559     
   3588.0000000000000      -0.52526617384474261     
   3589.0000000000000       0.19708363054441047     
   3590.0000000000000       0.79962446854247970     
   3591.0000000000000       0.57552369033452289     
   3592.0000000000000       -6.9906562708949016E-002
   3593.0000000000000      -0.79518832912407234     
   3594.0000000000000      -0.59711504019974893     
   3595.0000000000000       -4.0923692273405976E-002
   3596.0000000000000       0.75859806770743909     
   3597.0000000000000       0.59923914182308979     
   3598.0000000000000       0.14102486994115154     
   3599.0000000000000      -0.69698063021077306     
   3600.0000000000000      -0.60149008281670435     
   3601.0000000000000      -0.23961593073561926     
   3602.0000000000000       0.60849619444357583     
   3603.0000000000000       0.62651648857554842     
   3604.0000000000000       0.34183577088986988     
   3605.0000000000000      -0.48935377027021115     
   3606.0000000000000      -0.68621960029966289     
   3607.0000000000000      -0.44103392975651146     
   3608.0000000000000       0.34767470899181896     
   3609.0000000000000       0.75772220600768825     
   3610.0000000000000       0.52115273200533352     
   3611.0000000000000      -0.20557383199295887     
   3612.0000000000000      -0.79855407999178207     
   3613.0000000000000      -0.57325051196730481     
   3614.0000000000000        7.7359566733498975E-002
   3615.0000000000000       0.79653033276177165     
   3616.0000000000000       0.59649566032036550     
   3617.0000000000000        3.4401552652853273E-002
   3618.0000000000000      -0.76164224188907215     
   3619.0000000000000      -0.59933817689831836     
   3620.0000000000000      -0.13490263223620291     
   3621.0000000000000       0.70156827790924325     
   3622.0000000000000       0.60090606585491424     
   3623.0000000000000       0.23335551152306255     
   3624.0000000000000      -0.61491356400889430     
   3625.0000000000000      -0.62393288218924636     
   3626.0000000000000      -0.33538957129161007     
   3627.0000000000000       0.49764720778122207     
   3628.0000000000000       0.68168839717779772     
   3629.0000000000000       0.43523215328103354     
   3630.0000000000000      -0.35677841434075691     
   3631.0000000000000      -0.75380568828108929     
   3632.0000000000000      -0.51692789927864102     
   3633.0000000000000       0.21412179356846905     
   3634.0000000000000       0.79730935618351284     
   3635.0000000000000       0.57086143481630969     
   3636.0000000000000       -8.4879497088351075E-002
   3637.0000000000000      -0.79774552116252595     
   3638.0000000000000      -0.59579258922205225     
   3639.0000000000000       -2.7833914563989093E-002
   3640.0000000000000       0.76459149591838416     
   3641.0000000000000       0.59943103958343513     
   3642.0000000000000       0.12877354064450058     
   3643.0000000000000      -0.70605323098601169     
   3644.0000000000000      -0.60040802258145032     
   3645.0000000000000      -0.22711297659458957     
   3646.0000000000000       0.62120764075138513     
   3647.0000000000000       0.62149710594899432     
   3648.0000000000000       0.32893955257470708     
   3649.0000000000000      -0.50584136172937944     
   3650.0000000000000      -0.67722487701686529     
   3651.0000000000000      -0.42935576213137033     
   3652.0000000000000       0.36587918720432938     
   3653.0000000000000       0.74976272440077341     
   3654.0000000000000       0.51259240216955781     
   3655.0000000000000      -0.22272597758856938     
   3656.0000000000000      -0.79588868890011299     
   3657.0000000000000      -0.56835613515464900     
   3658.0000000000000        9.2466589024917778E-002
   3659.0000000000000       0.79883071537516981     
   3660.0000000000000       0.59500218795865378     
   3661.0000000000000        2.1218590984824370E-002
   3662.0000000000000      -0.76744511857319075     
   3663.0000000000000      -0.59951218083127567     
   3664.0000000000000      -0.12263529899029285     
   3665.0000000000000       0.71043675093425462     
   3666.0000000000000       0.59999032725542578     
   3667.0000000000000       0.22088775811856493     
   3668.0000000000000      -0.62737918205482024     
   3669.0000000000000      -0.61920805126178857     
   3670.0000000000000      -0.32248898682703947     
   3671.0000000000000       0.51393214439226709     
   3672.0000000000000       0.67283983853481422     
   3673.0000000000000       0.42340901703572154     
   3674.0000000000000      -0.37497086483393249     
   3675.0000000000000      -0.74560273979111158     
   3676.0000000000000      -0.50814705323199894     
   3677.0000000000000       0.23138467898277426     
   3678.0000000000000       0.79429081509637900     
   3679.0000000000000       0.56573442664174833     
   3680.0000000000000      -0.10012095443480018     
   3681.0000000000000      -0.79978266728274583     
   3682.0000000000000      -0.59412101946593165     
   3683.0000000000000       -1.4553476487655814E-002
   3684.0000000000000       0.77020222330888688     
   3685.0000000000000       0.59957611171558645     
   3686.0000000000000       0.11648556313496405     
   3687.0000000000000      -0.71472003169542420     
   3688.0000000000000      -0.59964728371372067     
   3689.0000000000000      -0.21467911502773812     
   3690.0000000000000       0.63342909500991174     
   3691.0000000000000       0.61706407304247524     
   3692.0000000000000       0.31604089032961891     
   3693.0000000000000      -0.52191584442472572     
   3694.0000000000000      -0.66854339661587736     
   3695.0000000000000      -0.41739635552087428     
   3696.0000000000000       0.38404709460542474     
   3697.0000000000000       0.74133590663631221     
   3698.0000000000000       0.50359277013253945     
   3699.0000000000000      -0.24009600603891046     
   3700.0000000000000      -0.79251485659287690     
   3701.0000000000000      -0.56299624518806690     
   3702.0000000000000       0.10784258665618107     
   3703.0000000000000       0.80059807721962317     
   3704.0000000000000       0.59314585684227306     
   3705.0000000000000        7.8365563675953931E-003
   3706.0000000000000      -0.77286174527440343     
   3707.0000000000000      -0.59961740894514148     
   3708.0000000000000      -0.11032194702660669     
   3709.0000000000000       0.71890419140078055     
   3710.0000000000000       0.59937314031257671     
   3711.0000000000000       0.20848614309254865     
   3712.0000000000000      -0.63935841685571537     
   3713.0000000000000      -0.61506302971604065     
   3714.0000000000000      -0.30959801701059741     
   3715.0000000000000       0.52978913066624578     
   3716.0000000000000       0.66434493179485699     
   3717.0000000000000       0.41132236116997595     
   3718.0000000000000      -0.39310137572497411     
   3719.0000000000000      -0.73697309104164299     
   3720.0000000000000      -0.49893059663467043     
   3721.0000000000000       0.24885785971768681     
   3722.0000000000000       0.79056036189031498     
   3723.0000000000000       0.56014163390022720     
   3724.0000000000000      -0.11563136544933705     
   3725.0000000000000      -0.80127361259232210     
   3726.0000000000000      -0.59207369042520930     
   3727.0000000000000       -1.0659153136157729E-003
   3728.0000000000000       0.77542243932838761     
   3729.0000000000000       0.59963072078088031     
   3730.0000000000000       0.10414202886997848     
   3731.0000000000000      -0.72299026436530056     
   3732.0000000000000      -0.59916210350846733     
   3733.0000000000000      -0.20230778481077499     
   3734.0000000000000       0.64516829612232396     
   3735.0000000000000       0.61320232265284036     
   3736.0000000000000       0.30316285448265373     
   3737.0000000000000      -0.53754905179223589     
   3738.0000000000000      -0.66025305071830553     
   3739.0000000000000      -0.40519173032926392     
   3740.0000000000000       0.40212710419531794     
   3741.0000000000000       0.73252578747055341     
   3742.0000000000000       0.49416172484545984     
   3743.0000000000000      -0.25766791214213480     
   3744.0000000000000      -0.78842734987873675     
   3745.0000000000000      -0.55717072846383253     
   3746.0000000000000       0.12348706190083258     
   3747.0000000000000       0.80180592745233770     
   3748.0000000000000       0.59090173345493591     
   3749.0000000000000       -5.7602545159761709E-003
   3750.0000000000000      -0.77788287916269372     
   3751.0000000000000      -0.59961077345018177     
   3752.0000000000000       -9.7943357489439609E-002
   3753.0000000000000       0.72697919327757121     
   3754.0000000000000       0.59900835016778764     
   3755.0000000000000       0.19614283905119512     
   3756.0000000000000      -0.65085997455949973     
   3757.0000000000000      -0.61147893466214198     
   3758.0000000000000      -0.29673762244457758     
   3759.0000000000000       0.54519303215656045     
   3760.0000000000000       0.65627555737581045     
   3761.0000000000000       0.39900923707754365     
   3762.0000000000000      -0.41111762004442076     
   3763.0000000000000      -0.72800604138298408     
   3764.0000000000000      -0.48928751795283087     
   3765.0000000000000       0.26652358499434659     
   3766.0000000000000       0.78611635504302857     
   3767.0000000000000       0.55408374332568633     
   3768.0000000000000      -0.13140934299954188     
   3769.0000000000000      -0.80219168298570220     
   3770.0000000000000      -0.58962742613980978     
   3771.0000000000000        1.2643646145671927E-002
   3772.0000000000000       0.78024145763056907     
   3773.0000000000000       0.59955237813312179     
   3774.0000000000000        9.1723458951310732E-002
   3775.0000000000000      -0.73087182154020014     
   3776.0000000000000      -0.59890603869594350     
   3777.0000000000000      -0.18998997040065913     
   3778.0000000000000       0.65643476991132188     
   3779.0000000000000       0.60988946724191606     
   3780.0000000000000       0.29032427321466425     
   3781.0000000000000      -0.55271886420846794     
   3782.0000000000000      -0.65241943466809282     
   3783.0000000000000      -0.39277969727346440     
   3784.0000000000000       0.42006625578015899     
   3785.0000000000000       0.72342636140073702     
   3786.0000000000000       0.48430953259562937     
   3787.0000000000000      -0.27542202865531062     
   3788.0000000000000      -0.78362847356934062     
   3789.0000000000000      -0.55088095903622658     
   3790.0000000000000       0.13939777561483546     
   3791.0000000000000       0.80242756890467004     
   3792.0000000000000       0.58824843796932103     
   3793.0000000000000       -1.9585831284025801E-002
   3794.0000000000000      -0.78249638836428181     
   3795.0000000000000      -0.59945043857215607     
   3796.0000000000000       -8.5479843502798913E-002
   3797.0000000000000       0.73466888572830569     
   3798.0000000000000       0.59884931907785544     
   3799.0000000000000       0.18384771817553125     
   3800.0000000000000      -0.66189405957440151     
   3801.0000000000000      -0.60843017634947372     
   3802.0000000000000      -0.28392449415806398     
   3803.0000000000000       0.56012469788873909     
   3804.0000000000000       0.64869083569195163     
   3805.0000000000000       0.38650793246575244     
   3806.0000000000000      -0.42896638503626117     
   3807.0000000000000      -0.71879962267506969     
   3808.0000000000000      -0.47922953995889173     
   3809.0000000000000       0.28436010299491121     
   3810.0000000000000       0.78096540954482063     
   3811.0000000000000       0.54756271110701116     
   3812.0000000000000      -0.14745182959842229     
   3813.0000000000000      -0.80251032575126968     
   3814.0000000000000      -0.58676266815647038     
   3815.0000000000000        2.6588254780774645E-002
   3816.0000000000000       0.78464570875179318     
   3817.0000000000000       0.59929995932954483     
   3818.0000000000000        7.9210012872387825E-002
   3819.0000000000000      -0.73837100814841361     
   3820.0000000000000      -0.59883234192407919     
   3821.0000000000000      -0.17771450506996916     
   3822.0000000000000       0.66723926515670673     
   3823.0000000000000       0.60709700651763865     
   3824.0000000000000       0.27753971177118703     
   3825.0000000000000      -0.56740902741903243     
   3826.0000000000000      -0.64509508397663995     
   3827.0000000000000      -0.38019873439560353     
   3828.0000000000000       0.43781147041295626     
   3829.0000000000000       0.71413896341237293     
   3830.0000000000000       0.47404954467975563     
   3831.0000000000000      -0.29333436075017788     
   3832.0000000000000      -0.77812952022801696     
   3833.0000000000000      -0.54412938072697759     
   3834.0000000000000       0.15557087972707639     
   3835.0000000000000       0.80243676814980447     
   3836.0000000000000       0.58516824413274082     
   3837.0000000000000       -3.3652230127771299E-002
   3838.0000000000000      -0.78668728432499302     
   3839.0000000000000      -0.59909605468664373     
   3840.0000000000000       -7.2911467961611631E-002
   3841.0000000000000       0.74197868949624035     
   3842.0000000000000       0.59884926661985405     
   3843.0000000000000       0.17158864542508789     
   3844.0000000000000      -0.67247183793553023     
   3845.0000000000000      -0.60588562319435380     
   3846.0000000000000      -0.27117109719239763     
   3847.0000000000000       0.57457067589661237     
   3848.0000000000000       0.64163668180123912     
   3849.0000000000000       0.37385683074414389     
   3850.0000000000000      -0.44659510958579296     
   3851.0000000000000      -0.70945767671312865     
   3852.0000000000000      -0.46877180068862245     
   3853.0000000000000       0.30234103441506421     
   3854.0000000000000       0.77512385916453930     
   3855.0000000000000       0.54058138766417207     
   3856.0000000000000      -0.16375420620498227     
   3857.0000000000000      -0.80220380907482092     
   3858.0000000000000      -0.58346351806378360     
   3859.0000000000000        4.0778936069335914E-002
   3860.0000000000000       0.78861881459358407     
   3861.0000000000000       0.59883395814676710     
   3862.0000000000000        6.6581716940857349E-002
   3863.0000000000000      -0.74549230162884716     
   3864.0000000000000      -0.59889426867849926     
   3865.0000000000000      -0.16546835311475849     
   3866.0000000000000       0.67759324519659414     
   3867.0000000000000       0.60479144322976131     
   3868.0000000000000       0.26481957291827951     
   3869.0000000000000      -0.58160877809570644     
   3870.0000000000000      -0.63831932565568938     
   3871.0000000000000      -0.36748685268728226     
   3872.0000000000000       0.45531107885198258     
   3873.0000000000000       0.70476909999013415     
   3874.0000000000000       0.46339882319529735     
   3875.0000000000000      -0.31137602750203031     
   3876.0000000000000      -0.77195221574871353     
   3877.0000000000000      -0.53691918565529106     
   3878.0000000000000       0.17200099345341657     
   3879.0000000000000       0.80180848523133730     
   3880.0000000000000       0.58164706140131073     
   3881.0000000000000       -4.7969414362154073E-002
   3882.0000000000000      -0.79043784033961662     
   3883.0000000000000      -0.59850903246975407     
   3884.0000000000000       -6.0218283742778378E-002
   3885.0000000000000       0.74891208048402647     
   3886.0000000000000       0.59896154640550270     
   3887.0000000000000       0.15935174905555222     
   3888.0000000000000      -0.68260495742170502     
   3889.0000000000000      -0.60380966347410781     
   3890.0000000000000      -0.25848582051768343     
   3891.0000000000000       0.58852276185834995     
   3892.0000000000000       0.63514592787579294     
   3893.0000000000000       0.36109330472120793     
   3894.0000000000000      -0.46395337339898324     
   3895.0000000000000      -0.70008650425240138     
   3896.0000000000000      -0.45793339615697753     
   3897.0000000000000       0.32043491092578130     
   3898.0000000000000       0.76861914970380485     
   3899.0000000000000       0.53314326055149863     
   3900.0000000000000      -0.18031032693428417     
   3901.0000000000000      -0.80124798367353089     
   3902.0000000000000      -0.57971765753518489     
   3903.0000000000000        5.5224568696796816E-002
   3904.0000000000000       0.79214175236870832     
   3905.0000000000000       0.59811678013281455     
   3906.0000000000000        5.3818716926701926E-002
   3907.0000000000000      -0.75223811919691319     
   3908.0000000000000      -0.59904532698515900     
   3909.0000000000000      -0.15323686836008282     
   3910.0000000000000       0.68750843627978941     
   3911.0000000000000       0.60293528748245817     
   3912.0000000000000       0.25217028915053047     
   3913.0000000000000      -0.59531232843348736     
   3914.0000000000000      -0.63211864348031854     
   3915.0000000000000      -0.35468053711956593     
   3916.0000000000000       0.47251624370833856     
   3917.0000000000000       0.69542298547486614     
   3918.0000000000000       0.45237857472694398     
   3919.0000000000000      -0.32951292510740138     
   3920.0000000000000      -0.76513001888633392     
   3921.0000000000000      -0.52925413144299815     
   3922.0000000000000       0.18868118778536991     
   3923.0000000000000       0.80051966981430678     
   3924.0000000000000       0.57767429265802095     
   3925.0000000000000       -6.2545164762922156E-002
   3926.0000000000000      -0.79372780169585977     
   3927.0000000000000      -0.59765285408000102     
   3928.0000000000000       -4.7380598866785806E-002
   3929.0000000000000       0.75547036148011215     
   3930.0000000000000       0.59913987210723485     
   3931.0000000000000       0.14712166716448072     
   3932.0000000000000      -0.69230512336557737     
   3933.0000000000000      -0.60216315034869083     
   3934.0000000000000      -0.24587320471417973     
   3935.0000000000000       0.60197743209486076     
   3936.0000000000000       0.62923890126157744     
   3937.0000000000000       0.34825272128255830     
   3938.0000000000000      -0.48099422764266558     
   3939.0000000000000      -0.69079136012936448     
   3940.0000000000000      -0.44673768236982059     
   3941.0000000000000       0.33860498821074791     
   3942.0000000000000       0.76149099882650317     
   3943.0000000000000       0.52525235492404798     
   3944.0000000000000      -0.19711244509188153     
   3945.0000000000000      -0.79962111699813088     
   3946.0000000000000      -0.57551614500146053     
   3947.0000000000000        6.9931831408918343E-002
   3948.0000000000000       0.79519311112735980     
   3949.0000000000000       0.59711306859308699     
   3950.0000000000000        4.0901555196405259E-002
   3951.0000000000000      -0.75860859534850666     
   3952.0000000000000      -0.59923948325637433     
   3953.0000000000000      -0.14100402917171273     
   3954.0000000000000       0.69699642962176589     
   3955.0000000000000       0.60148794171205533     
   3956.0000000000000       0.23959457945635898     
   3957.0000000000000      -0.60851825933724712     
   3958.0000000000000      -0.62650743822453658     
   3959.0000000000000      -0.34181382814262168     
   3960.0000000000000       0.48938217789943844     
   3961.0000000000000       0.68620406674116152     
   3962.0000000000000       0.44101430252978657     
   3963.0000000000000      -0.34770571071264178     
   3964.0000000000000      -0.75770909250491902     
   3965.0000000000000      -0.52113853258236253     
   3966.0000000000000       0.20560284568337284     
   3967.0000000000000       0.79855013781933348     
   3968.0000000000000       0.57324257264731182     
   3969.0000000000000       -7.7385062814960603E-002
   3970.0000000000000      -0.79653468818630047     
   3971.0000000000000      -0.59649341009104273     
   3972.0000000000000       -3.4379264422143119E-002
   3973.0000000000000       0.76165244728277337     
   3974.0000000000000       0.59933850679111944     
   3975.0000000000000       0.13488177196256851     
   3976.0000000000000      -0.70158372537426938     
   3977.0000000000000      -0.60090422699540480     
   3978.0000000000000      -0.23333422190975001     
   3979.0000000000000       0.61493520791811607     
   3980.0000000000000       0.62392433652897339     
   3981.0000000000000       0.33536760970376106     
   3982.0000000000000      -0.49767528464674499     
   3983.0000000000000      -0.68167307507236741     
   3984.0000000000000      -0.43521226494014703     
   3985.0000000000000       0.35680941628589463     
   3986.0000000000000       0.75379212903840320     
   3987.0000000000000       0.51691332170108206     
   3988.0000000000000      -0.21415100142896193     
   3989.0000000000000      -0.79730481736323788     
   3990.0000000000000      -0.57085310015683377     
   3991.0000000000000        8.4905221566950795E-002
   3992.0000000000000       0.79774943931846121     
   3993.0000000000000       0.59579004764492483     
   3994.0000000000000        2.7811467603598761E-002
   3995.0000000000000      -0.76460137693596719     
   3996.0000000000000      -0.59943133894188949     
   3997.0000000000000      -0.12875265313500484     
   3998.0000000000000       0.70606833090625454     
   3999.0000000000000       0.60040646694568778     
   4000.0000000000000       0.22709174701888490     
   4001.0000000000000      -0.62122886597883520     
   4002.0000000000000      -0.62148906215983069     
   4003.0000000000000      -0.32891758371404589     
   4004.0000000000000       0.50586909327939056     
   4005.0000000000000       0.67720980423467780     
   4006.0000000000000       0.42933562685457405     
   4007.0000000000000      -0.36591016875189564     
   4008.0000000000000      -0.74974875020155674     
   4009.0000000000000      -0.51257744904843539     
   4010.0000000000000       0.22275537410685642     
   4011.0000000000000       0.79588354852292920     
   4012.0000000000000       0.56834740429649921     
   4013.0000000000000       -9.2492542488412877E-002
   4014.0000000000000      -0.79883418530841577     
   4015.0000000000000      -0.59499934298088197     
   4016.0000000000000       -2.1195977980771108E-002
   4017.0000000000000       0.76745467249492472     
   4018.0000000000000       0.59951243085727379     
   4019.0000000000000       0.12261437633973321     
   4020.0000000000000      -0.71045150749519803     
   4021.0000000000000      -0.59998903555522032     
   4022.0000000000000      -0.22086658634491740     
   4023.0000000000000       0.62739999144691094     
   4024.0000000000000       0.61920050462887566     
   4025.0000000000000       0.32246702140437861     
   4026.0000000000000      -0.51395951734533085     
   4027.0000000000000      -0.67282505071530407     
   4028.0000000000000      -0.42338864965199119     
   4029.0000000000000       0.37500180464910504     
   4030.0000000000000       0.74558838403671435     
   4031.0000000000000       0.50813172750270219     
   4032.0000000000000      -0.23141425804458049     
   4033.0000000000000      -0.79428506949529865     
   4034.0000000000000      -0.56572529916781034     
   4035.0000000000000       0.10014713705888534     
   4036.0000000000000       0.79978567783316967     
   4037.0000000000000       0.59411785973697251     
   4038.0000000000000        1.4530690419650272E-002
   4039.0000000000000      -0.77021144681233034     
   4040.0000000000000      -0.59957629382498900     
   4041.0000000000000      -0.11646459728508540     
   4042.0000000000000       0.71473444883822712     
   4043.0000000000000       0.59964623644737902     
   4044.0000000000000       0.21465799824792242     
   4045.0000000000000      -0.63344949188910937     
   4046.0000000000000      -0.61705701709243177     
   4047.0000000000000      -0.31601893817188731     
   4048.0000000000000       0.52194284679014846     
   4049.0000000000000       0.66852892697706290     
   4050.0000000000000       0.41737577141043813     
   4051.0000000000000      -0.38407797077587835     
   4052.0000000000000      -0.74132120518837630     
   4053.0000000000000      -0.50357707512336491     
   4054.0000000000000       0.24012576085964710     
   4055.0000000000000       0.79250850348189517     
   4056.0000000000000       0.56298672107169412     
   4057.0000000000000      -0.10786899822127793     
   4058.0000000000000      -0.80060061708280073     
   4059.0000000000000      -0.59314237174014917     
   4060.0000000000000       -7.8135905394287608E-003
   4061.0000000000000       0.77287063442588599     
   4062.0000000000000       0.59961750478718789     
   4063.0000000000000       0.11030092978686712     
   4064.0000000000000      -0.71891827279461751     
   4065.0000000000000      -0.59937231781341294     
   4066.0000000000000      -0.20846507795969571     
   4067.0000000000000       0.63937840495507392     
   4068.0000000000000       0.61505645635245698     
   4069.0000000000000       0.30957608704307971     
   4070.0000000000000      -0.52981575174975881     
   4071.0000000000000      -0.66433081098010616     
   4072.0000000000000      -0.41130157615480495     
   4073.0000000000000       0.39313216590903405     
   4074.0000000000000       0.73695808202001012     
   4075.0000000000000       0.49891453614085168     
   4076.0000000000000      -0.24888778277021395     
   4077.0000000000000      -0.79055340051022327     
   4078.0000000000000      -0.56013171345451385     
   4079.0000000000000       0.11565800535755844     
   4080.0000000000000       0.80127567038460379     
   4081.0000000000000       0.59206987007830469     
   4082.0000000000000        1.0427633817478021E-003
   4083.0000000000000      -0.77543098957808887     
   4084.0000000000000      -0.59963071225914077     
   4085.0000000000000      -0.10412095193885051     
   4086.0000000000000       0.72300401338046116     
   4087.0000000000000       0.59916148598883012     
   4088.0000000000000       0.20228676747266428     
   4089.0000000000000      -0.64518787952256618     
   4090.0000000000000      -0.61319622228916415     
   4091.0000000000000      -0.30314095471966518     
   4092.0000000000000       0.53757528218808881     
   4093.0000000000000       0.66023930668026864     
   4094.0000000000000       0.40517076055625334     
   4095.0000000000000      -0.40215778577954298     
   4096.0000000000000      -0.73251051100918074     
   4097.0000000000000      -0.49414530320623451     
   4098.0000000000000       0.25769799508289781     
   4099.0000000000000       0.78841978114881639     
   4100.0000000000000       0.55716041229299329     
   4101.0000000000000      -0.12351392919227333     
   4102.0000000000000      -0.80180749177908783     
   4103.0000000000000      -0.59089756875865207     
   4104.0000000000000        5.7835985160851200E-003
   4105.0000000000000       0.77789108534366402     
   4106.0000000000000       0.59961064274534293     
   4107.0000000000000        9.7922212476488690E-002
   4108.0000000000000      -0.72699261295914086     
   4109.0000000000000      -0.59900791775891293     
   4110.0000000000000      -0.19612186518261487     
   4111.0000000000000       0.65087915762889303     
   4112.0000000000000       0.61147329635079650     
   4113.0000000000000       0.29671575998779620     
   4114.0000000000000      -0.54521886372728556     
   4115.0000000000000      -0.65626221529641393     
   4116.0000000000000      -0.39898809889718145     
   4117.0000000000000       0.41114817030713302     
   4118.0000000000000       0.72799053934772917     
   4119.0000000000000       0.48927074012875271     
   4120.0000000000000      -0.26655381859057659     
   4121.0000000000000      -0.78610818171693808     
   4122.0000000000000      -0.55407303227977778     
   4123.0000000000000       0.13143643636699642     
   4124.0000000000000       0.80219274251261874     
   4125.0000000000000       0.58962290876749379     
   4126.0000000000000       -1.2667187775923017E-002
   4127.0000000000000      -0.78024931396200692     
   4128.0000000000000      -0.59955210772782297     
   4129.0000000000000       -9.1702237400259623E-002
   4130.0000000000000       0.73088491458219107     
   4131.0000000000000       0.59890577148394275     
   4132.0000000000000       0.18996903523468428     
   4133.0000000000000      -0.65645355724850907     
   4134.0000000000000      -0.60988427879874685     
   4135.0000000000000      -0.29030245425831891     
   4136.0000000000000       0.55274429005366066     
   4137.0000000000000       0.65240651691276541     
   4138.0000000000000       0.39275840711672338     
   4139.0000000000000      -0.42009665205736757     
   4140.0000000000000      -0.72341067707415696     
   4141.0000000000000      -0.48429240424309605     
   4142.0000000000000       0.27545240271627258     
   4143.0000000000000       0.78361970039281459     
   4144.0000000000000       0.55086985417042966     
   4145.0000000000000      -0.13942509341601017     
   4146.0000000000000      -0.80242811243218404     
   4147.0000000000000      -0.58824356037700276     
   4148.0000000000000        1.9609575683126712E-002
   4149.0000000000000       0.78250388845932872     
   4150.0000000000000       0.59945001127800523     
   4151.0000000000000        8.5458536915754668E-002
   4152.0000000000000      -0.73468165444815048     
   4153.0000000000000      -0.59884919713615781     
   4154.0000000000000      -0.18382681653360561     
   4155.0000000000000       0.66191245595428194     
   4156.0000000000000       0.60842542447282466     
   4157.0000000000000       0.28390272400016514     
   4158.0000000000000      -0.56014971230425570     
   4159.0000000000000      -0.64867836179570804     
   4160.0000000000000      -0.38648650672180118     
   4161.0000000000000       0.42899660488650293     
   4162.0000000000000       0.71878380041446588     
   4163.0000000000000       0.47921206749875928     
   4164.0000000000000      -0.28439060631037133     
   4165.0000000000000      -0.78095604341206037     
   4166.0000000000000      -0.54755121364667036     
   4167.0000000000000       0.14747936986467802     
   4168.0000000000000       0.80251034229209195     
   4169.0000000000000       0.58675742358107297     
   4170.0000000000000       -2.6612206647102843E-002
   4171.0000000000000      -0.78465284563005910     
   4172.0000000000000      -0.59929935831634862     
   4173.0000000000000       -7.9188612735360153E-002
   4174.0000000000000       0.73838345446178921     
   4175.0000000000000       0.59883234534264773     
   4176.0000000000000       0.17769363139071426     
   4177.0000000000000      -0.66725727547939240     
   4178.0000000000000      -0.60709267690155999     
   4179.0000000000000      -0.27751799483000311     
   4180.0000000000000       0.56743362584801793     
   4181.0000000000000       0.64508307065921056     
   4182.0000000000000       0.38017718929269700     
   4183.0000000000000      -0.43784149177776482     
   4184.0000000000000      -0.71412304828812401     
   4185.0000000000000      -0.47403173535696524     
   4186.0000000000000       0.29336498103928582     
   4187.0000000000000       0.77811957033292989     
   4188.0000000000000       0.54411749203953752     
   4189.0000000000000      -0.15559864016774250     
   4190.0000000000000      -0.80243624700980376     
   4191.0000000000000      -0.58516262658357743     
   4192.0000000000000        3.3676393705917129E-002
   4193.0000000000000       0.78669405042995744     
   4194.0000000000000       0.59909526351377895     
   4195.0000000000000        7.2889965771397391E-002
   4196.0000000000000      -0.74199081489224494     
   4197.0000000000000      -0.59884937553152151     
   4198.0000000000000      -0.17156779379180997     
   4199.0000000000000       0.67248946717834157     
   4200.0000000000000       0.60588170063560109     
   4201.0000000000000       0.27114943702740257     
   4202.0000000000000      -0.57459485487374939     
   4203.0000000000000      -0.64162514300814566     
   4204.0000000000000      -0.37383518223576984     
   4205.0000000000000       0.44662491094278833     
   4206.0000000000000       0.70944171413490209     
   4207.0000000000000       0.46875366261997975     
   4208.0000000000000      -0.30237175828871132     
   4209.0000000000000      -0.77511333714233888     
   4210.0000000000000      -0.54056910923909229     
   4211.0000000000000       0.16378218420629120     
   4212.0000000000000       0.80220273993750779     
   4213.0000000000000       0.58345752230731418     
   4214.0000000000000       -4.0803315140507612E-002
   4215.0000000000000      -0.78862520181495488     
   4216.0000000000000      -0.59883296079650095     
   4217.0000000000000       -6.6560104233298945E-002
   4218.0000000000000       0.74550410714561277     
   4219.0000000000000       0.59889446328276974     
   4220.0000000000000       0.16544751728165319     
   4221.0000000000000      -0.67761049836900855     
   4222.0000000000000      -0.60478791172840674     
   4223.0000000000000      -0.26479797225484519     
   4224.0000000000000       0.58163253518602320     
   4225.0000000000000       0.63830827262200296     
   4226.0000000000000       0.36746511634531182     
   4227.0000000000000      -0.45534063935794239     
   4228.0000000000000      -0.70475313532877126     
   4229.0000000000000      -0.46338036540290611     
   4230.0000000000000       0.31140684044145545     
   4231.0000000000000       0.77194113580286117     
   4232.0000000000000       0.53690651909291276     
   4233.0000000000000      -0.17202918607115958     
   4234.0000000000000      -0.80180685824633491     
   4235.0000000000000      -0.58164068293929205     
   4236.0000000000000        4.7994012238535055E-002
   4237.0000000000000       0.79044384004067025     
   4238.0000000000000       0.59850781338221615     
   4239.0000000000000        6.0196552122344649E-002
   4240.0000000000000      -0.74892356668490989     
   4241.0000000000000      -0.59896180699019597     
   4242.0000000000000      -0.15933092247265801     
   4243.0000000000000       0.68262183952312450     
   4244.0000000000000       0.60380650632769162     
   4245.0000000000000       0.25846428127483051     
   4246.0000000000000      -0.58854609559185112     
   4247.0000000000000      -0.63513536920924918     
   4248.0000000000000      -0.36107149563745428     
   4249.0000000000000       0.46398267302067359     
   4250.0000000000000       0.70007058246519827     
   4251.0000000000000       0.45791462858533005     
   4252.0000000000000      -0.32046579727973878     
   4253.0000000000000      -0.76860752871294102     
   4254.0000000000000      -0.53313020756170859     
   4255.0000000000000       0.18033873087936869     
   4256.0000000000000       0.80124578954951065     
   4257.0000000000000       0.57971089257651376     
   4258.0000000000000       -5.5249388219846374E-002
   4259.0000000000000      -0.79214735541856041     
   4260.0000000000000      -0.59811532424220171     
   4261.0000000000000       -5.3796858097261868E-002
   4262.0000000000000       0.75224928614746145     
   4263.0000000000000       0.59904563394628496     
   4264.0000000000000       0.15321604419706453     
   4265.0000000000000      -0.68752495225995491     
   4266.0000000000000      -0.60293248737371974     
   4267.0000000000000      -0.25214881247110865     
   4268.0000000000000       0.59533523823678591     
   4269.0000000000000       0.63210858526050906     
   4270.0000000000000       0.35465866981680566     
   4271.0000000000000      -0.47254526333933250     
   4272.0000000000000      -0.69540715074161152     
   4273.0000000000000      -0.45235950824227023     
   4274.0000000000000       0.32954386810962832     
   4275.0000000000000       0.76511787648573448     
   4276.0000000000000       0.52924069385435280     
   4277.0000000000000      -0.18870979940159505     
   4278.0000000000000      -0.80051689991694652     
   4279.0000000000000      -0.57766713808473902     
   4280.0000000000000        6.2570208305504305E-002
   4281.0000000000000       0.79373299850656620     
   4282.0000000000000       0.59765114685149656     
   4283.0000000000000        4.7358604663381931E-002
   4284.0000000000000      -0.75548120872605717     
   4285.0000000000000      -0.59914020596750817     
   4286.0000000000000      -0.14710083833336851     
   4287.0000000000000       0.69232127808742372     
   4288.0000000000000       0.60216068942698708     
   4289.0000000000000       0.24585179099689836     
   4290.0000000000000      -0.60199991822088483     
   4291.0000000000000      -0.62922934715205159     
   4292.0000000000000      -0.34823080963573583     
   4293.0000000000000       0.48102294920484323     
   4294.0000000000000       0.69077565550586362     
   4295.0000000000000       0.44671832874096290     
   4296.0000000000000      -0.33863597001878515     
   4297.0000000000000      -0.76147835745875647     
   4298.0000000000000      -0.52523853470378534     
   4299.0000000000000       0.19714126032543033     
   4300.0000000000000       0.79961776345370694     
   4301.0000000000000       0.57550859832953427     
   4302.0000000000000       -6.9957100881037348E-002
   4303.0000000000000      -0.79519789169568877     
   4304.0000000000000      -0.59711109605987578     
   4305.0000000000000       -4.0879417617761260E-002
   4306.0000000000000       0.75861912189508740     
   4307.0000000000000       0.59923982468279513     
   4308.0000000000000       0.14098318834875767     
   4309.0000000000000      -0.69701222782648675     
   4310.0000000000000      -0.60148580166865939     
   4311.0000000000000      -0.23957322838915573     
   4312.0000000000000       0.60854032279398151     
   4313.0000000000000       0.62649838959482507     
   4314.0000000000000       0.34179188531064097     
   4315.0000000000000      -0.48941058442832075     
   4316.0000000000000      -0.68618853383618439     
   4317.0000000000000      -0.44099467439056339     
   4318.0000000000000       0.34773671246831450     
   4319.0000000000000       0.75769597743496098     
   4320.0000000000000       0.52112433186743301     
   4321.0000000000000      -0.20563186004377987     
   4322.0000000000000      -0.79854619362456603     
   4323.0000000000000      -0.57323463198295399     
   4324.0000000000000        7.7410559672773882E-002
   4325.0000000000000       0.79653904213997695     
   4326.0000000000000       0.59649115889072957     
   4327.0000000000000        3.4356975663580869E-002
   4328.0000000000000      -0.76166265157572532     
   4329.0000000000000      -0.59933883661205956     
   4330.0000000000000      -0.13486091160940494     
   4331.0000000000000       0.70159917164834418     
   4332.0000000000000       0.60090238913288641     
   4333.0000000000000       0.23331293250401863     
   4334.0000000000000      -0.61495685039724235     
   4335.0000000000000      -0.62391579258376828     
   4336.0000000000000      -0.33534564807199030     
   4337.0000000000000       0.49770336036024543     
   4338.0000000000000       0.68165775375297100     
   4339.0000000000000       0.43519237573384140     
   4340.0000000000000      -0.35684041819700230     
   4341.0000000000000      -0.75377856832878187     
   4342.0000000000000      -0.51689874283997783     
   4343.0000000000000       0.21418020994162412     
   4344.0000000000000       0.79730027650196866     
   4345.0000000000000       0.57084476414925867     
   4346.0000000000000       -8.4930946824621101E-002
   4347.0000000000000      -0.79775335596665531     
   4348.0000000000000      -0.59578750505460143     
   4349.0000000000000       -2.7789020089985406E-002
   4350.0000000000000       0.76461125684454923     
   4351.0000000000000       0.59943163816412148     
   4352.0000000000000       0.12873176551934057     
   4353.0000000000000      -0.70608342965018300     
   4354.0000000000000      -0.60040491224164994     
   4355.0000000000000      -0.22707051764415898     
   4356.0000000000000       0.62125008978499974     
   4357.0000000000000       0.62148102007281703     
   4358.0000000000000       0.32889561484741209     
   4359.0000000000000      -0.50589682362997634     
   4360.0000000000000      -0.67719473236380145     
   4361.0000000000000      -0.42931549076180880     
   4362.0000000000000       0.36594115019391144     
   4363.0000000000000       0.74973477464478999     
   4364.0000000000000       0.51256249465317671     
   4365.0000000000000      -0.22278477125754925     
   4366.0000000000000      -0.79587840609007854     
   4367.0000000000000      -0.56833867208810918     
   4368.0000000000000        9.2518496732266420E-002
   4369.0000000000000       0.79883765369622894     
   4370.0000000000000       0.59499649695005097     
   4371.0000000000000        2.1173364399070249E-002
   4372.0000000000000      -0.76746422529737179     
   4373.0000000000000      -0.59951268068338615     
   4374.0000000000000      -0.12259345355581014     
   4375.0000000000000       0.71046626289367953     
   4376.0000000000000       0.59998774472065830     
   4377.0000000000000       0.22084541476363734     
   4378.0000000000000      -0.62742079942826123     
   4379.0000000000000      -0.61919295967897425     
   4380.0000000000000      -0.32244505601072432     
   4381.0000000000000       0.51398688905593559     
   4382.0000000000000       0.67281026392443932     
   4383.0000000000000       0.42336828150379480     
   4384.0000000000000      -0.37503274428500155     
   4385.0000000000000      -0.74557402704282416     
   4386.0000000000000      -0.50811640050989648     
   4387.0000000000000       0.23144383771686450     
   4388.0000000000000       0.79427932182834182     
   4389.0000000000000       0.56571617034290778     
   4390.0000000000000      -0.10017332046324245     
   4391.0000000000000      -0.79978868679987158     
   4392.0000000000000      -0.59411469891753033     
   4393.0000000000000       -1.4507903750626161E-002
   4394.0000000000000       0.77022066918413090     
   4395.0000000000000       0.59957647567160310     
   4396.0000000000000       0.11644363127416230     
   4397.0000000000000      -0.71474886483154076     
   4398.0000000000000      -0.59964518997995764     
   4399.0000000000000      -0.21463688164997075     
   4400.0000000000000       0.63346988736961973     
   4401.0000000000000       0.61704996280050362     
   4402.0000000000000       0.31599698607509547     
   4403.0000000000000      -0.52196984787449363     
   4404.0000000000000      -0.66851445847569824     
   4405.0000000000000      -0.41735518658873405     
   4406.0000000000000       0.38410884669161105     
   4407.0000000000000       0.74130650262706310     
   4408.0000000000000       0.50356137886277108     
   4409.0000000000000      -0.24015551626652876     
   4410.0000000000000      -0.79250214829977517     
   4411.0000000000000      -0.56297719560487480     
   4412.0000000000000       0.10789541056524321     
   4413.0000000000000       0.80060315532358461     
   4414.0000000000000       0.59313888551263860     
   4415.0000000000000        7.7906240880255551E-003
   4416.0000000000000      -0.77287952243127855     
   4417.0000000000000      -0.59961760030437261     
   4418.0000000000000      -0.11027991235798723     
   4419.0000000000000       0.71893235305096592     
   4420.0000000000000       0.59937149604596240     
   4421.0000000000000       0.20844401299642690     
   4422.0000000000000      -0.63939839166908674     
   4423.0000000000000      -0.61504988461679577     
   4424.0000000000000      -0.30955415716534462     
   4425.0000000000000       0.52984237151798308     
   4426.0000000000000       0.66431669140262151     
   4427.0000000000000       0.41128079048287208     
   4428.0000000000000      -0.39316295576173027     
   4429.0000000000000      -0.73694307201841203     
   4430.0000000000000      -0.49889847440942403     
   4431.0000000000000       0.24891770638189858     
   4432.0000000000000       0.79054643705918859     
   4433.0000000000000       0.56012179165994447     
   4434.0000000000000      -0.11568464604198470     
   4435.0000000000000      -0.80127772651566576     
   4436.0000000000000      -0.59206604857369749     
   4437.0000000000000       -1.0196108056731434E-003
   4438.0000000000000       0.77543953866515025     
   4439.0000000000000       0.59963070335137036     
   4440.0000000000000       0.10409987479014599     
   4441.0000000000000      -0.72301776126907003     
   4442.0000000000000      -0.59916086913335753     
   4443.0000000000000      -0.20226575029019239     
   4444.0000000000000       0.64520746155188502     
   4445.0000000000000       0.61319012351836477     
   4446.0000000000000       0.30311905507219222     
   4447.0000000000000      -0.53760151123880240     
   4448.0000000000000      -0.66022556396999532     
   4449.0000000000000      -0.40514979018188846     
   4450.0000000000000       0.40218846695511368     
   4451.0000000000000       0.73249523370765190     
   4452.0000000000000       0.49412888034519586     
   4453.0000000000000      -0.25772807855292523     
   4454.0000000000000      -0.78841221035412867     
   4455.0000000000000      -0.55715009477580024     
   4456.0000000000000       0.12354079725604850     
   4457.0000000000000       0.80180905440587369     
   4458.0000000000000       0.59089340287498371     
   4459.0000000000000       -5.8069431800381599E-003
   4460.0000000000000      -0.77789929034334604     
   4461.0000000000000      -0.59961051159428935     
   4462.0000000000000       -9.7901067217261106E-002
   4463.0000000000000       0.72700603152394394     
   4464.0000000000000       0.59900748594644115     
   4465.0000000000000       0.19610089145417120     
   4466.0000000000000      -0.65089833934266461     
   4467.0000000000000      -0.61146765959286242     
   4468.0000000000000      -0.29669389766916027     
   4469.0000000000000       0.54524469392729324     
   4470.0000000000000       0.65624887462574477     
   4471.0000000000000       0.39896696017135558     
   4472.0000000000000      -0.41117872008381429     
   4473.0000000000000      -0.72797503661750396     
   4474.0000000000000      -0.48925396110090297     
   4475.0000000000000       0.26658405268302826     
   4476.0000000000000       0.78610000633877197     
   4477.0000000000000       0.55406231989078236     
   4478.0000000000000      -0.13146353050175530     
   4479.0000000000000      -0.80219380030115894     
   4480.0000000000000      -0.58961839018077267     
   4481.0000000000000        1.2690730088247282E-002
   4482.0000000000000       0.78025716909142773     
   4483.0000000000000       0.59955183681719837     
   4484.0000000000000        9.1681015574047842E-002
   4485.0000000000000      -0.73089800651596093     
   4486.0000000000000      -0.59890550480048788     
   4487.0000000000000      -0.18994810019189223     
   4488.0000000000000       0.65647234324606629     
   4489.0000000000000       0.60987909186551958     
   4490.0000000000000       0.29028063545967486     
   4491.0000000000000      -0.55276971450670531     
   4492.0000000000000      -0.65239360063749596     
   4493.0000000000000      -0.39273711647047321     
   4494.0000000000000       0.42012704777164805     
   4495.0000000000000       0.72339499220204639     
   4496.0000000000000       0.48427527470732390     
   4497.0000000000000      -0.27548277723704118     
   4498.0000000000000      -0.78361092518395803     
   4499.0000000000000      -0.55085874796544831     
   4500.0000000000000       0.13945241197833469     
   4501.0000000000000       0.80242865418349796     
   4502.0000000000000       0.58823868154592474     
   4503.0000000000000       -1.9633320781057839E-002
   4504.0000000000000      -0.78251138732958525     
   4505.0000000000000      -0.59944958342058630     
   4506.0000000000000       -8.5437230024566935E-002
   4507.0000000000000       0.73469442206699398     
   4508.0000000000000       0.59884907565515610     
   4509.0000000000000       0.18380591499655619     
   4510.0000000000000      -0.66193085101103610     
   4511.0000000000000      -0.60842067405903899     
   4512.0000000000000      -0.28388095401649671     
   4513.0000000000000       0.56017472531018841     
   4514.0000000000000       0.64866588944122405     
   4515.0000000000000       0.38646508054394696     
   4516.0000000000000      -0.42902682409795528     
   4517.0000000000000      -0.71876797776082202     
   4518.0000000000000      -0.47919459387863206     
   4519.0000000000000       0.28442111004565696     
   4520.0000000000000       0.78094667527429384     
   4521.0000000000000       0.54753971485157460     
   4522.0000000000000      -0.14750691088482792     
   4523.0000000000000      -0.80251035701975004     
   4524.0000000000000      -0.58675217774520971     
   4525.0000000000000        2.6636159227493406E-002
   4526.0000000000000       0.78465998125876679     
   4527.0000000000000       0.59929875668321531     
   4528.0000000000000        7.9167212265196851E-002
   4529.0000000000000      -0.73839589967997277     
   4530.0000000000000      -0.59883234915416605     
   4531.0000000000000      -0.17767275779677372     
   4532.0000000000000       0.66727528449579776     
   4533.0000000000000       0.60708834869803263     
   4534.0000000000000       0.27749627807661603     
   4535.0000000000000      -0.56745822285379899     
   4536.0000000000000      -0.64507105893571148     
   4537.0000000000000      -0.38015564381074773     
   4538.0000000000000       0.43787151242949351     
   4539.0000000000000       0.71410713292512107     
   4540.0000000000000       0.47401392490032002     
   4541.0000000000000      -0.29339560170451906     
   4542.0000000000000      -0.77810961846824211     
   4543.0000000000000      -0.54410560202221703     
   4544.0000000000000       0.15562640135395189     
   4545.0000000000000       0.80243572402081531     
   4546.0000000000000       0.58515700775485069     
   4547.0000000000000       -3.3700558011792947E-002
   4548.0000000000000      -0.78670081525866853     
   4549.0000000000000      -0.59909447166568985     
   4550.0000000000000       -7.2868463219139090E-002
   4551.0000000000000       0.74200293919737159     
   4552.0000000000000       0.59884948476858013     
   4553.0000000000000       0.17154694222311945     
   4554.0000000000000      -0.67250709513190321     
   4555.0000000000000      -0.60587777943620769     
   4556.0000000000000      -0.27112777706088664     
   4557.0000000000000       0.57461903241767698     
   4558.0000000000000       0.64161360585180238     
   4559.0000000000000       0.37381353340209056     
   4560.0000000000000      -0.44665471151448977     
   4561.0000000000000      -0.70942575147271669     
   4562.0000000000000      -0.46873552344665698     
   4563.0000000000000       0.30240248249096263     
   4564.0000000000000       0.77510281319448360     
   4565.0000000000000       0.54055682948939765     
   4566.0000000000000      -0.16381016294368378     
   4567.0000000000000      -0.80220166891681821     
   4568.0000000000000      -0.58345152525472899     
   4569.0000000000000        4.0827694951486970E-002
   4570.0000000000000       0.78863158773153552     
   4571.0000000000000       0.59883196271722272     
   4572.0000000000000        6.6538491134971345E-002
   4573.0000000000000      -0.74551591157423847     
   4574.0000000000000      -0.59889465814513809     
   4575.0000000000000      -0.16542668149133133     
   4576.0000000000000       0.67762775026923905     
   4577.0000000000000       0.60478438153066993     
   4578.0000000000000       0.26477637179777713     
   4579.0000000000000      -0.58165629083652515     
   4580.0000000000000      -0.63829722125878752     
   4581.0000000000000      -0.36744337973030061     
   4582.0000000000000       0.45537019900893827     
   4583.0000000000000       0.70473717073746744     
   4584.0000000000000       0.46336190653813158     
   4585.0000000000000      -0.31143765365810072     
   4586.0000000000000      -0.77193005398424164     
   4587.0000000000000      -0.53689385121155453     
   4588.0000000000000       0.17205737941438037     
   4589.0000000000000       0.80180522934531062     
   4590.0000000000000       0.58163430316706399     
   4591.0000000000000       -4.8018610865199318E-002
   4592.0000000000000      -0.79044983840665661     
   4593.0000000000000      -0.59850659351349877     
   4594.0000000000000       -6.0174820082701697E-002
   4595.0000000000000       0.74893505179873421     
   4596.0000000000000       0.59896206776602989     
   4597.0000000000000       0.15931009590974876     
   4598.0000000000000      -0.68263872036932283     
   4599.0000000000000      -0.60380335042691380     
   4600.0000000000000      -0.25844274224353575     
   4601.0000000000000       0.58856942788210231     
   4602.0000000000000       0.63512481223811068     
   4603.0000000000000       0.36104968633113177     
   4604.0000000000000      -0.46401197172069641     
   4605.0000000000000      -0.70005466090003521     
   4606.0000000000000      -0.45789585997674664     
   4607.0000000000000       0.32049668385569363     
   4608.0000000000000       0.76859590591146354     
   4609.0000000000000       0.53311715325895648     
   4610.0000000000000      -0.18036713553811734     
   4611.0000000000000      -0.80124359347889107     
   4612.0000000000000      -0.57970412629589363     
   4613.0000000000000        5.5274208502053335E-002
   4614.0000000000000       0.79215295710144606     
   4615.0000000000000       0.59811386751998774     
   4616.0000000000000        5.3774998820565356E-002
   4617.0000000000000      -0.75226045201029801     
   4618.0000000000000      -0.59904594103199438     
   4619.0000000000000      -0.15319522003031660     
   4620.0000000000000       0.68754146700162866     
   4621.0000000000000       0.60292968845068640     
   4622.0000000000000       0.25212733600584608     
   4623.0000000000000      -0.59535814659633446     
   4624.0000000000000      -0.63209852875261485     
   4625.0000000000000      -0.35463680233987027     
   4626.0000000000000       0.47257428198529372     
   4627.0000000000000       0.69539131637912477     
   4628.0000000000000       0.45234044075922464     
   4629.0000000000000      -0.32957481127488686     
   4630.0000000000000      -0.76510573234616897     
   4631.0000000000000      -0.52922725495919520     
   4632.0000000000000       0.18873841171837302     
   4633.0000000000000       0.80051412804482136     
   4634.0000000000000       0.57765998217999615     
   4635.0000000000000       -6.2595252614529917E-002
   4636.0000000000000      -0.79373819391691924     
   4637.0000000000000      -0.59764943874284104     
   4638.0000000000000       -4.7336609985176303E-002
   4639.0000000000000       0.75549205488183124     
   4640.0000000000000       0.59914053988626970     
   4641.0000000000000       0.14708000947397304     
   4642.0000000000000      -0.69233743158715078     
   4643.0000000000000      -0.60215822962937438     
   4644.0000000000000      -0.24583037749390124     
   4645.0000000000000       0.60202240290535003     
   4646.0000000000000       0.62921979476292633     
   4647.0000000000000       0.34820889786080267     
   4648.0000000000000      -0.48105166972228075     
   4649.0000000000000      -0.69075995139746471     
   4650.0000000000000      -0.44669897415531779     
   4651.0000000000000       0.33866695192731378     
   4652.0000000000000       0.76146571443329880     
   4653.0000000000000       0.52522471318397912     
   4654.0000000000000      -0.19717007624500504     
   4655.0000000000000      -0.79961440790912586     
   4656.0000000000000      -0.57550105031872167     
   4657.0000000000000        6.9982371125323128E-002
   4658.0000000000000       0.79520267082893914     
   4659.0000000000000       0.59710912259996052     
   4660.0000000000000        4.0857279537383606E-002
   4661.0000000000000      -0.75862964734716376     
   4662.0000000000000      -0.59924016610213027     
   4663.0000000000000      -0.14096234747219916     
   4664.0000000000000       0.69702802482498860     
   4665.0000000000000       0.60148366268630027     
   4666.0000000000000       0.23955187753399843     
   4667.0000000000000      -0.60856238481379876     
   4668.0000000000000      -0.62648934268640433     
   4669.0000000000000      -0.34176994239407149     
   4670.0000000000000       0.48943898985667461     
   4671.0000000000000       0.68617300158519468     
   4672.0000000000000       0.44097504533899801     
   4673.0000000000000      -0.34776771425860709     
   4674.0000000000000      -0.75768286079813985     
   4675.0000000000000      -0.52111012986057248     
   4676.0000000000000       0.20566087507412190     
   4677.0000000000000       0.79854224740741009     
   4678.0000000000000       0.57322668997421611     
   4679.0000000000000       -7.7436057306950024E-002
   4680.0000000000000      -0.79654339462267665     
   4681.0000000000000      -0.59648890671927890     
   4682.0000000000000       -3.4334686377079038E-002
   4683.0000000000000       0.76167285476790370     
   4684.0000000000000       0.59933916636091822     
   4685.0000000000000       0.13484005117662234     
   4686.0000000000000      -0.70161461673151970     
   4687.0000000000000      -0.60090055226713968     
   4688.0000000000000      -0.23329164330585028     
   4689.0000000000000       0.61497849144629946     
   4690.0000000000000       0.62390725035359873     
   4691.0000000000000       0.33532368639643217     
   4692.0000000000000      -0.49773143492155458     
   4693.0000000000000      -0.68164243322004769     
   4694.0000000000000      -0.43517248566228095     
   4695.0000000000000       0.35687142007384076     
   4696.0000000000000       0.75376500615258202     
   4697.0000000000000       0.51688416269535820     
   4698.0000000000000      -0.21420941910639180     
   4699.0000000000000      -0.79729573359964800     
   4700.0000000000000      -0.57083642679357449     
   4701.0000000000000        8.4956672861368765E-002
   4702.0000000000000       0.79775727110698103     
   4703.0000000000000       0.59578496145094206     
   4704.0000000000000        2.7766572023063762E-002
   4705.0000000000000      -0.76462113564409873     
   4706.0000000000000      -0.59943193724991350     
   4707.0000000000000      -0.12871087779741652     
   4708.0000000000000       0.70609852721784605     
   4709.0000000000000       0.60040335846911330     
   4710.0000000000000       0.22704928847038586     
   4711.0000000000000      -0.62127131216991194     
   4712.0000000000000      -0.62147297968789794     
   4713.0000000000000      -0.32887364597492968     
   4714.0000000000000       0.50592455278098281     
   4715.0000000000000       0.67717966140465036     
   4716.0000000000000       0.42929535385324669     
   4717.0000000000000      -0.36597213153012875     
   4718.0000000000000      -0.74972079773086064     
   4719.0000000000000      -0.51254753898381611     
   4720.0000000000000       0.22281416904057660     
   4721.0000000000000       0.79587326160151772     
   4722.0000000000000       0.56832993852947378     
   4723.0000000000000       -9.2544451756481072E-002
   4724.0000000000000      -0.79884112053848033     
   4725.0000000000000      -0.59499364986602887     
   4726.0000000000000       -2.1150750239640415E-002
   4727.0000000000000       0.76747377698049302     
   4728.0000000000000       0.59951293030939701     
   4729.0000000000000       0.12257253063843010     
   4730.0000000000000      -0.71048101712974543     
   4731.0000000000000      -0.59998645475151324     
   4732.0000000000000      -0.22082424337469186     
   4733.0000000000000       0.62744160599890964     
   4734.0000000000000       0.61918541641200819     
   4735.0000000000000       0.32242309064619029     
   4736.0000000000000      -0.51401425952394364     
   4737.0000000000000      -0.67279547816260510     
   4738.0000000000000      -0.42334791259131094     
   4739.0000000000000       0.37506368374136806     
   4740.0000000000000       0.74555966880985780     
   4741.0000000000000       0.50810107225362078     
   4742.0000000000000      -0.23147341799954690     
   4743.0000000000000      -0.79427357209548133     
   4744.0000000000000      -0.56570704016704032     
   4745.0000000000000       0.10019950464786898     
   4746.0000000000000       0.79979169418272000     
   4747.0000000000000       0.59411153700748121     
   4748.0000000000000        1.4485116480505322E-002
   4749.0000000000000      -0.77022989042424372     
   4750.0000000000000      -0.59957665725521581     
   4751.0000000000000      -0.11642266510209970     
   4752.0000000000000       0.71476327967540820     
   4753.0000000000000       0.59964414431122914     
   4754.0000000000000       0.21461576523384485     
   4755.0000000000000      -0.63349028145148545     
   4756.0000000000000      -0.61704291016659751     
   4757.0000000000000      -0.31597503403934718     
   4758.0000000000000       0.52199684767763643     
   4759.0000000000000       0.66849999111213876     
   4760.0000000000000       0.41733460105594578     
   4761.0000000000000      -0.38413972235236316     
   4762.0000000000000      -0.74129179895281561     
   4763.0000000000000      -0.50354568135080202     
   4764.0000000000000       0.24018527225946806     
   4765.0000000000000       0.79249579104650858     
   4766.0000000000000       0.56296766878761262     
   4767.0000000000000      -0.10792182368806991     
   4768.0000000000000      -0.80060569194184317     
   4769.0000000000000      -0.59313539815962724     
   4770.0000000000000       -7.7676570133123901E-003
   4771.0000000000000       0.77288840929052793     
   4772.0000000000000       0.59961769549648569     
   4773.0000000000000       0.11025889473987088     
   4774.0000000000000      -0.71894643216986442     
   4775.0000000000000      -0.59937067500999575     
   4776.0000000000000      -0.20842294820269758     
   4777.0000000000000       0.63941837699780169     
   4778.0000000000000       0.61504331450894534     
   4779.0000000000000       0.30953222737748481     
   4780.0000000000000      -0.52986898997080956     
   4781.0000000000000      -0.66430257306272800     
   4782.0000000000000      -0.41126000415436514     
   4783.0000000000000       0.39319374528280027     
   4784.0000000000000       0.73692806103731456     
   4785.0000000000000       0.49888241144043766     
   4786.0000000000000      -0.24894763055264402     
   4787.0000000000000      -0.79053947153722115     
   4788.0000000000000      -0.56011186851652583     
   4789.0000000000000       0.11571128750260473     
   4790.0000000000000       0.80127978098537544     
   4791.0000000000000       0.59206222591128221     
   4792.0000000000000        9.9645758532262985E-004
   4793.0000000000000      -0.77544808658951159     
   4794.0000000000000      -0.59963069405736258     
   4795.0000000000000      -0.10407879742376780     
   4796.0000000000000       0.72303150803116245     
   4797.0000000000000       0.59916025294181852     
   4798.0000000000000       0.20224473326330894     
   4799.0000000000000      -0.64522704221033089     
   4800.0000000000000      -0.61318402634031510     
   4801.0000000000000      -0.30309715554031702     
   4802.0000000000000       0.53762773894428306     
   4803.0000000000000       0.66021182258777766     
   4804.0000000000000       0.40512881920635913     
   4805.0000000000000      -0.40221914772176570     
   4806.0000000000000      -0.73247995556645296     
   4807.0000000000000      -0.49411245626240158     
   4808.0000000000000       0.25775816255210987     
   4809.0000000000000       0.78840463749470513     
   4810.0000000000000       0.55713977591226338     
   4811.0000000000000      -0.12356766609214298     
   4812.0000000000000      -0.80181061533256459     
   4813.0000000000000      -0.59088923580383435     
   4814.0000000000000        5.8302885078999056E-003
   4815.0000000000000       0.77790749416167271     
   4816.0000000000000       0.59961037999681777     
   4817.0000000000000        9.7879921711658713E-002
   4818.0000000000000      -0.72701944897201121     
   4819.0000000000000      -0.59900705473014182     
   4820.0000000000000      -0.19607991786580919     
   4821.0000000000000       0.65091751970086742     
   4822.0000000000000       0.61146202438819919     
   4823.0000000000000       0.29667203548874210     
   4824.0000000000000      -0.54527052275650301     
   4825.0000000000000      -0.65623553536406209     
   4826.0000000000000      -0.39894582090025660     
   4827.0000000000000       0.41120926937420116     
   4828.0000000000000       0.72795953319281093     
   4829.0000000000000       0.48923718086934720     
   4830.0000000000000      -0.26661428727158332     
   4831.0000000000000      -0.78609182890858498     
   4832.0000000000000      -0.55405160615871241     
   4833.0000000000000       0.13149062540379930     
   4834.0000000000000       0.80219485635119236     
   4835.0000000000000       0.58961387037955870     
   4836.0000000000000       -1.2714273082704675E-002
   4837.0000000000000      -0.78026502301875800     
   4838.0000000000000      -0.59955156540104859     
   4839.0000000000000       -9.1659793472576911E-002
   4840.0000000000000       0.73091109734153670     
   4841.0000000000000       0.59890523864534728     
   4842.0000000000000       0.18992716527222270     
   4843.0000000000000      -0.65649112790404929     
   4844.0000000000000      -0.60987390644207995     
   4845.0000000000000      -0.29025881681879362     
   4846.0000000000000       0.55279513756753595     
   4847.0000000000000       0.65238068584251085     
   4848.0000000000000       0.39271582533490396     
   4849.0000000000000      -0.42015744292274010     
   4850.0000000000000      -0.72337930678492035     
   4851.0000000000000      -0.48425814398838740     
   4852.0000000000000       0.27551315221748618     
   4853.0000000000000       0.78360214794285077     
   4854.0000000000000       0.55084764042129675     
   4855.0000000000000      -0.13947973130178593     
   4856.0000000000000      -0.80242919415848435     
   4857.0000000000000      -0.58823380147600868     
   4858.0000000000000        1.9657066577873361E-002
   4859.0000000000000       0.78251888497497013     
   4860.0000000000000       0.59944915499970475     
   4861.0000000000000        8.5415922829137125E-002
   4862.0000000000000      -0.73470718858485884     
   4863.0000000000000      -0.59884895463462029     
   4864.0000000000000      -0.18378501356431903     
   4865.0000000000000       0.66194924474472039     
   4866.0000000000000       0.60841592510795173     
   4867.0000000000000       0.28385918420711026     
   4868.0000000000000      -0.56019973690648417     
   4869.0000000000000      -0.64865341862869352     
   4870.0000000000000      -0.38644365393237795     
   4871.0000000000000       0.42905704267036254     
   4872.0000000000000       0.71875215471466203     
   4873.0000000000000       0.47917711909859417     
   4874.0000000000000      -0.28445161420062559     
   4875.0000000000000      -0.78093730513162796     
   4876.0000000000000      -0.54752821472173974     
   4877.0000000000000       0.14753445265884546     
   4878.0000000000000       0.80251036993411984     
   4879.0000000000000       0.58674693064881167     
   4880.0000000000000       -2.6660112521994850E-002
   4881.0000000000000      -0.78466711563782832     
   4882.0000000000000      -0.59929815442995404     
   4883.0000000000000       -7.9145811461799109E-002
   4884.0000000000000       0.73840834380298181     
   4885.0000000000000       0.59883235335840368     
   4886.0000000000000       0.17765188428807877     
   4887.0000000000000      -0.66729329220598077     
   4888.0000000000000      -0.60708402190688004     
   4889.0000000000000      -0.27747456151106709     
   4890.0000000000000       0.56748281843633552     
   4891.0000000000000       0.64505904880630383     
   4892.0000000000000       0.38013409794994069     
   4893.0000000000000      -0.43790153236789253     
   4894.0000000000000      -0.71409121732389080     
   4895.0000000000000      -0.47399611330991387     
   4896.0000000000000       0.29342622274572228     
   4897.0000000000000       0.77809966463408797     
   4898.0000000000000       0.54409371067503320     
   4899.0000000000000      -0.15565416328567450     
   4900.0000000000000      -0.80243519918271922     
   4901.0000000000000      -0.58515138764650021     
   4902.0000000000000        3.3724723045442495E-002
   4903.0000000000000       0.78670757881103226     
   4904.0000000000000       0.59909367914219103     
   4905.0000000000000        7.2846960304738806E-002
   4906.0000000000000      -0.74201506241163329     
   4907.0000000000000      -0.59884959433080043     
   4908.0000000000000      -0.17152609071894420     
   4909.0000000000000       0.67252472179627298     
   4910.0000000000000       0.60587385959598727     
   4911.0000000000000       0.27110611729288114     
   4912.0000000000000      -0.57464320852836759     
   4913.0000000000000      -0.64160207033233896     
   4914.0000000000000      -0.37379188424328652     
   4915.0000000000000       0.44668451130065528     
   4916.0000000000000       0.70940978872709848     
   4917.0000000000000       0.46871738316875866     
   4918.0000000000000      -0.30243320702165000     
   4919.0000000000000      -0.77509228732113788     
   4920.0000000000000      -0.54054454841510635     
   4921.0000000000000       0.16383814241712558     
   4922.0000000000000       0.80220059601263749     
   4923.0000000000000       0.58344552690597551     
   4924.0000000000000       -4.0852075502312846E-002
   4925.0000000000000      -0.78863797234322641     
   4926.0000000000000      -0.59883096390875212     
   4927.0000000000000       -6.6516877645776962E-002
   4928.0000000000000       0.74552771491473069     
   4929.0000000000000       0.59889485326537595     
   4930.0000000000000       0.16540584574371703     
   4931.0000000000000      -0.67764500089734403     
   4932.0000000000000      -0.60478085263635784     
   4933.0000000000000      -0.26475477154709792     
   4934.0000000000000       0.58168004504719462     
   4935.0000000000000       0.63828617156614287     
   4936.0000000000000       0.36742164284242385     
   4937.0000000000000      -0.45539975780473763     
   4938.0000000000000      -0.70472120621674517     
   4939.0000000000000      -0.46334344660108917     
   4940.0000000000000       0.31146846715178478     
   4941.0000000000000       0.77191897029305068     
   4942.0000000000000       0.53688118201123625     
   4943.0000000000000      -0.17208557348304054     
   4944.0000000000000      -0.80180359852815630     
   4945.0000000000000      -0.58162792208458269     
   4946.0000000000000        4.8043210242180279E-002
   4947.0000000000000       0.79045583543747000     
   4948.0000000000000       0.59850537286342764     
   4949.0000000000000        6.0153087623753820E-002
   4950.0000000000000      -0.74894653582550008     
   4951.0000000000000      -0.59896232873277655     
   4952.0000000000000      -0.15928926936674470     
   4953.0000000000000       0.68265559996035796     
   4954.0000000000000       0.60380019577157196     
   4955.0000000000000       0.25842120342381170     
   4956.0000000000000      -0.58859275872909733     
   4957.0000000000000      -0.63511425696244794     
   4958.0000000000000      -0.36102787680240905     
   4959.0000000000000       0.46404126949882990     
   4960.0000000000000       0.70003873955742446     
   4961.0000000000000       0.45787709033135338     
   4962.0000000000000      -0.32052757065345150     
   4963.0000000000000      -0.76858428129960066     
   4964.0000000000000      -0.53310409764326327     
   4965.0000000000000       0.18039554091048771     
   4966.0000000000000       0.80124139546157214     
   4967.0000000000000       0.57969735869328776     
   4968.0000000000000       -5.5299029543445566E-002
   4969.0000000000000      -0.79215855741725394     
   4970.0000000000000      -0.59811240996600445     
   4971.0000000000000       -5.3753139096518021E-002
   4972.0000000000000       0.75227161678541721     
   4973.0000000000000       0.59904624824206132     
   4974.0000000000000       0.15317439585975712     
   4975.0000000000000      -0.68755798050486683     
   4976.0000000000000      -0.60292689071315253     
   4977.0000000000000      -0.25210585975474809     
   4978.0000000000000       0.59538105351213533     
   4979.0000000000000       0.63208847395667778     
   4980.0000000000000       0.35461493468892036     
   4981.0000000000000      -0.47260329964601311     
   4982.0000000000000      -0.69537548238790570     
   4983.0000000000000      -0.45232137227794389     
   4984.0000000000000       0.32960575460297004     
   4985.0000000000000       0.76509358646789760     
   4986.0000000000000       0.52921381475754803     
   4987.0000000000000      -0.18876702473565676     
   4988.0000000000000      -0.80051135419783925     
   4989.0000000000000      -0.57765282494376347     
   4990.0000000000000        6.2620297690020976E-002
   4991.0000000000000       0.79374338792680232     
   4992.0000000000000       0.59764772975387259     
   4993.0000000000000        4.7314614832076329E-002
   4994.0000000000000      -0.75550289994742248     
   4995.0000000000000      -0.59914087386329562     
   4996.0000000000000      -0.14705918058620948     
   4997.0000000000000       0.69235358386481305     
   4998.0000000000000       0.60215577095563932     
   4999.0000000000000       0.24580896420518450     
   5000.0000000000000      -0.60204488614826868     
   5001.0000000000000      -0.62921024409421733     
   5002.0000000000000      -0.34818698595791153     
   5003.0000000000000       0.48108038919478124     
   5004.0000000000000       0.69074424780465049     
   5005.0000000000000       0.44667961861303190     
   5006.0000000000000      -0.33869793393611508     
   5007.0000000000000      -0.76145306975042293     
   5008.0000000000000      -0.52521089036465396     
   5009.0000000000000       0.19719889285055370     
   5010.0000000000000       0.79961105036430702     
   5011.0000000000000       0.57549350096900098     
   5012.0000000000000       -7.0007642141792337E-002
   5013.0000000000000      -0.79520744852699021     
   5014.0000000000000      -0.59710714821318644     
   5015.0000000000000       -4.0835140955181592E-002
   5016.0000000000000       0.75864017170471743     
   5017.0000000000000       0.59924050751415736     
   5018.0000000000000       0.14094150654194981     
   5019.0000000000000      -0.69704382061732451     
   5020.0000000000000      -0.60148152476476058     
   5021.0000000000000      -0.23953052689087517     
   5022.0000000000000       0.60858444539671874     
   5023.0000000000000       0.62648029749926515     
   5024.0000000000000       0.34174799939305683     
   5025.0000000000000      -0.48946739418431678     
   5026.0000000000000      -0.68615746998865446     
   5027.0000000000000      -0.44095541537524635     
   5028.0000000000000       0.34779871608329033     
   5029.0000000000000       0.75766974259478093     
   5030.0000000000000       0.52109592656180781     
   5031.0000000000000      -0.20568989077434141     
   5032.0000000000000      -0.79853829916779540     
   5033.0000000000000      -0.57321874662108241     
   5034.0000000000000        7.7461555717501018E-002
   5035.0000000000000       0.79654774563427588     
   5036.0000000000000       0.59648665357654285     
   5037.0000000000000        3.4312396562549363E-002
   5038.0000000000000      -0.76168305685928372     
   5039.0000000000000      -0.59933949603747516     
   5040.0000000000000      -0.13481919066413095     
   5041.0000000000000       0.70163006062384625     
   5042.0000000000000       0.60089871639794246     
   5043.0000000000000       0.23327035431522503     
   5044.0000000000000      -0.61500013106531515     
   5045.0000000000000      -0.62389870983843143     
   5046.0000000000000      -0.33530172467722069     
   5047.0000000000000       0.49775950833050381     
   5048.0000000000000       0.68162711347403671     
   5049.0000000000000       0.43515259472563034     
   5050.0000000000000      -0.35690242191617055     
   5051.0000000000000      -0.75375144251016168     
   5052.0000000000000      -0.51686958126725391     
   5053.0000000000000       0.21423862892320078     
   5054.0000000000000       0.79729118865621884     
   5055.0000000000000       0.57082808808977159     
   5056.0000000000000       -8.4982399677200449E-002
   5057.0000000000000      -0.79776118473931112     
   5058.0000000000000      -0.59578241683380728     
   5059.0000000000000       -2.7744123402749454E-002
   5060.0000000000000       0.76463101333458405     
   5061.0000000000000       0.59943223619904717     
   5062.0000000000000       0.12868998996914038     
   5063.0000000000000      -0.70611362360929186     
   5064.0000000000000      -0.60040180562785439     
   5065.0000000000000      -0.22702805949753974     
   5066.0000000000000       0.62129253313360433     
   5067.0000000000000       0.62146494100501948     
   5068.0000000000000       0.32885167709672319     
   5069.0000000000000      -0.50595228073225584     
   5070.0000000000000      -0.67716459135763774     
   5071.0000000000000      -0.42927521612906006     
   5072.0000000000000       0.36600311276030040     
   5073.0000000000000       0.74970681946015694     
   5074.0000000000000       0.51253258204038721     
   5075.0000000000000      -0.22284356745586775     
   5076.0000000000000      -0.79586811505720445     
   5077.0000000000000      -0.56832120362058847     
   5078.0000000000000        9.2570407561058277E-002
   5079.0000000000000       0.79884458583503992     
   5080.0000000000000       0.59499080172868446     
   5081.0000000000000        2.1128135502400225E-002
   5082.0000000000000      -0.76748332754424986     
   5083.0000000000000      -0.59951317973509088     
   5084.0000000000000      -0.12255160758749961     
   5085.0000000000000       0.71049577020344101     
   5086.0000000000000       0.59998516564755910     
   5087.0000000000000       0.22080307217804857     
   5088.0000000000000      -0.62746241115889445     
   5089.0000000000000      -0.61917787482790232     
   5090.0000000000000      -0.32240112531089049     
   5091.0000000000000       0.51404162874921466     
   5092.0000000000000       0.67278069343018687     
   5093.0000000000000       0.42332754291471814     
   5094.0000000000000      -0.37509462301794966     
   5095.0000000000000      -0.74554530933823115     
   5096.0000000000000      -0.50808574273391338     
   5097.0000000000000       0.23150299889254999     
   5098.0000000000000       0.79426782029669074     
   5099.0000000000000       0.56569790864020764     
   5100.0000000000000      -0.10022568961276268     
   5101.0000000000000      -0.79979469998158437     
   5102.0000000000000      -0.59410837400670258     
   5103.0000000000000       -1.4462328609210484E-002
   5104.0000000000000       0.77023911053262206     
   5105.0000000000000       0.59957683857561417     
   5106.0000000000000       0.11640169876880246     
   5107.0000000000000      -0.71477769336987218     
   5108.0000000000000      -0.59964309944096461     
   5109.0000000000000      -0.21459464899950542     
   5110.0000000000000       0.63351067413475026     
   5111.0000000000000       0.61703585919061932     
   5112.0000000000000       0.31595308206474598     
   5113.0000000000000      -0.52202384619945352     
   5114.0000000000000      -0.66848552488673962     
   5115.0000000000000      -0.41731401481225694     
   5116.0000000000000       0.38417059775787554     
   5117.0000000000000       0.74127709416607557     
   5118.0000000000000       0.50352998258750159     
   5119.0000000000000      -0.24021502883837798     
   5120.0000000000000      -0.79248943172208619     
   5121.0000000000000      -0.56295814061991112     
   5122.0000000000000       0.10794823758975125     
   5123.0000000000000       0.80060822693744393     
   5124.0000000000000       0.59313190968100038     
   5125.0000000000000        7.7446893152155472E-003
   5126.0000000000000      -0.77289729500358184     
   5127.0000000000000      -0.59961779036331753     
   5128.0000000000000      -0.11023787693242204     
   5129.0000000000000       0.71896051015135221     
   5130.0000000000000       0.59936985470528370     
   5131.0000000000000       0.20840188357846312     
   5132.0000000000000      -0.63943836094126572     
   5133.0000000000000      -0.61503674602879455     
   5134.0000000000000      -0.30951029767959320     
   5135.0000000000000       0.52989560710812955     
   5136.0000000000000       0.66428845596074904     
   5137.0000000000000       0.41123921716947148     
   5138.0000000000000      -0.39322453447198175     
   5139.0000000000000      -0.73691304907718336     
   5140.0000000000000      -0.49886634723394285     
   5141.0000000000000       0.24897755528235399     
   5142.0000000000000       0.79053250394433183     
   5143.0000000000000       0.56010194402426539     
   5144.0000000000000      -0.11573792973940711     
   5145.0000000000000      -0.80128183379360085     
   5146.0000000000000      -0.59205840209095317     
   5147.0000000000000       -9.7330372062720549E-004
   5148.0000000000000       0.77545663335111292     
   5149.0000000000000       0.59963068437691047     
   5150.0000000000000       0.10405771983961842     
   5151.0000000000000      -0.72304525366677375     
   5152.0000000000000      -0.59915963741398393     
   5153.0000000000000      -0.20222371639196413     
   5154.0000000000000       0.64524662149795453     
   5155.0000000000000       0.61317793075488825     
   5156.0000000000000       0.30307525612412201     
   5157.0000000000000      -0.53765396530443554     
   5158.0000000000000      -0.66019808253390710     
   5159.0000000000000      -0.40510784762985502     
   5160.0000000000000       0.40224982807923554     
   5161.0000000000000       0.73246467658607028     
   5162.0000000000000       0.49409603095790933     
   5163.0000000000000      -0.25778824708034409     
   5164.0000000000000      -0.78839706257057784     
   5165.0000000000000      -0.55712945570239247     
   5166.0000000000000       0.12359453570054191     
   5167.0000000000000       0.80181217455902865     
   5168.0000000000000       0.59088506754510750     
   5169.0000000000000       -5.8536344997347500E-003
   5170.0000000000000      -0.77791569679857653     
   5171.0000000000000      -0.59961024795272488     
   5172.0000000000000       -9.7858775959583255E-002
   5173.0000000000000       0.72703286530337463     
   5174.0000000000000       0.59900662410978356     
   5175.0000000000000       0.19605894441747329     
   5176.0000000000000      -0.65093669870355542     
   5177.0000000000000      -0.61145639073666469     
   5178.0000000000000      -0.29665017344661304     
   5179.0000000000000       0.54529635021483525     
   5180.0000000000000       0.65622219751162469     
   5181.0000000000000       0.39892468108407508     
   5182.0000000000000      -0.41123981817803112     
   5183.0000000000000      -0.72794402907415234     
   5184.0000000000000      -0.48922039943415085     
   5185.0000000000000       0.26664452235612390     
   5186.0000000000000       0.78608364942643261     
   5187.0000000000000       0.55404089108358023     
   5188.0000000000000      -0.13151772107310944     
   5189.0000000000000      -0.80219591066258933     
   5190.0000000000000      -0.58960934936376475     
   5191.0000000000000        1.2737816759354481E-002
   5192.0000000000000       0.78027287574392301     
   5193.0000000000000       0.59955129347917446     
   5194.0000000000000        9.1638571095748356E-002
   5195.0000000000000      -0.73092418705894502     
   5196.0000000000000      -0.59890497301828982     
   5197.0000000000000      -0.18990623047561539     
   5198.0000000000000       0.65650991122251323     
   5199.0000000000000       0.60986872252827384     
   5200.0000000000000       0.29023699833573674     
   5201.0000000000000      -0.55282055923608620     
   5202.0000000000000      -0.65236777252803657     
   5203.0000000000000      -0.39269453371020591     
   5204.0000000000000       0.42018783751038336     
   5205.0000000000000       0.72336362082329375     
   5206.0000000000000       0.48424101208636122     
   5207.0000000000000      -0.27554352765747764     
   5208.0000000000000      -0.78359336866957308     
   5209.0000000000000      -0.55083653153798906     
   5210.0000000000000       0.13950705138634167     
   5211.0000000000000       0.80242973235701576     
   5212.0000000000000       0.58822892016717598     
   5213.0000000000000       -1.9680813073627901E-002
   5214.0000000000000      -0.78252638139540265     
   5215.0000000000000      -0.59944872601516508     
   5216.0000000000000       -8.5394615329366319E-002
   5217.0000000000000       0.73471995400176726     
   5218.0000000000000       0.59884883407431844     
   5219.0000000000000       0.18376411223682904     
   5220.0000000000000      -0.66196763715539242     
   5221.0000000000000      -0.60841117761939600     
   5222.0000000000000      -0.28383741457205658     
   5223.0000000000000       0.56022474709309056     
   5224.0000000000000       0.64864094935831051     
   5225.0000000000000       0.38642222688728273     
   5226.0000000000000      -0.42908726060346819     
   5227.0000000000000      -0.71873633127650882     
   5228.0000000000000      -0.47915964315872972     
   5229.0000000000000       0.28448211877513452     
   5230.0000000000000       0.78092793298416918     
   5231.0000000000000       0.54751671325718165     
   5232.0000000000000      -0.14756199518670421     
   5233.0000000000000      -0.80251038103507688     
   5234.0000000000000      -0.58674168229180901     
   5235.0000000000000        2.6684066530656803E-002
   5236.0000000000000       0.78467424876715597     
   5237.0000000000000       0.59929755155637432     
   5238.0000000000000        7.9124410325068451E-002
   5239.0000000000000      -0.73842078683083312     
   5240.0000000000000      -0.59883235795513057     
   5241.0000000000000      -0.17763101086456101     
   5242.0000000000000       0.66731129860999905     
   5243.0000000000000       0.60707969652792659     
   5244.0000000000000       0.27745284513339785     
   5245.0000000000000      -0.56750741259558735     
   5246.0000000000000      -0.64504704027114979     
   5247.0000000000000      -0.38011255171046121     
   5248.0000000000000       0.43793155159271202     
   5249.0000000000000       0.71407530148496057     
   5250.0000000000000       0.47397830058584106     
   5251.0000000000000      -0.29345684416273959     
   5252.0000000000000      -0.77808970883060313     
   5253.0000000000000      -0.54408181799800337     
   5254.0000000000000       0.15568192596287977     
   5255.0000000000000       0.80243467249539602     
   5256.0000000000000       0.58514576625846526     
   5257.0000000000000       -3.3748888806909738E-002
   5258.0000000000000      -0.78671434108695482     
   5259.0000000000000      -0.59909288594309651     
   5260.0000000000000       -7.2825457028098284E-002
   5261.0000000000000       0.74202718453504113     
   5262.0000000000000       0.59884970421795281     
   5263.0000000000000       0.17150523927921169     
   5264.0000000000000      -0.67254234717150918     
   5265.0000000000000      -0.60586994111475423     
   5266.0000000000000      -0.27108445772341755     
   5267.0000000000000       0.57466738320579203     
   5268.0000000000000       0.64159053644988573     
   5269.0000000000000       0.37377023475953858     
   5270.0000000000000      -0.44671431030104319     
   5271.0000000000000      -0.70939382589857458     
   5272.0000000000000      -0.46869924178638955     
   5273.0000000000000       0.30246393188060483     
   5274.0000000000000       0.77508175952246683     
   5275.0000000000000       0.54053226601623761     
   5276.0000000000000      -0.16386612262658218     
   5277.0000000000000      -0.80219952122485128     
   5278.0000000000000      -0.58343952726100190     
   5279.0000000000000        4.0876456793023541E-002
   5280.0000000000000       0.78864435564992674     
   5281.0000000000000       0.59882996437090885     
   5282.0000000000000        6.6495263765618651E-002
   5283.0000000000000      -0.74553951716709610     
   5284.0000000000000      -0.59889504864325449     
   5285.0000000000000      -0.16538501003873407     
   5286.0000000000000       0.67766225025338167     
   5287.0000000000000       0.60477732504527493     
   5288.0000000000000       0.26473317150282899     
   5289.0000000000000      -0.58170379781801529     
   5290.0000000000000      -0.63827512354416804     
   5291.0000000000000      -0.36739990568185643     
   5292.0000000000000       0.45542931574510803     
   5293.0000000000000       0.70470524176712535     
   5294.0000000000000       0.46332498559189400     
   5295.0000000000000      -0.31149928092232620     
   5296.0000000000000      -0.77190788472948446     
   5297.0000000000000      -0.53686851149197790     
   5298.0000000000000       0.17211376827710234     
   5299.0000000000000       0.80180196579476415     
   5300.0000000000000       0.58162153969180430     
   5301.0000000000000       -4.8067810369510466E-002
   5302.0000000000000      -0.79046183113300450     
   5303.0000000000000      -0.59850415143182789     
   5304.0000000000000       -6.0131354745404431E-002
   5305.0000000000000       0.74895801876520851     
   5306.0000000000000       0.59896258989020890     
   5307.0000000000000       0.15926844284356706     
   5308.0000000000000      -0.68267247829628741     
   5309.0000000000000      -0.60379704236146592     
   5310.0000000000000      -0.25839966481567189     
   5311.0000000000000       0.58861608813282906     
   5312.0000000000000       0.63510370338233113     
   5313.0000000000000       0.36100606705145444     
   5314.0000000000000      -0.46407056635485266     
   5315.0000000000000      -0.70002281843787828     
   5316.0000000000000      -0.45785831964927620     
   5317.0000000000000       0.32055845767281782     
   5318.0000000000000       0.76857265487757975     
   5319.0000000000000       0.53309104071465030     
   5320.0000000000000      -0.18042394699643738     
   5321.0000000000000      -0.80123919549745393     
   5322.0000000000000      -0.57969058976866072     
   5323.0000000000000        5.5323851344049824E-002
   5324.0000000000000       0.79216415636587278     
   5325.0000000000000       0.59811095158008298     
   5326.0000000000000        5.3731278925024717E-002
   5327.0000000000000      -0.75228278047281383     
   5328.0000000000000      -0.59904655557625985     
   5329.0000000000000      -0.15315357168530375     
   5330.0000000000000       0.68757449276972571     
   5331.0000000000000       0.60292409416091108     
   5332.0000000000000       0.25208438371781922     
   5333.0000000000000      -0.59540395898419152     
   5334.0000000000000      -0.63207842087274069     
   5335.0000000000000      -0.35459306686411729     
   5336.0000000000000       0.47263231632128033     
   5337.0000000000000       0.69535964876845391     
   5338.0000000000000       0.45230230279856465     
   5339.0000000000000      -0.32963669809367047     
   5340.0000000000000      -0.76508143885118096     
   5341.0000000000000      -0.52920037324943392     
   5342.0000000000000       0.18879563845339975     
   5343.0000000000000       0.80050857837590994     
   5344.0000000000000       0.57764566637601233     
   5345.0000000000000       -6.2645343531999576E-002
   5346.0000000000000      -0.79374858053609954     
   5347.0000000000000      -0.59764601988442867     
   5348.0000000000000       -4.7292619203988306E-002
   5349.0000000000000       0.75551374392281956     
   5350.0000000000000       0.59914120789836156     
   5351.0000000000000       0.14703835166999280     
   5352.0000000000000      -0.69236973492046616     
   5353.0000000000000      -0.60215331340557054     
   5354.0000000000000      -0.24578755113074452     
   5355.0000000000000       0.60206736794965221     
   5356.0000000000000       0.62920069514594024     
   5357.0000000000000       0.34816507392721507     
   5358.0000000000000      -0.48110910762214831     
   5359.0000000000000      -0.69072854472790390     
   5360.0000000000000      -0.44666026211425192     
   5361.0000000000000       0.33872891604497013     
   5362.0000000000000       0.76144042341042206     
   5363.0000000000000       0.52519706624583484     
   5364.0000000000000      -0.19722771014202389     
   5365.0000000000000      -0.79960769081916883     
   5366.0000000000000      -0.57548595028035043     
   5367.0000000000000        7.0032913930461849E-002
   5368.0000000000000       0.79521222478972220     
   5369.0000000000000       0.59710517289939791     
   5370.0000000000000        4.0813001871064625E-002
   5371.0000000000000      -0.75865069496773041     
   5372.0000000000000      -0.59924084891865403     
   5373.0000000000000      -0.14092066555792204     
   5374.0000000000000       0.69705961520354798     
   5375.0000000000000       0.60147938790382338     
   5376.0000000000000       0.23950917645977443     
   5377.0000000000000      -0.60860650454276088     
   5378.0000000000000      -0.62647125403339776     
   5379.0000000000000      -0.34172605630774056     
   5380.0000000000000       0.48949579741106508     
   5381.0000000000000       0.68614193904702669     
   5382.0000000000000       0.44093578449946452     
   5383.0000000000000      -0.34782971794213396     
   5384.0000000000000      -0.75765662282521040     
   5385.0000000000000      -0.52108172197116642     
   5386.0000000000000       0.20571890714438090     
   5387.0000000000000       0.79853434890565222     
   5388.0000000000000       0.57321080192353724     
   5389.0000000000000       -7.7487054904438524E-002
   5390.0000000000000      -0.79655209517465031     
   5391.0000000000000      -0.59648439946237386     
   5392.0000000000000       -3.4290106219904359E-002
   5393.0000000000000       0.76169325784984043     
   5394.0000000000000       0.59933982564151000     
   5395.0000000000000       0.13479833007184105     
   5396.0000000000000      -0.70164550332537512     
   5397.0000000000000      -0.60089688152507481     
   5398.0000000000000      -0.23324906553212443     
   5399.0000000000000       0.61502176925431540     
   5400.0000000000000       0.62389017103823352     
   5401.0000000000000       0.33527976291449008     
   5402.0000000000000      -0.49778758058692435     
   5403.0000000000000      -0.68161179451537757     
   5404.0000000000000      -0.43513270292405426     
   5405.0000000000000       0.35693342372375214     
   5406.0000000000000       0.75373787740187792     
   5407.0000000000000       0.51685499855569483     
   5408.0000000000000      -0.21426783939198724     
   5409.0000000000000      -0.79728664167162444     
   5410.0000000000000      -0.57081974803783997     
   5411.0000000000000        8.5008127272123035E-002
   5412.0000000000000       0.79776509686351860     
   5413.0000000000000       0.59577987120305664     
   5414.0000000000000        2.7721674228956994E-002
   5415.0000000000000      -0.76464088991597379     
   5416.0000000000000      -0.59943253501130478     
   5417.0000000000000      -0.12866910203442078     
   5418.0000000000000       0.70612871882456929     
   5419.0000000000000       0.60040025371764816     
   5420.0000000000000       0.22700683072559402     
   5421.0000000000000      -0.62131375267611089     
   5422.0000000000000      -0.62145690402412568     
   5423.0000000000000      -0.32882970821291646     
   5424.0000000000000       0.50598000748364191     
   5425.0000000000000       0.67714952222317648     
   5426.0000000000000       0.42925507758942083     
   5427.0000000000000      -0.36603409388417840     
   5428.0000000000000      -0.74969283983306656     
   5429.0000000000000      -0.51251762382292432     
   5430.0000000000000       0.22287296650335142     
   5431.0000000000000       0.79586296645709620     
   5432.0000000000000       0.56831246736144836     
   5433.0000000000000       -9.2596364146000476E-002
   5434.0000000000000      -0.79884804958577849     
   5435.0000000000000      -0.59498795253788583     
   5436.0000000000000       -2.1105520187267968E-002
   5437.0000000000000       0.76749287698860380     
   5438.0000000000000       0.59951342896025250     
   5439.0000000000000       0.12253068440292547     
   5440.0000000000000      -0.71051052211481203     
   5441.0000000000000      -0.59998387740857029     
   5442.0000000000000      -0.22078190117367519     
   5443.0000000000000       0.62748321490825432     
   5444.0000000000000       0.61917033492658191     
   5445.0000000000000       0.32237916000493894     
   5446.0000000000000      -0.51406899673161055     
   5447.0000000000000      -0.67276590972756978     
   5448.0000000000000      -0.42330717247419503     
   5449.0000000000000       0.37512556211449266     
   5450.0000000000000       0.74553094862836100     
   5451.0000000000000       0.50807041195081282     
   5452.0000000000000      -0.23153258039579450     
   5453.0000000000000      -0.79426206643194353     
   5454.0000000000000      -0.56568877576240961     
   5455.0000000000000       0.10025187535792068     
   5456.0000000000000       0.79979770419633311     
   5457.0000000000000       0.59410520991507076     
   5458.0000000000000        1.4439540136663709E-002
   5459.0000000000000      -0.77024832950922129     
   5460.0000000000000      -0.59957701963258558     
   5461.0000000000000      -0.11638073227417567     
   5462.0000000000000       0.71479210591497455     
   5463.0000000000000       0.59964205536893622     
   5464.0000000000000       0.21457353294691361     
   5465.0000000000000      -0.63353106541945747     
   5466.0000000000000      -0.61702880987247422     
   5467.0000000000000      -0.31593113015139496     
   5468.0000000000000       0.52205084343982078     
   5469.0000000000000       0.66847105979985610     
   5470.0000000000000       0.41729342785785128     
   5471.0000000000000      -0.38420147290788886     
   5472.0000000000000      -0.74126238826728630     
   5473.0000000000000      -0.50351428257291375     
   5474.0000000000000       0.24024478600317101     
   5475.0000000000000       0.79248307032649923     
   5476.0000000000000       0.56294861110177419     
   5477.0000000000000      -0.10797465227028002     
   5478.0000000000000      -0.80061076031025502     
   5479.0000000000000      -0.59312842007664368     
   5480.0000000000000       -7.7217209936616404E-003
   5481.0000000000000       0.77290617957038699     
   5482.0000000000000       0.59961788490465817     
   5483.0000000000000       0.11021685893554423     
   5484.0000000000000      -0.71897458699546857     
   5485.0000000000000      -0.59936903513159634     
   5486.0000000000000      -0.20838081912367862     
   5487.0000000000000       0.63945834349952646     
   5488.0000000000000       0.61503017917623204     
   5489.0000000000000       0.30948836807176283     
   5490.0000000000000      -0.52992222292983382     
   5491.0000000000000      -0.66427434009700925     
   5492.0000000000000      -0.41121842952837845     
   5493.0000000000000       0.39325532332901209     
   5494.0000000000000       0.73689803613848470     
   5495.0000000000000       0.49885028178999014     
   5496.0000000000000      -0.24900748057093092     
   5497.0000000000000      -0.79052553428053118     
   5498.0000000000000      -0.56009201818317000     
   5499.0000000000000       0.11576457275238072     
   5500.0000000000000       0.80128388494020963     
   5501.0000000000000       0.59205457711260490     
   5502.0000000000000        9.5014921151737042E-004
   5503.0000000000000      -0.77546517894989453     
   5504.0000000000000      -0.59963067430980821     
   5505.0000000000000      -0.10403664203760077     
   5506.0000000000000       0.72305899817593910     
   5507.0000000000000       0.59915902254962183     
   5508.0000000000000       0.20220269967610716     
   5509.0000000000000      -0.64526619941480723     
   5510.0000000000000      -0.61317183676195652     
   5511.0000000000000      -0.30305335682368939     
   5512.0000000000000       0.53768019031916636     
   5513.0000000000000       0.66018434380867563     
   5514.0000000000000       0.40508687545256589     
   5515.0000000000000      -0.40228050802725973     
   5516.0000000000000      -0.73244939676698939     
   5517.0000000000000      -0.49407960443177640     
   5518.0000000000000       0.25781833213752142     
   5519.0000000000000       0.78838948558177879     
   5520.0000000000000       0.55711913414619740     
   5521.0000000000000      -0.12362140608122962     
   5522.0000000000000      -0.80181373208513462     
   5523.0000000000000      -0.59088089809870670     
   5524.0000000000000        5.8769811556070861E-003
   5525.0000000000000       0.77792389825399055     
   5526.0000000000000       0.59961011546180765     
   5527.0000000000000        9.7837629960936923E-002
   5528.0000000000000      -0.72704628051806464     
   5529.0000000000000      -0.59900619408513500     
   5530.0000000000000      -0.19603797110910776     
   5531.0000000000000       0.65095587635078189     
   5532.0000000000000       0.61145075863811771     
   5533.0000000000000       0.29662831154284508     
   5534.0000000000000      -0.54532217630221014     
   5535.0000000000000      -0.65620886106869247     
   5536.0000000000000      -0.39890354072300210     
   5537.0000000000000       0.41127036649504062     
   5538.0000000000000       0.72792852426203147     
   5539.0000000000000       0.48920361679537994     
   5540.0000000000000      -0.26667475793653139     
   5541.0000000000000      -0.78607546789236982     
   5542.0000000000000      -0.55403017466539817     
   5543.0000000000000       0.13154481750966618     
   5544.0000000000000       0.80219696323521972     
   5545.0000000000000       0.58960482713330320     
   5546.0000000000000       -1.2761361118256431E-002
   5547.0000000000000      -0.78028072726684861     
   5548.0000000000000      -0.59955102105137648     
   5549.0000000000000       -9.1617348443463364E-002
   5550.0000000000000       0.73093727566821276     
   5551.0000000000000       0.59890470791908390     
   5552.0000000000000       0.18988529580201008     
   5553.0000000000000      -0.65652869320151419     
   5554.0000000000000      -0.60986354012394661     
   5555.0000000000000      -0.29021518001056545     
   5556.0000000000000       0.55284597951229042     
   5557.0000000000000       0.65235486069429927     
   5558.0000000000000       0.39267324159656919     
   5559.0000000000000      -0.42021823153431753     
   5560.0000000000000      -0.72334793431768130     
   5561.0000000000000      -0.48422387900131963     
   5562.0000000000000       0.27557390355688566     
   5563.0000000000000       0.78358458736420489     
   5564.0000000000000       0.55082542131553969     
   5565.0000000000000      -0.13953437223197840     
   5566.0000000000000      -0.80243026877896462     
   5567.0000000000000      -0.58822403761934849     
   5568.0000000000000        1.9704560268375970E-002
   5569.0000000000000       0.78253387659080176     
   5570.0000000000000       0.59944829646677222     
   5571.0000000000000        8.5373307525156039E-002
   5572.0000000000000      -0.73473271831774090     
   5573.0000000000000      -0.59884871397401973     
   5574.0000000000000      -0.18374321101402169     
   5575.0000000000000       0.66198602824310881     
   5576.0000000000000       0.60840643159320562     
   5577.0000000000000       0.28381564511138690     
   5578.0000000000000      -0.56024975586995474     
   5579.0000000000000      -0.64862848163026809     
   5580.0000000000000      -0.38640079940884942     
   5581.0000000000000       0.42911747789701660     
   5582.0000000000000       0.71872050744688531     
   5583.0000000000000       0.47914216605912269     
   5584.0000000000000      -0.28451262376904113     
   5585.0000000000000      -0.78091855883202443     
   5586.0000000000000      -0.54750521045791634     
   5587.0000000000000       0.14758953846837719     
   5588.0000000000000       0.80251039032249771     
   5589.0000000000000       0.58673643267413256     
   5590.0000000000000       -2.6708021253528558E-002
   5591.0000000000000      -0.78468138064666193     
   5592.0000000000000      -0.59929694806228517     
   5593.0000000000000       -7.9103008854905954E-002
   5594.0000000000000       0.73843322876354456     
   5595.0000000000000       0.59883236294411557     
   5596.0000000000000       0.17761013752615140     
   5597.0000000000000      -0.66732930370791044     
   5598.0000000000000      -0.60707537256099486     
   5599.0000000000000      -0.27743112894364896     
   5600.0000000000000       0.56753200533151460     
   5601.0000000000000       0.64503503333041012     
   5602.0000000000000       0.38009100509249422     
   5603.0000000000000      -0.43796157010370257     
   5604.0000000000000      -0.71405938540885705     
   5605.0000000000000      -0.47396048672819563     
   5606.0000000000000       0.29348746595541669     
   5607.0000000000000       0.77807975105792204     
   5608.0000000000000       0.54406992399114495     
   5609.0000000000000      -0.15570968938553731     
   5610.0000000000000      -0.80243414395872537     
   5611.0000000000000      -0.58514014359068511     
   5612.0000000000000        3.3773055296238419E-002
   5613.0000000000000       0.78672110208634138     
   5614.0000000000000       0.59909209206822034     
   5615.0000000000000        7.2803953389119158E-002
   5616.0000000000000      -0.74203930556760778     
   5617.0000000000000      -0.59884981442980734     
   5618.0000000000000      -0.17148438790384918     
   5619.0000000000000       0.67255997125766998     
   5620.0000000000000       0.60586602399232325     
   5621.0000000000000       0.27106279835252778     
   5622.0000000000000      -0.57469155644992287     
   5623.0000000000000      -0.64157900420457237     
   5624.0000000000000      -0.37374858495102725     
   5625.0000000000000       0.44674410851541191     
   5626.0000000000000       0.70937786298767080     
   5627.0000000000000       0.46868109929965418     
   5628.0000000000000      -0.30249465706765866     
   5629.0000000000000      -0.77507122979863519     
   5630.0000000000000      -0.54051998229280929     
   5631.0000000000000       0.16389410357202017     
   5632.0000000000000       0.80219844455334555     
   5633.0000000000000       0.58343352631975609     
   5634.0000000000000       -4.0900838823657026E-002
   5635.0000000000000      -0.78865073765153626     
   5636.0000000000000      -0.59882896410351183     
   5637.0000000000000       -6.6473649494398712E-002
   5638.0000000000000       0.74555131833134114     
   5639.0000000000000       0.59889524427854524     
   5640.0000000000000       0.16536417437630663     
   5641.0000000000000      -0.67767949833740926     
   5642.0000000000000      -0.60477379875722848     
   5643.0000000000000      -0.26471157166499287     
   5644.0000000000000       0.58172754914897018     
   5645.0000000000000       0.63826407719296241     
   5646.0000000000000       0.36737816824877328     
   5647.0000000000000      -0.45545887282981751     
   5648.0000000000000      -0.70468927738913023     
   5649.0000000000000      -0.46330652351066176     
   5650.0000000000000       0.31153009496954293     
   5651.0000000000000       0.77189679729373895     
   5652.0000000000000       0.53685583965379924     
   5653.0000000000000      -0.17214196379652724     
   5654.0000000000000      -0.80180033114502691     
   5655.0000000000000      -0.58161515598868530     
   5656.0000000000000        4.8092411247222744E-002
   5657.0000000000000       0.79046782549315364     
   5658.0000000000000       0.59850292921852466     
   5659.0000000000000        6.0109621447557382E-002
   5660.0000000000000      -0.74896950061785983     
   5661.0000000000000      -0.59896285123809945     
   5662.0000000000000      -0.15924761634013623     
   5663.0000000000000       0.68268935537716802     
   5664.0000000000000       0.60379389019639440     
   5665.0000000000000       0.25837812641912927     
   5666.0000000000000      -0.58863941609329140     
   5667.0000000000000      -0.63509315149783041     
   5668.0000000000000      -0.36098425707843645     
   5669.0000000000000       0.46409986228854266     
   5670.0000000000000       0.70000689754190948     
   5671.0000000000000       0.45783954793064141     
   5672.0000000000000      -0.32058934491359803     
   5673.0000000000000      -0.76856102664562964     
   5674.0000000000000      -0.53307798247313898     
   5675.0000000000000       0.18045235379592384     
   5676.0000000000000       0.80123699358643607     
   5677.0000000000000       0.57968381952197623     
   5678.0000000000000       -5.5348673903894197E-002
   5679.0000000000000      -0.79216975394719125     
   5680.0000000000000      -0.59810949236205446     
   5681.0000000000000       -5.3709418305990742E-002
   5682.0000000000000       0.75229394307248287     
   5683.0000000000000       0.59904686303436416     
   5684.0000000000000       0.15313274750687400     
   5685.0000000000000      -0.68759100379626237     
   5686.0000000000000      -0.60292129879375400     
   5687.0000000000000      -0.25206290789506353     
   5688.0000000000000       0.59542686301250680     
   5689.0000000000000       0.63206836950084522     
   5690.0000000000000       0.35457119886562166     
   5691.0000000000000      -0.47266133201088639     
   5692.0000000000000      -0.69534381552126889     
   5693.0000000000000      -0.45228323232122358     
   5694.0000000000000       0.32966764174678120     
   5695.0000000000000       0.76506928949627961     
   5696.0000000000000       0.52918693043487597     
   5697.0000000000000      -0.18882425287155435     
   5698.0000000000000      -0.80050580057894127     
   5699.0000000000000      -0.57763850647671422     
   5700.0000000000000        6.2670390140487919E-002
   5701.0000000000000       0.79375377174469475     
   5702.0000000000000       0.59764430913434796     
   5703.0000000000000        4.7270623100820308E-002
   5704.0000000000000      -0.75552458680801082     
   5705.0000000000000      -0.59914154199124348     
   5706.0000000000000      -0.14701752272523799     
   5707.0000000000000       0.69238588475416485     
   5708.0000000000000       0.60215085697895465     
   5709.0000000000000       0.24576613827057747     
   5710.0000000000000      -0.60208984830951273     
   5711.0000000000000      -0.62919114791811048     
   5712.0000000000000      -0.34814316176886584     
   5713.0000000000000       0.48113782500418489     
   5714.0000000000000       0.69071284216770779     
   5715.0000000000000       0.44664090465912459     
   5716.0000000000000      -0.33875989825365987     
   5717.0000000000000      -0.76142777541358986     
   5718.0000000000000      -0.52518324082754664     
   5719.0000000000000       0.19725652811936356     
   5720.0000000000000       0.79960432927363012     
   5721.0000000000000       0.57547839825274805     
   5722.0000000000000       -7.0058186491348540E-002
   5723.0000000000000      -0.79521699961701409     
   5724.0000000000000      -0.59710319665844058     
   5725.0000000000000       -4.0790862284942442E-002
   5726.0000000000000       0.75866121713618484     
   5727.0000000000000       0.59924119031539780     
   5728.0000000000000       0.14089982452002836     
   5729.0000000000000      -0.69707540858371209     
   5730.0000000000000      -0.60147725210327230     
   5731.0000000000000      -0.23948782624068499     
   5732.0000000000000       0.60862856225194517     
   5733.0000000000000       0.62646221228879284     
   5734.0000000000000       0.34170411313826654     
   5735.0000000000000      -0.48952419953673576     
   5736.0000000000000      -0.68612640876077324     
   5737.0000000000000      -0.44091615271180840     
   5738.0000000000000       0.34786071983490885     
   5739.0000000000000       0.75764350148975357     
   5740.0000000000000       0.52106751608867530     
   5741.0000000000000      -0.20574792418418264     
   5742.0000000000000      -0.79853039662091085     
   5743.0000000000000      -0.57320285588156517     
   5744.0000000000000        7.7512554867774308E-002
   5745.0000000000000       0.79655644324367614     
   5746.0000000000000       0.59648214437662483     
   5747.0000000000000        3.4267815349055986E-002
   5748.0000000000000      -0.76170345773954928     
   5749.0000000000000      -0.59934015517280248     
   5750.0000000000000      -0.13477746939966284     
   5751.0000000000000       0.70166094483615737     
   5752.0000000000000       0.60089504764831603     
   5753.0000000000000       0.23322777695652946     
   5754.0000000000000      -0.61504340601332719     
   5755.0000000000000      -0.62388163395297169     
   5756.0000000000000      -0.33525780110837433     
   5757.0000000000000       0.49781565169064768     
   5758.0000000000000       0.68159647634450904     
   5759.0000000000000       0.43511281025771731     
   5760.0000000000000      -0.35696442549634622     
   5761.0000000000000      -0.75372431082808822     
   5762.0000000000000      -0.51684041456071139     
   5763.0000000000000       0.21429705051268744     
   5764.0000000000000       0.79728209264580785     
   5765.0000000000000       0.57081140663776986     
   5766.0000000000000       -8.5033855646143075E-002
   5767.0000000000000      -0.79776900747947643     
   5768.0000000000000      -0.59577732455855126     
   5769.0000000000000       -2.7699224501602338E-002
   5770.0000000000000       0.76465076538823618     
   5771.0000000000000       0.59943283368646805     
   5772.0000000000000       0.12864821399316589     
   5773.0000000000000      -0.70614381286372674     
   5774.0000000000000      -0.60039870273827245     
   5775.0000000000000      -0.22698560215452335     
   5776.0000000000000       0.62133497079746425     
   5777.0000000000000       0.62144886874516192     
   5778.0000000000000       0.32880773932363383     
   5779.0000000000000      -0.50600773303498670     
   5780.0000000000000      -0.67713445400167993     
   5781.0000000000000      -0.42923493823450121     
   5782.0000000000000       0.36606507490151530     
   5783.0000000000000       0.74967885884997709     
   5784.0000000000000       0.51250266433146141     
   5785.0000000000000      -0.22290236618295689     
   5786.0000000000000      -0.79585781580115067     
   5787.0000000000000      -0.56830372975204901     
   5788.0000000000000        9.2622321511309114E-002
   5789.0000000000000       0.79885151179056613     
   5790.0000000000000       0.59498510229350166     
   5791.0000000000000        2.1082904294162819E-002
   5792.0000000000000      -0.76750242531351609     
   5793.0000000000000      -0.59951367798466582     
   5794.0000000000000      -0.12250976108461353     
   5795.0000000000000       0.71052527286390454     
   5796.0000000000000       0.59998259003431953     
   5797.0000000000000       0.22076073036153826     
   5798.0000000000000      -0.62750401724702853     
   5799.0000000000000      -0.61916279670797081     
   5800.0000000000000      -0.32235719472844948     
   5801.0000000000000       0.51409636347099219     
   5802.0000000000000       0.67275112705513851     
   5803.0000000000000       0.42328680126992013     
   5804.0000000000000      -0.37515650103074205     
   5805.0000000000000      -0.74551658668066323     
   5806.0000000000000      -0.50805507990435794     
   5807.0000000000000       0.23156216250920170     
   5808.0000000000000       0.79425631050121370     
   5809.0000000000000       0.56567964153364614     
   5810.0000000000000      -0.10027806188334021     
   5811.0000000000000      -0.79980070682683524     
   5812.0000000000000      -0.59410204473246297     
   5813.0000000000000       -1.4416751062787503E-002
   5814.0000000000000       0.77025754735399488     
   5815.0000000000000       0.59957720042591722     
   5816.0000000000000       0.11635976561812428     
   5817.0000000000000      -0.71480651731075850     
   5818.0000000000000      -0.59964101209491583     
   5819.0000000000000      -0.21455241707603068     
   5820.0000000000000       0.63355145530565060     
   5821.0000000000000       0.61702176221206828     
   5822.0000000000000       0.31590917829939769     
   5823.0000000000000      -0.52207783939861441     
   5824.0000000000000      -0.66845659585184336     
   5825.0000000000000      -0.41727284019291222     
   5826.0000000000000       0.38423234780214388     
   5827.0000000000000       0.74124768125689000     
   5828.0000000000000       0.50349858130708269     
   5829.0000000000000      -0.24027454375375967     
   5830.0000000000000      -0.79247670685973937     
   5831.0000000000000      -0.56293908023320560     
   5832.0000000000000       0.10800106772964913     
   5833.0000000000000       0.80061329206014420     
   5834.0000000000000       0.59312492934644245     
   5835.0000000000000        7.6987520485767291E-003
   5836.0000000000000      -0.77291506299089063     
   5837.0000000000000      -0.59961797912029735     
   5838.0000000000000      -0.11019584074914068     
   5839.0000000000000       0.71898866270225259     
   5840.0000000000000       0.59936821628870385     
   5841.0000000000000       0.20835975483829899     
   5842.0000000000000      -0.63947832467263188     
   5843.0000000000000      -0.61502361395114535     
   5844.0000000000000      -0.30946643855408612     
   5845.0000000000000       0.52994883743581367     
   5846.0000000000000       0.66426022547183194     
   5847.0000000000000       0.41119764123127345     
   5848.0000000000000      -0.39328611185362905     
   5849.0000000000000      -0.73688302222168478     
   5850.0000000000000      -0.49883421510862980     
   5851.0000000000000       0.24903740641827854     
   5852.0000000000000       0.79051856254583008     
   5853.0000000000000       0.56008209099324668     
   5854.0000000000000      -0.11579121654151447     
   5855.0000000000000      -0.80128593442506957     
   5856.0000000000000      -0.59205075097613180     
   5857.0000000000000       -9.2699405792429079E-004
   5858.0000000000000       0.77547372338579601     
   5859.0000000000000       0.59963066385584829     
   5860.0000000000000       0.10401556401761730     
   5861.0000000000000      -0.72307274155869372     
   5862.0000000000000      -0.59915840834850309     
   5863.0000000000000      -0.20218168311568863     
   5864.0000000000000       0.64528577596093872     
   5865.0000000000000       0.61316574436139282     
   5866.0000000000000       0.30303145763910122     
   5867.0000000000000      -0.53770641398838137     
   5868.0000000000000      -0.66017060641237491     
   5869.0000000000000      -0.40506590267468157     
   5870.0000000000000       0.40231118756557449     
   5871.0000000000000       0.73243411610969666     
   5872.0000000000000       0.49406317668406047     
   5873.0000000000000      -0.25784841772353445     
   5874.0000000000000      -0.78838190652833973     
   5875.0000000000000      -0.55710881124368816     
   5876.0000000000000       0.12364827723419147     
   5877.0000000000000       0.80181528791075085     
   5878.0000000000000       0.59087672746453546     
   5879.0000000000000       -5.9003284755815288E-003
   5880.0000000000000      -0.77793209852784762     
   5881.0000000000000      -0.59960998252386299     
   5882.0000000000000       -9.7816483715621239E-002
   5883.0000000000000       0.72705969461611319     
   5884.0000000000000       0.59900576465596667     
   5885.0000000000000       0.19601699794065830     
   5886.0000000000000      -0.65097505264259969     
   5887.0000000000000      -0.61144512809241625     
   5888.0000000000000      -0.29660644977750972     
   5889.0000000000000       0.54534800101854763     
   5890.0000000000000       0.65619552603552367     
   5891.0000000000000       0.39888239981722795     
   5892.0000000000000      -0.41130091432496707     
   5893.0000000000000      -0.72791301875695025     
   5894.0000000000000      -0.48918683295309984     
   5895.0000000000000       0.26670499401268732     
   5896.0000000000000       0.78606728430645167     
   5897.0000000000000       0.55401945690417842     
   5898.0000000000000      -0.13157191471345120     
   5899.0000000000000      -0.80219801406895364     
   5900.0000000000000      -0.58960030368808680     
   5901.0000000000000        1.2784906159470033E-002
   5902.0000000000000       0.78028857758746117     
   5903.0000000000000       0.59955074811745523     
   5904.0000000000000        9.1596125515623239E-002
   5905.0000000000000      -0.73095036316936712     
   5906.0000000000000      -0.59890444334749993     
   5907.0000000000000      -0.18986436125134742     
   5908.0000000000000       0.65654747384110645     
   5909.0000000000000       0.60985835922894394     
   5910.0000000000000       0.29019336184334099     
   5911.0000000000000      -0.55287139839608246     
   5912.0000000000000      -0.65234195034152509     
   5913.0000000000000      -0.39265194899418410     
   5914.0000000000000       0.42024862499428206     
   5915.0000000000000       0.72333224726859768     
   5916.0000000000000       0.48420674473333714     
   5917.0000000000000      -0.27560427991557979     
   5918.0000000000000      -0.78357580402682614     
   5919.0000000000000      -0.55081430975396284     
   5920.0000000000000       0.13956169383867345     
   5921.0000000000000       0.80243080342420359     
   5922.0000000000000       0.58821915383244772     
   5923.0000000000000       -1.9728308162171859E-002
   5924.0000000000000      -0.78254137056108630     
   5925.0000000000000      -0.59944786635433089     
   5926.0000000000000       -8.5351999416407254E-002
   5927.0000000000000       0.73474548153280239     
   5928.0000000000000       0.59884859433349369     
   5929.0000000000000       0.18372230989583271     
   5930.0000000000000      -0.66200441800792609     
   5931.0000000000000      -0.60840168702921471     
   5932.0000000000000      -0.28379387582515225     
   5933.0000000000000       0.56027476323702441     
   5934.0000000000000       0.64861601544475989     
   5935.0000000000000       0.38637937149726642     
   5936.0000000000000      -0.42914769455075208     
   5937.0000000000000      -0.71870468322631464     
   5938.0000000000000      -0.47912468779985712     
   5939.0000000000000       0.28454312918220342     
   5940.0000000000000       0.78090918267530074     
   5941.0000000000000       0.54749370632395977     
   5942.0000000000000      -0.14761708250383787     
   5943.0000000000000      -0.80251039779625777     
   5944.0000000000000      -0.58673118179571293     
   5945.0000000000000        2.6731976690658965E-002
   5946.0000000000000       0.78468851127625849     
   5947.0000000000000       0.59929634394749620     
   5948.0000000000000        7.9081607051213143E-002
   5949.0000000000000      -0.73844566960113300     
   5950.0000000000000      -0.59883236832512865     
   5951.0000000000000      -0.17758926427278143     
   5952.0000000000000       0.66734730749977256     
   5953.0000000000000       0.60707105000590877     
   5954.0000000000000       0.27740941294186183     
   5955.0000000000000      -0.56755659664407720     
   5956.0000000000000      -0.64502302798424660     
   5957.0000000000000      -0.38006945809622483     
   5958.0000000000000       0.43799158790061454     
   5959.0000000000000       0.71404346909610772     
   5960.0000000000000       0.47394267173707205     
   5961.0000000000000      -0.29351808812359703     
   5962.0000000000000      -0.77806979131618070     
   5963.0000000000000      -0.54405802865447517     
   5964.0000000000000       0.15573745355361690     
   5965.0000000000000       0.80243361357258824     
   5966.0000000000000       0.58513451964309937     
   5967.0000000000000       -3.3797222513472280E-002
   5968.0000000000000      -0.78672786180909837     
   5969.0000000000000      -0.59909129751737722     
   5970.0000000000000       -7.2782449387703507E-002
   5971.0000000000000       0.74205142550934489     
   5972.0000000000000       0.59884992496613476     
   5973.0000000000000       0.17146353659278452     
   5974.0000000000000      -0.67257759405481354     
   5975.0000000000000      -0.60586210822850817     
   5976.0000000000000      -0.27104113918024286     
   5977.0000000000000       0.57471572826073192     
   5978.0000000000000       0.64156747359652888     
   5979.0000000000000       0.37372693481793329     
   5980.0000000000000      -0.44677390594351918     
   5981.0000000000000      -0.70936189999491428     
   5982.0000000000000      -0.46866295570865751     
   5983.0000000000000       0.30252538258264255     
   5984.0000000000000       0.77506069814980805     
   5985.0000000000000       0.54050769724484038     
   5986.0000000000000      -0.16392208525340468     
   5987.0000000000000      -0.80219736599800595     
   5988.0000000000000      -0.58342752408218590     
   5989.0000000000000        4.0925221594252270E-002
   5990.0000000000000       0.78865711834795516     
   5991.0000000000000       0.59882796310638142     
   5992.0000000000000        6.6452034832020224E-002
   5993.0000000000000      -0.74556311840747214     
   5994.0000000000000      -0.59889544017101981     
   5995.0000000000000      -0.16534333875635870     
   5996.0000000000000       0.67769674514948575     
   5997.0000000000000       0.60477027377202464     
   5998.0000000000000       0.26468997203361178     
   5999.0000000000000      -0.58175129904004241     
   6000.0000000000000      -0.63825303251262566     
   6001.0000000000000      -0.36735643054334977     
   6002.0000000000000       0.45548842905863329     
   6003.0000000000000       0.70467331308328118     
   6004.0000000000000       0.46328806035750786     
   6005.0000000000000      -0.31156090929325359     
   6006.0000000000000      -0.77188570798601019     
   6007.0000000000000      -0.53684316649672015     
   6008.0000000000000       0.17217016004127716     
   6009.0000000000000       0.80179869457883612     
   6010.0000000000000       0.58160877097518127     
   6011.0000000000000       -4.8117012875350196E-002
   6012.0000000000000      -0.79047381851781162     
   6013.0000000000000      -0.59850170622334309     
   6014.0000000000000       -6.0087887730116085E-002
   6015.0000000000000       0.74898098138345526     
   6016.0000000000000       0.59896311277622083     
   6017.0000000000000       0.15922678985637306     
   6018.0000000000000      -0.68270623120305785     
   6019.0000000000000      -0.60379073927615645     
   6020.0000000000000      -0.25835658823419699     
   6021.0000000000000       0.58866274261047824     
   6022.0000000000000       0.63508260130901562     
   6023.0000000000000       0.36096244688352341     
   6024.0000000000000      -0.46412915729967896     
   6025.0000000000000      -0.69999097687003120     
   6026.0000000000000      -0.45782077517557518     
   6027.0000000000000       0.32062023237559745     
   6028.0000000000000       0.76854939660397792     
   6029.0000000000000       0.53306492291875018     
   6030.0000000000000      -0.18048076130890489     
   6031.0000000000000      -0.80123478972841822     
   6032.0000000000000      -0.57967704795319830     
   6033.0000000000000        5.5373497223005663E-002
   6034.0000000000000       0.79217535016109808     
   6035.0000000000000       0.59810803231175114     
   6036.0000000000000        5.3687557239321948E-002
   6037.0000000000000      -0.75230510458441868     
   6038.0000000000000      -0.59904717061614832     
   6039.0000000000000      -0.15311192332438595     
   6040.0000000000000       0.68760751358453287     
   6041.0000000000000       0.60291850461147478     
   6042.0000000000000       0.25204143228648596     
   6043.0000000000000      -0.59544976559708362     
   6044.0000000000000      -0.63205831984103333     
   6045.0000000000000      -0.35454933069359429     
   6046.0000000000000       0.47269034671462129     
   6047.0000000000000       0.69532798264685025     
   6048.0000000000000       0.45226416084605714     
   6049.0000000000000      -0.32969858556209519     
   6050.0000000000000      -0.76505713840345435     
   6051.0000000000000      -0.52917348631389693     
   6052.0000000000000       0.18885286799007395     
   6053.0000000000000       0.80050302080684210     
   6054.0000000000000       0.57763134524584003     
   6055.0000000000000       -6.2695437515508101E-002
   6056.0000000000000      -0.79375896155247172     
   6057.0000000000000      -0.59764259750346793     
   6058.0000000000000       -4.7248626522479076E-002
   6059.0000000000000       0.75553542860298484     
   6060.0000000000000       0.59914187614171666     
   6061.0000000000000       0.14699669375185981     
   6062.0000000000000      -0.69240203336596418     
   6063.0000000000000      -0.60214840167557948     
   6064.0000000000000      -0.24574472562467942     
   6065.0000000000000       0.60211232722786212     
   6066.0000000000000       0.62918160241074339     
   6067.0000000000000       0.34812124948301637     
   6068.0000000000000      -0.48116654134069425     
   6069.0000000000000      -0.69069714012454420     
   6070.0000000000000      -0.44662154624779637     
   6071.0000000000000       0.33879088056196560     
   6072.0000000000000       0.76141512576021975     
   6073.0000000000000       0.52516941410981399     
   6074.0000000000000      -0.19728534678252063     
   6075.0000000000000      -0.79960096572760964     
   6076.0000000000000      -0.57547084488617184     
   6077.0000000000000        7.0083459824469285E-002
   6078.0000000000000       0.79522177300874597     
   6079.0000000000000       0.59710121949015948     
   6080.0000000000000        4.0768722196724339E-002
   6081.0000000000000      -0.75867173821006206     
   6082.0000000000000      -0.59924153170416627     
   6083.0000000000000      -0.14087898342818139     
   6084.0000000000000       0.69709120075786990     
   6085.0000000000000       0.60147511736288983     
   6086.0000000000000       0.23946647623359507     
   6087.0000000000000      -0.60865061852429114     
   6088.0000000000000      -0.62645317226544039     
   6089.0000000000000      -0.34168216988477795     
   6090.0000000000000       0.48955260056114669     
   6091.0000000000000       0.68611087913035695     
   6092.0000000000000       0.44089652001243440     
   6093.0000000000000      -0.34789172176138472     
   6094.0000000000000      -0.75763037858873727     
   6095.0000000000000      -0.52105330891436186     
   6096.0000000000000       0.20577694189368878     
   6097.0000000000000       0.79852644231350189     
   6098.0000000000000       0.57319490849515065     
   6099.0000000000000       -7.7538055607519918E-002
   6100.0000000000000      -0.79656078984122891     
   6101.0000000000000      -0.59647988831914756     
   6102.0000000000000       -3.4245523949916201E-002
   6103.0000000000000       0.76171365652838507     
   6104.0000000000000       0.59934048463113243     
   6105.0000000000000       0.13475660864750671     
   6106.0000000000000      -0.70167638515624398     
   6107.0000000000000      -0.60089321476744539     
   6108.0000000000000      -0.23320648858842097     
   6109.0000000000000       0.61506504134237783     
   6110.0000000000000       0.62387309858261286     
   6111.0000000000000       0.33523583925900746     
   6112.0000000000000      -0.49784372164150548     
   6113.0000000000000      -0.68158115896187021     
   6114.0000000000000      -0.43509291672678407     
   6115.0000000000000       0.35699542723371358     
   6116.0000000000000       0.75371074278915029     
   6117.0000000000000       0.51682582928233378     
   6118.0000000000000      -0.21432626228523710     
   6119.0000000000000      -0.79727754157871233     
   6120.0000000000000      -0.57080306388955149     
   6121.0000000000000        8.5059584799267229E-002
   6122.0000000000000       0.79777291658705729     
   6123.0000000000000       0.59577477690015113     
   6124.0000000000000        2.7676774220600220E-002
   6125.0000000000000      -0.76466063975133991     
   6126.0000000000000      -0.59943313222431938     
   6127.0000000000000      -0.12862732584528414     
   6128.0000000000000       0.70615890572681239     
   6129.0000000000000       0.60039715268950244     
   6130.0000000000000       0.22696437378430134     
   6131.0000000000000      -0.62135618749769750     
   6132.0000000000000      -0.62144083516807302     
   6133.0000000000000      -0.32878577042899926     
   6134.0000000000000       0.50603545738613642     
   6135.0000000000000       0.67711938669356131     
   6136.0000000000000       0.42921479806447349     
   6137.0000000000000      -0.36609605581206328     
   6138.0000000000000      -0.74966487651127700     
   6139.0000000000000      -0.51248770356603268     
   6140.0000000000000       0.22293176649461321     
   6141.0000000000000       0.79585266308932545     
   6142.0000000000000       0.56829499079238532     
   6143.0000000000000       -9.2648279656986632E-002
   6144.0000000000000      -0.79885497244927406     
   6145.0000000000000      -0.59498225099540036     
   6146.0000000000000       -2.1060287823002954E-002
   6147.0000000000000       0.76751197251894809     
   6148.0000000000000       0.59951392680811555     
   6149.0000000000000       0.12248883763247065     
   6150.0000000000000      -0.71054002245076386     
   6151.0000000000000      -0.59998130352458112     
   6152.0000000000000      -0.22073955974160553     
   6153.0000000000000       0.62752481817525507     
   6154.0000000000000       0.61915526017199340     
   6155.0000000000000       0.32233522948153570     
   6156.0000000000000      -0.51412372896722103     
   6157.0000000000000      -0.67273634541327809     
   6158.0000000000000      -0.42326642930207181     
   6159.0000000000000       0.37518743976644398     
   6160.0000000000000       0.74550222349555517     
   6161.0000000000000       0.50803974659458717     
   6162.0000000000000      -0.23159174523269288     
   6163.0000000000000      -0.79425055250447441     
   6164.0000000000000      -0.56567050595391688     
   6165.0000000000000       0.10030424918901892     
   6166.0000000000000       0.79980370787295918     
   6167.0000000000000       0.59409887845875620     
   6168.0000000000000        1.4393961387504151E-002
   6169.0000000000000      -0.77026676406689720     
   6170.0000000000000      -0.59957738095539581     
   6171.0000000000000      -0.11633879880055298     
   6172.0000000000000       0.71482092755726589     
   6173.0000000000000       0.59963996961867538     
   6174.0000000000000       0.21453130138681764     
   6175.0000000000000      -0.63357184379337295     
   6176.0000000000000      -0.61701471620930748     
   6177.0000000000000      -0.31588722650885759     
   6178.0000000000000       0.52210483407571040     
   6179.0000000000000       0.66844213304305622     
   6180.0000000000000       0.41725225181762371     
   6181.0000000000000      -0.38426322244038114     
   6182.0000000000000      -0.74123297313532954     
   6183.0000000000000      -0.50348287879005227     
   6184.0000000000000       0.24030430209005704     
   6185.0000000000000       0.79247034132179750     
   6186.0000000000000       0.56292954801420902     
   6187.0000000000000      -0.10802748396785167     
   6188.0000000000000      -0.80061582218697935     
   6189.0000000000000      -0.59312143749028290     
   6190.0000000000000       -7.6757824798878715E-003
   6191.0000000000000       0.77292394526504016     
   6192.0000000000000       0.59961807301002590     
   6193.0000000000000       0.11017482237311571     
   6194.0000000000000      -0.71900273727174324     
   6195.0000000000000      -0.59936739817637708     
   6196.0000000000000      -0.20833869072227984     
   6197.0000000000000       0.63949830446062872     
   6198.0000000000000       0.61501705035342402     
   6199.0000000000000       0.30944450912665611     
   6200.0000000000000      -0.52997545062596041     
   6201.0000000000000      -0.66424611208554096     
   6202.0000000000000      -0.41117685227834389     
   6203.0000000000000       0.39331690004557029     
   6204.0000000000000       0.73686800732724933     
   6205.0000000000000       0.49881814718991180     
   6206.0000000000000      -0.24906733282430005     
   6207.0000000000000      -0.79051158874023952     
   6208.0000000000000      -0.56007216245450275     
   6209.0000000000000       0.11581786110679693     
   6210.0000000000000       0.80128798224804820     
   6211.0000000000000       0.59204692368142864     
   6212.0000000000000        9.0383825977879972E-004
   6213.0000000000000      -0.77548226665875741     
   6214.0000000000000      -0.59963065301482432     
   6215.0000000000000      -0.10399448577957066     
   6216.0000000000000       0.72308648381507346     
   6217.0000000000000       0.59915779481039633     
   6218.0000000000000       0.20216066671065741     
   6219.0000000000000      -0.64530535113640042     
   6220.0000000000000      -0.61315965355306978     
   6221.0000000000000      -0.30300955857043993     
   6222.0000000000000       0.53773263631198631     
   6223.0000000000000       0.66015687034529635     
   6224.0000000000000       0.40504492929639169     
   6225.0000000000000      -0.40234186669391614     
   6226.0000000000000      -0.73241883461467816     
   6227.0000000000000      -0.49404674771481905     
   6228.0000000000000       0.25787850383827582     
   6229.0000000000000       0.78837432541029340     
   6230.0000000000000       0.55709848699487496     
   6231.0000000000000      -0.12367514915941147     
   6232.0000000000000      -0.80181684203574544     
   6233.0000000000000      -0.59087255564249719     
   6234.0000000000000        5.9236764597224711E-003
   6235.0000000000000       0.77794029762008055     
   6236.0000000000000       0.59960984913868765     
   6237.0000000000000        9.7795337223538392E-002
   6238.0000000000000      -0.72707310759755095     
   6239.0000000000000      -0.59900533582204585     
   6240.0000000000000      -0.19599602491206830     
   6241.0000000000000       0.65099422757906322     
   6242.0000000000000       0.61143949909941919     
   6243.0000000000000       0.29658458815067879     
   6244.0000000000000      -0.54537382436376802     
   6245.0000000000000      -0.65618219241237785     
   6246.0000000000000      -0.39886125836694369     
   6247.0000000000000       0.41133146166754736     
   6248.0000000000000       0.72789751255941115     
   6249.0000000000000       0.48917004790737628     
   6250.0000000000000      -0.26673523058447401     
   6251.0000000000000      -0.78605909866873369     
   6252.0000000000000      -0.55400873779993354     
   6253.0000000000000       0.13159901268444474     
   6254.0000000000000       0.80219906316366141     
   6255.0000000000000       0.58959577902802818     
   6256.0000000000000       -1.2808451883054683E-002
   6257.0000000000000      -0.78029642670568589     
   6258.0000000000000      -0.59955047467721145     
   6259.0000000000000       -9.1574902312129836E-002
   6260.0000000000000       0.73096344956243464     
   6261.0000000000000       0.59890417930330475     
   6262.0000000000000       0.18984342682356603     
   6263.0000000000000      -0.65656625314134687     
   6264.0000000000000      -0.60985317984311083     
   6265.0000000000000      -0.29017154383412469     
   6266.0000000000000       0.55289681588739625     
   6267.0000000000000       0.65232904146993997     
   6268.0000000000000       0.39263065590324064     
   6269.0000000000000      -0.42027901789001665     
   6270.0000000000000      -0.72331655967655861     
   6271.0000000000000      -0.48418960928248855     
   6272.0000000000000       0.27563465673343013     
   6273.0000000000000       0.78356701865751732     
   6274.0000000000000       0.55080319685327273     
   6275.0000000000000      -0.13958901620640407     
   6276.0000000000000      -0.80243133629260510     
   6277.0000000000000      -0.58821426880639549     
   6278.0000000000000        1.9752056755070080E-002
   6279.0000000000000       0.78254886330617501     
   6280.0000000000000       0.59944743567764613     
   6281.0000000000000        8.5330691003021264E-002
   6282.0000000000000      -0.73475824364697384     
   6283.0000000000000      -0.59884847515250905     
   6284.0000000000000      -0.18370140888219716     
   6285.0000000000000       0.66202280644990164     
   6286.0000000000000       0.60839694392725696     
   6287.0000000000000       0.28377210671340392     
   6288.0000000000000      -0.56029976919424629     
   6289.0000000000000      -0.64860355080197940     
   6290.0000000000000      -0.38635794315272193     
   6291.0000000000000       0.42917791056441829     
   6292.0000000000000       0.71868885861532039     
   6293.0000000000000       0.47910720838101739     
   6294.0000000000000      -0.28457363501447819     
   6295.0000000000000      -0.78089980451410468     
   6296.0000000000000      -0.54748220085532762     
   6297.0000000000000       0.14764462729305983     
   6298.0000000000000       0.80251040345623315     
   6299.0000000000000       0.58672592965648074     
   6300.0000000000000       -2.6755932842097319E-002
   6301.0000000000000      -0.78469564065585817     
   6302.0000000000000      -0.59929573921181700     
   6303.0000000000000       -7.9060204913891541E-002
   6304.0000000000000       0.73845810934361555     
   6305.0000000000000       0.59883237409793910     
   6306.0000000000000       0.17756839110438227     
   6307.0000000000000      -0.66736530998564325     
   6308.0000000000000      -0.60706672886249169     
   6309.0000000000000      -0.27738769712807759     
   6310.0000000000000       0.56758118653323519     
   6311.0000000000000       0.64501102423282008     
   6312.0000000000000       0.38004791072183813     
   6313.0000000000000      -0.43802160498319792     
   6314.0000000000000      -0.71402755254723949     
   6315.0000000000000      -0.47392485561256464     
   6316.0000000000000       0.29354871066712557     
   6317.0000000000000       0.77805982960551412     
   6318.0000000000000       0.54404613198801155     
   6319.0000000000000      -0.15576521846708780     
   6320.0000000000000      -0.80243308133686464     
   6321.0000000000000      -0.58512889441564730     
   6322.0000000000000        3.3821390458655287E-002
   6323.0000000000000       0.78673462025513152     
   6324.0000000000000       0.59909050229038108     
   6325.0000000000000        7.2760945023752854E-002
   6326.0000000000000      -0.74206354436026467     
   6327.0000000000000      -0.59885003582670526     
   6328.0000000000000      -0.17144268534594492     
   6329.0000000000000       0.67259521556299795     
   6330.0000000000000       0.60585819382312356     
   6331.0000000000000       0.27101948020659455     
   6332.0000000000000      -0.57473989863819108     
   6333.0000000000000      -0.64155594462588494     
   6334.0000000000000      -0.37370528436043726     
   6335.0000000000000       0.44680370258512381     
   6336.0000000000000       0.70934593692083137     
   6337.0000000000000       0.46864481101350441     
   6338.0000000000000      -0.30255610842538827     
   6339.0000000000000      -0.77505016457615084     
   6340.0000000000000      -0.54049541087234954     
   6341.0000000000000       0.16395006767070186     
   6342.0000000000000       0.80219628555871825     
   6343.0000000000000       0.58342152054823959     
   6344.0000000000000       -4.0949605104846909E-002
   6345.0000000000000      -0.78866349773908262     
   6346.0000000000000      -0.59882696137933666     
   6347.0000000000000       -6.6430419778385263E-002
   6348.0000000000000       0.74557491739549586     
   6349.0000000000000       0.59889563632044895     
   6350.0000000000000       0.16532250317881392     
   6351.0000000000000      -0.67771399068966842     
   6352.0000000000000      -0.60476675008946901     
   6353.0000000000000      -0.26466837260870746     
   6354.0000000000000       0.58177504749121500     
   6355.0000000000000       0.63824198950325706     
   6356.0000000000000       0.36733469256576068     
   6357.0000000000000      -0.45551798443132341     
   6358.0000000000000      -0.70465734885010023     
   6359.0000000000000      -0.46326959613254787     
   6360.0000000000000       0.31159172389327600     
   6361.0000000000000       0.77187461680649438     
   6362.0000000000000       0.53683049202076027     
   6363.0000000000000      -0.17219835701131414     
   6364.0000000000000      -0.80179705609608443     
   6365.0000000000000      -0.58160238465124880     
   6366.0000000000000        4.8141615253925574E-002
   6367.0000000000000       0.79047981020687286     
   6368.0000000000000       0.59850048244610921     
   6369.0000000000000        6.0066153592985061E-002
   6370.0000000000000      -0.74899246106199502     
   6371.0000000000000      -0.59896337450434589     
   6372.0000000000000      -0.15920596339219839     
   6373.0000000000000       0.68272310577401396     
   6374.0000000000000       0.60378758960055134     
   6375.0000000000000       0.25833505026088832     
   6376.0000000000000      -0.58868606768438247     
   6377.0000000000000      -0.63507205281595669     
   6378.0000000000000      -0.36094063646688379     
   6379.0000000000000       0.46415845138803957     
   6380.0000000000000       0.69997505642275515     
   6381.0000000000000       0.45780200138420357     
   6382.0000000000000      -0.32065112005862140     
   6383.0000000000000      -0.76853776475285263     
   6384.0000000000000      -0.53305186205150523     
   6385.0000000000000       0.18050916953533780     
   6386.0000000000000       0.80123258392330077     
   6387.0000000000000       0.57967027506229107     
   6388.0000000000000       -5.5398321301411757E-002
   6389.0000000000000      -0.79218094500748193     
   6390.0000000000000      -0.59810657142900370     
   6391.0000000000000       -5.3665695724922746E-002
   6392.0000000000000       0.75231626500861648     
   6393.0000000000000       0.59904747832138672     
   6394.0000000000000       0.15309109913775726     
   6395.0000000000000      -0.68762402213459328     
   6396.0000000000000      -0.60291571161386592     
   6397.0000000000000      -0.25201995689209061     
   6398.0000000000000       0.59547266673792554     
   6399.0000000000000       0.63204827189334722     
   6400.0000000000000       0.35452746234819643     
   6401.0000000000000      -0.47271936043227569     
   6402.0000000000000      -0.69531215014569725     
   6403.0000000000000      -0.45224508837320226     
   6404.0000000000000       0.32972952953940499     
   6405.0000000000000       0.76504498557296574     
   6406.0000000000000       0.52916004088651936     
   6407.0000000000000      -0.18888148380891134     
   6408.0000000000000      -0.80050023905952139     
   6409.0000000000000      -0.57762418268336169     
   6410.0000000000000        6.2720485657081770E-002
   6411.0000000000000       0.79376414995931444     
   6412.0000000000000       0.59764088499162704     
   6413.0000000000000        4.7226629468871906E-002
   6414.0000000000000      -0.75554626930772950     
   6415.0000000000000      -0.59914221034955739     
   6416.0000000000000      -0.14697586474977364     
   6417.0000000000000       0.69241818075591866     
   6418.0000000000000       0.60214594749523231     
   6419.0000000000000       0.24572331319304674     
   6420.0000000000000      -0.60213480470471215     
   6421.0000000000000      -0.62917205862385450     
   6422.0000000000000      -0.34809933706981927     
   6423.0000000000000       0.48119525663148049     
   6424.0000000000000       0.69068143859889619     
   6425.0000000000000       0.44660218688041420     
   6426.0000000000000      -0.33882186296966854     
   6427.0000000000000      -0.76140247445060516     
   6428.0000000000000      -0.52515558609266155     
   6429.0000000000000       0.19731416613144326     
   6430.0000000000000       0.79959760018102655     
   6431.0000000000000       0.57546329018060050     
   6432.0000000000000       -7.0108733929840517E-002
   6433.0000000000000      -0.79522654496479706     
   6434.0000000000000      -0.59709924139439940     
   6435.0000000000000       -4.0746581606319721E-002
   6436.0000000000000       0.75868225818934465     
   6437.0000000000000       0.59924187308473731     
   6438.0000000000000       0.14085814228229343     
   6439.0000000000000      -0.69710699172607471     
   6440.0000000000000      -0.60147298368245961     
   6441.0000000000000      -0.23944512643849297     
   6442.0000000000000       0.60867267335981889     
   6443.0000000000000       0.62644413396333110     
   6444.0000000000000       0.34166022654741868     
   6445.0000000000000      -0.48958100048411413     
   6446.0000000000000      -0.68609535015623979     
   6447.0000000000000      -0.44087688640149852     
   6448.0000000000000       0.34792272372133198     
   6449.0000000000000       0.75761725412248659     
   6450.0000000000000       0.52103910044825319     
   6451.0000000000000      -0.20580596027284159     
   6452.0000000000000      -0.79852248598335496     
   6453.0000000000000      -0.57318695976427803     
   6454.0000000000000        7.7563557123687010E-002
   6455.0000000000000       0.79656513496718473     
   6456.0000000000000       0.59647763128979503     
   6457.0000000000000        3.4223232022397299E-002
   6458.0000000000000      -0.76172385421632349     
   6459.0000000000000      -0.59934081401627959     
   6460.0000000000000      -0.13473574781528291     
   6461.0000000000000       0.70169182428568622     
   6462.0000000000000       0.60089138288224198     
   6463.0000000000000       0.23318520042777985     
   6464.0000000000000      -0.61508667524149385     
   6465.0000000000000      -0.62386456492712383     
   6466.0000000000000      -0.33521387736652364     
   6467.0000000000000       0.49787179043932850     
   6468.0000000000000       0.68156584236790030     
   6469.0000000000000       0.43507302233141937     
   6470.0000000000000      -0.35702642893561426     
   6471.0000000000000      -0.75369717328542196     
   6472.0000000000000      -0.51681124272059231     
   6473.0000000000000       0.21435547470957228     
   6474.0000000000000       0.79727298847028105     
   6475.0000000000000       0.57079471979317475     
   6476.0000000000000       -8.5085314731502604E-002
   6477.0000000000000      -0.79777682418613405     
   6478.0000000000000      -0.59577222822771647     
   6479.0000000000000       -2.7654323385865931E-002
   6480.0000000000000       0.76467051300525268     
   6481.0000000000000       0.59943343062464050     
   6482.0000000000000       0.12860643759068363     
   6483.0000000000000      -0.70617399741387543     
   6484.0000000000000      -0.60039560357111477     
   6485.0000000000000      -0.22694314561490181     
   6486.0000000000000       0.62137740277684417     
   6487.0000000000000       0.62143280329280348     
   6488.0000000000000       0.32876380152913681     
   6489.0000000000000      -0.50606318053693777     
   6490.0000000000000      -0.67710432029923329     
   6491.0000000000000      -0.42919465707950971     
   6492.0000000000000       0.36612703661557472     
   6493.0000000000000       0.74965089281735420     
   6494.0000000000000       0.51247274152667166     
   6495.0000000000000      -0.22296116743824945     
   6496.0000000000000      -0.79584750832157780     
   6497.0000000000000      -0.56828625048245285     
   6498.0000000000000        9.2674238583034585E-002
   6499.0000000000000       0.79885843156177216     
   6500.0000000000000       0.59497939864345040     
   6501.0000000000000        2.1037670773707107E-002
   6502.0000000000000      -0.76752151860486117     
   6503.0000000000000      -0.59951417543038654     
   6504.0000000000000      -0.12246791404640356     
   6505.0000000000000       0.71055477087543550     
   6506.0000000000000       0.59998001787912902     
   6507.0000000000000       0.22071838931384441     
   6508.0000000000000      -0.62754561769297257     
   6509.0000000000000      -0.61914772531857465     
   6510.0000000000000      -0.32231326426431167     
   6511.0000000000000       0.51415109322015740     
   6512.0000000000000       0.67272156480237344     
   6513.0000000000000       0.42324605657082892     
   6514.0000000000000      -0.37521837832134408     
   6515.0000000000000      -0.74548785907345294     
   6516.0000000000000      -0.50802441202153903     
   6517.0000000000000       0.23162132856618955     
   6518.0000000000000       0.79424479244169977     
   6519.0000000000000       0.56566136902322184     
   6520.0000000000000      -0.10033043727495405     
   6521.0000000000000      -0.79980670733457437     
   6522.0000000000000      -0.59409571109382708     
   6523.0000000000000       -1.4371171110736047E-002
   6524.0000000000000       0.77027597964788308     
   6525.0000000000000       0.59957756122080919     
   6526.0000000000000       0.11631783182136712     
   6527.0000000000000      -0.71483533665454002     
   6528.0000000000000      -0.59963892793998630     
   6529.0000000000000      -0.21451018587923509     
   6530.0000000000000       0.63359223088266803     
   6531.0000000000000       0.61700767186409677     
   6532.0000000000000       0.31586527477987775     
   6533.0000000000000      -0.52213182747098563     
   6534.0000000000000      -0.66842767137384984     
   6535.0000000000000      -0.41723166273216938     
   6536.0000000000000       0.38429409682234139     
   6537.0000000000000       0.74121826390304779     
   6538.0000000000000       0.50346717502186644     
   6539.0000000000000      -0.24033406101197530     
   6540.0000000000000      -0.79246397371266530     
   6541.0000000000000      -0.56292001444478812     
   6542.0000000000000       0.10805390098488055     
   6543.0000000000000       0.80061835069062837     
   6544.0000000000000       0.59311794450805033     
   6545.0000000000000        7.6528122875209048E-003
   6546.0000000000000      -0.77293282639278227     
   6547.0000000000000      -0.59961816657363332     
   6548.0000000000000      -0.11015380380737272     
   6549.0000000000000       0.71901681070397938     
   6550.0000000000000       0.59936658079438665     
   6551.0000000000000       0.20831762677557636     
   6552.0000000000000      -0.63951828286356438     
   6553.0000000000000      -0.61501048838295558     
   6554.0000000000000      -0.30942257978956544     
   6555.0000000000000       0.53000206250016513     
   6556.0000000000000       0.66423199993846016     
   6557.0000000000000       0.41115606266977744     
   6558.0000000000000      -0.39334768790457286     
   6559.0000000000000      -0.73685299145564453     
   6560.0000000000000      -0.49880207803388715     
   6561.0000000000000       0.24909725978889802     
   6562.0000000000000       0.79050461286377005     
   6563.0000000000000       0.56006223256694532     
   6564.0000000000000      -0.11584450644821720     
   6565.0000000000000      -0.80129002840901387     
   6566.0000000000000      -0.59204309522838972     
   6567.0000000000000       -8.8068181701173032E-004
   6568.0000000000000       0.77549080876871879     
   6569.0000000000000       0.59963064178652958     
   6570.0000000000000       0.10397340732336335     
   6571.0000000000000      -0.72310022494511283     
   6572.0000000000000      -0.59915718193507117     
   6573.0000000000000      -0.20213965046096355     
   6574.0000000000000       0.64532492494124294     
   6575.0000000000000       0.61315356433686008     
   6576.0000000000000       0.30298765961778751     
   6577.0000000000000      -0.53775885728988682     
   6578.0000000000000      -0.66014313560773152     
   6579.0000000000000      -0.40502395531788615     
   6580.0000000000000       0.40237254541202105     
   6581.0000000000000       0.73240355228242016     
   6582.0000000000000       0.49403031752410981     
   6583.0000000000000      -0.25790859048163856     
   6584.0000000000000      -0.78836674222767167     
   6585.0000000000000      -0.55708816139976725     
   6586.0000000000000       0.12370202185687484     
   6587.0000000000000       0.80181839445998759     
   6588.0000000000000       0.59086838263249575     
   6589.0000000000000       -5.9470251080944170E-003
   6590.0000000000000      -0.77794849553062206     
   6591.0000000000000      -0.59960971530607843     
   6592.0000000000000       -9.7774190484590018E-002
   6593.0000000000000       0.72708651946240932     
   6594.0000000000000       0.59900490758314273     
   6595.0000000000000       0.19597505202328325     
   6596.0000000000000      -0.65101340116022488     
   6597.0000000000000      -0.61143387165898466     
   6598.0000000000000      -0.29656272666242389     
   6599.0000000000000       0.54539964633779192     
   6600.0000000000000       0.65616886019951293     
   6601.0000000000000       0.39884011637233974     
   6602.0000000000000      -0.41136200852251825     
   6603.0000000000000      -0.72788200566991723     
   6604.0000000000000      -0.48915326165827500     
   6605.0000000000000       0.26676546765177245     
   6606.0000000000000       0.78605091097927093     
   6607.0000000000000       0.55399801735267540     
   6608.0000000000000      -0.13162611142262781     
   6609.0000000000000      -0.80220011051921258     
   6610.0000000000000      -0.58959125315304006     
   6611.0000000000000        1.2831998289070112E-002
   6612.0000000000000       0.78030427462144880     
   6613.0000000000000       0.59955020073044629     
   6614.0000000000000        9.1553678832884233E-002
   6615.0000000000000      -0.73097653484744218     
   6616.0000000000000      -0.59890391578626878     
   6617.0000000000000      -0.18982249251860667     
   6618.0000000000000       0.65658503110228961     
   6619.0000000000000       0.60984800196629319     
   6620.0000000000000       0.29014972598297784     
   6621.0000000000000      -0.55292223198616652     
   6622.0000000000000      -0.65231613407976974     
   6623.0000000000000      -0.39260936232392907     
   6624.0000000000000       0.42030941022126089     
   6625.0000000000000       0.72330087154207856     
   6626.0000000000000       0.48417247264884833     
   6627.0000000000000      -0.27566503401030618     
   6628.0000000000000      -0.78355823125635871     
   6629.0000000000000      -0.55079208261348367     
   6630.0000000000000       0.13961633933514717     
   6631.0000000000000       0.80243186738404149     
   6632.0000000000000       0.58820938254111343     
   6633.0000000000000       -1.9775806047125144E-002
   6634.0000000000000      -0.78255635482598707     
   6635.0000000000000      -0.59944700443652277     
   6636.0000000000000       -8.5309382284899371E-002
   6637.0000000000000       0.73477100466027734     
   6638.0000000000000       0.59884835643083512     
   6639.0000000000000       0.18368050797305074     
   6640.0000000000000      -0.66204119356909219     
   6641.0000000000000      -0.60839220228716617     
   6642.0000000000000      -0.28375033777619268     
   6643.0000000000000       0.56032477374156864     
   6644.0000000000000       0.64859108770211960     
   6645.0000000000000       0.38633651437540428     
   6646.0000000000000      -0.42920812593775959     
   6647.0000000000000      -0.71867303361442558     
   6648.0000000000000      -0.47908972780268755     
   6649.0000000000000       0.28460414126572275     
   6650.0000000000000       0.78089042434854361     
   6651.0000000000000       0.54747069405203597     
   6652.0000000000000      -0.14767217283601641     
   6653.0000000000000      -0.80251040730229994     
   6654.0000000000000      -0.58672067625636692     
   6655.0000000000000        2.6779889707892801E-002
   6656.0000000000000       0.78470276878537271     
   6657.0000000000000       0.59929513385505651     
   6658.0000000000000        7.9038802442842337E-002
   6659.0000000000000      -0.73847054799100975     
   6660.0000000000000      -0.59883238026231711     
   6661.0000000000000      -0.17754751802088542     
   6662.0000000000000       0.66738331116558025     
   6663.0000000000000       0.60706240913056653     
   6664.0000000000000       0.27736598150233699     
   6665.0000000000000      -0.56760577499894915     
   6666.0000000000000      -0.64499902207629156     
   6667.0000000000000      -0.38002636296951919     
   6668.0000000000000       0.43805162135120335     
   6669.0000000000000       0.71401163576277948     
   6670.0000000000000       0.47390703835476755     
   6671.0000000000000      -0.29357933358584720     
   6672.0000000000000      -0.77804986592605740     
   6673.0000000000000      -0.54403423399177098     
   6674.0000000000000       0.15579298412592046     
   6675.0000000000000       0.80243254725143487     
   6676.0000000000000       0.58512326790826863     
   6677.0000000000000       -3.3845559131830849E-002
   6678.0000000000000      -0.78674137742434658     
   6679.0000000000000      -0.59908970638704628     
   6680.0000000000000       -7.2739440297169389E-002
   6681.0000000000000       0.74207566212037868     
   6682.0000000000000       0.59885014701128891     
   6683.0000000000000       0.17142183416325790     
   6684.0000000000000      -0.67261283578228137     
   6685.0000000000000      -0.60585428077598347     
   6686.0000000000000      -0.27099782143161399     
   6687.0000000000000       0.57476406758227305     
   6688.0000000000000       0.64154441729276990     
   6689.0000000000000       0.37368363357871975     
   6690.0000000000000      -0.44683349843998371     
   6691.0000000000000      -0.70932997376594864     
   6692.0000000000000      -0.46862666521429941     
   6693.0000000000000       0.30258683459572722     
   6694.0000000000000       0.77503962907782842     
   6695.0000000000000       0.54048312317535496     
   6696.0000000000000      -0.16397805082387740     
   6697.0000000000000      -0.80219520323536830     
   6698.0000000000000      -0.58341551571786499     
   6699.0000000000000        4.0973989355479801E-002
   6700.0000000000000       0.78866987582481862     
   6701.0000000000000       0.59882595892219725     
   6702.0000000000000        6.6408804333396798E-002
   6703.0000000000000      -0.74558671529541853     
   6704.0000000000000      -0.59889583272660440     
   6705.0000000000000      -0.16530166764359655     
   6706.0000000000000       0.67773123495801579     
   6707.0000000000000       0.60476322770936786     
   6708.0000000000000       0.26464677339030240     
   6709.0000000000000      -0.58179879450247141     
   6710.0000000000000      -0.63823094816495529     
   6711.0000000000000      -0.36731295431618105     
   6712.0000000000000       0.45554753894765554     
   6713.0000000000000       0.70464138469010829     
   6714.0000000000000       0.46325113083589708     
   6715.0000000000000      -0.31162253876942891     
   6716.0000000000000      -0.77186352375538780     
   6717.0000000000000      -0.53681781622593960     
   6718.0000000000000       0.17222655470659953     
   6719.0000000000000       0.80179541569666413     
   6720.0000000000000       0.58159599701684395     
   6721.0000000000000       -4.8166218382981962E-002
   6722.0000000000000      -0.79048580056023088     
   6723.0000000000000      -0.59849925788664748     
   6724.0000000000000       -6.0044419036067276E-002
   6725.0000000000000       0.74900393965347989     
   6726.0000000000000       0.59896363642224704     
   6727.0000000000000       0.15918513694753267     
   6728.0000000000000      -0.68273997909009398     
   6729.0000000000000      -0.60378444116937779     
   6730.0000000000000      -0.25831351249921630     
   6731.0000000000000       0.58870939131499789     
   6732.0000000000000       0.63506150601872369     
   6733.0000000000000       0.36091882582868595     
   6734.0000000000000      -0.46418774455340361     
   6735.0000000000000      -0.69995913620059402     
   6736.0000000000000      -0.45778322655665293     
   6737.0000000000000       0.32068200796247504     
   6738.0000000000000       0.76852613109248269     
   6739.0000000000000       0.53303879987142544     
   6740.0000000000000      -0.18053757847518037     
   6741.0000000000000      -0.80123037617098314     
   6742.0000000000000      -0.57966350084921803     
   6743.0000000000000        5.5423146139140345E-002
   6744.0000000000000       0.79218653848623122     
   6745.0000000000000       0.59810510971364417     
   6746.0000000000000        5.3643833762699100E-002
   6747.0000000000000      -0.75232742434507027     
   6748.0000000000000      -0.59904778614985299     
   6749.0000000000000      -0.15307027494690556     
   6750.0000000000000       0.68764052944650067     
   6751.0000000000000       0.60291291980072015     
   6752.0000000000000       0.25199848171188211     
   6753.0000000000000      -0.59549556643503543     
   6754.0000000000000      -0.63203822565782841     
   6755.0000000000000      -0.35450559382958841     
   6756.0000000000000       0.47274837316364010     
   6757.0000000000000       0.69529631801830938     
   6758.0000000000000       0.45222601490279557     
   6759.0000000000000      -0.32976047367850336     
   6760.0000000000000      -0.76503283100507513     
   6761.0000000000000      -0.52914659415276644     
   6762.0000000000000       0.18891010032801936     
   6763.0000000000000       0.80049745533688754     
   6764.0000000000000       0.57761701878924998     
   6765.0000000000000       -6.2745534565231575E-002
   6766.0000000000000      -0.79376933696510699     
   6767.0000000000000      -0.59763917159866364     
   6768.0000000000000       -4.7204631939906316E-002
   6769.0000000000000       0.75555710892223382     
   6770.0000000000000       0.59914254461454131     
   6771.0000000000000       0.14695503571889434     
   6772.0000000000000      -0.69243432692408413     
   6773.0000000000000      -0.60214349443770099     
   6774.0000000000000      -0.24570190097567562     
   6775.0000000000000       0.60215728074007502     
   6776.0000000000000       0.62916251655745881     
   6777.0000000000000       0.34807742452942686     
   6778.0000000000000      -0.48122397087634644     
   6779.0000000000000      -0.69066573759124605     
   6780.0000000000000      -0.44658282655712500     
   6781.0000000000000       0.33885284547654893     
   6782.0000000000000       0.76138982148504031     
   6783.0000000000000       0.52514175677611408     
   6784.0000000000000      -0.19734298616607926     
   6785.0000000000000      -0.79959423263379903     
   6786.0000000000000      -0.57545573413601181     
   6787.0000000000000        7.0134008807479553E-002
   6788.0000000000000       0.79523131548504722     
   6789.0000000000000       0.59709726237100591     
   6790.0000000000000        4.0724440513638549E-002
   6791.0000000000000      -0.75869277707401395     
   6792.0000000000000      -0.59924221445688841     
   6793.0000000000000      -0.14083730108227721     
   6794.0000000000000       0.69712278148837981     
   6795.0000000000000       0.60147085106176346     
   6796.0000000000000       0.23942377685536698     
   6797.0000000000000      -0.60869472675854797     
   6798.0000000000000      -0.62643509738245506     
   6799.0000000000000      -0.34163828312633227     
   6800.0000000000000       0.48960939930545577     
   6801.0000000000000       0.68607982183888438     
   6802.0000000000000       0.44085725187915703     
   6803.0000000000000      -0.34795372571452043     
   6804.0000000000000      -0.75760412809132849     
   6805.0000000000000      -0.52102489069037683     
   6806.0000000000000       0.20583497932158323     
   6807.0000000000000       0.79851852763040121     
   6808.0000000000000       0.57317900968893198     
   6809.0000000000000       -7.7589059416287354E-002
   6810.0000000000000      -0.79656947862141969     
   6811.0000000000000      -0.59647537328841982     
   6812.0000000000000       -3.4200939566411681E-002
   6813.0000000000000       0.76173405080333956     
   6814.0000000000000       0.59934114332802380     
   6815.0000000000000       0.13471488690290195     
   6816.0000000000000      -0.70170726222453439     
   6817.0000000000000      -0.60088955199248517     
   6818.0000000000000      -0.23316391247458723     
   6819.0000000000000       0.61510830771070213     
   6820.0000000000000       0.62385603298647085     
   6821.0000000000000       0.33519191543105653     
   6822.0000000000000      -0.49789985808394910     
   6823.0000000000000      -0.68155052656303761     
   6824.0000000000000      -0.43505312707178778     
   6825.0000000000000       0.35705743060180917     
   6826.0000000000000       0.75368360231726128     
   6827.0000000000000       0.51679665487551740     
   6828.0000000000000      -0.21438468778562914     
   6829.0000000000000      -0.79726843332045716     
   6830.0000000000000      -0.57078637434863011     
   6831.0000000000000        8.5111045442855748E-002
   6832.0000000000000       0.79778073027657948     
   6833.0000000000000       0.59576967854110796     
   6834.0000000000000        2.7631871997314872E-002
   6835.0000000000000      -0.76468038514994319     
   6836.0000000000000      -0.59943372888721314     
   6837.0000000000000      -0.12858554922927246     
   6838.0000000000000       0.70618908792496393     
   6839.0000000000000       0.60039405538288537     
   6840.0000000000000       0.22692191764629871     
   6841.0000000000000      -0.62139861663493723     
   6842.0000000000000      -0.62142477311929833     
   6843.0000000000000      -0.32874183262417056     
   6844.0000000000000       0.50609090248723643     
   6845.0000000000000       0.67708925481910931     
   6846.0000000000000       0.42917451527978251     
   6847.0000000000000      -0.36615801731180148     
   6848.0000000000000      -0.74963690776859715     
   6849.0000000000000      -0.51245777821341310     
   6850.0000000000000       0.22299056901379444     
   6851.0000000000000       0.79584235149786597     
   6852.0000000000000       0.56827750882224692     
   6853.0000000000000       -9.2700198289455082E-002
   6854.0000000000000      -0.79886188912793088     
   6855.0000000000000      -0.59497654523752019     
   6856.0000000000000       -2.1015053146194007E-002
   6857.0000000000000       0.76753106357121659     
   6858.0000000000000       0.59951442385126286     
   6859.0000000000000       0.12244699032631834     
   6860.0000000000000      -0.71056951813796543     
   6861.0000000000000      -0.59997873309773631     
   6862.0000000000000      -0.22069721907822176     
   6863.0000000000000       0.62756641580022032     
   6864.0000000000000       0.61914019214763849     
   6865.0000000000000       0.32229129907689091     
   6866.0000000000000      -0.51417845622966385     
   6867.0000000000000      -0.67270678522280924     
   6868.0000000000000      -0.42322568307637004     
   6869.0000000000000       0.37524931669518763     
   6870.0000000000000       0.74547349341477354     
   6871.0000000000000       0.50800907618525248     
   6872.0000000000000      -0.23165091250961245     
   6873.0000000000000      -0.79423903031286314     
   6874.0000000000000      -0.56565223074156057     
   6875.0000000000000       0.10035662614114294     
   6876.0000000000000       0.79980970521154926     
   6877.0000000000000       0.59409254263755296     
   6878.0000000000000        1.4348380232405811E-002
   6879.0000000000000      -0.77028519409690632     
   6880.0000000000000      -0.59957774122194429     
   6881.0000000000000      -0.11629686468047157     
   6882.0000000000000       0.71484974460262274     
   6883.0000000000000       0.59963788705862042     
   6884.0000000000000       0.21448907055324440     
   6885.0000000000000      -0.63361261657357937     
   6886.0000000000000      -0.61700062917634202     
   6887.0000000000000      -0.31584332311256169     
   6888.0000000000000       0.52215881958431576     
   6889.0000000000000       0.66841321084457872     
   6890.0000000000000       0.41721107293673293     
   6891.0000000000000      -0.38432497094776502     
   6892.0000000000000      -0.74120355356048795     
   6893.0000000000000      -0.50345147000256951     
   6894.0000000000000       0.24036382051942728     
   6895.0000000000000       0.79245760403233445     
   6896.0000000000000       0.56291047952494677     
   6897.0000000000000      -0.10808031878072888     
   6898.0000000000000      -0.80062087757095934     
   6899.0000000000000      -0.59311445039963051     
   6900.0000000000000       -7.6298414714028873E-003
   6901.0000000000000       0.77294170637406423     
   6902.0000000000000       0.59961825981091021     
   6903.0000000000000       0.11013278505181534     
   6904.0000000000000      -0.71903088299900020     
   6905.0000000000000      -0.59936576414250242     
   6906.0000000000000      -0.20829656299814331     
   6907.0000000000000       0.63953825988148671     
   6908.0000000000000       0.61500392803962900     
   6909.0000000000000       0.30940065054290700     
   6910.0000000000000      -0.53002867305831891     
   6911.0000000000000      -0.66421788903091283     
   6912.0000000000000      -0.41113527240576131     
   6913.0000000000000       0.39337847543037452     
   6914.0000000000000       0.73683797460733691     
   6915.0000000000000       0.49878600764060577     
   6916.0000000000000      -0.24912718731197603     
   6917.0000000000000      -0.79049763491643321     
   6918.0000000000000      -0.56005230133058137     
   6919.0000000000000       0.11587115256576375     
   6920.0000000000000       0.80129207290783411     
   6921.0000000000000       0.59203926561691000     
   6922.0000000000000        8.5752472955391568E-004
   6923.0000000000000      -0.77549934971561996     
   6924.0000000000000      -0.59963063017075768     
   6925.0000000000000      -0.10395232864889825     
   6926.0000000000000       0.72311396494884772     
   6927.0000000000000       0.59915656972229725     
   6928.0000000000000       0.20211863436655669     
   6929.0000000000000      -0.64534449737551758     
   6930.0000000000000      -0.61314747671263592     
   6931.0000000000000      -0.30296576078122595     
   6932.0000000000000       0.53778507692198962     
   6933.0000000000000       0.66012940219997185     
   6934.0000000000000       0.40500298073935481     
   6935.0000000000000      -0.40240322371962522     
   6936.0000000000000      -0.73238826911340904     
   6937.0000000000000      -0.49401388611199037     
   6938.0000000000000       0.25793867765351541     
   6939.0000000000000       0.78835915698050729     
   6940.0000000000000       0.55707783445837555     
   6941.0000000000000      -0.12372889532656628     
   6942.0000000000000      -0.80181994518334532     
   6943.0000000000000      -0.59086420843443466     
   6944.0000000000000        5.9703744207616483E-003
   6945.0000000000000       0.77795669225940511     
   6946.0000000000000       0.59960958102583262     
   6947.0000000000000        9.7753043498678416E-002
   6948.0000000000000      -0.72709993021071950     
   6949.0000000000000      -0.59900447993902539     
   6950.0000000000000      -0.19595407927424713     
   6951.0000000000000       0.65103257338613862     
   6952.0000000000000       0.61142824577097032     
   6953.0000000000000       0.29654086531281632     
   6954.0000000000000      -0.54542546694053951     
   6955.0000000000000      -0.65615552939718791     
   6956.0000000000000      -0.39881897383360676     
   6957.0000000000000       0.41139255488961735     
   6958.0000000000000       0.72786649808897053     
   6959.0000000000000       0.48913647420586159     
   6960.0000000000000      -0.26679570521446461     
   6961.0000000000000      -0.78604272123811947     
   6962.0000000000000      -0.55398729556241677     
   6963.0000000000000       0.13165321092798132     
   6964.0000000000000       0.80220115613547771     
   6965.0000000000000       0.58958672606303508     
   6966.0000000000000       -1.2855545377575828E-002
   6967.0000000000000      -0.78031212133467587     
   6968.0000000000000      -0.59954992627696002     
   6969.0000000000000       -9.1532455077787955E-002
   6970.0000000000000       0.73098961902441639     
   6971.0000000000000       0.59890365279616009     
   6972.0000000000000       0.18980155833640877     
   6973.0000000000000      -0.65660380772399141     
   6974.0000000000000      -0.60984282559833558     
   6975.0000000000000      -0.29012790828996138     
   6976.0000000000000       0.55294764669232710     
   6977.0000000000000       0.65230322817124053     
   6978.0000000000000       0.39258806825643977     
   6979.0000000000000      -0.42033980198775422     
   6980.0000000000000      -0.72328518286567278     
   6981.0000000000000      -0.48415533483249112     
   6982.0000000000000       0.27569541174607798     
   6983.0000000000000       0.78354944182343078     
   6984.0000000000000       0.55078096703460977     
   6985.0000000000000      -0.13964366322487998     
   6986.0000000000000      -0.80243239669838584     
   6987.0000000000000      -0.58820449503652361     
   6988.0000000000000        1.9799556038391120E-002
   6989.0000000000000       0.78256384512044119     
   6990.0000000000000       0.59944657263076551     
   6991.0000000000000        8.5288073261942765E-002
   6992.0000000000000      -0.73478376457273487     
   6993.0000000000000      -0.59884823816824051     
   6994.0000000000000      -0.18365960716832846     
   6995.0000000000000       0.66205957936555460     
   6996.0000000000000       0.60838746210877592     
   6997.0000000000000       0.28372856901356952     
   6998.0000000000000      -0.56034977687893850     
   6999.0000000000000      -0.64857862614537354     
   7000.0000000000000      -0.38631508516550173     
   7001.0000000000000       0.42923834067052025     
   7002.0000000000000       0.71865720822415347     
   7003.0000000000000       0.47907224606495175     
   7004.0000000000000      -0.28463464793579513     
   7005.0000000000000      -0.78088104217872467     
   7006.0000000000000      -0.54745918591410070     
   7007.0000000000000       0.14769971913268076     
   7008.0000000000000       0.80251040933433382     
   7009.0000000000000       0.58671542159530188     
   7010.0000000000000       -2.6803847288094707E-002
   7011.0000000000000      -0.78470989566471461     
   7012.0000000000000      -0.59929452787702431     
   7013.0000000000000       -7.9017399637966723E-002
   7014.0000000000000       0.73848298554333258     
   7015.0000000000000       0.59883238681803164     
   7016.0000000000000       0.17752664502222187     
   7017.0000000000000      -0.66740131103964173     
   7018.0000000000000      -0.60705809080995710     
   7019.0000000000000      -0.27734426606468132     
   7020.0000000000000       0.56763036204117878     
   7021.0000000000000       0.64498702151482212     
   7022.0000000000000       0.38000481483945298     
   7023.0000000000000      -0.43808163700438146     
   7024.0000000000000      -0.71399571874325440     
   7025.0000000000000      -0.47388921996377514     
   7026.0000000000000       0.29360995687960562     
   7027.0000000000000       0.77803990027794634     
   7028.0000000000000       0.54402233466577099     
   7029.0000000000000      -0.15582075053008360     
   7030.0000000000000      -0.80243201131617969     
   7031.0000000000000      -0.58511764012090284     
   7032.0000000000000        3.3869728533042931E-002
   7033.0000000000000       0.78674813331664906     
   7034.0000000000000       0.59908890980718732     
   7035.0000000000000        7.2717935207854523E-002
   7036.0000000000000      -0.74208777878969945     
   7037.0000000000000      -0.59885025851965668     
   7038.0000000000000      -0.17140098304465112     
   7039.0000000000000       0.67263045471272187     
   7040.0000000000000       0.60585036908690182     
   7041.0000000000000       0.27097616285533271     
   7042.0000000000000      -0.57478823509294896     
   7043.0000000000000      -0.64153289159731341     
   7044.0000000000000      -0.37366198247296128     
   7045.0000000000000       0.44686329350785753     
   7046.0000000000000       0.70931401053079246     
   7047.0000000000000       0.46860851831114769     
   7048.0000000000000      -0.30261756109349036     
   7049.0000000000000      -0.77502909165500644     
   7050.0000000000000      -0.54047083415387576     
   7051.0000000000000       0.16400603471289688     
   7052.0000000000000       0.80219411902784166     
   7053.0000000000000       0.58340950959101001     
   7054.0000000000000       -4.0998374346188915E-002
   7055.0000000000000      -0.78867625260506269     
   7056.0000000000000      -0.59882495573478300     
   7057.0000000000000       -6.6387188496957239E-002
   7058.0000000000000       0.74559851210724670     
   7059.0000000000000       0.59889602938925746     
   7060.0000000000000       0.16528083215063027     
   7061.0000000000000      -0.67774847795458570     
   7062.0000000000000      -0.60475970663152701     
   7063.0000000000000      -0.26462517437841809     
   7064.0000000000000       0.58182254007379530     
   7065.0000000000000       0.63821990849781973     
   7066.0000000000000       0.36729121579478591     
   7067.0000000000000      -0.45557709260739737     
   7068.0000000000000      -0.70462542060382782     
   7069.0000000000000      -0.46323266446767164     
   7070.0000000000000       0.31165335392152982     
   7071.0000000000000       0.77185242883288674     
   7072.0000000000000       0.53680513911227790     
   7073.0000000000000      -0.17225475312709571     
   7074.0000000000000      -0.80179377338046742     
   7075.0000000000000      -0.58158960807192317     
   7076.0000000000000        4.8190822262551780E-002
   7077.0000000000000       0.79049178957777988     
   7078.0000000000000       0.59849803254478395     
   7079.0000000000000        6.0022684059267029E-002
   7080.0000000000000      -0.74901541715791053     
   7081.0000000000000      -0.59896389852969700     
   7082.0000000000000      -0.15916431052229679     
   7083.0000000000000       0.68275685115135532     
   7084.0000000000000       0.60378129398243452     
   7085.0000000000000       0.25829197494919359     
   7086.0000000000000      -0.58873271350231859     
   7087.0000000000000      -0.63505096091738600     
   7088.0000000000000      -0.36089701496909815     
   7089.0000000000000       0.46421703679554888     
   7090.0000000000000       0.69994321620406108     
   7091.0000000000000       0.45776445069304983     
   7092.0000000000000      -0.32071289608696341     
   7093.0000000000000      -0.76851449562309593     
   7094.0000000000000      -0.53302573637853179     
   7095.0000000000000       0.18056598812838998     
   7096.0000000000000       0.80122816647136552     
   7097.0000000000000       0.57965672531394397     
   7098.0000000000000       -5.5447971736217960E-002
   7099.0000000000000      -0.79219213059723503     
   7100.0000000000000      -0.59810364716550379     
   7101.0000000000000       -5.3621971352556086E-002
   7102.0000000000000       0.75233858259377451     
   7103.0000000000000       0.59904809410132132     
   7104.0000000000000       0.15304945075174842     
   7105.0000000000000      -0.68765703552031088     
   7106.0000000000000      -0.60291012917183018     
   7107.0000000000000      -0.25197700674586465     
   7108.0000000000000       0.59551846468841707     
   7109.0000000000000       0.63202818113451886     
   7110.0000000000000       0.35448372513793125     
   7111.0000000000000      -0.47277738490850518     
   7112.0000000000000      -0.69528048626518579     
   7113.0000000000000      -0.45220694043497395     
   7114.0000000000000       0.32979141797918327     
   7115.0000000000000       0.76502067470004331     
   7116.0000000000000       0.52913314611266071     
   7117.0000000000000      -0.18893871754735103     
   7118.0000000000000      -0.80049466963884974     
   7119.0000000000000      -0.57760985356347683     
   7120.0000000000000        6.2770584239979055E-002
   7121.0000000000000       0.79377452256973247     
   7122.0000000000000       0.59763745732441542     
   7123.0000000000000        4.7182633935489049E-002
   7124.0000000000000      -0.75556794744648559     
   7125.0000000000000      -0.59914287893644413     
   7126.0000000000000      -0.14693420665913676     
   7127.0000000000000       0.69245047187051489     
   7128.0000000000000       0.60214104250277267     
   7129.0000000000000       0.24568048897256212     
   7130.0000000000000      -0.60217975533396251     
   7131.0000000000000      -0.62915297621157151     
   7132.0000000000000      -0.34805551186199180     
   7133.0000000000000       0.48125268407509580     
   7134.0000000000000       0.69065003710207629     
   7135.0000000000000       0.44656346527807533     
   7136.0000000000000      -0.33888382808238826     
   7137.0000000000000      -0.76137716686381829     
   7138.0000000000000      -0.52512792616019688     
   7139.0000000000000       0.19737180688637568     
   7140.0000000000000       0.79959086308584681     
   7141.0000000000000       0.57544817675238424     
   7142.0000000000000       -7.0159284457402604E-002
   7143.0000000000000      -0.79523608456937545     
   7144.0000000000000      -0.59709528241982346     
   7145.0000000000000       -4.0702298918589452E-002
   7146.0000000000000       0.75870329486405219     
   7147.0000000000000       0.59924255582039754     
   7148.0000000000000       0.14081645982804519     
   7149.0000000000000      -0.69713857004483826     
   7150.0000000000000      -0.60146871950058534     
   7151.0000000000000      -0.23940242748420554     
   7152.0000000000000       0.60871677872049856     
   7153.0000000000000       0.62642606252280186     
   7154.0000000000000       0.34161633962166182     
   7155.0000000000000      -0.48963779702498877     
   7156.0000000000000      -0.68606429417875192     
   7157.0000000000000      -0.44083761644556585     
   7158.0000000000000       0.34798472774072053     
   7159.0000000000000       0.75759100049558892     
   7160.0000000000000       0.52101067964075964     
   7161.0000000000000      -0.20586399903985608     
   7162.0000000000000      -0.79851456725457037     
   7163.0000000000000      -0.57317105826909698     
   7164.0000000000000        7.7614562485332605E-002
   7165.0000000000000       0.79657382080380945     
   7166.0000000000000       0.59647311431487426     
   7167.0000000000000        3.4178646581871197E-002
   7168.0000000000000      -0.76174424628940840     
   7169.0000000000000      -0.59934147256614456     
   7170.0000000000000      -0.13469402591027357     
   7171.0000000000000       0.70172269897284045     
   7172.0000000000000       0.60088772209795382     
   7173.0000000000000       0.23314262472882352     
   7174.0000000000000      -0.61512993875003019     
   7175.0000000000000      -0.62384750276062084     
   7176.0000000000000      -0.33516995345274037     
   7177.0000000000000       0.49792792457519841     
   7178.0000000000000       0.68153521154772134     
   7179.0000000000000       0.43503323094805413     
   7180.0000000000000      -0.35708843223205855     
   7181.0000000000000      -0.75367002988502596     
   7182.0000000000000      -0.51678206574713914     
   7183.0000000000000       0.21441390151334339     
   7184.0000000000000       0.79726387612918403     
   7185.0000000000000       0.57077802755590790     
   7186.0000000000000       -8.5136776933332992E-002
   7187.0000000000000      -0.79778463485826656     
   7188.0000000000000      -0.59576712784018548     
   7189.0000000000000       -2.7609420054861777E-002
   7190.0000000000000       0.76469025618537978     
   7191.0000000000000       0.59943402701182014     
   7192.0000000000000       0.12856466076095940     
   7193.0000000000000      -0.70620417726012619     
   7194.0000000000000      -0.60039250812459044     
   7195.0000000000000      -0.22690068987846590     
   7196.0000000000000       0.62141982907200988     
   7197.0000000000000       0.62141674464750174     
   7198.0000000000000       0.32871986371422435     
   7199.0000000000000      -0.50611862323687917     
   7200.0000000000000      -0.67707419025360172     
   7201.0000000000000      -0.42915437266546386     
   7202.0000000000000       0.36618899790049642     
   7203.0000000000000       0.74962292136539355     
   7204.0000000000000       0.51244281362629052     
   7205.0000000000000      -0.22301997122117723     
   7206.0000000000000      -0.79583719261814756     
   7207.0000000000000      -0.56826876581176278     
   7208.0000000000000        9.2726158776250012E-002
   7209.0000000000000       0.79886534514762086     
   7210.0000000000000       0.59497369077747819     
   7211.0000000000000        2.0992434940381943E-002
   7212.0000000000000      -0.76754060741797592     
   7213.0000000000000      -0.59951467207052900     
   7214.0000000000000      -0.12242606647212156     
   7215.0000000000000       0.71058426423839949     
   7216.0000000000000       0.59997744918017692     
   7217.0000000000000       0.22067604903470489     
   7218.0000000000000      -0.62758721249703697     
   7219.0000000000000      -0.61913266065910899     
   7220.0000000000000      -0.32226933391938717     
   7221.0000000000000       0.51420581799560072     
   7222.0000000000000       0.67269200667497042     
   7223.0000000000000       0.42320530881887380     
   7224.0000000000000      -0.37528025488771993     
   7225.0000000000000      -0.74545912651993396     
   7226.0000000000000      -0.50799373908576595     
   7227.0000000000000       0.23168049706288307     
   7228.0000000000000       0.79423326611793843     
   7229.0000000000000       0.56564309110893307     
   7230.0000000000000      -0.10038281578758301     
   7231.0000000000000      -0.79981270150375239     
   7232.0000000000000      -0.59408937308981069     
   7233.0000000000000       -1.4325588752435614E-002
   7234.0000000000000       0.77029440741392108     
   7235.0000000000000       0.59957792095858820     
   7236.0000000000000       0.11627589737777111     
   7237.0000000000000      -0.71486415140155679     
   7238.0000000000000      -0.59963684697435049     
   7239.0000000000000      -0.21446795540880687     
   7240.0000000000000       0.63363300086615038     
   7241.0000000000000       0.61699358814594885     
   7242.0000000000000       0.31582137150701250     
   7243.0000000000000      -0.52218581041557766     
   7244.0000000000000      -0.66839875145559779     
   7245.0000000000000      -0.41719048243149803     
   7246.0000000000000       0.38435584481639307     
   7247.0000000000000       0.74118884210809266     
   7248.0000000000000       0.50343576373220567     
   7249.0000000000000      -0.24039358061232508     
   7250.0000000000000      -0.79245123228079595     
   7251.0000000000000      -0.56290094325468876     
   7252.0000000000000       0.10810673735538945     
   7253.0000000000000       0.80062340282783995     
   7254.0000000000000       0.59311095516490919     
   7255.0000000000000        7.6068700314601001E-003
   7256.0000000000000      -0.77295058520883297     
   7257.0000000000000      -0.59961835272164654     
   7258.0000000000000      -0.11011176610634726     
   7259.0000000000000       0.71904495415684488     
   7260.0000000000000       0.59936494822049524     
   7261.0000000000000       0.20827549938993617     
   7262.0000000000000      -0.63955823551444313     
   7263.0000000000000      -0.61499736932333193     
   7264.0000000000000      -0.30937872138677303     
   7265.0000000000000       0.53005528230031362     
   7266.0000000000000       0.66420377936322250     
   7267.0000000000000       0.41111448148648311     
   7268.0000000000000      -0.39340926262271303     
   7269.0000000000000      -0.73682295678279264     
   7270.0000000000000      -0.49876993601011826     
   7271.0000000000000       0.24915711539343682     
   7272.0000000000000       0.79049065489823955     
   7273.0000000000000       0.56004236874541791     
   7274.0000000000000      -0.11589779945942547     
   7275.0000000000000      -0.80129411574437648     
   7276.0000000000000      -0.59203543484688403     
   7277.0000000000000       -8.3436699733685504E-004
   7278.0000000000000       0.77550788949940053     
   7279.0000000000000       0.59963061816730201     
   7280.0000000000000       0.10393124975607815     
   7281.0000000000000      -0.72312770382631286     
   7282.0000000000000      -0.59915595817184408     
   7283.0000000000000      -0.20209761842738644     
   7284.0000000000000       0.64536406843927452     
   7285.0000000000000       0.61314139068027051     
   7286.0000000000000       0.30294386206083773     
   7287.0000000000000      -0.53781129520819992     
   7288.0000000000000      -0.66011567012230821     
   7289.0000000000000      -0.40498200556098729     
   7290.0000000000000       0.40243390161646531     
   7291.0000000000000       0.73237298510813109     
   7292.0000000000000       0.49399745347851842     
   7293.0000000000000      -0.25796876535379887     
   7294.0000000000000      -0.78835156966883213     
   7295.0000000000000      -0.55706750617070933     
   7296.0000000000000       0.12375576956847045     
   7297.0000000000000       0.80182149420568727     
   7298.0000000000000       0.59086003304821744     
   7299.0000000000000       -5.9937243977887800E-003
   7300.0000000000000      -0.77796488780636253     
   7301.0000000000000      -0.59960944629774704     
   7302.0000000000000       -9.7731896265705220E-002
   7303.0000000000000       0.72711333984251225     
   7304.0000000000000       0.59900405288946357     
   7305.0000000000000       0.19593310666490471     
   7306.0000000000000      -0.65105174425685819     
   7307.0000000000000      -0.61142262143523518     
   7308.0000000000000      -0.29651900410192800     
   7309.0000000000000       0.54545128617193084     
   7310.0000000000000       0.65614220000566137     
   7311.0000000000000       0.39879783075093561     
   7312.0000000000000      -0.41142310076858118     
   7313.0000000000000      -0.72785098981707452     
   7314.0000000000000      -0.48911968555020219     
   7315.0000000000000       0.26682594327243198     
   7316.0000000000000       0.78603452944533392     
   7317.0000000000000       0.55397657242916976     
   7318.0000000000000      -0.13168031120048629     
   7319.0000000000000      -0.80220220001232678     
   7320.0000000000000      -0.58958219775792609     
   7321.0000000000000        1.2879093148630893E-002
   7322.0000000000000       0.78031996684529226     
   7323.0000000000000       0.59954965131655313     
   7324.0000000000000        9.1511231046742303E-002
   7325.0000000000000      -0.73100270209338447     
   7326.0000000000000      -0.59890339033274809     
   7327.0000000000000      -0.18978062427691234     
   7328.0000000000000       0.65662258300650633     
   7329.0000000000000       0.60983765073908425     
   7330.0000000000000       0.29010609075513677     
   7331.0000000000000      -0.55297306000581226     
   7332.0000000000000      -0.65229032374457740     
   7333.0000000000000      -0.39256677370096249     
   7334.0000000000000       0.42037019318923685     
   7335.0000000000000       0.72326949364785598     
   7336.0000000000000       0.48413819583349160     
   7337.0000000000000      -0.27572578994061503     
   7338.0000000000000      -0.78354065035881382     
   7339.0000000000000      -0.55076985011666568     
   7340.0000000000000       0.13967098787557919     
   7341.0000000000000       0.80243292423551038     
   7342.0000000000000       0.58819960629254764     
   7343.0000000000000       -1.9823306728922518E-002
   7344.0000000000000      -0.78257133418945624     
   7345.0000000000000      -0.59944614026017939     
   7346.0000000000000       -8.5266763934052636E-002
   7347.0000000000000       0.73479652338436841     
   7348.0000000000000       0.59884812036449486     
   7349.0000000000000       0.18363870646796621     
   7350.0000000000000      -0.66207796383934581     
   7351.0000000000000      -0.60838272339191990     
   7352.0000000000000      -0.28370680042558549     
   7353.0000000000000       0.56037477860630369     
   7354.0000000000000       0.64856616613193430     
   7355.0000000000000       0.38629365552320238     
   7356.0000000000000      -0.42926855476244419     
   7357.0000000000000      -0.71864138244502718     
   7358.0000000000000      -0.47905476316789442     
   7359.0000000000000       0.28466515502455170     
   7360.0000000000000       0.78087165800475478     
   7361.0000000000000       0.54744767644153780     
   7362.0000000000000      -0.14772726618302623     
   7363.0000000000000      -0.80251040955221131     
   7364.0000000000000      -0.58671016567321677     
   7365.0000000000000        2.6827805582751441E-002
   7366.0000000000000       0.78471702129379606     
   7367.0000000000000       0.59929392127752978     
   7368.0000000000000        7.8995996499166221E-002
   7369.0000000000000      -0.73849542200060114     
   7370.0000000000000      -0.59883239376485253     
   7371.0000000000000      -0.17750577210832308     
   7372.0000000000000       0.66741930960788509     
   7373.0000000000000       0.60705377390048665     
   7374.0000000000000       0.27732255081515156     
   7375.0000000000000      -0.56765494765988422     
   7376.0000000000000      -0.64497502254857242     
   7377.0000000000000      -0.37998326633182467     
   7378.0000000000000       0.43811165194248214     
   7379.0000000000000       0.71397980148919160     
   7380.0000000000000       0.47387140043968179     
   7381.0000000000000      -0.29364058054824560     
   7382.0000000000000      -0.77802993266131648     
   7383.0000000000000      -0.54401043401002902     
   7384.0000000000000       0.15584851767954733     
   7385.0000000000000       0.80243147353097921     
   7386.0000000000000       0.58511201105348942     
   7387.0000000000000       -3.3893898662335276E-002
   7388.0000000000000      -0.78675488793194492     
   7389.0000000000000      -0.59908811255061833     
   7390.0000000000000       -7.2696429755710334E-002
   7391.0000000000000       0.74209989436823831     
   7392.0000000000000       0.59885037035157807     
   7393.0000000000000       0.17138013199005153     
   7394.0000000000000      -0.67264807235437785     
   7395.0000000000000      -0.60584645875569243     
   7396.0000000000000      -0.27095450447778169     
   7397.0000000000000       0.57481240117019183     
   7398.0000000000000       0.64152136753964473     
   7399.0000000000000       0.37364033104334238     
   7400.0000000000000      -0.44689308778850367     
   7401.0000000000000      -0.70929804721588952     
   7402.0000000000000      -0.46859037030415412     
   7403.0000000000000       0.30264828791850923     
   7404.0000000000000       0.77501855230785011     
   7405.0000000000000       0.54045854380792990     
   7406.0000000000000      -0.16403401933772654     
   7407.0000000000000      -0.80219303293602473     
   7408.0000000000000      -0.58340350216762327     
   7409.0000000000000        4.1022760077012443E-002
   7410.0000000000000       0.78868262807971445     
   7411.0000000000000       0.59882395181691339     
   7412.0000000000000        6.6365572268969331E-002
   7413.0000000000000      -0.74561030783098670     
   7414.0000000000000      -0.59889622630817974     
   7415.0000000000000      -0.16525999669983926     
   7416.0000000000000       0.67776571967943611     
   7417.0000000000000       0.60475618685575283     
   7418.0000000000000       0.26460357557307690     
   7419.0000000000000      -0.58184628420516893     
   7420.0000000000000      -0.63820887050194941     
   7421.0000000000000      -0.36726947700175022     
   7422.0000000000000       0.45560664541031654     
   7423.0000000000000       0.70460945659177976     
   7424.0000000000000       0.46321419702798661     
   7425.0000000000000      -0.31168416934939747     
   7426.0000000000000      -0.77184133203918837     
   7427.0000000000000      -0.53679246067979514     
   7428.0000000000000       0.17228295227276402     
   7429.0000000000000       0.80179212914738685     
   7430.0000000000000       0.58158321781644262     
   7431.0000000000000       -4.8215426892667779E-002
   7432.0000000000000      -0.79049777725941317     
   7433.0000000000000      -0.59849680642034397     
   7434.0000000000000       -6.0000948662488285E-002
   7435.0000000000000       0.74902689357528762     
   7436.0000000000000       0.59896416082646842     
   7437.0000000000000       0.15914348411641122     
   7438.0000000000000      -0.68277372195785502     
   7439.0000000000000      -0.60377814803952090     
   7440.0000000000000      -0.25827043761083363     
   7441.0000000000000       0.58875603424633738     
   7442.0000000000000       0.63504041751201334     
   7443.0000000000000       0.36087520388828875     
   7444.0000000000000      -0.46424632811425448     
   7445.0000000000000      -0.69992729643366780     
   7446.0000000000000      -0.45774567379352021     
   7447.0000000000000       0.32074378443189183     
   7448.0000000000000       0.76850285834492160     
   7449.0000000000000       0.53301267157284604     
   7450.0000000000000      -0.18059439849492398     
   7451.0000000000000      -0.80122595482434800     
   7452.0000000000000      -0.57964994845643258     
   7453.0000000000000        5.5472798092672693E-002
   7454.0000000000000       0.79219772134038158     
   7455.0000000000000       0.59810218378441427     
   7456.0000000000000        5.3600108494399112E-002
   7457.0000000000000      -0.75234973975472452     
   7458.0000000000000      -0.59904840217556632     
   7459.0000000000000      -0.15302862655220389     
   7460.0000000000000       0.68767354035608053     
   7461.0000000000000       0.60290733972698973     
   7462.0000000000000       0.25195553199404319     
   7463.0000000000000      -0.59554136149807280     
   7464.0000000000000      -0.63201813832345999     
   7465.0000000000000      -0.35446185627338589     
   7466.0000000000000       0.47280639566666105     
   7467.0000000000000       0.69526465488682576     
   7468.0000000000000       0.45218786496987406     
   7469.0000000000000      -0.32982236244123708     
   7470.0000000000000      -0.76500851665813174     
   7471.0000000000000      -0.52911969676622517     
   7472.0000000000000       0.18896733546685918     
   7473.0000000000000       0.80049188196531662     
   7474.0000000000000       0.57760268700601325     
   7475.0000000000000       -6.2795634681346524E-002
   7476.0000000000000      -0.79377970677307552     
   7477.0000000000000      -0.59763574216872073     
   7478.0000000000000       -4.7160635455527511E-002
   7479.0000000000000       0.75557878488047348     
   7480.0000000000000       0.59914321331504194     
   7481.0000000000000       0.14691337757041611     
   7482.0000000000000      -0.69246661559526623     
   7483.0000000000000      -0.60213859169023498     
   7484.0000000000000      -0.24565907718370245     
   7485.0000000000000       0.60220222848638638     
   7486.0000000000000       0.62914343758620772     
   7487.0000000000000       0.34803359906766640     
   7488.0000000000000      -0.48128139622753197     
   7489.0000000000000      -0.69063433713186950     
   7490.0000000000000      -0.44654410304341230     
   7491.0000000000000       0.33891481078696728     
   7492.0000000000000       0.76136451058723342     
   7493.0000000000000       0.52511409424493405     
   7494.0000000000000      -0.19740062829228167     
   7495.0000000000000      -0.79958749153708852     
   7496.0000000000000      -0.57544061802969582     
   7497.0000000000000        7.0184560879626656E-002
   7498.0000000000000       0.79524085221766205     
   7499.0000000000000       0.59709330154069806     
   7500.0000000000000        4.0680156821082836E-002
   7501.0000000000000      -0.75871381155944084     
   7502.0000000000000      -0.59924289717504209     
   7503.0000000000000      -0.14079561851950978     
   7504.0000000000000       0.69715435739550302     
   7505.0000000000000       0.60146658899870786     
   7506.0000000000000       0.23938107832499678     
   7507.0000000000000      -0.60873882924569056     
   7508.0000000000000      -0.62641702938436172     
   7509.0000000000000      -0.34159439603355096     
   7510.0000000000000       0.48966619364253067     
   7511.0000000000000       0.68604876717630536     
   7512.0000000000000       0.44081798010088136     
   7513.0000000000000      -0.34801572979970241     
   7514.0000000000000      -0.75757787133559429     
   7515.0000000000000      -0.52099646729942917     
   7516.0000000000000       0.20589301942760241     
   7517.0000000000000       0.79851060485579339     
   7518.0000000000000       0.57316310550475780     
   7519.0000000000000       -7.7640066330833979E-002
   7520.0000000000000      -0.79657816151422955     
   7521.0000000000000      -0.59647085436901137     
   7522.0000000000000       -3.4156353068688361E-002
   7523.0000000000000       0.76175444067450493     
   7524.0000000000000       0.59934180173042151     
   7525.0000000000000       0.13467316483730823     
   7526.0000000000000      -0.70173813453065503     
   7527.0000000000000      -0.60088589319842789     
   7528.0000000000000      -0.23312133719047018     
   7529.0000000000000       0.61515156835950457     
   7530.0000000000000       0.62383897424953982     
   7531.0000000000000       0.33514799143170876     
   7532.0000000000000      -0.49795598991290829     
   7533.0000000000000      -0.68151989732238993     
   7534.0000000000000      -0.43501333396038316     
   7535.0000000000000       0.35711943382612293     
   7536.0000000000000       0.75365645598907438     
   7537.0000000000000       0.51676747533548817     
   7538.0000000000000      -0.21444311589265108     
   7539.0000000000000      -0.79725931689640517     
   7540.0000000000000      -0.57076967941499801     
   7541.0000000000000        8.5162509202941439E-002
   7542.0000000000000       0.79778853793106796     
   7543.0000000000000       0.59576457612481015     
   7544.0000000000000        2.7586967558422715E-002
   7545.0000000000000      -0.76470012611153038     
   7546.0000000000000      -0.59943432499824278     
   7547.0000000000000      -0.12854377218565205     
   7548.0000000000000       0.70621926541941127     
   7549.0000000000000       0.60039096179600593     
   7550.0000000000000       0.22687946231137701     
   7551.0000000000000      -0.62144104008809586     
   7552.0000000000000      -0.62140871787735841     
   7553.0000000000000      -0.32869789479942213     
   7554.0000000000000       0.50614634278571258     
   7555.0000000000000       0.67705912660312317     
   7556.0000000000000       0.42913422923672606     
   7557.0000000000000      -0.36621997838141140     
   7558.0000000000000      -0.74960893360813263     
   7559.0000000000000      -0.51242784776533845     
   7560.0000000000000       0.22304937406032666     
   7561.0000000000000       0.79583203168238004     
   7562.0000000000000       0.56826002145099597     
   7563.0000000000000       -9.2752120043421149E-002
   7564.0000000000000      -0.79886879962071244     
   7565.0000000000000      -0.59497083526319339     
   7566.0000000000000       -2.0969816156189869E-002
   7567.0000000000000       0.76755015014510020     
   7568.0000000000000       0.59951492008796980     
   7569.0000000000000       0.12240514248371992     
   7570.0000000000000      -0.71059900917678243     
   7571.0000000000000      -0.59997616612622540     
   7572.0000000000000      -0.22065487918326149     
   7573.0000000000000       0.62760800778346071     
   7574.0000000000000       0.61912513085291110     
   7575.0000000000000       0.32224736879191446     
   7576.0000000000000      -0.51423317851782979     
   7577.0000000000000      -0.67267722915924100     
   7578.0000000000000      -0.42318493379851885     
   7579.0000000000000       0.37531119289868708     
   7580.0000000000000       0.74544475838935076     
   7581.0000000000000       0.50797840072311806     
   7582.0000000000000      -0.23171008222592249     
   7583.0000000000000      -0.79422749985689955     
   7584.0000000000000      -0.56563395012533935     
   7585.0000000000000       0.10040900621427129     
   7586.0000000000000       0.79981569621105264     
   7587.0000000000000       0.59408620245047705     
   7588.0000000000000        1.4302796670747742E-002
   7589.0000000000000      -0.77030361959888149     
   7590.0000000000000      -0.59957810043052873     
   7591.0000000000000      -0.11625492991317093     
   7592.0000000000000       0.71487855705138470     
   7593.0000000000000       0.59963580768694713     
   7594.0000000000000       0.21444684044588286     
   7595.0000000000000      -0.63365338376042457     
   7596.0000000000000      -0.61698654877282222     
   7597.0000000000000      -0.31579941996333322     
   7598.0000000000000       0.52221279996464753     
   7599.0000000000000       0.66838429320726134     
   7600.0000000000000       0.41716989121664849     
   7601.0000000000000      -0.38438671842796568     
   7602.0000000000000      -0.74117412954630535     
   7603.0000000000000      -0.50342005621081887     
   7604.0000000000000       0.24042334129058152     
   7605.0000000000000       0.79244485845804213     
   7606.0000000000000       0.56289140563401785     
   7607.0000000000000      -0.10813315670885504     
   7608.0000000000000      -0.80062592646113817     
   7609.0000000000000      -0.59310745880377214     
   7610.0000000000000       -7.5838979676190466E-003
   7611.0000000000000       0.77295946289703554     
   7612.0000000000000       0.59961844530563257     
   7613.0000000000000       0.11009074697087223     
   7614.0000000000000      -0.71905902417755208     
   7615.0000000000000      -0.59936413302813540     
   7616.0000000000000      -0.20825443595090998     
   7617.0000000000000       0.63957820976248114     
   7618.0000000000000       0.61499081223395302     
   7619.0000000000000       0.30935679232125668     
   7620.0000000000000      -0.53008189022603991     
   7621.0000000000000      -0.66418967093571246     
   7622.0000000000000      -0.41109368991213041     
   7623.0000000000000       0.39344004948132522     
   7624.0000000000000       0.73680793798247834     
   7625.0000000000000       0.49875386314247522     
   7626.0000000000000      -0.24918704403318365     
   7627.0000000000000      -0.79048367280920040     
   7628.0000000000000      -0.56003243481146259     
   7629.0000000000000       0.11592444712919081     
   7630.0000000000000       0.80129615691850886     
   7631.0000000000000       0.59203160291820622     
   7632.0000000000000        8.1120862029049334E-004
   7633.0000000000000      -0.77551642812000099     
   7634.0000000000000      -0.59963060577595595     
   7635.0000000000000      -0.10391017064480529     
   7636.0000000000000       0.72314144157754368     
   7637.0000000000000       0.59915534728348108     
   7638.0000000000000       0.20207660264340249     
   7639.0000000000000      -0.64538363813256461     
   7640.0000000000000      -0.61313530623963586     
   7641.0000000000000      -0.30292196345670463     
   7642.0000000000000       0.53783751214842435     
   7643.0000000000000       0.66010193937503259     
   7644.0000000000000       0.40496102978297382     
   7645.0000000000000      -0.40246457910227712     
   7646.0000000000000      -0.73235770026707292     
   7647.0000000000000      -0.49398101962375174     
   7648.0000000000000       0.25799885358238150     
   7649.0000000000000       0.78834398029267871     
   7650.0000000000000       0.55705717653677889     
   7651.0000000000000      -0.12378264458257204     
   7652.0000000000000      -0.80182304152688211     
   7653.0000000000000      -0.59085585647374850     
   7654.0000000000000        6.0170750392395389E-003
   7655.0000000000000       0.77797308217142669     
   7656.0000000000000       0.59960931112161786     
   7657.0000000000000        9.7710748785571955E-002
   7658.0000000000000      -0.72712674835781954     
   7659.0000000000000      -0.59900362643422578     
   7660.0000000000000      -0.19591213419520054     
   7661.0000000000000       0.65107091377243664     
   7662.0000000000000       0.61141699865163657     
   7663.0000000000000       0.29649714302982999     
   7664.0000000000000      -0.54547710403188732     
   7665.0000000000000      -0.65612887202519166     
   7666.0000000000000      -0.39877668712451697     
   7667.0000000000000       0.41145364615914670     
   7668.0000000000000       0.72783548085473138     
   7669.0000000000000       0.48910289569136212     
   7670.0000000000000      -0.26685618182555593     
   7671.0000000000000      -0.78602633560097068     
   7672.0000000000000      -0.55396584795294668     
   7673.0000000000000       0.13170741224012328     
   7674.0000000000000       0.80220324214962968     
   7675.0000000000000       0.58957766823762570     
   7676.0000000000000       -1.2902641602295262E-002
   7677.0000000000000      -0.78032781115322414     
   7678.0000000000000      -0.59954937584902701     
   7679.0000000000000       -9.1490006739648910E-002
   7680.0000000000000       0.73101578405437262     
   7681.0000000000000       0.59890312839580073     
   7682.0000000000000       0.18975969034005657     
   7683.0000000000000      -0.65664135694989156     
   7684.0000000000000      -0.60983247738838353     
   7685.0000000000000      -0.29008427337856479     
   7686.0000000000000       0.55299847192655627     
   7687.0000000000000       0.65227742080000639     
   7688.0000000000000       0.39254547865768774     
   7689.0000000000000      -0.42040058382544798     
   7690.0000000000000      -0.72325380388914395     
   7691.0000000000000      -0.48412105565192443     
   7692.0000000000000       0.27575616859378704     
   7693.0000000000000       0.78353185686258886     
   7694.0000000000000       0.55075873185966540     
   7695.0000000000000      -0.13969831328722226     
   7696.0000000000000      -0.80243344999528754     
   7697.0000000000000      -0.58819471630910736     
   7698.0000000000000        1.9847058118773853E-002
   7699.0000000000000       0.78257882203295093     
   7700.0000000000000       0.59944570732456925     
   7701.0000000000000        8.5245454301130286E-002
   7702.0000000000000      -0.73480928109520061     
   7703.0000000000000      -0.59884800301936703     
   7704.0000000000000      -0.18361780587189885     
   7705.0000000000000       0.66209634699052278     
   7706.0000000000000       0.60837798613643168     
   7707.0000000000000       0.28368503201229134     
   7708.0000000000000      -0.56039977892361170     
   7709.0000000000000      -0.64855370766199483     
   7710.0000000000000      -0.38627222544869472     
   7711.0000000000000       0.42929876821327556     
   7712.0000000000000       0.71862555627757052     
   7713.0000000000000       0.47903727911159977     
   7714.0000000000000      -0.28469566253185019     
   7715.0000000000000      -0.78086227182674173     
   7716.0000000000000      -0.54743616563436304     
   7717.0000000000000       0.14775481398702617     
   7718.0000000000000       0.80251040795580786     
   7719.0000000000000       0.58670490849004220     
   7720.0000000000000       -2.6851764591912963E-002
   7721.0000000000000      -0.78472414567252891     
   7722.0000000000000      -0.59929331405638242     
   7723.0000000000000       -7.8974593026342244E-002
   7724.0000000000000       0.73850785736283275     
   7725.0000000000000       0.59883240110254909     
   7726.0000000000000       0.17748489927912009     
   7727.0000000000000      -0.66743730687036829     
   7728.0000000000000      -0.60704945840197888     
   7729.0000000000000      -0.27730083575378883     
   7730.0000000000000       0.56767953185502595     
   7731.0000000000000       0.64496302517770332     
   7732.0000000000000       0.37996171744681917     
   7733.0000000000000      -0.43814166616525629     
   7734.0000000000000      -0.71396388400111821     
   7735.0000000000000      -0.47385357978258213     
   7736.0000000000000       0.29367120459161145     
   7737.0000000000000       0.77801996307630372     
   7738.0000000000000       0.54399853202456228     
   7739.0000000000000      -0.15587628557428090     
   7740.0000000000000      -0.80243093389571374     
   7741.0000000000000      -0.58510638070596777     
   7742.0000000000000        3.3918069519751626E-002
   7743.0000000000000       0.78676164127013970     
   7744.0000000000000       0.59908731461715359     
   7745.0000000000000        7.2674923940638569E-002
   7746.0000000000000      -0.74211200885600759     
   7747.0000000000000      -0.59885048250682404     
   7748.0000000000000      -0.17135928099938696     
   7749.0000000000000       0.67266568870730725     
   7750.0000000000000       0.60584254978217000     
   7751.0000000000000       0.27093284629899256     
   7752.0000000000000      -0.57483656581397335     
   7753.0000000000000      -0.64150984511989328     
   7754.0000000000000      -0.37361867929004378     
   7755.0000000000000       0.44692288128168012     
   7756.0000000000000       0.70928208382176616     
   7757.0000000000000       0.46857222119342351     
   7758.0000000000000      -0.30267901507061473     
   7759.0000000000000      -0.77500801103652517     
   7760.0000000000000      -0.54044625213753661     
   7761.0000000000000       0.16406200469833132     
   7762.0000000000000       0.80219194495980239     
   7763.0000000000000       0.58339749344765224     
   7764.0000000000000       -4.1047146547989133E-002
   7765.0000000000000      -0.78868900224867367     
   7766.0000000000000      -0.59882294716840812     
   7767.0000000000000       -6.6343955649335706E-002
   7768.0000000000000       0.74562210246664495     
   7769.0000000000000       0.59889642348314243     
   7770.0000000000000       0.16523916129114724     
   7771.0000000000000      -0.67778296013262485     
   7772.0000000000000      -0.60475266838185071     
   7773.0000000000000      -0.26458197697430047     
   7774.0000000000000       0.58187002689657641     
   7775.0000000000000       0.63819783417744269     
   7776.0000000000000       0.36724773793724885     
   7777.0000000000000      -0.45563619735618144     
   7778.0000000000000      -0.70459349265448579     
   7779.0000000000000      -0.46319572851695789     
   7780.0000000000000       0.31171498505284967     
   7781.0000000000000       0.77183023337448864     
   7782.0000000000000       0.53677978092851120     
   7783.0000000000000      -0.17231115214356618     
   7784.0000000000000      -0.80179048299731448     
   7785.0000000000000      -0.58157682625035845     
   7786.0000000000000        4.8240032273363376E-002
   7787.0000000000000       0.79050376360502539     
   7788.0000000000000       0.59849557951315235     
   7789.0000000000000        5.9979212845634011E-002
   7790.0000000000000      -0.74903836890561193     
   7791.0000000000000      -0.59896442331233402     
   7792.0000000000000      -0.15912265772979695     
   7793.0000000000000       0.68279059150965093     
   7794.0000000000000       0.60377500334043543     
   7795.0000000000000       0.25824890048414900     
   7796.0000000000000      -0.58877935354704891     
   7797.0000000000000      -0.63502987580267545     
   7798.0000000000000      -0.36085339258642612     
   7799.0000000000000       0.46427561850929910     
   7800.0000000000000       0.69991137688992699     
   7801.0000000000000       0.45772689585819071     
   7802.0000000000000      -0.32077467299706564     
   7803.0000000000000      -0.76849121925818764     
   7804.0000000000000      -0.53299960545438874     
   7805.0000000000000       0.18062280957474020     
   7806.0000000000000       0.80122374122983020     
   7807.0000000000000       0.57964317027664780     
   7808.0000000000000       -5.5497625208531742E-002
   7809.0000000000000      -0.79220331071555972     
   7810.0000000000000      -0.59810071957020750     
   7811.0000000000000       -5.3578245188133478E-002
   7812.0000000000000       0.75236089582791432     
   7813.0000000000000       0.59904871037236163     
   7814.0000000000000       0.15300780234818934     
   7815.0000000000000      -0.68769004395386635     
   7816.0000000000000      -0.60290455146599009     
   7817.0000000000000      -0.25193405745642122     
   7818.0000000000000       0.59556425686400671     
   7819.0000000000000       0.63200809722469364     
   7820.0000000000000       0.35443998723611292     
   7821.0000000000000      -0.47283540543789848     
   7822.0000000000000      -0.69524882388372877     
   7823.0000000000000      -0.45216878850763287     
   7824.0000000000000       0.32985330706445759     
   7825.0000000000000       0.76499635687960132     
   7826.0000000000000       0.52910624611348256     
   7827.0000000000000      -0.18899595408649672     
   7828.0000000000000      -0.80048909231619725     
   7829.0000000000000      -0.57759551911683116     
   7830.0000000000000        6.2820685889355632E-002
   7831.0000000000000       0.79378488957501936     
   7832.0000000000000       0.59763402613141769     
   7833.0000000000000        4.7138636499928999E-002
   7834.0000000000000      -0.75558962122418538     
   7835.0000000000000      -0.59914354775011003     
   7836.0000000000000      -0.14689254845264693     
   7837.0000000000000       0.69248275809839321     
   7838.0000000000000       0.60213614199987575     
   7839.0000000000000       0.24563766560909295     
   7840.0000000000000      -0.60222470019735896     
   7841.0000000000000      -0.62913390068138231     
   7842.0000000000000      -0.34801168614660305     
   7843.0000000000000       0.48131010733345891     
   7844.0000000000000       0.69061863768110721     
   7845.0000000000000       0.44652473985328239     
   7846.0000000000000      -0.33894579359006677     
   7847.0000000000000      -0.76135185265557981     
   7848.0000000000000      -0.52510026103035079     
   7849.0000000000000       0.19742945038374415     
   7850.0000000000000       0.79958411798744278     
   7851.0000000000000       0.57543305796792499     
   7852.0000000000000       -7.0209838074168696E-002
   7853.0000000000000      -0.79524561842978625     
   7854.0000000000000      -0.59709131973347462     
   7855.0000000000000       -4.0658014221027772E-002
   7856.0000000000000       0.75872432716016180     
   7857.0000000000000       0.59924323852060002     
   7858.0000000000000       0.14077477715658354     
   7859.0000000000000      -0.69717014354042783     
   7860.0000000000000      -0.60146445955591421     
   7861.0000000000000      -0.23935972937772920     
   7862.0000000000000       0.60876087833414361     
   7863.0000000000000       0.62640799796712465     
   7864.0000000000000       0.34157245236214312     
   7865.0000000000000      -0.48969458915789849     
   7866.0000000000000      -0.68603324083200645     
   7867.0000000000000      -0.44079834284526009     
   7868.0000000000000       0.34804673189123581     
   7869.0000000000000       0.75756474061167134     
   7870.0000000000000       0.52098225366641260     
   7871.0000000000000      -0.20592204048476404     
   7872.0000000000000      -0.79850664043400010     
   7873.0000000000000      -0.57315515139589834     
   7874.0000000000000        7.7665570952803797E-002
   7875.0000000000000       0.79658250075255632     
   7876.0000000000000       0.59646859345068348     
   7877.0000000000000        3.4134059026775021E-002
   7878.0000000000000      -0.76176463395860428     
   7879.0000000000000      -0.59934213082063514     
   7880.0000000000000      -0.13465230368391645     
   7881.0000000000000       0.70175356889802865     
   7882.0000000000000       0.60088406529368565     
   7883.0000000000000       0.23310004985950750     
   7884.0000000000000      -0.61517319653915215     
   7885.0000000000000      -0.62383044745319438     
   7886.0000000000000      -0.33512602936809571     
   7887.0000000000000       0.49798405409691043     
   7888.0000000000000       0.68150458388748203     
   7889.0000000000000       0.43499343610893959     
   7890.0000000000000      -0.35715043538376290     
   7891.0000000000000      -0.75364288062976437     
   7892.0000000000000      -0.51675288364059457     
   7893.0000000000000       0.21447233092348816     
   7894.0000000000000       0.79725475562206372     
   7895.0000000000000       0.57076132992589113     
   7896.0000000000000       -8.5188242251687307E-002
   7897.0000000000000      -0.79779243949485668     
   7898.0000000000000      -0.59576202339484197     
   7899.0000000000000       -2.7564514507912086E-002
   7900.0000000000000       0.76470999492836367     
   7901.0000000000000       0.59943462284626325     
   7902.0000000000000       0.12852288350325897     
   7903.0000000000000      -0.70623435240286714     
   7904.0000000000000      -0.60038941639690879     
   7905.0000000000000      -0.22685823494500645     
   7906.0000000000000       0.62146224968322783     
   7907.0000000000000       0.62140069280881327     
   7908.0000000000000       0.32867592587988798     
   7909.0000000000000      -0.50617406113358254     
   7910.0000000000000      -0.67704406386808647     
   7911.0000000000000      -0.42911408499374143     
   7912.0000000000000       0.36625095875429842     
   7913.0000000000000       0.74959494449720288     
   7914.0000000000000       0.51241288063059087     
   7915.0000000000000      -0.22307877753117167     
   7916.0000000000000      -0.79582686869052155     
   7917.0000000000000      -0.56825127573994161     
   7918.0000000000000        9.2778082090970493E-002
   7919.0000000000000       0.79887225254707639     
   7920.0000000000000       0.59496797869453444     
   7921.0000000000000        2.0947196793536738E-002
   7922.0000000000000      -0.76755969175255034     
   7923.0000000000000      -0.59951516790336945     
   7924.0000000000000      -0.12238421836101943     
   7925.0000000000000       0.71061375295316109     
   7926.0000000000000       0.59997488393565401     
   7927.0000000000000       0.22063370952385797     
   7928.0000000000000      -0.62762880165953083     
   7929.0000000000000      -0.61911760272896788     
   7930.0000000000000      -0.32222540369458574     
   7931.0000000000000       0.51426053779621272     
   7932.0000000000000       0.67266245267600522     
   7933.0000000000000       0.42316455801548380     
   7934.0000000000000      -0.37534213072783429     
   7935.0000000000000      -0.74543038902344139     
   7936.0000000000000      -0.50796306109734790     
   7937.0000000000000       0.23173966799865153     
   7938.0000000000000       0.79422173152972053     
   7939.0000000000000       0.56562480779077917     
   7940.0000000000000      -0.10043519742120510     
   7941.0000000000000      -0.79981868933331912     
   7942.0000000000000      -0.59408303071942958     
   7943.0000000000000       -1.4280003987264922E-002
   7944.0000000000000       0.77031283065174183     
   7945.0000000000000       0.59957827963755228     
   7946.0000000000000       0.11623396228657557     
   7947.0000000000000      -0.71489296155214865     
   7948.0000000000000      -0.59963476919618275     
   7949.0000000000000      -0.21442572566443363     
   7950.0000000000000       0.63367376525644514     
   7951.0000000000000       0.61697951105686832     
   7952.0000000000000       0.31577746848162758     
   7953.0000000000000      -0.52223978823140182     
   7954.0000000000000      -0.66836983609992417     
   7955.0000000000000      -0.41714929929236821     
   7956.0000000000000       0.38441759178222368     
   7957.0000000000000       0.74115941587556911     
   7958.0000000000000       0.50340434743845330     
   7959.0000000000000      -0.24045310255410890     
   7960.0000000000000      -0.79243848256406413     
   7961.0000000000000      -0.56288186666293782     
   7962.0000000000000       0.10815957684111899     
   7963.0000000000000       0.80062844847072201     
   7964.0000000000000       0.59310396131610499     
   7965.0000000000000        7.5609252798062299E-003
   7966.0000000000000      -0.77296833943861920     
   7967.0000000000000      -0.59961853756265870     
   7968.0000000000000      -0.11006972764529399     
   7969.0000000000000       0.71907309306116085     
   7970.0000000000000       0.59936331856519365     
   7971.0000000000000       0.20823337268101993     
   7972.0000000000000      -0.63959818262564805     
   7973.0000000000000      -0.61498425677138036     
   7974.0000000000000      -0.30933486334645033     
   7975.0000000000000       0.53010849683538985     
   7976.0000000000000       0.66417556374870579     
   7977.0000000000000       0.41107289768289046     
   7978.0000000000000      -0.39347083600594934     
   7979.0000000000000      -0.73679291820686010     
   7980.0000000000000      -0.49873778903772692     
   7981.0000000000000       0.24921697323111913     
   7982.0000000000000       0.79047668864932730     
   7983.0000000000000       0.56002249952872218     
   7984.0000000000000      -0.11595109557504890     
   7985.0000000000000      -0.80129819643009914     
   7986.0000000000000      -0.59202776983077132     
   7987.0000000000000       -7.8804959834655186E-004
   7988.0000000000000       0.77552496557736050     
   7989.0000000000000       0.59963059299651267     
   7990.0000000000000       0.10388909131498253     
   7991.0000000000000      -0.72315517820257558     
   7992.0000000000000      -0.59915473705697786     
   7993.0000000000000      -0.20205558701455456     
   7994.0000000000000       0.64540320645543892     
   7995.0000000000000       0.61312922339060405     
   7996.0000000000000       0.30290006496890842     
   7997.0000000000000      -0.53786372774256908     
   7998.0000000000000      -0.66008820995843465     
   7999.0000000000000      -0.40494005340550354     
   8000.0000000000000       0.40249525617679760     
   8001.0000000000000       0.73234241459072080     
   8002.0000000000000       0.49396458454774783     
   8003.0000000000000      -0.25802894233915641     
   8004.0000000000000      -0.78833638885207968     
   8005.0000000000000      -0.55704684555659401     
   8006.0000000000000       0.12380952036885584     
   8007.0000000000000       0.80182458714679772     
   8008.0000000000000       0.59085167871093036     
   8009.0000000000000       -6.0404263451792062E-003
   8010.0000000000000      -0.77798127535453043     
   8011.0000000000000      -0.59960917549724291     
   8012.0000000000000       -9.7689601058181030E-002
   8013.0000000000000       0.72714015575667190     
   8014.0000000000000       0.59900320057308143     
   8015.0000000000000       0.19589116186507916     
   8016.0000000000000      -0.65109008193292728     
   8017.0000000000000      -0.61141137742003326     
   8018.0000000000000      -0.29647528209659424     
   8019.0000000000000       0.54550292052032823     
   8020.0000000000000       0.65611554545603701     
   8021.0000000000000       0.39875554295454141     
   8022.0000000000000      -0.41148419106105127     
   8023.0000000000000      -0.72781997120244435     
   8024.0000000000000      -0.48908610462940760     
   8025.0000000000000       0.26688642087371783     
   8026.0000000000000       0.78601813970508516     
   8027.0000000000000       0.55395512213375997     
   8028.0000000000000      -0.13173451404687320     
   8029.0000000000000      -0.80220428254725673     
   8030.0000000000000      -0.58957313750204698     
   8031.0000000000000        1.2926190738628218E-002
   8032.0000000000000       0.78033565425839702     
   8033.0000000000000       0.59954909987418203     
   8034.0000000000000        9.1468782156408968E-002
   8035.0000000000000      -0.73102886490740804     
   8036.0000000000000      -0.59890286698508777     
   8037.0000000000000      -0.18973875652578193     
   8038.0000000000000       0.65666012955420094     
   8039.0000000000000       0.60982730554607900     
   8040.0000000000000       0.29006245616030679     
   8041.0000000000000      -0.55302388245449363     
   8042.0000000000000      -0.65226451933775276     
   8043.0000000000000      -0.39252418312680548     
   8044.0000000000000       0.42043097389612749     
   8045.0000000000000       0.72323811359005152     
   8046.0000000000000       0.48410391428786431     
   8047.0000000000000      -0.27578654770546368     
   8048.0000000000000      -0.78352306133483651     
   8049.0000000000000      -0.55074761226362334     
   8050.0000000000000       0.13972563945978622     
   8051.0000000000000       0.80243397397759020     
   8052.0000000000000       0.58818982508612461     
   8053.0000000000000       -1.9870810207999412E-002
   8054.0000000000000      -0.78258630865084433     
   8055.0000000000000      -0.59944527382374013     
   8056.0000000000000       -8.5224144363076904E-002
   8057.0000000000000       0.73482203770525334     
   8058.0000000000000       0.59884788613262596     
   8059.0000000000000       0.18359690538006190     
   8060.0000000000000      -0.66211472881914224     
   8061.0000000000000      -0.60837325034214529     
   8062.0000000000000      -0.28366326377373829     
   8063.0000000000000       0.56042477783080991     
   8064.0000000000000       0.64854125073574787     
   8065.0000000000000       0.38625079494216685     
   8066.0000000000000      -0.42932898102275896     
   8067.0000000000000      -0.71860972972230575     
   8068.0000000000000      -0.47901979389615201     
   8069.0000000000000       0.28472617045754745     
   8070.0000000000000       0.78085288364479277     
   8071.0000000000000       0.54742465349259251     
   8072.0000000000000      -0.14778236254465404     
   8073.0000000000000      -0.80251040454499989     
   8074.0000000000000      -0.58669965004570901     
   8075.0000000000000        2.6875724315627569E-002
   8076.0000000000000       0.78473126880082555     
   8077.0000000000000       0.59929270621339170     
   8078.0000000000000        7.8953189219396203E-002
   8079.0000000000000      -0.73852029163004429     
   8080.0000000000000      -0.59883240883089128     
   8081.0000000000000      -0.17746402653454424     
   8082.0000000000000       0.66745530282714882     
   8083.0000000000000       0.60704514431425605     
   8084.0000000000000       0.27727912088063361     
   8085.0000000000000      -0.56770411462656423     
   8086.0000000000000      -0.64495102940237514     
   8087.0000000000000      -0.37994016818462140     
   8088.0000000000000       0.43817167967245430     
   8089.0000000000000       0.71394796627956136     
   8090.0000000000000       0.47383575799257044     
   8091.0000000000000      -0.29370182900954717     
   8092.0000000000000      -0.77800999152304362     
   8093.0000000000000      -0.54398662870938819     
   8094.0000000000000       0.15590405421425391     
   8095.0000000000000       0.80243039241026415     
   8096.0000000000000       0.58510074907827803     
   8097.0000000000000       -3.3942241105335391E-002
   8098.0000000000000      -0.78676839333113935     
   8099.0000000000000      -0.59908651600660767     
   8100.0000000000000       -7.2653417762540973E-002
   8101.0000000000000       0.74212412225301916     
   8102.0000000000000       0.59885059498516502     
   8103.0000000000000       0.17133843007258481     
   8104.0000000000000      -0.67268330377156826     
   8105.0000000000000      -0.60583864216614847     
   8106.0000000000000      -0.27091118831899658     
   8107.0000000000000       0.57486072902426577     
   8108.0000000000000       0.64149832433818810     
   8109.0000000000000       0.37359702721324584     
   8110.0000000000000      -0.44695267398714555     
   8111.0000000000000      -0.70926612034894898     
   8112.0000000000000      -0.46855407097906099     
   8113.0000000000000       0.30270974254963845     
   8114.0000000000000       0.77499746784119705     
   8115.0000000000000       0.54043395914271408     
   8116.0000000000000      -0.16408999079467779     
   8117.0000000000000      -0.80219085509906152     
   8118.0000000000000      -0.58339148343104552     
   8119.0000000000000        4.1071533759156842E-002
   8120.0000000000000       0.78869537511183996     
   8121.0000000000000       0.59882194178908699     
   8122.0000000000000        6.6322338637959000E-002
   8123.0000000000000      -0.74563389601422769     
   8124.0000000000000      -0.59889662091391682     
   8125.0000000000000      -0.16521832592447816     
   8126.0000000000000       0.67780019931421043     
   8127.0000000000000       0.60474915120962747     
   8128.0000000000000       0.26456037858211107     
   8129.0000000000000      -0.58189376814800098     
   8130.0000000000000      -0.63818679952439872     
   8131.0000000000000      -0.36722599860145677     
   8132.0000000000000       0.45566574844475949     
   8133.0000000000000       0.70457752879246771     
   8134.0000000000000       0.46317725893470130     
   8135.0000000000000      -0.31174580103170413     
   8136.0000000000000      -0.77181913283898473     
   8137.0000000000000      -0.53676709985844595     
   8138.0000000000000       0.17233935273946388     
   8139.0000000000000       0.80178883493014275     
   8140.0000000000000       0.58157043337362724     
   8141.0000000000000       -4.8264638404670879E-002
   8142.0000000000000      -0.79050974861450996     
   8143.0000000000000      -0.59849435182303523     
   8144.0000000000000       -5.9957476608608840E-002
   8145.0000000000000       0.74904984314888368     
   8146.0000000000000       0.59896468598706654     
   8147.0000000000000       0.15910183136237432     
   8148.0000000000000      -0.68280745980680058     
   8149.0000000000000      -0.60377185988497706     
   8150.0000000000000      -0.25822736356915288     
   8151.0000000000000       0.58880267140444653     
   8152.0000000000000       0.63501933578944159     
   8153.0000000000000       0.36083158106367852     
   8154.0000000000000      -0.46430490798046120     
   8155.0000000000000      -0.69989545757335092     
   8156.0000000000000      -0.45770811688718760     
   8157.0000000000000       0.32080556178228947     
   8158.0000000000000       0.76847957836312353     
   8159.0000000000000       0.53298653802318174     
   8160.0000000000000      -0.18065122136779577     
   8161.0000000000000      -0.80122152568771265     
   8162.0000000000000      -0.57963639077455420     
   8163.0000000000000        5.5522453083822199E-002
   8164.0000000000000       0.79220889872265798     
   8165.0000000000000       0.59809925452271440     
   8166.0000000000000        5.3556381433664368E-002
   8167.0000000000000      -0.75237205081333858     
   8168.0000000000000      -0.59904901869148142     
   8169.0000000000000      -0.15298697813962242     
   8170.0000000000000       0.68770654631372419     
   8171.0000000000000       0.60290176438862453     
   8172.0000000000000       0.25191258313300346     
   8173.0000000000000      -0.59558715078622193     
   8174.0000000000000      -0.63199805783826102     
   8175.0000000000000      -0.35441811802627299     
   8176.0000000000000       0.47286441422200876     
   8177.0000000000000       0.69523299325639376     
   8178.0000000000000       0.45214971104838725     
   8179.0000000000000      -0.32988425184863751     
   8180.0000000000000      -0.76498419536471340     
   8181.0000000000000      -0.52909279415445587     
   8182.0000000000000       0.18902457340621659     
   8183.0000000000000       0.80048630069140003     
   8184.0000000000000       0.57758834989590147     
   8185.0000000000000       -6.2845737864028695E-002
   8186.0000000000000      -0.79379007097544807     
   8187.0000000000000      -0.59763230921234456     
   8188.0000000000000       -4.7116637068600808E-002
   8189.0000000000000       0.75560045647760998     
   8190.0000000000000       0.59914388224142445     
   8191.0000000000000       0.14687171930574450     
   8192.0000000000000      -0.69249889937995046     
   8193.0000000000000      -0.60213369343148160     
   8194.0000000000000      -0.24561625424872918     
   8195.0000000000000       0.60224717046689213     
   8196.0000000000000       0.62912436549711048     
   8197.0000000000000       0.34798977309895435     
   8198.0000000000000      -0.48133881739267986     
   8199.0000000000000      -0.69060293875027245     
   8200.0000000000000      -0.44650537570783289     
   8201.0000000000000       0.33897677649146762     
   8202.0000000000000       0.76133919306915165     
   8203.0000000000000       0.52508642651647208     
   8204.0000000000000      -0.19745827316071085     
   8205.0000000000000      -0.79958074243682919     
   8206.0000000000000      -0.57542549656705000     
   8207.0000000000000        7.0235116041045043E-002
   8208.0000000000000       0.79525038320562758     
   8209.0000000000000       0.59708933699799815     
   8210.0000000000000        4.0635871118333888E-002
   8211.0000000000000      -0.75873484166619687     
   8212.0000000000000      -0.59924357985684884     
   8213.0000000000000      -0.14075393573917894     
   8214.0000000000000       0.69718592847966521     
   8215.0000000000000       0.60146233117198655     
   8216.0000000000000       0.23933838064239066     
   8217.0000000000000      -0.60878292598587802     
   8218.0000000000000      -0.62639896827108021     
   8219.0000000000000      -0.34155050860758152     
   8220.0000000000000       0.48972298357090982     
   8221.0000000000000       0.68601771514631682     
   8222.0000000000000       0.44077870467885788     
   8223.0000000000000      -0.34807773401509096     
   8224.0000000000000      -0.75755160832414647     
   8225.0000000000000      -0.52096803874173714     
   8226.0000000000000       0.20595106221128356     
   8227.0000000000000       0.79850267398912178     
   8228.0000000000000       0.57314719594250385     
   8229.0000000000000       -7.7691076351252941E-002
   8230.0000000000000      -0.79658683851866563     
   8231.0000000000000      -0.59646633155974349     
   8232.0000000000000       -3.4111764456043803E-002
   8233.0000000000000       0.76177482614168190     
   8234.0000000000000       0.59934245983656420     
   8235.0000000000000       0.13463144245000785     
   8236.0000000000000      -0.70176900207501292     
   8237.0000000000000      -0.60088223838350741     
   8238.0000000000000      -0.23307876273591677     
   8239.0000000000000       0.61519482328900021     
   8240.0000000000000       0.62382192237155132     
   8241.0000000000000       0.33510406726203523     
   8242.0000000000000      -0.49801211712703630     
   8243.0000000000000      -0.68148927124343639     
   8244.0000000000000      -0.43497353739388844     
   8245.0000000000000       0.35718143690473847     
   8246.0000000000000       0.75362930380745441     
   8247.0000000000000       0.51673829066248866     
   8248.0000000000000      -0.21450154660579057     
   8249.0000000000000      -0.79725019230610317     
   8250.0000000000000      -0.57075297908857703     
   8251.0000000000000        8.5213976079577702E-002
   8252.0000000000000       0.79779633954950524     
   8253.0000000000000       0.59575946965014137     
   8254.0000000000000        2.7542060903245624E-002
   8255.0000000000000      -0.76471986263584746     
   8256.0000000000000      -0.59943492055566394     
   8257.0000000000000      -0.12850199471368839     
   8258.0000000000000       0.70624943821054276     
   8259.0000000000000       0.60038787192707399     
   8260.0000000000000       0.22683700777932719     
   8261.0000000000000      -0.62148345785743953     
   8262.0000000000000      -0.62139266944180982     
   8263.0000000000000      -0.32865395695574556     
   8264.0000000000000       0.50620177828033608     
   8265.0000000000000       0.67702900204890404     
   8266.0000000000000       0.42909393993668243     
   8267.0000000000000      -0.36628193901890982     
   8268.0000000000000      -0.74958095403299252     
   8269.0000000000000      -0.51239791222208175     
   8270.0000000000000       0.22310818163364110     
   8271.0000000000000       0.79582170364252969     
   8272.0000000000000       0.56824252867859515     
   8273.0000000000000       -9.2804044918899931E-002
   8274.0000000000000      -0.79887570392658269     
   8275.0000000000000      -0.59496512107136934     
   8276.0000000000000       -2.0924576852340504E-002
   8277.0000000000000       0.76756923224028828     
   8278.0000000000000       0.59951541551651288     
   8279.0000000000000       0.12236329410392704     
   8280.0000000000000      -0.71062849556758034     
   8281.0000000000000      -0.59997360260823740     
   8282.0000000000000      -0.22061254005646197     
   8283.0000000000000       0.62764959412528620     
   8284.0000000000000       0.61911007628720427     
   8285.0000000000000       0.32220343862751522     
   8286.0000000000000      -0.51428789583061063     
   8287.0000000000000      -0.67264767722564844     
   8288.0000000000000      -0.42314418146994759     
   8289.0000000000000       0.37537306837490714     
   8290.0000000000000       0.74541601842262284     
   8291.0000000000000       0.50794772020849388     
   8292.0000000000000      -0.23176925438099150     
   8293.0000000000000      -0.79421596113637527     
   8294.0000000000000      -0.56561566410525255     
   8295.0000000000000       0.10046138940838190     
   8296.0000000000000       0.79982168087042049     
   8297.0000000000000       0.59407985789654538     
   8298.0000000000000        1.4257210701909662E-002
   8299.0000000000000      -0.77032204057245579     
   8300.0000000000000      -0.59957845857944647     
   8301.0000000000000      -0.11621299449789013     
   8302.0000000000000       0.71490736490389195     
   8303.0000000000000       0.59963373150182908     
   8304.0000000000000       0.21440461106442005     
   8305.0000000000000      -0.63369414535425639     
   8306.0000000000000      -0.61697247499799146     
   8307.0000000000000      -0.31575551706199806     
   8308.0000000000000       0.52226677521571752     
   8309.0000000000000       0.66835538013394025     
   8310.0000000000000       0.41712870665884078     
   8311.0000000000000      -0.38444846487890777     
   8312.0000000000000      -0.74114470109632724     
   8313.0000000000000      -0.50338863741515316     
   8314.0000000000000       0.24048286440281996     
   8315.0000000000000       0.79243210459885383     
   8316.0000000000000       0.56287232634145234     
   8317.0000000000000      -0.10818599775217397     
   8318.0000000000000      -0.80063096885645901     
   8319.0000000000000      -0.59310046270179373     
   8320.0000000000000       -7.5379519679483753E-003
   8321.0000000000000       0.77297721483353043     
   8322.0000000000000       0.59961862949251454     
   8323.0000000000000       0.11004870812951578     
   8324.0000000000000      -0.71908716080771051     
   8325.0000000000000      -0.59936250483143971     
   8326.0000000000000      -0.20821230958022080     
   8327.0000000000000       0.63961815410399181     
   8328.0000000000000       0.61497770293550158     
   8329.0000000000000       0.30931293446244634     
   8330.0000000000000      -0.53013510212825454     
   8331.0000000000000      -0.66416145780252567     
   8332.0000000000000      -0.41105210479895093     
   8333.0000000000000       0.39350162219632245     
   8334.0000000000000       0.73677789745640498     
   8335.0000000000000       0.49872171369592405     
   8336.0000000000000      -0.24924690298714652     
   8337.0000000000000      -0.79046970241863090     
   8338.0000000000000      -0.56001256289720369     
   8339.0000000000000       0.11597774479698841     
   8340.0000000000000       0.80130023427901531     
   8341.0000000000000       0.59202393558447430     
   8342.0000000000000        7.6488993143575268E-004
   8343.0000000000000      -0.77553350187141923     
   8344.0000000000000      -0.59963057982876578     
   8345.0000000000000      -0.10386801176651239     
   8346.0000000000000       0.72316891370144332     
   8347.0000000000000       0.59915412749210373     
   8348.0000000000000       0.20203457154079202     
   8349.0000000000000      -0.64542277340794829     
   8350.0000000000000      -0.61312314213304775     
   8351.0000000000000      -0.30287816659753147     
   8352.0000000000000       0.53788994199054008     
   8353.0000000000000       0.66007448187280604     
   8354.0000000000000       0.40491907642876668     
   8355.0000000000000      -0.40252593283976279     
   8356.0000000000000      -0.73232712807956135     
   8357.0000000000000      -0.49394814825056466     
   8358.0000000000000       0.25805903162401578     
   8359.0000000000000       0.78832879534706779     
   8360.0000000000000       0.55703651323016490     
   8361.0000000000000      -0.12383639692730630     
   8362.0000000000000      -0.80182613106530365     
   8363.0000000000000      -0.59084749975966777     
   8364.0000000000000        6.0637783156716196E-003
   8365.0000000000000       0.77798946735560670     
   8366.0000000000000       0.59960903942441868     
   8367.0000000000000        9.7668453083434192E-002
   8368.0000000000000      -0.72715356203910031     
   8369.0000000000000      -0.59900277530579871     
   8370.0000000000000      -0.19587018967448466     
   8371.0000000000000       0.65110924873838416     
   8372.0000000000000       0.61140575774028294     
   8373.0000000000000       0.29645342130229180     
   8374.0000000000000      -0.54552873563717474     
   8375.0000000000000      -0.65610222029845577     
   8376.0000000000000      -0.39873439824119977     
   8377.0000000000000       0.41151473547403189     
   8378.0000000000000       0.72780446086071593     
   8379.0000000000000       0.48906931236440421     
   8380.0000000000000      -0.26691666041679973     
   8381.0000000000000      -0.78600994175773331     
   8382.0000000000000      -0.55394439497162207     
   8383.0000000000000       0.13176161662071684     
   8384.0000000000000       0.80220532120507804     
   8385.0000000000000       0.58956860555110269     
   8386.0000000000000       -1.2949740557689049E-002
   8387.0000000000000      -0.78034349616073651     
   8388.0000000000000      -0.59954882339181881     
   8389.0000000000000       -9.1447557296923776E-002
   8390.0000000000000       0.73104194465251715     
   8391.0000000000000       0.59890260610037771     
   8392.0000000000000       0.18971782283402772     
   8393.0000000000000      -0.65667890081949076     
   8394.0000000000000      -0.60982213521201623     
   8395.0000000000000      -0.29004063910042382     
   8396.0000000000000       0.55304929158955862     
   8397.0000000000000       0.65225161935804199     
   8398.0000000000000       0.39250288710850595     
   8399.0000000000000      -0.42046136340101498     
   8400.0000000000000      -0.72322242275109372     
   8401.0000000000000      -0.48408677174138603     
   8402.0000000000000       0.27581692727551455     
   8403.0000000000000       0.78351426377563704     
   8404.0000000000000       0.55073649132855373     
   8405.0000000000000      -0.13975296639324775     
   8406.0000000000000      -0.80243449618229101     
   8407.0000000000000      -0.58818493262352167     
   8408.0000000000000        1.9894562996653042E-002
   8409.0000000000000       0.78259379404305474     
   8410.0000000000000       0.59944483975749685     
   8411.0000000000000        8.5202834119793569E-002
   8412.0000000000000      -0.73483479321454837     
   8413.0000000000000      -0.59884776970404041     
   8414.0000000000000      -0.18357600499239041     
   8415.0000000000000       0.66213310932526137     
   8416.0000000000000       0.60836851600889386     
   8417.0000000000000       0.28364149570997682     
   8418.0000000000000      -0.56044977532784657     
   8419.0000000000000      -0.64852879535338581     
   8420.0000000000000      -0.38622936400380692     
   8421.0000000000000       0.42935919319063842     
   8422.0000000000000       0.71859390277975699     
   8423.0000000000000       0.47900230752163553     
   8424.0000000000000      -0.28475667880150124     
   8425.0000000000000      -0.78084349345901538     
   8426.0000000000000      -0.54741314001624208     
   8427.0000000000000       0.14780991185588310     
   8428.0000000000000       0.80251039931966317     
   8429.0000000000000       0.58669439034014803     
   8430.0000000000000       -2.6899684753944775E-002
   8431.0000000000000      -0.78473839067859819     
   8432.0000000000000      -0.59929209774836711     
   8433.0000000000000       -7.8931785078229399E-002
   8434.0000000000000       0.73853272480225285     
   8435.0000000000000       0.59883241694964828     
   8436.0000000000000       0.17744315387452658     
   8437.0000000000000      -0.66747329747828510     
   8438.0000000000000      -0.60704083163714195     
   8439.0000000000000      -0.27725740619572703     
   8440.0000000000000       0.56772869597445952     
   8441.0000000000000       0.64493903522274854     
   8442.0000000000000       0.37991861854541642     
   8443.0000000000000      -0.43820169246382656     
   8444.0000000000000      -0.71393204832504820     
   8445.0000000000000      -0.47381793506974135     
   8446.0000000000000       0.29373245380189728     
   8447.0000000000000       0.77800001800167207     
   8448.0000000000000       0.54397472406452385     
   8449.0000000000000      -0.15593182359943625     
   8450.0000000000000      -0.80242984907451054     
   8451.0000000000000      -0.58509511617035947     
   8452.0000000000000        3.3966413419130426E-002
   8453.0000000000000       0.78677514411484961     
   8454.0000000000000       0.59908571671879496     
   8455.0000000000000        7.2631911221319512E-002
   8456.0000000000000      -0.74213623455928446     
   8457.0000000000000      -0.59885070778637106     
   8458.0000000000000      -0.17131757920957230     
   8459.0000000000000       0.67270091754721895     
   8460.0000000000000       0.60583473590744175     
   8461.0000000000000       0.27088953053782494     
   8462.0000000000000      -0.57488489080104133     
   8463.0000000000000      -0.64148680519465828     
   8464.0000000000000      -0.37357537481312908     
   8465.0000000000000       0.44698246590465884     
   8466.0000000000000       0.70925015679796433     
   8467.0000000000000       0.46853591966117147     
   8468.0000000000000      -0.30274047035541107     
   8469.0000000000000      -0.77498692272203207     
   8470.0000000000000      -0.54042166482348108     
   8471.0000000000000       0.16411797762673130     
   8472.0000000000000       0.80218976335368719     
   8473.0000000000000       0.58338547211775105     
   8474.0000000000000       -4.1095921710553651E-002
   8475.0000000000000      -0.78870174666911264     
   8476.0000000000000      -0.59882093567876982     
   8477.0000000000000       -6.6300721234741844E-002
   8478.0000000000000       0.74564568847374135     
   8479.0000000000000       0.59889681860027466     
   8480.0000000000000       0.16519749059975603     
   8481.0000000000000      -0.67781743722425047     
   8482.0000000000000      -0.60474563533888848     
   8483.0000000000000      -0.26453878039653039     
   8484.0000000000000       0.58191750795942609     
   8485.0000000000000       0.63817576654291597     
   8486.0000000000000       0.36720425899454878     
   8487.0000000000000      -0.45569529867581893     
   8488.0000000000000      -0.70456156500624689     
   8489.0000000000000      -0.46315878828133239     
   8490.0000000000000       0.31177661728577921     
   8491.0000000000000       0.77180803043287305     
   8492.0000000000000       0.53675441746961905     
   8493.0000000000000      -0.17236755406041937     
   8494.0000000000000      -0.80178718494576406     
   8495.0000000000000      -0.58156403918620536     
   8496.0000000000000        4.8289245286622817E-002
   8497.0000000000000       0.79051573228776095     
   8498.0000000000000       0.59849312334981764     
   8499.0000000000000        5.9935739951316180E-002
   8500.0000000000000      -0.74906131630510375     
   8501.0000000000000      -0.59896494885043805     
   8502.0000000000000      -0.15908100501406397     
   8503.0000000000000       0.68282432684936101     
   8504.0000000000000       0.60376871767294449     
   8505.0000000000000       0.25820582686585791     
   8506.0000000000000      -0.58882598781852424     
   8507.0000000000000      -0.63500879747238104     
   8508.0000000000000      -0.36080976932021408     
   8509.0000000000000       0.46433419652751989     
   8510.0000000000000       0.69987953848445184     
   8511.0000000000000       0.45768933688063729     
   8512.0000000000000      -0.32083645078736889     
   8513.0000000000000      -0.76846793565995752     
   8514.0000000000000      -0.53297346927924583     
   8515.0000000000000       0.18067963387404840     
   8516.0000000000000       0.80121930819789533     
   8517.0000000000000       0.57962960995011570     
   8518.0000000000000       -5.5547281718571484E-002
   8519.0000000000000      -0.79221448536156502     
   8520.0000000000000      -0.59809778864176744     
   8521.0000000000000       -5.3534517230897638E-002
   8522.0000000000000       0.75238320471099185     
   8523.0000000000000       0.59904932713270009     
   8524.0000000000000       0.15296615392642110     
   8525.0000000000000      -0.68772304743571055     
   8526.0000000000000      -0.60289897849468599     
   8527.0000000000000      -0.25189110902379430     
   8528.0000000000000       0.59561004326472156     
   8529.0000000000000       0.63198802016420352     
   8530.0000000000000       0.35439624864402697     
   8531.0000000000000      -0.47289342201878160     
   8532.0000000000000      -0.69521716300531977     
   8533.0000000000000      -0.45213063259227404     
   8534.0000000000000       0.32991519679356929     
   8535.0000000000000       0.76497203211372988     
   8536.0000000000000       0.52907934088916775     
   8537.0000000000000      -0.18905319342597138     
   8538.0000000000000      -0.80048350709083449     
   8539.0000000000000      -0.57758117934319608     
   8540.0000000000000        6.2870790605387361E-002
   8541.0000000000000       0.79379525097424519     
   8542.0000000000000       0.59763059141133956     
   8543.0000000000000        4.7094637161450015E-002
   8544.0000000000000      -0.75561129064073529     
   8545.0000000000000      -0.59914421678876151     
   8546.0000000000000      -0.14685089012962382     
   8547.0000000000000       0.69251503943999304     
   8548.0000000000000       0.60213124598484036     
   8549.0000000000000       0.24559484310260760     
   8550.0000000000000      -0.60226963929499822     
   8551.0000000000000      -0.62911483203340668     
   8552.0000000000000      -0.34796785992487239     
   8553.0000000000000       0.48136752640499875     
   8554.0000000000000       0.69058724033984697     
   8555.0000000000000       0.44648601060721060     
   8556.0000000000000      -0.33900775949095052     
   8557.0000000000000      -0.76132653182824339     
   8558.0000000000000      -0.52507259070332246     
   8559.0000000000000       0.19748709662312991     
   8560.0000000000000       0.79957736488516618     
   8561.0000000000000       0.57541793382704920     
   8562.0000000000000       -7.0260394780272462E-002
   8563.0000000000000      -0.79525514654506524     
   8564.0000000000000      -0.59708735333411411     
   8565.0000000000000       -4.0613727512910702E-002
   8566.0000000000000       0.75874535507752772     
   8567.0000000000000       0.59924392118356606     
   8568.0000000000000       0.14073309426720820     
   8569.0000000000000      -0.69720171221326876     
   8570.0000000000000      -0.60146020384670928     
   8571.0000000000000      -0.23931703211896999     
   8572.0000000000000       0.60880497220091367     
   8573.0000000000000       0.62638994029621842     
   8574.0000000000000       0.34152856477000976     
   8575.0000000000000      -0.48975137688138176     
   8576.0000000000000      -0.68600219011969821     
   8577.0000000000000      -0.44075906560183131     
   8578.0000000000000       0.34810873617103766     
   8579.0000000000000       0.75753847447334666     
   8580.0000000000000       0.52095382252543021     
   8581.0000000000000      -0.20598008460710249     
   8582.0000000000000      -0.79849870552108837     
   8583.0000000000000      -0.57313923914455867     
   8584.0000000000000        7.7716582526193401E-002
   8585.0000000000000       0.79659117481243302     
   8586.0000000000000       0.59646406869604385     
   8587.0000000000000        3.4089469356406554E-002
   8588.0000000000000      -0.76178501722371228     
   8589.0000000000000      -0.59934278877798941     
   8590.0000000000000      -0.13461058113549335     
   8591.0000000000000       0.70178443406165858     
   8592.0000000000000       0.60088041246767143     
   8593.0000000000000       0.23305747581967834     
   8594.0000000000000      -0.61521644860907565     
   8595.0000000000000      -0.62381339900457644     
   8596.0000000000000      -0.33508210511366093     
   8597.0000000000000       0.49804017900311776     
   8598.0000000000000       0.68147395939069133     
   8599.0000000000000       0.43495363781539442     
   8600.0000000000000      -0.35721243838881023     
   8601.0000000000000      -0.75361572552250322     
   8602.0000000000000      -0.51672369640120119     
   8603.0000000000000       0.21453076293949369     
   8604.0000000000000       0.79724562694846723     
   8605.0000000000000       0.57074462690304673     
   8606.0000000000000       -8.5239710686618619E-002
   8607.0000000000000      -0.79780023809488676     
   8608.0000000000000      -0.59575691489056914     
   8609.0000000000000       -2.7519606744338510E-002
   8610.0000000000000       0.76472972923394988     
   8611.0000000000000       0.59943521812622658     
   8612.0000000000000       0.12848110581684846     
   8613.0000000000000      -0.70626452284248620     
   8614.0000000000000      -0.60038632838627859     
   8615.0000000000000      -0.22681578081431353     
   8616.0000000000000       0.62150466461076415     
   8617.0000000000000       0.62138464777629332     
   8618.0000000000000       0.32863198802711890     
   8619.0000000000000      -0.50622949422581920     
   8620.0000000000000      -0.67701394114598845     
   8621.0000000000000      -0.42907379406572144     
   8622.0000000000000       0.36631291917499775     
   8623.0000000000000       0.74956696221589048     
   8624.0000000000000       0.51238294253984540     
   8625.0000000000000      -0.22313758636766412     
   8626.0000000000000      -0.79581653653836293     
   8627.0000000000000      -0.56823378026695215     
   8628.0000000000000        9.2830008527210905E-002
   8629.0000000000000       0.79887915375910201     
   8630.0000000000000       0.59496226239356731     
   8631.0000000000000        2.0901956332520344E-002
   8632.0000000000000      -0.76757877160827448     
   8633.0000000000000      -0.59951566292718450     
   8634.0000000000000      -0.12234236971234907     
   8635.0000000000000       0.71064323702008592     
   8636.0000000000000       0.59997232214374863     
   8637.0000000000000       0.22059137078104035     
   8638.0000000000000      -0.62767038518076523     
   8639.0000000000000      -0.61910255152754368     
   8640.0000000000000      -0.32218147359081611     
   8641.0000000000000       0.51431525262088518     
   8642.0000000000000       0.67263290280855381     
   8643.0000000000000       0.42312380416208861     
   8644.0000000000000      -0.37540400583965106     
   8645.0000000000000      -0.74540164658731245     
   8646.0000000000000      -0.50793237805659475     
   8647.0000000000000       0.23179884137286355     
   8648.0000000000000       0.79421018867683779     
   8649.0000000000000       0.56560651906875914     
   8650.0000000000000      -0.10048758217579878     
   8651.0000000000000      -0.79982467082222530     
   8652.0000000000000      -0.59407668398170110     
   8653.0000000000000       -1.4234416814604245E-002
   8654.0000000000000       0.77033124936097819     
   8655.0000000000000       0.59957863725599869     
   8656.0000000000000       0.11619202654701982     
   8657.0000000000000      -0.71492176710665589     
   8658.0000000000000      -0.59963269460365787     
   8659.0000000000000      -0.21438349664580303     
   8660.0000000000000       0.63371452405390072     
   8661.0000000000000       0.61696544059609759     
   8662.0000000000000       0.31573356570454825     
   8663.0000000000000      -0.52229376091747048     
   8664.0000000000000      -0.66834092530966427     
   8665.0000000000000      -0.41710811331625014     
   8666.0000000000000       0.38447933771775827     
   8667.0000000000000       0.74112998520902273     
   8668.0000000000000       0.50337292614096230     
   8669.0000000000000      -0.24051262683662689     
   8670.0000000000000      -0.79242572456240301     
   8671.0000000000000      -0.56286278466956563     
   8672.0000000000000       0.10821241944201276     
   8673.0000000000000       0.80063348761821740     
   8674.0000000000000       0.59309696296072434     
   8675.0000000000000        7.5149780319720971E-003
   8676.0000000000000      -0.77298608908171640     
   8677.0000000000000      -0.59961872109499104     
   8678.0000000000000      -0.11002768842344168     
   8679.0000000000000       0.71910122741723970     
   8680.0000000000000       0.59936169182664434     
   8681.0000000000000       0.20819124664846789     
   8682.0000000000000      -0.63963812419755950     
   8683.0000000000000      -0.61497115072620501     
   8684.0000000000000      -0.30929100566933743     
   8685.0000000000000       0.53016170610452584     
   8686.0000000000000       0.66414735309749495     
   8687.0000000000000       0.41103131126049919     
   8688.0000000000000      -0.39353240805218237     
   8689.0000000000000      -0.73676287573157950     
   8690.0000000000000      -0.49870563711711707     
   8691.0000000000000       0.24927683330116829     
   8692.0000000000000       0.79046271411712299     
   8693.0000000000000       0.56000262491691488     
   8694.0000000000000      -0.11600439479499758     
   8695.0000000000000      -0.80130227046512470     
   8696.0000000000000      -0.59202010017920981     
   8697.0000000000000       -7.4172961948892890E-004
   8698.0000000000000       0.77554203700211688     
   8699.0000000000000       0.59963056627250899     
   8700.0000000000000       0.10384693199929773     
   8701.0000000000000      -0.72318264807418242     
   8702.0000000000000      -0.59915351858862864     
   8703.0000000000000      -0.20201355622206468     
   8704.0000000000000       0.64544233899014336     
   8705.0000000000000       0.61311706246683950     
   8706.0000000000000       0.30285626834265555     
   8707.0000000000000      -0.53791615489224365     
   8708.0000000000000      -0.66006075511843765     
   8709.0000000000000      -0.40489809885295308     
   8710.0000000000000       0.40255660909090879     
   8711.0000000000000       0.73231184073408118     
   8712.0000000000000       0.49393171073225983     
   8713.0000000000000      -0.25808912143685214     
   8714.0000000000000      -0.78832119977767556     
   8715.0000000000000      -0.55702617955750133     
   8716.0000000000000       0.12386327425790822     
   8717.0000000000000       0.80182767328226745     
   8718.0000000000000       0.59084331961986414     
   8719.0000000000000       -6.0871309507812832E-003
   8720.0000000000000      -0.77799765817458788     
   8721.0000000000000      -0.59960890290294233     
   8722.0000000000000       -9.7647304861233186E-002
   8723.0000000000000       0.72716696720513618     
   8724.0000000000000       0.59900235063214735     
   8725.0000000000000       0.19584921762336205     
   8726.0000000000000      -0.65112841418886058     
   8727.0000000000000      -0.61140013961224382     
   8728.0000000000000      -0.29643156064699433     
   8729.0000000000000       0.54555454938234771     
   8730.0000000000000       0.65608889655270575     
   8731.0000000000000       0.39871325298468258     
   8732.0000000000000      -0.41154527939782554     
   8733.0000000000000      -0.72778894983004927     
   8734.0000000000000      -0.48905251889641810     
   8735.0000000000000       0.26694690045468228     
   8736.0000000000000       0.78600174175897075     
   8737.0000000000000       0.55393366646654507     
   8738.0000000000000      -0.13178871996163488     
   8739.0000000000000      -0.80220635812296326     
   8740.0000000000000      -0.58956407238470532     
   8741.0000000000000        1.2973291059537484E-002
   8742.0000000000000       0.78035133686016833     
   8743.0000000000000       0.59954854640173849     
   8744.0000000000000        9.1426332161095081E-002
   8745.0000000000000      -0.73105502328972694     
   8746.0000000000000      -0.59890234574143952     
   8747.0000000000000      -0.18969688926473388     
   8748.0000000000000       0.65669767074581653     
   8749.0000000000000       0.60981696638603922     
   8750.0000000000000       0.29001882219897651     
   8751.0000000000000      -0.55307469933168596     
   8752.0000000000000      -0.65223872086109880     
   8753.0000000000000      -0.39248159060297916     
   8754.0000000000000       0.42049175233985048     
   8755.0000000000000       0.72320673137278590     
   8756.0000000000000       0.48406962801256437     
   8757.0000000000000      -0.27584730730380902     
   8758.0000000000000      -0.78350546418507194     
   8759.0000000000000      -0.55072536905447111     
   8760.0000000000000       0.13978029408758408     
   8761.0000000000000       0.80243501660926253     
   8762.0000000000000       0.58818003892121995     
   8763.0000000000000       -1.9918316484789811E-002
   8764.0000000000000      -0.78260127820950154     
   8765.0000000000000      -0.59944440512564434     
   8766.0000000000000       -8.5181523571181805E-002
   8767.0000000000000       0.73484754762310789     
   8768.0000000000000       0.59884765373338045     
   8769.0000000000000       0.18355510470882019     
   8770.0000000000000      -0.66215148850893690     
   8771.0000000000000      -0.60836378313651096     
   8772.0000000000000      -0.28361972782105788     
   8773.0000000000000       0.56047477141466895     
   8774.0000000000000       0.64851634151510174     
   8775.0000000000000       0.38620793263380343     
   8776.0000000000000      -0.42938940471665782     
   8777.0000000000000      -0.71857807545044761     
   8778.0000000000000      -0.47898481998813491     
   8779.0000000000000       0.28478718756356780     
   8780.0000000000000       0.78083410126951702     
   8781.0000000000000       0.54740162520532754     
   8782.0000000000000      -0.14783746192068647     
   8783.0000000000000      -0.80251039227967380     
   8784.0000000000000      -0.58668912937329010     
   8785.0000000000000        2.6923645906913540E-002
   8786.0000000000000       0.78474551130575820     
   8787.0000000000000       0.59929148866111781     
   8788.0000000000000        7.8910380602743024E-002
   8789.0000000000000      -0.73854515687947575     
   8790.0000000000000      -0.59883242545858995     
   8791.0000000000000      -0.17742228129899851     
   8792.0000000000000       0.66749129082383429     
   8793.0000000000000       0.60703652037045985     
   8794.0000000000000       0.27723569169911011     
   8795.0000000000000      -0.56775327589867186     
   8796.0000000000000      -0.64492704263898415     
   8797.0000000000000      -0.37989706852938943     
   8798.0000000000000       0.43823170453912375     
   8799.0000000000000       0.71391613013810551     
   8800.0000000000000       0.47380011101418917     
   8801.0000000000000      -0.29376307896850617     
   8802.0000000000000      -0.77799004251232540     
   8803.0000000000000      -0.54396281808998670     
   8804.0000000000000       0.15595959372979740     
   8805.0000000000000       0.80242930388833322     
   8806.0000000000000       0.58508948198215160     
   8807.0000000000000       -3.3990586461180361E-002
   8808.0000000000000      -0.78678189362117579     
   8809.0000000000000      -0.59908491675352982     
   8810.0000000000000       -7.2610404316876154E-002
   8811.0000000000000       0.74214834577481570     
   8812.0000000000000       0.59885082091021258     
   8813.0000000000000       0.17129672841027688     
   8814.0000000000000      -0.67271853003431747     
   8815.0000000000000      -0.60583083100586388     
   8816.0000000000000      -0.27086787295550874     
   8817.0000000000000       0.57490905114427238     
   8818.0000000000000       0.64147528768943307     
   8819.0000000000000       0.37355372208987403     
   8820.0000000000000      -0.44701225703397773     
   8821.0000000000000      -0.70923419316933878     
   8822.0000000000000      -0.46851776723986005     
   8823.0000000000000       0.30277119848776402     
   8824.0000000000000       0.77497637567919531     
   8825.0000000000000       0.54040936917985616     
   8826.0000000000000      -0.16414596519445768     
   8827.0000000000000      -0.80218866972356584     
   8828.0000000000000      -0.58337945950771708     
   8829.0000000000000        4.1120310402218085E-002
   8830.0000000000000       0.78870811692039144     
   8831.0000000000000       0.59881992883727597     
   8832.0000000000000        6.6279103439586762E-002
   8833.0000000000000      -0.74565747984519237     
   8834.0000000000000      -0.59889701654198702     
   8835.0000000000000      -0.16517665531690451     
   8836.0000000000000       0.67783467386280294     
   8837.0000000000000       0.60474212076943934     
   8838.0000000000000       0.26451718241758027     
   8839.0000000000000      -0.58194124633083533     
   8840.0000000000000      -0.63816473523309292     
   8841.0000000000000      -0.36718251911669997     
   8842.0000000000000       0.45572484804912716     
   8843.0000000000000       0.70454560129634491     
   8844.0000000000000       0.46314031655696708     
   8845.0000000000000      -0.31180743381489251     
   8846.0000000000000      -0.77179692615635109     
   8847.0000000000000      -0.53674173376205059     
   8848.0000000000000       0.17239575610639368     
   8849.0000000000000       0.80178553304407119     
   8850.0000000000000       0.58155764368804896     
   8851.0000000000000       -4.8313852919252720E-002
   8852.0000000000000      -0.79052171462467202     
   8853.0000000000000      -0.59849189409332515     
   8854.0000000000000       -5.9914002873659888E-002
   8855.0000000000000       0.74907278837427238     
   8856.0000000000000       0.59896521190222207     
   8857.0000000000000       0.15906017868478678     
   8858.0000000000000      -0.68284119263738985     
   8859.0000000000000      -0.60376557670413633     
   8860.0000000000000      -0.25818429037427704     
   8861.0000000000000       0.58884930278927572     
   8862.0000000000000       0.63499826085156297     
   8863.0000000000000       0.36078795735620112     
   8864.0000000000000      -0.46436348415025347     
   8865.0000000000000      -0.69986361962374222     
   8866.0000000000000      -0.45767055583866639     
   8867.0000000000000       0.32086734001210820     
   8868.0000000000000       0.76845629114891900     
   8869.0000000000000       0.53296039922260241     
   8870.0000000000000      -0.18070804709345534     
   8871.0000000000000      -0.80121708876027775     
   8872.0000000000000      -0.57962282780329633     
   8873.0000000000000        5.5572111112807021E-002
   8874.0000000000000       0.79222007063216926     
   8875.0000000000000       0.59809632192719742     
   8876.0000000000000        5.3512652579737807E-002
   8877.0000000000000      -0.75239435752086870     
   8878.0000000000000      -0.59904963569579173     
   8879.0000000000000      -0.15294532970850272     
   8880.0000000000000       0.68773954731988229     
   8881.0000000000000       0.60289619378396664     
   8882.0000000000000       0.25186963512879768     
   8883.0000000000000      -0.59563293429950903     
   8884.0000000000000      -0.63197798420256246     
   8885.0000000000000      -0.35437437908953534     
   8886.0000000000000       0.47292242882800845     
   8887.0000000000000       0.69520133313100618     
   8888.0000000000000       0.45211155313943024     
   8889.0000000000000      -0.32994614189904520     
   8890.0000000000000      -0.76495986712691244     
   8891.0000000000000      -0.52906588631764129     
   8892.0000000000000       0.18908181414571412     
   8893.0000000000000       0.80048071151440914     
   8894.0000000000000       0.57757400745868626     
   8895.0000000000000       -6.2895844113453836E-002
   8896.0000000000000      -0.79380042957129493     
   8897.0000000000000      -0.59762887272824106     
   8898.0000000000000       -4.7072636778384025E-002
   8899.0000000000000       0.75562212371354942     
   8900.0000000000000       0.59914455139189648     
   8901.0000000000000       0.14683006092419970     
   8902.0000000000000      -0.69253117827857613     
   8903.0000000000000      -0.60212879965973920     
   8904.0000000000000      -0.24557343217072380     
   8905.0000000000000       0.60229210668168920     
   8906.0000000000000       0.62910530029028566     
   8907.0000000000000       0.34794594662450962     
   8908.0000000000000      -0.48139623437021895     
   8909.0000000000000      -0.69057154245031305     
   8910.0000000000000      -0.44646664455156260     
   8911.0000000000000       0.33903874258829658     
   8912.0000000000000       0.76131386893314856     
   8913.0000000000000       0.52505875359092657     
   8914.0000000000000      -0.19751592077094904     
   8915.0000000000000      -0.79957398533237367     
   8916.0000000000000      -0.57541036974790094     
   8917.0000000000000        7.0285674291867828E-002
   8918.0000000000000       0.79525990844797922     
   8919.0000000000000       0.59708536874166807     
   8920.0000000000000        4.0591583404668063E-002
   8921.0000000000000      -0.75875586739413603     
   8922.0000000000000      -0.59924426250052976     
   8923.0000000000000      -0.14071225274058408     
   8924.0000000000000       0.69721749474129135     
   8925.0000000000000       0.60145807757986425     
   8926.0000000000000       0.23929568380745497     
   8927.0000000000000      -0.60882701697927000     
   8928.0000000000000      -0.62638091404252905     
   8929.0000000000000      -0.34150662084957106     
   8930.0000000000000       0.48977976908913212     
   8931.0000000000000       0.68598666575261280     
   8932.0000000000000       0.44073942561433677     
   8933.0000000000000      -0.34813973835884593     
   8934.0000000000000      -0.75752533905959840     
   8935.0000000000000      -0.52093960501751901     
   8936.0000000000000       0.20600910767216374     
   8937.0000000000000       0.79849473502983093     
   8938.0000000000000       0.57313128100204747     
   8939.0000000000000       -7.7742089477636611E-002
   8940.0000000000000      -0.79659550963373438     
   8941.0000000000000      -0.59646180485943723     
   8942.0000000000000       -3.4067173727775568E-002
   8943.0000000000000       0.76179520720467098     
   8944.0000000000000       0.59934311764468995     
   8945.0000000000000       0.13458971974028267     
   8946.0000000000000      -0.70179986485801660     
   8947.0000000000000      -0.60087858754595735     
   8948.0000000000000      -0.23303618911077328     
   8949.0000000000000       0.61523807249940576     
   8950.0000000000000       0.62380487735223578     
   8951.0000000000000       0.33506014292310660     
   8952.0000000000000      -0.49806823972498693     
   8953.0000000000000      -0.68145864832968495     
   8954.0000000000000      -0.43493373737362251     
   8955.0000000000000       0.35724343983573836     
   8956.0000000000000       0.75360214577526885     
   8957.0000000000000       0.51670910085676214     
   8958.0000000000000      -0.21455997992453391     
   8959.0000000000000      -0.79724105954909930     
   8960.0000000000000      -0.57073627336928978     
   8961.0000000000000        8.5265446072817275E-002
   8962.0000000000000       0.79780413513087378     
   8963.0000000000000       0.59575435911598562     
   8964.0000000000000        2.7497152031106142E-002
   8965.0000000000000      -0.76473959472263942     
   8966.0000000000000      -0.59943551555773333     
   8967.0000000000000      -0.12846021681264741     
   8968.0000000000000       0.70627960629874598     
   8969.0000000000000       0.60038478577429866     
   8970.0000000000000       0.22679455404993926     
   8971.0000000000000      -0.62152586994323467     
   8972.0000000000000      -0.62137662781220715     
   8973.0000000000000      -0.32861001909413157     
   8974.0000000000000       0.50625720896987891     
   8975.0000000000000       0.67699888115975193     
   8976.0000000000000       0.42905364738103080     
   8977.0000000000000      -0.36634389922231414     
   8978.0000000000000      -0.74955296904628566     
   8979.0000000000000      -0.51236797158391600     
   8980.0000000000000       0.22316699173316912     
   8981.0000000000000       0.79581136737797897     
   8982.0000000000000       0.56822503050500806     
   8983.0000000000000       -9.2855972915905638E-002
   8984.0000000000000      -0.79888260204450467     
   8985.0000000000000      -0.59495940266099701     
   8986.0000000000000       -2.0879335233995100E-002
   8987.0000000000000       0.76758830985647064     
   8988.0000000000000       0.59951591013516847     
   8989.0000000000000       0.12232144518619170     
   8990.0000000000000      -0.71065797731072355     
   8991.0000000000000      -0.59997104254196187     
   8992.0000000000000      -0.22057020169756036     
   8993.0000000000000       0.62769117482600700     
   8994.0000000000000       0.61909502844991060     
   8995.0000000000000       0.32215950858460218     
   8996.0000000000000      -0.51434260816689792     
   8997.0000000000000      -0.67261812942510613     
   8998.0000000000000      -0.42310342609208595     
   8999.0000000000000       0.37543494312181158     
   9000.0000000000000       0.74538727351792744     
   9001.0000000000000       0.50791703464168925     
   9002.0000000000000      -0.23182842897418854     
   9003.0000000000000      -0.79420441415108223     
   9004.0000000000000      -0.56559737268129906     
   9005.0000000000000       0.10051377572345310     
   9006.0000000000000       0.79982765918860277     
   9007.0000000000000       0.59407350897477418     
   9008.0000000000000        1.4211622325271067E-002
   9009.0000000000000      -0.77034045701726261     
   9010.0000000000000      -0.59957881566699633     
   9011.0000000000000      -0.11617105843386932     
   9012.0000000000000       0.71493616816048355     
   9013.0000000000000       0.59963165850144096     
   9014.0000000000000       0.21436238240854338     
   9015.0000000000000      -0.63373490135542299     
   9016.0000000000000      -0.61695840785109124     
   9017.0000000000000      -0.31571161440938067     
   9018.0000000000000       0.52232074533653805     
   9019.0000000000000       0.66832647162745007     
   9020.0000000000000       0.41708751926477999     
   9021.0000000000000      -0.38451021029851579     
   9022.0000000000000      -0.74111526821409979     
   9023.0000000000000      -0.50335721361592545     
   9024.0000000000000       0.24054238985544207     
   9025.0000000000000       0.79241934245470358     
   9026.0000000000000       0.56285324164728112     
   9027.0000000000000      -0.10823884191062794     
   9028.0000000000000      -0.80063600475586494     
   9029.0000000000000      -0.59309346209278235     
   9030.0000000000000       -7.4920034718035655E-003
   9031.0000000000000       0.77299496218312391     
   9032.0000000000000       0.59961881236987813     
   9033.0000000000000       0.11000666852697538     
   9034.0000000000000      -0.71911529288978748     
   9035.0000000000000      -0.59936087955057826     
   9036.0000000000000      -0.20817018388571618     
   9037.0000000000000       0.63965809290639886     
   9038.0000000000000       0.61496460014337861     
   9039.0000000000000       0.30926907696721606     
   9040.0000000000000      -0.53018830876409517     
   9041.0000000000000      -0.66413324963393672     
   9042.0000000000000      -0.41101051706772307     
   9043.0000000000000       0.39356319357326608     
   9044.0000000000000       0.73674785303284984     
   9045.0000000000000       0.49868955930135639     
   9046.0000000000000      -0.24930676417308784     
   9047.0000000000000      -0.79045572374481476     
   9048.0000000000000      -0.55999268558786242     
   9049.0000000000000       0.11603104556906529     
   9050.0000000000000       0.80130430498829541     
   9051.0000000000000       0.59201626361487247     
   9052.0000000000000        7.1856866243735773E-004
   9053.0000000000000      -0.77555057096939339     
   9054.0000000000000      -0.59963055232753515     
   9055.0000000000000      -0.10382585201324079     
   9056.0000000000000       0.72319638132082809     
   9057.0000000000000       0.59915291034632168     
   9058.0000000000000       0.20199254105832209     
   9059.0000000000000      -0.64546190320207519     
   9060.0000000000000      -0.61311098439185152     
   9061.0000000000000      -0.30283437020436266     
   9062.0000000000000       0.53794236644758586     
   9063.0000000000000       0.66004702969562012     
   9064.0000000000000       0.40487712067825249     
   9065.0000000000000      -0.40258728492997203     
   9066.0000000000000      -0.73229655255476711     
   9067.0000000000000      -0.49391527199289137     
   9068.0000000000000       0.25811921177755820     
   9069.0000000000000       0.78831360214393587     
   9070.0000000000000       0.55701584453861341     
   9071.0000000000000      -0.12389015236064649     
   9072.0000000000000      -0.80182921379755834     
   9073.0000000000000      -0.59083913829142332     
   9074.0000000000000        6.1104842505721457E-003
   9075.0000000000000       0.77800584781140647     
   9076.0000000000000       0.59960876593261070     
   9077.0000000000000        9.7626156391479868E-002
   9078.0000000000000      -0.72718037125481061     
   9079.0000000000000      -0.59900192655189666     
   9080.0000000000000      -0.19582824571165580     
   9081.0000000000000       0.65114757828440950     
   9082.0000000000000       0.61139452303577402     
   9083.0000000000000       0.29640970013077317     
   9084.0000000000000      -0.54558036175576696     
   9085.0000000000000      -0.65607557421904517     
   9086.0000000000000      -0.39869210718518067     
   9087.0000000000000       0.41157582283216931     
   9088.0000000000000       0.72777343811094719     
   9089.0000000000000       0.48903572422551500     
   9090.0000000000000      -0.26697714098724723     
   9091.0000000000000      -0.78599353970885377     
   9092.0000000000000      -0.55392293661854142     
   9093.0000000000000       0.13181582406960857     
   9094.0000000000000       0.80220739330078328     
   9095.0000000000000       0.58955953800276850     
   9096.0000000000000       -1.2996842244232476E-002
   9097.0000000000000      -0.78035917635661811     
   9098.0000000000000      -0.59954826890374180     
   9099.0000000000000       -9.1405106748824072E-002
   9100.0000000000000       0.73106810081906393     
   9101.0000000000000       0.59890208590804250     
   9102.0000000000000       0.18967595581784036     
   9103.0000000000000      -0.65671643933323354     
   9104.0000000000000      -0.60981179906799410     
   9105.0000000000000      -0.28999700545602625     
   9106.0000000000000       0.55310010568080992     
   9107.0000000000000       0.65222582384714878     
   9108.0000000000000       0.39246029361041546     
   9109.0000000000000      -0.42052214071237326     
   9110.0000000000000      -0.72319103945564334     
   9111.0000000000000      -0.48405248310147408     
   9112.0000000000000       0.27587768779021682     
   9113.0000000000000       0.78349666256322170     
   9114.0000000000000       0.55071424544138958     
   9115.0000000000000      -0.13980762254277201     
   9116.0000000000000      -0.80243553525837696     
   9117.0000000000000      -0.58817514397914172     
   9118.0000000000000        1.9942070672463341E-002
   9119.0000000000000       0.78260876115010292     
   9120.0000000000000       0.59944396992798743     
   9121.0000000000000        8.5160212717142469E-002
   9122.0000000000000      -0.73486030093095411     
   9123.0000000000000      -0.59884753822041414     
   9124.0000000000000      -0.18353420452928615     
   9125.0000000000000       0.66216986637022601     
   9126.0000000000000       0.60835905172483018     
   9127.0000000000000       0.28359796010703231     
   9128.0000000000000      -0.56049976609122509     
   9129.0000000000000      -0.64850388922108793     
   9130.0000000000000      -0.38618650083234446     
   9131.0000000000000       0.42941961560056180     
   9132.0000000000000       0.71856224773490063     
   9133.0000000000000       0.47896733129573427     
   9134.0000000000000      -0.28481769674360474     
   9135.0000000000000      -0.78082470707640583     
   9136.0000000000000      -0.54739010905986496     
   9137.0000000000000       0.14786501273903752     
   9138.0000000000000       0.80251038342490788     
   9139.0000000000000       0.58668386714506637     
   9140.0000000000000       -2.6947607774582827E-002
   9141.0000000000000      -0.78475263068221857     
   9142.0000000000000      -0.59929087895145361     
   9143.0000000000000       -7.8888975792838489E-002
   9144.0000000000000       0.73855758786173020     
   9145.0000000000000       0.59883243435748612     
   9146.0000000000000       0.17740140880789129     
   9147.0000000000000      -0.66750928286385425     
   9148.0000000000000      -0.60703221051403233     
   9149.0000000000000      -0.27721397739082326     
   9150.0000000000000       0.56777785439916206     
   9151.0000000000000       0.64491505165124174     
   9152.0000000000000       0.37987551813672504     
   9153.0000000000000      -0.43826171589809648     
   9154.0000000000000      -0.71390021171926055     
   9155.0000000000000      -0.47378228582600856     
   9156.0000000000000       0.29379370450921760     
   9157.0000000000000       0.77798006505513950     
   9158.0000000000000       0.54395091078579438     
   9159.0000000000000      -0.15598736460530627     
   9160.0000000000000      -0.80242875685161308     
   9161.0000000000000      -0.58508384651359457     
   9162.0000000000000        3.4014760231528607E-002
   9163.0000000000000       0.78678864185002362     
   9164.0000000000000       0.59908411611062640     
   9165.0000000000000        7.2588897049112200E-002
   9166.0000000000000      -0.74216045589962443     
   9167.0000000000000      -0.59885093435646031     
   9168.0000000000000      -0.17127587767462610     
   9169.0000000000000       0.67273614123292225     
   9170.0000000000000       0.60582692746122890     
   9171.0000000000000       0.27084621557207916     
   9172.0000000000000      -0.57493321005393128     
   9173.0000000000000      -0.64146377182264092     
   9174.0000000000000      -0.37353206904366132     
   9175.0000000000000       0.44704204737486097     
   9176.0000000000000       0.70921822946359869     
   9177.0000000000000       0.46849961371523180     
   9178.0000000000000      -0.30280192694652824     
   9179.0000000000000      -0.77496582671285341     
   9180.0000000000000      -0.54039707221185795     
   9181.0000000000000       0.16417395349782249     
   9182.0000000000000       0.80218757420858333     
   9183.0000000000000       0.58337344560089166     
   9184.0000000000000       -4.1144699834188336E-002
   9185.0000000000000      -0.78871448586557591     
   9186.0000000000000      -0.59881892126442549     
   9187.0000000000000       -6.6257485252396719E-002
   9188.0000000000000       0.74566927012858664     
   9189.0000000000000       0.59889721473882551     
   9190.0000000000000       0.16515582007584750     
   9191.0000000000000      -0.67785190922992578     
   9192.0000000000000      -0.60473860750108632     
   9193.0000000000000      -0.26449558464528250     
   9194.0000000000000       0.58196498326221158     
   9195.0000000000000       0.63815370559502815     
   9196.0000000000000       0.36716077896808497     
   9197.0000000000000      -0.45575439656445293     
   9198.0000000000000      -0.70452963766328291     
   9199.0000000000000      -0.46312184376172105     
   9200.0000000000000       0.31183825061886239     
   9201.0000000000000       0.77178582000961571     
   9202.0000000000000       0.53672904873576044     
   9203.0000000000000      -0.17242395887734896     
   9204.0000000000000      -0.80178387922495642     
   9205.0000000000000      -0.58155124687911486     
   9206.0000000000000        4.8338461302592339E-002
   9207.0000000000000       0.79052769562513725     
   9208.0000000000000       0.59849066405338336     
   9209.0000000000000        5.9892265375543818E-002
   9210.0000000000000      -0.74908425935639023     
   9211.0000000000000      -0.59896547514219101     
   9212.0000000000000      -0.15903935237446332     
   9213.0000000000000       0.68285805717094394     
   9214.0000000000000       0.60376243697835241     
   9215.0000000000000       0.25816275409442346     
   9216.0000000000000      -0.58887261631669441     
   9217.0000000000000      -0.63498772592705655     
   9218.0000000000000      -0.36076614517180766     
   9219.0000000000000       0.46439277084844105     
   9220.0000000000000       0.69984770099173432     
   9221.0000000000000       0.45765177376140143     
   9222.0000000000000      -0.32089822945631286     
   9223.0000000000000      -0.76844464483023711     
   9224.0000000000000      -0.53294732785327281     
   9225.0000000000000       0.18073646102597418     
   9226.0000000000000       0.80121486737476089     
   9227.0000000000000       0.57961604433406066     
   9228.0000000000000       -5.5596941266555899E-002
   9229.0000000000000      -0.79222565453435900     
   9230.0000000000000      -0.59809485437883647     
   9231.0000000000000       -5.3490787480090729E-002
   9232.0000000000000       0.75240550924296357     
   9233.0000000000000       0.59904994438053027     
   9234.0000000000000       0.15292450548578512     
   9235.0000000000000      -0.68775604596629525     
   9236.0000000000000      -0.60289341025625953     
   9237.0000000000000      -0.25184816144801808     
   9238.0000000000000       0.59565582389058802     
   9239.0000000000000       0.63196794995337868     
   9240.0000000000000       0.35435250936295881     
   9241.0000000000000      -0.47295143464948020     
   9242.0000000000000      -0.69518550363395160     
   9243.0000000000000      -0.45209247268999286     
   9244.0000000000000       0.32997708716485796     
   9245.0000000000000       0.76494770040452231     
   9246.0000000000000       0.52905243043989914     
   9247.0000000000000      -0.18911043556539742     
   9248.0000000000000      -0.80047791396203305     
   9249.0000000000000      -0.57756683424234390     
   9250.0000000000000        6.2920898388249769E-002
   9251.0000000000000       0.79380560676648060     
   9252.0000000000000       0.59762715316288728     
   9253.0000000000000        4.7050635919310024E-002
   9254.0000000000000      -0.75563295569604094     
   9255.0000000000000      -0.59914488605060534     
   9256.0000000000000      -0.14680923168938703     
   9257.0000000000000       0.69254731589575469     
   9258.0000000000000       0.60212635445596596     
   9259.0000000000000       0.24555202145307442     
   9260.0000000000000      -0.60231457262697685     
   9261.0000000000000      -0.62909577026776231     
   9262.0000000000000      -0.34792403319801840     
   9263.0000000000000       0.48142494128814456     
   9264.0000000000000       0.69055584508215251     
   9265.0000000000000       0.44644727754103558     
   9266.0000000000000      -0.33906972578328615     
   9267.0000000000000      -0.76130120438416249     
   9268.0000000000000      -0.52504491517930985     
   9269.0000000000000       0.19754474560411561     
   9270.0000000000000       0.79957060377837030     
   9271.0000000000000       0.57540280432958379     
   9272.0000000000000       -7.0310954575847351E-002
   9273.0000000000000      -0.79526466891424841     
   9274.0000000000000      -0.59708338322050447     
   9275.0000000000000       -4.0569438793514934E-002
   9276.0000000000000       0.75876637861600371     
   9277.0000000000000       0.59924460380751754     
   9278.0000000000000       0.14069141115921885     
   9279.0000000000000      -0.69723327606378627     
   9280.0000000000000      -0.60145595237123439     
   9281.0000000000000      -0.23927433570783363     
   9282.0000000000000       0.60884906032096764     
   9283.0000000000000       0.62637188951000144     
   9284.0000000000000       0.34148467684640876     
   9285.0000000000000      -0.48980816019397849     
   9286.0000000000000      -0.68597114204552201     
   9287.0000000000000      -0.44071978471653056     
   9288.0000000000000       0.34817074057828562     
   9289.0000000000000       0.75751220208322900     
   9290.0000000000000       0.52092538621803086     
   9291.0000000000000      -0.20603813140640903     
   9292.0000000000000      -0.79849076251527973     
   9293.0000000000000      -0.57312332151495482     
   9294.0000000000000        7.7767597205593897E-002
   9295.0000000000000       0.79659984298244535     
   9296.0000000000000       0.59645954004977664     
   9297.0000000000000        3.4044877570063137E-002
   9298.0000000000000      -0.76180539608453268     
   9299.0000000000000      -0.59934344643644577     
   9300.0000000000000      -0.13456885826428611     
   9301.0000000000000       0.70181529446413804     
   9302.0000000000000       0.60087676361814435     
   9303.0000000000000       0.23301490260918217     
   9304.0000000000000      -0.61525969496001731     
   9305.0000000000000      -0.62379635741449546     
   9306.0000000000000      -0.33503818069050584     
   9307.0000000000000       0.49809629929247556     
   9308.0000000000000       0.68144333806085577     
   9309.0000000000000       0.43491383606873751     
   9310.0000000000000      -0.35727444124528313     
   9311.0000000000000      -0.75358856456611001     
   9312.0000000000000      -0.51669450402920192     
   9313.0000000000000       0.21458919756084693     
   9314.0000000000000       0.79723649010794306     
   9315.0000000000000       0.57072791848729698     
   9316.0000000000000       -8.5291182238179775E-002
   9317.0000000000000      -0.79780803065733918     
   9318.0000000000000      -0.59575180232625158     
   9319.0000000000000       -2.7474696763463591E-002
   9320.0000000000000       0.76474945910188397     
   9321.0000000000000       0.59943581284996628     
   9322.0000000000000       0.12843932770099348     
   9323.0000000000000      -0.70629468857937083     
   9324.0000000000000      -0.60038324409090960     
   9325.0000000000000      -0.22677332748617762     
   9326.0000000000000       0.62154707385488517     
   9327.0000000000000       0.62136860954949624     
   9328.0000000000000       0.32858805015690762     
   9329.0000000000000      -0.50628492251236190     
   9330.0000000000000      -0.67698382209060670     
   9331.0000000000000      -0.42903349988278283     
   9332.0000000000000       0.36637487916061129     
   9333.0000000000000       0.74953897452456708     
   9334.0000000000000       0.51235299935432776     
   9335.0000000000000      -0.22319639773008493     
   9336.0000000000000      -0.79580619616133574     
   9337.0000000000000      -0.56821627939275809     
   9338.0000000000000        9.2881938084985793E-002
   9339.0000000000000       0.79888604878266090     
   9340.0000000000000       0.59495654187352709     
   9341.0000000000000        2.0856713556683171E-002
   9342.0000000000000      -0.76759784698483757     
   9343.0000000000000      -0.59951615714024986     
   9344.0000000000000      -0.12230052052536172     
   9345.0000000000000       0.71067271643953900     
   9346.0000000000000       0.59996976380265099     
   9347.0000000000000       0.22054903280598942     
   9348.0000000000000      -0.62771196306105015     
   9349.0000000000000      -0.61908750705422844     
   9350.0000000000000      -0.32213754360898683     
   9351.0000000000000       0.51436996246851063     
   9352.0000000000000       0.67260335707568897     
   9353.0000000000000       0.42308304726011803     
   9354.0000000000000      -0.37546588022113414     
   9355.0000000000000      -0.74537289921488525     
   9356.0000000000000      -0.50790168996381624     
   9357.0000000000000       0.23185801718488741     
   9358.0000000000000       0.79419863755908238     
   9359.0000000000000       0.56558822494287231     
   9360.0000000000000      -0.10053997005134208     
   9361.0000000000000      -0.79983064596942111     
   9362.0000000000000      -0.59407033287564204     
   9363.0000000000000       -1.4188827233832857E-002
   9364.0000000000000       0.77034966354126333     
   9365.0000000000000       0.59957899381222624     
   9366.0000000000000       0.11615009015834343     
   9367.0000000000000      -0.71495056806541724     
   9368.0000000000000      -0.59963062319495009     
   9369.0000000000000      -0.21434126835260214     
   9370.0000000000000       0.63375527725886582     
   9371.0000000000000       0.61695137676287815     
   9372.0000000000000       0.31568966317659886     
   9373.0000000000000      -0.52234772847279642     
   9374.0000000000000      -0.66831201908765192     
   9375.0000000000000      -0.41706692450461424     
   9376.0000000000000       0.38454108262092102     
   9377.0000000000000       0.74110055011200138     
   9378.0000000000000       0.50334149984008658     
   9379.0000000000000      -0.24057215345917760     
   9380.0000000000000      -0.79241295827574776     
   9381.0000000000000      -0.56284369727460304     
   9382.0000000000000       0.10826526515801282     
   9383.0000000000000       0.80063852026926940     
   9384.0000000000000       0.59308996009785409     
   9385.0000000000000        7.4690282873700609E-003
   9386.0000000000000      -0.77300383413770024     
   9387.0000000000000      -0.59961890331696588     
   9388.0000000000000      -0.10998564844002012     
   9389.0000000000000       0.71912935722539273     
   9390.0000000000000       0.59936006800301156     
   9391.0000000000000       0.20814912129192065     
   9392.0000000000000      -0.63967806023055751     
   9393.0000000000000      -0.61495805118691027     
   9394.0000000000000      -0.30924714835617467     
   9395.0000000000000       0.53021491010685406     
   9396.0000000000000       0.66411914741217337     
   9397.0000000000000       0.41098972222080976     
   9398.0000000000000      -0.39359397875931146     
   9399.0000000000000      -0.73673282936068341     
   9400.0000000000000      -0.49867348024869268     
   9401.0000000000000       0.24933669560280763     
   9402.0000000000000       0.79044873130171789     
   9403.0000000000000       0.55998274491005362     
   9404.0000000000000      -0.11605769711918057     
   9405.0000000000000      -0.80130633784839522     
   9406.0000000000000      -0.59201242589135750     
   9407.0000000000000       -6.9540706021209431E-004
   9408.0000000000000       0.77555910377318793     
   9409.0000000000000       0.59963053799363841     
   9410.0000000000000       0.10380477180824466     
   9411.0000000000000      -0.72321011344141506     
   9412.0000000000000      -0.59915230276495257     
   9413.0000000000000      -0.20197152604951385     
   9414.0000000000000       0.64548146604379431     
   9415.0000000000000       0.61310490790795524     
   9416.0000000000000       0.30281247218273433     
   9417.0000000000000      -0.53796857665647380     
   9418.0000000000000      -0.66003330560464368     
   9419.0000000000000      -0.40485614190485469     
   9420.0000000000000       0.40261796035668901     
   9421.0000000000000       0.73228126354210543     
   9422.0000000000000       0.49389883203251683     
   9423.0000000000000      -0.25814930264602620     
   9424.0000000000000      -0.78830600244588156     
   9425.0000000000000      -0.55700550817351124     
   9426.0000000000000       0.12391703123550535     
   9427.0000000000000       0.80183075261104442     
   9428.0000000000000       0.59083495577424927     
   9429.0000000000000       -6.1338382151089332E-003
   9430.0000000000000      -0.77801403626599563     
   9431.0000000000000      -0.59960862851322094     
   9432.0000000000000       -9.7605007674076427E-002
   9433.0000000000000       0.72719377418815423     
   9434.0000000000000       0.59900150306481492     
   9435.0000000000000       0.19580727393931019     
   9436.0000000000000      -0.65116674102508487     
   9437.0000000000000      -0.61138890801073098     
   9438.0000000000000      -0.29638783975369948     
   9439.0000000000000       0.54560617275735379     
   9440.0000000000000       0.65606225329773182     
   9441.0000000000000       0.39867096084288473     
   9442.0000000000000      -0.41160636577680015     
   9443.0000000000000      -0.72775792570391262     
   9444.0000000000000      -0.48901892835176075     
   9445.0000000000000       0.26700738201437602     
   9446.0000000000000       0.78598533560743811     
   9447.0000000000000       0.55391220542762376     
   9448.0000000000000      -0.13184292894461802     
   9449.0000000000000      -0.80220842673840775     
   9450.0000000000000      -0.58955500240520475     
   9451.0000000000000        1.3020394111833644E-002
   9452.0000000000000       0.78036701465001124     
   9453.0000000000000       0.59954799089762933     
   9454.0000000000000        9.1383881060012162E-002
   9455.0000000000000      -0.73108117724055488     
   9456.0000000000000      -0.59890182659995439     
   9457.0000000000000      -0.18965502249328603     
   9458.0000000000000       0.65673520658179740     
   9459.0000000000000       0.60980663325772544     
   9460.0000000000000       0.28997518887163376     
   9461.0000000000000      -0.55312551063686510     
   9462.0000000000000      -0.65221292831641675     
   9463.0000000000000      -0.39243899613100486     
   9464.0000000000000       0.42055252851832314     
   9465.0000000000000       0.72317534700018171     
   9466.0000000000000       0.48403533700819035     
   9467.0000000000000      -0.27590806873460716     
   9468.0000000000000      -0.78348785891016781     
   9469.0000000000000      -0.55070312048932335     
   9470.0000000000000       0.13983495175878913     
   9471.0000000000000       0.80243605212950753     
   9472.0000000000000       0.58817024779720906     
   9473.0000000000000       -1.9965825559728145E-002
   9474.0000000000000      -0.78261624286477771     
   9475.0000000000000      -0.59944353416433138     
   9476.0000000000000       -8.5138901557577085E-002
   9477.0000000000000       0.73487305313810913     
   9478.0000000000000       0.59884742316491091     
   9479.0000000000000       0.18351330445372349     
   9480.0000000000000      -0.66218824290918543     
   9481.0000000000000      -0.60835432177368487     
   9482.0000000000000      -0.28357619256795069     
   9483.0000000000000       0.56052475935746271     
   9484.0000000000000       0.64849143847153612     
   9485.0000000000000       0.38616506859961797     
   9486.0000000000000      -0.42944982584209457     
   9487.0000000000000      -0.71854641963363930     
   9488.0000000000000      -0.47894984144451824     
   9489.0000000000000       0.28484820634146901     
   9490.0000000000000       0.78081531087978928     
   9491.0000000000000       0.54737859157987034     
   9492.0000000000000      -0.14789256431090958     
   9493.0000000000000      -0.80251037275524162     
   9494.0000000000000      -0.58667860365540780     
   9495.0000000000000        2.6971570357001373E-002
   9496.0000000000000       0.78475974880789034     
   9497.0000000000000       0.59929026861918422     
   9498.0000000000000        7.8867570648417540E-002
   9499.0000000000000      -0.73857001774903253     
   9500.0000000000000      -0.59883244364610588     
   9501.0000000000000      -0.17738053640113577     
   9502.0000000000000       0.66752727359840325     
   9503.0000000000000       0.60702790206768364     
   9504.0000000000000       0.27719226327090785     
   9505.0000000000000      -0.56780243147588993     
   9506.0000000000000      -0.64490306225968164     
   9507.0000000000000      -0.37985396736760829     
   9508.0000000000000       0.43829172654049525     
   9509.0000000000000       0.71388429306904033     
   9510.0000000000000       0.47376445950529422     
   9511.0000000000000      -0.29382433042387590     
   9512.0000000000000      -0.77797008563025072     
   9513.0000000000000      -0.54393900215196389     
   9514.0000000000000       0.15601513622593322     
   9515.0000000000000       0.80242820796423064     
   9516.0000000000000       0.58507820976462788     
   9517.0000000000000       -3.4038934730219017E-002
   9518.0000000000000      -0.78679538880129862     
   9519.0000000000000      -0.59908331478989962     
   9520.0000000000000       -7.2567389417930173E-002
   9521.0000000000000       0.74217256493372274     
   9522.0000000000000       0.59885104812488410     
   9523.0000000000000       0.17125502700254702     
   9524.0000000000000      -0.67275375114309088     
   9525.0000000000000      -0.60582302527335008     
   9526.0000000000000      -0.27082455838756719     
   9527.0000000000000       0.57495736752999060     
   9528.0000000000000       0.64145225759441071     
   9529.0000000000000       0.37351041567467119     
   9530.0000000000000      -0.44707183692706759     
   9531.0000000000000      -0.70920226568127043     
   9532.0000000000000      -0.46848145908739180     
   9533.0000000000000       0.30283265573153462     
   9534.0000000000000       0.77495527582317214     
   9535.0000000000000       0.54038477391950512     
   9536.0000000000000      -0.16420194253679143     
   9537.0000000000000      -0.80218647680862554     
   9538.0000000000000      -0.58336743039722361     
   9539.0000000000000        4.1169090006502040E-002
   9540.0000000000000       0.78872085350456522     
   9541.0000000000000       0.59881791296003795     
   9542.0000000000000        6.6235866673074018E-002
   9543.0000000000000      -0.74568105932393114     
   9544.0000000000000      -0.59889741319056156     
   9545.0000000000000      -0.16513498487650902     
   9546.0000000000000       0.67786914332567749     
   9547.0000000000000       0.60473509553363536     
   9548.0000000000000       0.26447398707965908     
   9549.0000000000000      -0.58198871875353908     
   9550.0000000000000      -0.63814267762881949     
   9551.0000000000000      -0.36713903854887858     
   9552.0000000000000       0.45578394422156371     
   9553.0000000000000       0.70451367410758270     
   9554.0000000000000       0.46310336989571022     
   9555.0000000000000      -0.31186906769750611     
   9556.0000000000000      -0.77177471199286418     
   9557.0000000000000      -0.53671636239076836     
   9558.0000000000000       0.17245216237324656     
   9559.0000000000000       0.80178222348831196     
   9560.0000000000000       0.58154484875935897     
   9561.0000000000000       -4.8363070436674982E-002
   9562.0000000000000      -0.79053367528905016     
   9563.0000000000000      -0.59848943322981762     
   9564.0000000000000       -5.9870527456871603E-002
   9565.0000000000000       0.74909572925145806     
   9566.0000000000000       0.59896573857011726     
   9567.0000000000000       0.15901852608301403     
   9568.0000000000000      -0.68287492045008158     
   9569.0000000000000      -0.60375929849539023     
   9570.0000000000000      -0.25814121802630940     
   9571.0000000000000       0.58889592840077487     
   9572.0000000000000       0.63497719269893116     
   9573.0000000000000       0.36074433276720219     
   9574.0000000000000      -0.46442205662186131     
   9575.0000000000000      -0.69983178258893997     
   9576.0000000000000      -0.45763299064896878     
   9577.0000000000000       0.32092911911978761     
   9578.0000000000000       0.76843299670414100     
   9579.0000000000000       0.53293425517127824     
   9580.0000000000000      -0.18076487567156241     
   9581.0000000000000      -0.80121264404124437     
   9582.0000000000000      -0.57960925954237263     
   9583.0000000000000        5.5621772179845541E-002
   9584.0000000000000       0.79223123706802312     
   9585.0000000000000       0.59809338599651607     
   9586.0000000000000        5.3468921931861590E-002
   9587.0000000000000      -0.75241665987727091     
   9588.0000000000000      -0.59905025318669003     
   9589.0000000000000      -0.15290368125818576     
   9590.0000000000000       0.68777254337500604     
   9591.0000000000000       0.60289062791135717     
   9592.0000000000000       0.25182668798145952     
   9593.0000000000000      -0.59567871203796185     
   9594.0000000000000      -0.63195791741669394     
   9595.0000000000000      -0.35433063946445803     
   9596.0000000000000       0.47298043948298713     
   9597.0000000000000       0.69516967451465550     
   9598.0000000000000       0.45207339124409890     
   9599.0000000000000      -0.33000803259079986     
   9600.0000000000000      -0.76493553194682140     
   9601.0000000000000      -0.52903897325596416     
   9602.0000000000000       0.18913905768497452     
   9603.0000000000000       0.80047511443361563     
   9604.0000000000000       0.57755965969414014     
   9605.0000000000000       -6.2945953429797141E-002
   9606.0000000000000      -0.79381078255968585     
   9607.0000000000000      -0.59762543271511626     
   9608.0000000000000       -4.7028634584135198E-002
   9609.0000000000000       0.75564378658819742     
   9610.0000000000000       0.59914522076466370     
   9611.0000000000000       0.14678840242510061     
   9612.0000000000000      -0.69256345229158334     
   9613.0000000000000      -0.60212391037330748     
   9614.0000000000000      -0.24553061094965478     
   9615.0000000000000       0.60233703713087372     
   9616.0000000000000       0.62908624196585083     
   9617.0000000000000       0.34790211964555079     
   9618.0000000000000      -0.48145364715857925     
   9619.0000000000000      -0.69054014823584753     
   9620.0000000000000      -0.44642790957577699     
   9621.0000000000000       0.33910070907569961     
   9622.0000000000000       0.76128853818157971     
   9623.0000000000000       0.52503107546849670     
   9624.0000000000000      -0.19757357112257778     
   9625.0000000000000      -0.79956722022307536     
   9626.0000000000000      -0.57539523757207567     
   9627.0000000000000        7.0336235632228128E-002
   9628.0000000000000       0.79526942794375288     
   9629.0000000000000       0.59708139677046956     
   9630.0000000000000        4.0547293679361385E-002
   9631.0000000000000      -0.75877688874311233     
   9632.0000000000000      -0.59924494510430693     
   9633.0000000000000      -0.14067056952302498     
   9634.0000000000000       0.69724905618080646     
   9635.0000000000000       0.60145382822060289     
   9636.0000000000000       0.23925298782009441     
   9637.0000000000000      -0.60887110222602636     
   9638.0000000000000      -0.62636286669862506     
   9639.0000000000000      -0.34146273276066591     
   9640.0000000000000       0.48983655019573819     
   9641.0000000000000       0.68595561899888780     
   9642.0000000000000       0.44070014290856918     
   9643.0000000000000      -0.34820174282912664     
   9644.0000000000000      -0.75749906354456531     
   9645.0000000000000      -0.52091116612699317     
   9646.0000000000000       0.20606715580978019     
   9647.0000000000000       0.79848678797736594     
   9648.0000000000000       0.57311536068326552     
   9649.0000000000000       -7.7793105710077026E-002
   9650.0000000000000      -0.79660417485844237     
   9651.0000000000000      -0.59645727426691486     
   9652.0000000000000       -3.4022580883181663E-002
   9653.0000000000000       0.76181558386327242     
   9654.0000000000000       0.59934377515303672     
   9655.0000000000000       0.13454799670741402     
   9656.0000000000000      -0.70183072288007387     
   9657.0000000000000      -0.60087494068401104     
   9658.0000000000000      -0.23299361631488558     
   9659.0000000000000       0.61528131599093805     
   9660.0000000000000       0.62378783919132186     
   9661.0000000000000       0.33501621841599261     
   9662.0000000000000      -0.49812435770541530     
   9663.0000000000000      -0.68142802858464169     
   9664.0000000000000      -0.43489393390090431     
   9665.0000000000000       0.35730544261720504     
   9666.0000000000000       0.75357498189538541     
   9667.0000000000000       0.51667990591855106     
   9668.0000000000000      -0.21461841584836849     
   9669.0000000000000      -0.79723191862494203     
   9670.0000000000000      -0.57071956225705889     
   9671.0000000000000        8.5316919182712669E-002
   9672.0000000000000       0.79781192467415540     
   9673.0000000000000       0.59574924452122713     
   9674.0000000000000        2.7452240941326034E-002
   9675.0000000000000      -0.76475932237165212     
   9676.0000000000000      -0.59943611000270725     
   9677.0000000000000      -0.12841843848179468     
   9678.0000000000000       0.70630976968440884     
   9679.0000000000000       0.60038170333588847     
   9680.0000000000000       0.22675210112300287     
   9681.0000000000000      -0.62156827634574796     
   9682.0000000000000      -0.62136059298810442     
   9683.0000000000000      -0.32856608121557063     
   9684.0000000000000       0.50631263485311451     
   9685.0000000000000       0.67696876393896499     
   9686.0000000000000       0.42901335157115017     
   9687.0000000000000      -0.36640585898964095     
   9688.0000000000000      -0.74952497865112355     
   9689.0000000000000      -0.51233802585111465     
   9690.0000000000000       0.22322580435834072     
   9691.0000000000000       0.79580102288839172     
   9692.0000000000000       0.56820752693019783     
   9693.0000000000000       -9.2907904034453148E-002
   9694.0000000000000      -0.79888949397344144     
   9695.0000000000000      -0.59495368003102600     
   9696.0000000000000       -2.0834091300503288E-002
   9697.0000000000000       0.76760738299333642     
   9698.0000000000000       0.59951640394221295     
   9699.0000000000000       0.12227959572976527     
   9700.0000000000000      -0.71068745440657710     
   9701.0000000000000      -0.59996848592558927     
   9702.0000000000000      -0.22052786410629410     
   9703.0000000000000       0.62773274988593364     
   9704.0000000000000       0.61907998734042113     
   9705.0000000000000       0.32211557866408336     
   9706.0000000000000      -0.51439731552558510     
   9707.0000000000000      -0.67258858576068636     
   9708.0000000000000      -0.42306266766636380     
   9709.0000000000000       0.37549681713736405     
   9710.0000000000000       0.74535852367860367     
   9711.0000000000000       0.50788634402301447     
   9712.0000000000000      -0.23188760600488123     
   9713.0000000000000      -0.79419285890081281     
   9714.0000000000000      -0.56557907585347844     
   9715.0000000000000       0.10056616515946293     
   9716.0000000000000       0.79983363116454942     
   9717.0000000000000       0.59406715568418178     
   9718.0000000000000        1.4166031540212232E-002
   9719.0000000000000      -0.77035886893293404     
   9720.0000000000000      -0.59957917169147590     
   9721.0000000000000      -0.11612912172034734     
   9722.0000000000000       0.71496496682149968     
   9723.0000000000000       0.59962958868395688     
   9724.0000000000000       0.21432015447793995     
   9725.0000000000000      -0.63377565176427286     
   9726.0000000000000      -0.61694434733136316     
   9727.0000000000000      -0.31566771200630556     
   9728.0000000000000       0.52237471032612248     
   9729.0000000000000       0.66829756769062376     
   9730.0000000000000       0.41704632903593675     
   9731.0000000000000      -0.38457195468471395     
   9732.0000000000000      -0.74108583090317115     
   9733.0000000000000      -0.50332578481348988     
   9734.0000000000000       0.24060191764774630     
   9735.0000000000000       0.79240657202552711     
   9736.0000000000000       0.56283415155153482     
   9737.0000000000000      -0.10829168918416043     
   9738.0000000000000      -0.80064103415829879     
   9739.0000000000000      -0.59308645697582518     
   9740.0000000000000       -7.4460524785976423E-003
   9741.0000000000000       0.77301270494539165     
   9742.0000000000000       0.59961899393604434     
   9743.0000000000000       0.10996462816247948     
   9744.0000000000000      -0.71914342042409451     
   9745.0000000000000      -0.59935925718371497     
   9746.0000000000000      -0.20812805886703645     
   9747.0000000000000       0.63969802617008276     
   9748.0000000000000       0.61495150385668784     
   9749.0000000000000       0.30922521983630558     
   9750.0000000000000      -0.53024151013269438     
   9751.0000000000000      -0.66410504643252832     
   9752.0000000000000      -0.41096892671994723     
   9753.0000000000000       0.39362476361005549     
   9754.0000000000000       0.73671780471554704     
   9755.0000000000000       0.49865739995917679     
   9756.0000000000000      -0.24936662759023043     
   9757.0000000000000      -0.79044173678784369     
   9758.0000000000000      -0.55997280288349582     
   9759.0000000000000       0.11608434944533141     
   9760.0000000000000       0.80130836904529179     
   9761.0000000000000       0.59200858700855918     
   9762.0000000000000        6.7224481274363868E-004
   9763.0000000000000      -0.77556763541344109     
   9764.0000000000000      -0.59963052327061184     
   9765.0000000000000      -0.10378369138421156     
   9766.0000000000000       0.72322384443597887     
   9767.0000000000000       0.59915169584429007     
   9768.0000000000000       0.20195051119558893     
   9769.0000000000000      -0.64550102751535221     
   9770.0000000000000      -0.61309883301502355     
   9771.0000000000000      -0.30279057427785261     
   9772.0000000000000       0.53799478551881319     
   9773.0000000000000       0.66001958284579876     
   9774.0000000000000       0.40483516253294949     
   9775.0000000000000      -0.40264863537079576     
   9776.0000000000000      -0.73226597369658342     
   9777.0000000000000      -0.49388239085119423     
   9778.0000000000000       0.25817939404214885     
   9779.0000000000000       0.78829840068354551     
   9780.0000000000000       0.55699517046220492     
   9781.0000000000000      -0.12394391088246959     
   9782.0000000000000      -0.80183228972259424     
   9783.0000000000000      -0.59083077206824564     
   9784.0000000000000        6.1571928444558166E-003
   9785.0000000000000       0.77802222353828732     
   9786.0000000000000       0.59960849064456978     
   9787.0000000000000        9.7583858708924387E-002
   9788.0000000000000      -0.72720717600519880     
   9789.0000000000000      -0.59900108017067089     
   9790.0000000000000      -0.19578630230626926     
   9791.0000000000000       0.65118590241094043     
   9792.0000000000000       0.61138329453697304     
   9793.0000000000000       0.29636597951584476     
   9794.0000000000000      -0.54563198238702892     
   9795.0000000000000      -0.65604893378902307     
   9796.0000000000000      -0.39864981395798532     
   9797.0000000000000       0.41163690823145543     
   9798.0000000000000       0.72774241260944894     
   9799.0000000000000       0.48900213127522146     
   9800.0000000000000      -0.26703762353594956     
   9801.0000000000000      -0.78597712945478015     
   9802.0000000000000      -0.55390147289380409     
   9803.0000000000000       0.13187003458664437     
   9804.0000000000000       0.80220945843570679     
   9805.0000000000000       0.58955046559192670     
   9806.0000000000000       -1.3043946662400607E-002
   9807.0000000000000      -0.78037485174027366     
   9808.0000000000000      -0.59954771238320226     
   9809.0000000000000       -9.1362655094560763E-002
   9810.0000000000000       0.73109425255422655     
   9811.0000000000000       0.59890156781694492     
   9812.0000000000000       0.18963408929101128     
   9813.0000000000000      -0.65675397249156364     
   9814.0000000000000      -0.60980146895507870     
   9815.0000000000000      -0.28995337244586028     
   9816.0000000000000       0.55315091419978590     
   9817.0000000000000       0.65220003426912787     
   9818.0000000000000       0.39241769816493760     
   9819.0000000000000      -0.42058291575744017     
   9820.0000000000000      -0.72315965400691562     
   9821.0000000000000      -0.48401818973278765     
   9822.0000000000000       0.27593845013684959     
   9823.0000000000000       0.78347905322599098     
   9824.0000000000000       0.55069199419828707     
   9825.0000000000000      -0.13986228173561166     
   9826.0000000000000      -0.80243656722252654     
   9827.0000000000000      -0.58816535037534368     
   9828.0000000000000        1.9989581146638513E-002
   9829.0000000000000       0.78262372335344477     
   9830.0000000000000       0.59944309783448113     
   9831.0000000000000        8.5117590092386841E-002
   9832.0000000000000      -0.73488580424459438     
   9833.0000000000000      -0.59884730856663992     
   9834.0000000000000      -0.18349240448206772     
   9835.0000000000000       0.66220661812587212     
   9836.0000000000000       0.60834959328290883     
   9837.0000000000000       0.28355442520386409     
   9838.0000000000000      -0.56054975121332939     
   9839.0000000000000      -0.64847898926663949     
   9840.0000000000000      -0.38614363593581258     
   9841.0000000000000       0.42948003544100033     
   9842.0000000000000       0.71853059114718765     
   9843.0000000000000       0.47893235043457133     
   9844.0000000000000      -0.28487871635701739     
   9845.0000000000000      -0.78080591267977528     
   9846.0000000000000      -0.54736707276535967     
   9847.0000000000000       0.14792011663627558     
   9848.0000000000000       0.80251036027055100     
   9849.0000000000000       0.58667333890424511     
   9850.0000000000000       -2.6995533654218473E-002
   9851.0000000000000      -0.78476686568268639     
   9852.0000000000000      -0.59928965766411835     
   9853.0000000000000       -7.8846165169380811E-002
   9854.0000000000000       0.73858244654140082     
   9855.0000000000000       0.59883245332421886     
   9856.0000000000000       0.17735966407866322     
   9857.0000000000000      -0.66754526302753858     
   9858.0000000000000      -0.60702359503123549     
   9859.0000000000000      -0.27717054933940416     
   9860.0000000000000       0.56782700712881651     
   9861.0000000000000       0.64489107446446425     
   9862.0000000000000       0.37983241622222441     
   9863.0000000000000      -0.43832173646607031     
   9864.0000000000000      -0.71386837418797222     
   9865.0000000000000      -0.47374663205214063     
   9866.0000000000000       0.29385495671232509     
   9867.0000000000000       0.77796010423779516     
   9868.0000000000000       0.54392709218851265     
   9869.0000000000000      -0.15604290859164704     
   9870.0000000000000      -0.80242765722606590     
   9871.0000000000000      -0.58507257173519145     
   9872.0000000000000        3.4063109957295001E-002
   9873.0000000000000       0.78680213447490677     
   9874.0000000000000       0.59908251279116342     
   9875.0000000000000        7.2545881423231262E-002
   9876.0000000000000      -0.74218467287712242     
   9877.0000000000000      -0.59885116221525481     
   9878.0000000000000      -0.17123417639396726     
   9879.0000000000000       0.67277135976488189     
   9880.0000000000000       0.60581912444204244     
   9881.0000000000000       0.27080290140200441     
   9882.0000000000000      -0.57498152357242227     
   9883.0000000000000      -0.64144074500487147     
   9884.0000000000000      -0.37348876198308423     
   9885.0000000000000       0.44710162569035550     
   9886.0000000000000       0.70918630182288100     
   9887.0000000000000       0.46846330335644554     
   9888.0000000000000      -0.30286338484261394     
   9889.0000000000000      -0.77494472301031792     
   9890.0000000000000      -0.54037247430281643     
   9891.0000000000000       0.16422993231133010     
   9892.0000000000000       0.80218537752357821     
   9893.0000000000000       0.58336141389666052     
   9894.0000000000000       -4.1193480919197945E-002
   9895.0000000000000      -0.78872721983725969     
   9896.0000000000000      -0.59881690392393316     
   9897.0000000000000       -6.6214247701521289E-002
   9898.0000000000000       0.74569284743123165     
   9899.0000000000000       0.59889761189696644     
   9900.0000000000000       0.16511414971881277     
   9901.0000000000000      -0.67788637615011560     
   9902.0000000000000      -0.60473158486689182     
   9903.0000000000000      -0.26445238972073143     
   9904.0000000000000       0.58201245280480118     
   9905.0000000000000       0.63813165133456573     
   9906.0000000000000       0.36711729785925584     
   9907.0000000000000      -0.45581349102022772     
   9908.0000000000000      -0.70449771062976541     
   9909.0000000000000      -0.46308489495905053     
   9910.0000000000000       0.31189988505064187     
   9911.0000000000000       0.77176360210629347     
   9912.0000000000000       0.53670367472709435     
   9913.0000000000000      -0.17248036659404864     
   9914.0000000000000      -0.80178056583403046     
   9915.0000000000000      -0.58153844932873833     
   9916.0000000000000        4.8387680321533066E-002
   9917.0000000000000       0.79053965361630452     
   9918.0000000000000       0.59848820162245375     
   9919.0000000000000        5.9848789117547430E-002
   9920.0000000000000      -0.74910719805947590     
   9921.0000000000000      -0.59896600218577378     
   9922.0000000000000      -0.15899769981035972     
   9923.0000000000000       0.68289178247485971     
   9924.0000000000000       0.60375616125504905     
   9925.0000000000000       0.25811968216994796     
   9926.0000000000000      -0.58891923904151089     
   9927.0000000000000      -0.63496666116725520     
   9928.0000000000000      -0.36072252014255263     
   9929.0000000000000       0.46445134147029304     
   9930.0000000000000       0.69981586441587207     
   9931.0000000000000       0.45761420650149531     
   9932.0000000000000      -0.32096000900233723     
   9933.0000000000000      -0.76842134677085983     
   9934.0000000000000      -0.53292118117663989     
   9935.0000000000000       0.18079329103017705     
   9936.0000000000000       0.80121041875962851     
   9937.0000000000000       0.57960247342819682     
   9938.0000000000000       -5.5646603852703036E-002
   9939.0000000000000      -0.79223681823305003     
   9940.0000000000000      -0.59809191678006846     
   9941.0000000000000       -5.3447055934956245E-002
   9942.0000000000000       0.75242780942378473     
   9943.0000000000000       0.59905056211404539     
   9944.0000000000000       0.15288285702562265     
   9945.0000000000000      -0.68778903954607074     
   9946.0000000000000      -0.60288784674905227     
   9947.0000000000000      -0.25180521472912637     
   9948.0000000000000       0.59570159874163386     
   9949.0000000000000       0.63194788659254841     
   9950.0000000000000       0.35430876939419353     
   9951.0000000000000      -0.47300944332832073     
   9952.0000000000000      -0.69515384577361616     
   9953.0000000000000      -0.45205430880188541     
   9954.0000000000000       0.33003897817666367     
   9955.0000000000000       0.76492336175407205     
   9956.0000000000000       0.52902551476585957     
   9957.0000000000000      -0.18916768050439758     
   9958.0000000000000      -0.80047231292906540     
   9959.0000000000000      -0.57755248381404700     
   9960.0000000000000        6.2971009238117936E-002
   9961.0000000000000       0.79381595695079477     
   9962.0000000000000       0.59762371138476655     
   9963.0000000000000        4.7006632772766954E-002
   9964.0000000000000      -0.75565461639000775     
   9965.0000000000000      -0.59914555553384785     
   9966.0000000000000      -0.14676757313125560     
   9967.0000000000000       0.69257958746611714     
   9968.0000000000000       0.60212146741155159     
   9969.0000000000000       0.24550920066046134     
   9970.0000000000000      -0.60235950019339202     
   9971.0000000000000      -0.62907671538456555     
   9972.0000000000000      -0.34788020596725899     
   9973.0000000000000       0.48148235198132727     
   9974.0000000000000       0.69052445191187994     
   9975.0000000000000       0.44640854065593372     
   9976.0000000000000      -0.33913169246531816     
   9977.0000000000000      -0.76127587032569433     
   9978.0000000000000      -0.52501723445851201     
   9979.0000000000000       0.19760239732628315     
   9980.0000000000000       0.79956383466640812     
   9981.0000000000000       0.57538766947535547     
   9982.0000000000000       -7.0361517461026590E-002
   9983.0000000000000      -0.79527418553637175     
   9984.0000000000000      -0.59707940939140802     
   9985.0000000000000       -4.0525148062116489E-002
   9986.0000000000000       0.75878739777544379     
   9987.0000000000000       0.59924528639067587     
   9988.0000000000000       0.14064972783191498     
   9989.0000000000000      -0.69726483509240533     
   9990.0000000000000      -0.60145170512775248     
   9991.0000000000000      -0.23923164014422527     
   9992.0000000000000       0.60889314269446648     
   9993.0000000000000       0.62635384560838891     
   9994.0000000000000       0.34144078859248572     
   9995.0000000000000      -0.48986493909422890     
   9996.0000000000000      -0.68594009661317079     
   9997.0000000000000      -0.44068050019060889     
   9998.0000000000000       0.34823274511113866     
   9999.0000000000000       0.75748592344393451     
   10000.000000000000       0.52089694474443315     
