 t x
   0.0000000000000000        1.0000000000000000     
  0.10000000000000001       0.91745697801194315     
  0.20000000000000001       0.86231047655040771     
  0.30000000000000004       0.82705369265620909     
  0.40000000000000002       0.80700461215622576     
  0.50000000000000000       0.79888457266460411     
  0.59999999999999998       0.80015589712182267     
  0.69999999999999996       0.80869546176122831     
  0.79999999999999993       0.82263543119894156     
  0.89999999999999991       0.84029448560143194     
  0.99999999999999989       0.86015926350373784     
   1.0999999999999999       0.88089120977505264     
   1.2000000000000000       0.90134171426511789     
   1.3000000000000000       0.92056377115129051     
   1.4000000000000001       0.93781332338274759     
   1.5000000000000002       0.95253811570300062     
   1.6000000000000003       0.96435563756376097     
   1.7000000000000004       0.97302399965011066     
   1.8000000000000005       0.97841022718573634     
   1.9000000000000006       0.98045983138263404     
   2.0000000000000004       0.97917024263390628     
   2.1000000000000005       0.97456932040791389     
   2.2000000000000006       0.96669905448951043     
   2.3000000000000007       0.95560387232170574     
   2.4000000000000008       0.94132263935564386     
   2.5000000000000009       0.92388338077004117     
   2.6000000000000010       0.90329985127786661     
   2.7000000000000011       0.87956924621147536     
   2.8000000000000012       0.85267052542311006     
   2.9000000000000012       0.82256298402774752     
   3.0000000000000013       0.78918484331429650     
   3.1000000000000014       0.75245175696567412     
   3.2000000000000015       0.71225524605307866     
   3.3000000000000016       0.66846121137341985     
   3.4000000000000017       0.62090885025873810     
   3.5000000000000018       0.56941056139145219     
   3.6000000000000019       0.51375379834834300     
   3.7000000000000020       0.45370637923325524     
   3.8000000000000020       0.38902751725201856     
   3.9000000000000021       0.31948780418305878     
   4.0000000000000018       0.24490243371646378     
   4.1000000000000014       0.16518270862068463     
   4.2000000000000011        8.0410471135125450E-002
   4.3000000000000007       -9.0630073941596195E-003
   4.4000000000000004      -0.10250002476469269     
   4.5000000000000000      -0.19866187037207800     
   4.5999999999999996      -0.29573592533940085     
   4.6999999999999993      -0.39135809552834155     
   4.7999999999999989      -0.48277782123317153     
   4.8999999999999986      -0.56717112927041435     
   4.9999999999999982      -0.64203733506372962     
   5.0999999999999979      -0.70555693592022939     
   5.1999999999999975      -0.75678994040776115     
   5.2999999999999972      -0.79566352856659983     
   5.3999999999999968      -0.82278874399595758     
   5.4999999999999964      -0.83919929516377612     
   5.5999999999999961      -0.84610185996357534     
   5.6999999999999957      -0.84468922046022987     
   5.7999999999999954      -0.83602767538549327     
   5.8999999999999950      -0.82100598307149397     
   5.9999999999999947      -0.80032529672326191     
   6.0999999999999943      -0.77451156451204939     
   6.1999999999999940      -0.74393733386929417     
   6.2999999999999936      -0.70884523730835969     
   6.3999999999999932      -0.66936938663635737     
   6.4999999999999929      -0.62555343239901384     
   6.5999999999999925      -0.57736555399005618     
   6.6999999999999922      -0.52471157165504678     
   6.7999999999999918      -0.46744806347172485     
   6.8999999999999915      -0.40539806776364368     
   6.9999999999999911      -0.33837278448428892     
   7.0999999999999908      -0.26620364710515626     
   7.1999999999999904      -0.18878997029578065     
   7.2999999999999901      -0.10616742167451153     
   7.3999999999999897       -1.8600520133858406E-002
   7.4999999999999893        7.3303730795238276E-002
   7.5999999999999890       0.16847604270181060     
   7.6999999999999886       0.26529165128782362     
   7.7999999999999883       0.36155393650024775     
   7.8999999999999879       0.45460772755859818     
   7.9999999999999876       0.54160596490335422     
   8.0999999999999872       0.61988997928599432     
   8.1999999999999869       0.68737565218521901     
   8.2999999999999865       0.74281556336973176     
   8.3999999999999861       0.78585704081074759     
   8.4999999999999858       0.81690709309816389     
   8.5999999999999854       0.83688594865703203     
   8.6999999999999851       0.84696543009816450     
   8.7999999999999847       0.84835793268779758     
   8.8999999999999844       0.84217952603822810     
   8.9999999999999840       0.82938047415438731     
   9.0999999999999837       0.81072375763147542     
   9.1999999999999833       0.78679172997421598     
   9.2999999999999829       0.75800589969332310     
   9.3999999999999826       0.72465044822984226     
   9.4999999999999822       0.68689455253820297     
   9.5999999999999819       0.64481154905459559     
   9.6999999999999815       0.59839476863589247     
   9.7999999999999812       0.54757093852870553     
   9.8999999999999808       0.49221277139581981     
   9.9999999999999805       0.43215301895325159     
   10.099999999999980       0.36720302938000354     
   10.199999999999980       0.29717976482803327     
   10.299999999999979       0.22194617336173625     
   10.399999999999979       0.14147030174258973     
   10.499999999999979        5.5907569595905787E-002
   10.599999999999978       -3.4293507201460127E-002
   10.699999999999978      -0.12827126212937287     
   10.799999999999978      -0.22464133384016044     
   10.899999999999977      -0.32144133198409791     
   10.999999999999977      -0.41618445390690245     
   11.099999999999977      -0.50606257358377216     
   11.199999999999976      -0.58828865519125284     
   11.299999999999976      -0.66049657372556059     
   11.399999999999975      -0.72106931077796355     
   11.499999999999975      -0.76928652718823576     
   11.599999999999975      -0.80526331342056789     
   11.699999999999974      -0.82973813098551763     
   11.799999999999974      -0.84380713925089035     
   11.899999999999974      -0.84868681280683489     
   11.999999999999973      -0.84554551894381702     
   12.099999999999973      -0.83540781872934755     
   12.199999999999973      -0.81911548319516525     
   12.299999999999972      -0.79732453455749563     
   12.399999999999972      -0.77052098521788182     
   12.499999999999972      -0.73904361339788671     
   12.599999999999971      -0.70310716402330220     
   12.699999999999971      -0.66282293780216883     
   12.799999999999971      -0.61821596207719520     
   12.899999999999970      -0.56923925527828378     
   12.999999999999970      -0.51578652461045715     
   13.099999999999969      -0.45770529570624996     
   13.199999999999969      -0.39481317772100027     
   13.299999999999969      -0.32692082325130012     
   13.399999999999968      -0.25386610514790342     
   13.499999999999968      -0.17556479626574500     
   13.599999999999968       -9.2082845351470571E-002
   13.699999999999967       -3.7327759726864806E-003
   13.799999999999967        8.8810237514463583E-002
   13.899999999999967       0.18439021282115164     
   13.999999999999966       0.28128609769709684     
   14.099999999999966       0.37721355843697724     
   14.199999999999966       0.46946342201229718     
   14.299999999999965       0.55519194261591576     
   14.399999999999965       0.63181092430395269     
   14.499999999999964       0.69736184199421936     
   14.599999999999964       0.75074744802450710     
   14.699999999999964       0.79175459967883022     
   14.799999999999963       0.82089395759882311     
   14.899999999999963       0.83914479549871468     
   14.999999999999963       0.84769838162516142     
   15.099999999999962       0.84775864720777072     
   15.199999999999962       0.84041746695009534     
   15.299999999999962       0.82659459728672868     
   15.399999999999961       0.80702213566488168     
   15.499999999999961       0.78225423084724599     
   15.599999999999961       0.75268799393418784     
   15.699999999999960       0.71858706169557673     
   15.799999999999960       0.68010347176156283     
   15.899999999999959       0.63729625293481540     
   15.999999999999959       0.59014677608010546     
   16.099999999999959       0.53857189737254985     
   16.199999999999960       0.48243662290031875     
   16.299999999999962       0.42156868997981989     
   16.399999999999963       0.35577824873223401     
   16.499999999999964       0.28488676436733257     
   16.599999999999966       0.20877016824036110     
   16.699999999999967       0.12742162148706881     
   16.799999999999969        4.1037894674982742E-002
   16.899999999999970       -4.9871507603328730E-002
   16.999999999999972      -0.14436381056703929     
   17.099999999999973      -0.24095900307940027     
   17.199999999999974      -0.33759897383018955     
   17.299999999999976      -0.43172435603430448     
   17.399999999999977      -0.52050364226156420     
   17.499999999999979      -0.60119287652656339     
   17.599999999999980      -0.67153287397872785     
   17.699999999999982      -0.73005299806198054     
   17.799999999999983      -0.77618293166649999     
   17.899999999999984      -0.81016017165204490     
   17.999999999999986      -0.83280198933537231     
   18.099999999999987      -0.84523978212112816     
   18.199999999999989      -0.84869162549520827     
   18.299999999999990      -0.84430658862162977     
   18.399999999999991      -0.83307997612446738     
   18.499999999999993      -0.81582182253170021     
   18.599999999999994      -0.79315814282920982     
   18.699999999999996      -0.76554851723871931     
   18.799999999999997      -0.73330928439589860     
   18.899999999999999      -0.69663643990496049     
   19.000000000000000      -0.65562566197603300     
   19.100000000000001      -0.61028893083323099     
   19.200000000000003      -0.56056841711468441     
   19.300000000000004      -0.50634909440567288     
   19.400000000000006      -0.44747218563271124     
   19.500000000000007      -0.38375227908276038     
   19.600000000000009      -0.31500183204376825     
   19.700000000000010      -0.24106774025489447     
   19.800000000000011      -0.16188532317448118     
   19.900000000000013       -7.7554602139553286E-002
   20.000000000000014        1.1559405950396853E-002
   20.100000000000016       0.10470857778414080     
   20.200000000000017       0.20064617678903243     
   20.300000000000018       0.29755313125578775     
   20.400000000000020       0.39305974236102542     
   20.500000000000021       0.48441012847035403     
   20.600000000000023       0.56877497560090562     
   20.700000000000024       0.64364826267164399     
   20.800000000000026       0.70720543608317010     
   20.900000000000027       0.75850209077400488     
   21.000000000000028       0.79746185806474357     
   21.100000000000030       0.82469311936637724     
   21.200000000000031       0.84122767123548614     
   21.300000000000033       0.84827084061210967     
   21.400000000000034       0.84701446060004970     
   21.500000000000036       0.83852418745019286     
   21.600000000000037       0.82368840616090422     
   21.700000000000038       0.80320816570487141     
   21.800000000000040       0.77760959529315821     
   21.900000000000041       0.74726572523067825     
   22.000000000000043       0.71241997830737636     
   22.100000000000044       0.67320754836588959     
   22.200000000000045       0.62967340996531551     
   22.300000000000047       0.58178720499037218     
   22.400000000000048       0.52945616706857235     
   22.500000000000050       0.47253792151812363     
   22.600000000000051       0.41085567765301800     
   22.700000000000053       0.34421914577760598     
   22.800000000000054       0.27245546310270791     
   22.900000000000055       0.19545527526677364     
   23.000000000000057       0.11323926823234566     
   23.100000000000058        2.6048638517200171E-002
   23.200000000000060       -6.5542688635845461E-002
   23.300000000000061      -0.16050782672724506     
   23.400000000000063      -0.25726987576206189     
   23.500000000000064      -0.35367713403091139     
   23.600000000000065      -0.44710423119820103     
   23.700000000000067      -0.53470668960729462     
   23.800000000000068      -0.61379517627831293     
   23.900000000000070      -0.68222623847847219     
   24.000000000000071      -0.73867874639752729     
   24.100000000000072      -0.78272954906503966     
   24.200000000000074      -0.81473180719401916     
   24.300000000000075      -0.83557387682177986     
   24.400000000000077      -0.84641587356862391     
   24.500000000000078      -0.84847307950401751     
   24.600000000000080      -0.84287292317694718     
   24.700000000000081      -0.83058062454354631     
   24.800000000000082      -0.81237456965750232     
   24.900000000000084      -0.78885130144254989     
   25.000000000000085      -0.76044464863014483     
   25.100000000000087      -0.72744917300323164     
   25.200000000000088      -0.69004269582448718     
   25.300000000000090      -0.64830574712394495     
   25.400000000000091      -0.60223765401204699     
   25.500000000000092      -0.55177009471716920     
   25.600000000000094      -0.49677968567100084     
   25.700000000000095      -0.43710182462788838     
   25.800000000000097      -0.37254876263987213     
   25.900000000000098      -0.30293578434557233     
   26.000000000000099      -0.22812032384974029     
   26.100000000000101      -0.14805939944534485     
   26.200000000000102       -6.2889953849477626E-002
   26.300000000000104        2.6967117165171417E-002
   26.400000000000105       0.12068738370952484     
   26.500000000000107       0.21693113997655111     
   26.600000000000108       0.31378178684796043     
   26.700000000000109       0.40878888514424522     
   26.800000000000111       0.49915883639394254     
   26.900000000000112       0.58208827608940950     
   27.000000000000114       0.65516378663457886     
   27.100000000000115       0.71670052952465846     
   27.200000000000117       0.76590649733177374     
   27.300000000000118       0.80283668216972970     
   27.400000000000119       0.82818958302782275     
   27.500000000000121       0.84304233766138748     
   27.600000000000122       0.84860902346188649     
   27.700000000000124       0.84606622379404861     
   27.800000000000125       0.83645198144806820     
   27.900000000000126       0.82062306832963383     
   28.000000000000128       0.79924986532863640     
   28.100000000000129       0.77283111589129561     
   28.200000000000131       0.74171644159326466     
   28.300000000000132       0.70612965798934635     
   28.400000000000134       0.66618962338489940     
   28.500000000000135       0.62192767610447275     
   28.600000000000136       0.57330209014441402     
   28.700000000000138       0.52021083267352619     
   28.800000000000139       0.46250457012858065     
   28.900000000000141       0.40000256534348150     
   29.000000000000142       0.33251495117405666     
   29.100000000000144       0.25987582700070849     
   29.200000000000145       0.18199242465340615     
   29.300000000000146        9.8915515951983113E-002
   29.400000000000148        1.0933925500538427E-002
   29.500000000000149       -8.1310530635922723E-002
   29.600000000000151      -0.17670399418366739     
   29.700000000000152      -0.27357184275425794     
   29.800000000000153      -0.36967156827962122     
   29.900000000000155      -0.46231906741076534     
   30.000000000000156      -0.54866772365252248     
   30.100000000000158      -0.62609419901096852     
   30.200000000000159      -0.69257880278834649     
   30.300000000000161      -0.74695203682611833     
   30.400000000000162      -0.78893427842774155     
   30.500000000000163      -0.81898729699150119     
   30.600000000000165      -0.83806292291908879     
   30.700000000000166      -0.84734380934581655     
   30.800000000000168      -0.84803841840478322     
   30.900000000000169      -0.84125048307095618     
   31.000000000000171      -0.82791449007231699     
   31.100000000000172      -0.80877735371413306     
   31.200000000000173      -0.78440670778746524     
   31.300000000000175      -0.75521130398831693     
   31.400000000000176      -0.72146456871945108     
   31.500000000000178      -0.68332669922932687     
   31.600000000000179      -0.64086353024526466     
   31.700000000000180      -0.59406211537772280     
   31.800000000000182      -0.54284399127235439     
   31.900000000000183      -0.48707780185083305     
   32.000000000000185      -0.42659362179831961     
   32.100000000000186      -0.36120209399367731     
   32.200000000000188      -0.29072242366747481     
   32.300000000000189      -0.21502419578382653     
   32.400000000000190      -0.13408839559305538     
   32.500000000000192       -4.8091844963883745E-002
   32.600000000000193        4.2485248439449980E-002
   32.700000000000195       0.13673889045314819     
   32.800000000000196       0.23323453167476793     
   32.900000000000198       0.32995915216672461     
   33.000000000000199       0.42438696574507184     
   33.100000000000200       0.51369626409740377     
   33.200000000000202       0.59512124755169882     
   33.300000000000203       0.66635095806364397     
   33.400000000000205       0.72584500113227191     
   33.500000000000206       0.77296233500646472     
   33.600000000000207       0.80788331973657723     
   33.700000000000209       0.83138888089029739     
   33.800000000000210       0.84459456461395443     
   33.900000000000212       0.84871825880432139     
   34.000000000000213       0.84491847961074429     
   34.100000000000215       0.83420449814965625     
   34.200000000000216       0.81740136972629451     
   34.300000000000217       0.79514925176122153     
   34.400000000000219       0.76792015397715307     
   34.500000000000220       0.73604095549033421     
   34.600000000000222       0.69971645596199727     
   34.700000000000223       0.65904967003407766     
   34.800000000000225       0.61405870551581943     
   34.900000000000226       0.56469082477052090     
   35.000000000000227       0.51083509023579166     
   35.100000000000229       0.45233565099971140     
   35.200000000000230       0.38900844295882708     
   35.300000000000232       0.32066494502632797     
   35.400000000000233       0.24714759635778788     
   35.500000000000234       0.16838219780173705     
   35.600000000000236        8.4452285707907693E-002
   35.700000000000237       -4.3024021484610875E-003
   35.800000000000239       -9.7168714139998058E-002
   35.900000000000240      -0.19294318964263535     
   36.000000000000242      -0.28985315311963705     
   36.100000000000243      -0.38556880453598386     
   36.200000000000244      -0.47735530218349070     
   36.300000000000246      -0.56237507172327328     
   36.400000000000247      -0.63808184361728371     
   36.500000000000249      -0.70258683967665958     
   36.600000000000250      -0.75487326302676983     
   36.700000000000252      -0.79480060576374578     
   36.800000000000253      -0.82293190888718115     
   36.900000000000254      -0.84027500342411432     
   37.000000000000256      -0.84802924223351406     
   37.100000000000257      -0.84739260182580067     
   37.200000000000259      -0.83944334441225099     
   37.300000000000260      -0.82508475146375959     
   37.400000000000261      -0.80503253322264690     
   37.500000000000263      -0.77982601112302563     
   37.600000000000264      -0.74984953595881088     
   37.700000000000266      -0.71535602718787938     
   37.800000000000267      -0.67648859139139383     
   37.900000000000269      -0.63329880622713164     
   38.000000000000270      -0.58576182297834800     
   38.100000000000271      -0.53378938832246992     
   38.200000000000273      -0.47724257156860944     
   38.300000000000274      -0.41594665617170040     
   38.400000000000276      -0.34971145682938914     
   38.500000000000277      -0.27836126892426560     
   38.600000000000279      -0.20177954290448355     
   38.700000000000280      -0.11997361727854670     
   38.800000000000281       -3.3163255228094449E-002
   38.900000000000283        5.8108560111818197E-002
   39.000000000000284       0.15285514567332570     
   39.100000000000286       0.24954561993628011     
   39.200000000000287       0.34607230136094713     
   39.300000000000288       0.43984021734685064     
   39.400000000000290       0.52800970751284138     
   39.500000000000291       0.60786413853550925     
   39.600000000000293       0.67720419609738092     
   39.700000000000294       0.73463761567394759     
   39.800000000000296       0.77967195313700466     
   39.900000000000297       0.81260645098869921     
   40.000000000000298       0.83429675519727342     
   40.100000000000300       0.84589017148698531     
   40.200000000000301       0.84860382914408095     
   40.300000000000303       0.84357567941858447     
   40.400000000000304       0.83178528233776983     
   40.500000000000306       0.81402599634927464     
   40.600000000000307       0.79090825422737987     
   40.700000000000308       0.76287799652087229     
   40.800000000000310       0.73024001760365831     
   40.900000000000311       0.69318067628430369     
   41.000000000000313       0.65178761923928941     
   41.100000000000314       0.60606611807922972     
   41.200000000000315       0.55595277637981733     
   41.300000000000317       0.50132812121004589     
   41.400000000000318       0.44203024818056391     
   41.500000000000320       0.37787242732456811     
   41.600000000000321       0.30866847250529594     
   41.700000000000323       0.23427063206755605     
   41.800000000000324       0.15462537242700755     
   41.900000000000325        6.9851788641630802E-002
   42.000000000000327       -1.9656112530051617E-002
   42.100000000000328      -0.11311045210755122     
   42.200000000000330      -0.20921580905524298     
   42.300000000000331      -0.30610167280945066     
   42.400000000000333      -0.40135521679989949     
   42.500000000000334      -0.49219954359893681     
   42.600000000000335      -0.57581755484336805     
   42.700000000000337      -0.64975071086398384     
   42.800000000000338      -0.71224735314919274     
   42.900000000000340      -0.76244341950159789     
   43.000000000000341      -0.80033240450764898     
   43.100000000000342      -0.82657108350877673     
   43.200000000000344      -0.84221600146980879     
   43.300000000000345      -0.84847773009249017     
   43.400000000000347      -0.84654044619979452     
   43.500000000000348      -0.83745542847179333     
   43.600000000000350      -0.82209444144126576     
   43.700000000000351      -0.80114233834181114     
   43.800000000000352      -0.77511075192401591     
   43.900000000000354      -0.74436030641273576     
   44.000000000000355      -0.70912402846229416     
   44.100000000000357      -0.66952845040272413     
   44.200000000000358      -0.62561131722866981     
   44.300000000000360      -0.57733624197702726     
   44.400000000000361      -0.52460553561485501     
   44.500000000000362      -0.46727310645856096     
   44.600000000000364      -0.40516001153450931     
   44.700000000000365      -0.33807607230620412     
   44.800000000000367      -0.26585192467625401     
   44.900000000000368      -0.18838670512200090     
   45.000000000000369      -0.10571661037252093     
   45.100000000000371       -1.8107504180524300E-002
   45.200000000000372        7.3831381353630182E-002
   45.300000000000374       0.16902771984490922     
   45.400000000000375       0.26585324234775293     
   45.500000000000377       0.36210805297669324     
   45.600000000000378       0.45513491082032898     
   45.700000000000379       0.54208683782706435     
   45.800000000000381       0.62030784016255391     
   45.900000000000382       0.68771866788178393     
   46.000000000000384       0.74307781395870298     
   46.100000000000385       0.78603818654750635     
   46.200000000000387       0.81701101833334533     
   46.300000000000388       0.83691902013070152     
   46.400000000000389       0.84693492060807551     
   46.500000000000391       0.84827089059126304     
   46.600000000000392       0.84204212304797443     
   46.700000000000394       0.82919772891430987     
   46.800000000000395       0.81049949911834240     
   46.900000000000396       0.78652868603667359     
   47.000000000000398       0.75770583333045061     
   47.100000000000399       0.72431429773824041     
   47.200000000000401       0.68652255554032027     
   47.300000000000402       0.64440334550546974     
   47.400000000000404       0.59794948709598239     
   47.500000000000405       0.54708727616966579     
   47.600000000000406       0.49168908361759350     
   47.700000000000408       0.43158744067666799     
   47.800000000000409       0.36659365782432829     
   47.900000000000411       0.29652494252907435     
   48.000000000000412       0.22124491784630615     
   48.100000000000414       0.14072292832029926     
   48.200000000000415        5.5116533997469241E-002
   48.300000000000416       -3.5122577288101392E-002
   48.400000000000418      -0.12912849067983309     
   48.500000000000419      -0.22551178401277083     
   48.600000000000421      -0.32230492282296774     
   48.700000000000422      -0.41701708344395022     
   48.800000000000423      -0.50683863602972290     
   48.900000000000425      -0.58898454094192998     
   49.000000000000426      -0.66109412812517132     
   49.100000000000428      -0.72155807201607780     
   49.200000000000429      -0.76966407418215821     
   49.300000000000431      -0.80553390195675645     
   49.400000000000432      -0.82991040577539366     
   49.500000000000433      -0.84389178886116212     
   49.600000000000435      -0.84869472675181123     
   49.700000000000436      -0.84548662261796526     
   49.800000000000438      -0.83529050363504975     
   49.900000000000439      -0.81894645052556725     
   50.000000000000441      -0.79710887516456397     
   50.100000000000442      -0.77026236590587649     
   50.200000000000443      -0.73874448990267405     
   50.300000000000445      -0.70276897986071407     
   50.400000000000446      -0.66244629354452722     
   50.500000000000448      -0.61780075477650476     
   50.600000000000449      -0.56878479676343907     
   50.700000000000450      -0.51529165360930385     
   50.800000000000452      -0.45716850456413471     
   50.900000000000453      -0.39423278135237994     
   51.000000000000455      -0.32629520624628394     
   51.100000000000456      -0.25319409132739690     
   51.200000000000458      -0.17484618903128443     
   51.300000000000459       -9.1319177469286250E-002
   51.400000000000460       -2.9282681688921897E-003
   51.500000000000462        8.9647597749739641E-002
   51.600000000000463       0.18524770607565785     
   51.700000000000465       0.28214582572361213     
   51.800000000000466       0.37805301193839730     
   51.900000000000468       0.47025741102983409     
   52.000000000000469       0.55591575427332862     
   52.100000000000470       0.63244391648774190     
   52.200000000000472       0.69789028782057527     
   52.300000000000473       0.75116568661074989     
   52.400000000000475       0.79206431792403587     
   52.500000000000476       0.82110219070259849     
   52.600000000000477       0.83926153549540738     
   52.700000000000479       0.84773450165907471     
   52.800000000000480       0.84772446597543216     
   52.900000000000482       0.84032195757714934     
   53.000000000000483       0.82644508472652833     
   53.100000000000485       0.80682429693115065     
   53.200000000000486       0.78201224782092171     
   53.300000000000487       0.75240475996677059     
   53.400000000000489       0.71826438725274200     
   53.500000000000490       0.67974226482102196     
   53.600000000000492       0.63689666860369010     
   53.700000000000493       0.58970834092046132     
   53.800000000000495       0.53809362092593982     
   53.900000000000496       0.48191711465232240     
   54.000000000000497       0.42100630632455549     
   54.100000000000499       0.35517130224155574     
   54.200000000000500       0.28423383633431260     
   54.300000000000502       0.20807057213554200     
   54.400000000000503       0.12667606253751307     
   54.500000000000504        4.0249346099719308E-002
   54.600000000000506       -5.0696756751232863E-002
   54.700000000000507      -0.14521510316587793     
   54.800000000000509      -0.24182059271849410     
   54.900000000000510      -0.33845011248828927     
   55.000000000000512      -0.43254063954395811     
   55.100000000000513      -0.52125971716086372     
   55.200000000000514      -0.60186598663208890     
   55.300000000000516      -0.67210616188242744     
   55.400000000000517      -0.73051743300975558     
   55.500000000000519      -0.77653733386124724     
   55.600000000000520      -0.81040964164288243     
   55.700000000000522      -0.83295557434193346     
   55.800000000000523      -0.84530820623860192     
   55.900000000000524      -0.84868557193604122     
   56.000000000000526      -0.84423565367662967     
   56.100000000000527      -0.83295218628089496     
   56.200000000000529      -0.81564352978542243     
   56.300000000000530      -0.79293412899939464     
   56.400000000000531      -0.76528218713544705     
   56.500000000000533      -0.73300287632119998     
   56.600000000000534      -0.69629121813933403     
   56.700000000000536      -0.65524207908842835     
   56.800000000000537      -0.60986676139918228     
   56.900000000000539      -0.56010687271016324     
   57.000000000000540      -0.50584693574200623     
   57.100000000000541      -0.44692785361757142     
   57.200000000000543      -0.38316407371144612     
   57.300000000000544      -0.31436817649005044     
   57.400000000000546      -0.24038757560478369     
   57.500000000000547      -0.16115868181949533     
   57.600000000000549       -7.6783394445072040E-002
   57.700000000000550        1.2370403240860112E-002
   57.800000000000551       0.10555064062596095     
   57.900000000000553       0.20150572306744577     
   58.000000000000554       0.29841140988100551     
   58.100000000000556       0.39389361508008791     
   58.200000000000557       0.48519423422696550     
   58.300000000000558       0.56948503455734711     
   58.400000000000560       0.64426463005251922     
   58.500000000000561       0.70771571199706096     
   58.600000000000563       0.75890194502435993     
   58.700000000000564       0.79775403985933591     
   58.800000000000566       0.82488532925339042     
   58.900000000000567       0.84133018233815415     
   59.000000000000568       0.84829451783194521     
   59.100000000000570       0.84696943918842227     
   59.200000000000571       0.83841917684368950     
   59.300000000000573       0.82353045074514930     
   59.400000000000574       0.80300267983945828     
   59.500000000000576       0.77736053076871259     
   59.600000000000577       0.74697578060462444     
   59.700000000000578       0.71209080142737113     
   59.800000000000580       0.67283991165980972     
   59.900000000000581       0.62926735524429767     
   60.000000000000583       0.58134216462461785     
   60.100000000000584       0.52897107502137730     
   60.200000000000585       0.47201133346700203     
   60.300000000000587       0.41028592595466973     
   60.400000000000588       0.34360456301647302     
   60.500000000000590       0.27179471658416177     
   60.600000000000591       0.19474786059663421     
   60.700000000000593       0.11248620505631406     
   60.800000000000594        2.5253381332951755E-002
   60.900000000000595       -6.6373186012341642E-002
   61.000000000000597      -0.16136208631516580     
   61.100000000000598      -0.25813127449371315     
   61.200000000000600      -0.35452417647240619     
   61.300000000000601      -0.44791213126436974     
   61.400000000000603      -0.53545027382764299     
   61.500000000000604      -0.61445247471334663     
   61.600000000000605      -0.68278162488076000     
   61.700000000000607      -0.73912455990331061     
   61.800000000000608      -0.78306580813956250     
   61.900000000000610      -0.81496444636177090     
   62.000000000000611      -0.83571237274784105     
   62.100000000000612      -0.84647104503007353     
   62.200000000000614      -0.84845548257043146     
   62.300000000000615      -0.84279191118699148     
   62.400000000000617      -0.83044394210148109     
   62.500000000000618      -0.81218829374993329     
   62.600000000000620      -0.78861996765714482     
   62.700000000000621      -0.76017145107605277     
   62.800000000000622      -0.72713617347464310     
   62.900000000000624      -0.68969101159249591     
   63.000000000000625      -0.64791570805257459     
   63.100000000000627      -0.60180893225912380     
   63.200000000000628      -0.55130181798402833     
   63.300000000000630      -0.49627055082071514     
   63.400000000000631      -0.43655023454971842     
   63.500000000000632      -0.37195301661111546     
   63.600000000000634      -0.30229436073189231     
   63.700000000000635      -0.22743230161222913     
   63.800000000000637      -0.14732506571603232     
   63.900000000000638       -6.2111627256404109E-002
   64.000000000000639        2.7784071350078390E-002
   64.100000000000634       0.12153347808206719     
   64.200000000000628       0.21779192116803944     
   64.300000000000622       0.31463767526625214     
   64.400000000000617       0.40961617967936959     
   64.500000000000611       0.49993210571963920     
   64.600000000000605       0.58278378214295035     
   64.700000000000600       0.65576296222890229     
   64.800000000000594       0.71719232780538256     
   64.900000000000588       0.76628788976112161     
   65.000000000000583       0.80311141678380349     
   65.100000000000577       0.82836595447871009     
   65.200000000000571       0.84313084041158604     
   65.300000000000566       0.84862047356669168     
   65.400000000000560       0.84601055060224795     
   65.500000000000554       0.83633762155739910     
   65.600000000000549       0.82045678450472814     
   65.700000000000543       0.79903681228428480     
   65.800000000000537       0.77257501981675158     
   65.900000000000531       0.74141981081305619     
   66.000000000000526       0.70579398175131114     
   66.100000000000520       0.66581554190968606     
   66.200000000000514       0.62151512072870352     
   66.300000000000509       0.57285040169199997     
   66.400000000000503       0.51971887251132187     
   66.500000000000497       0.46197084414612882     
   66.600000000000492       0.39942538785346149     
   66.700000000000486       0.33189268393112970     
   66.800000000000480       0.25920723702056470     
   66.900000000000475       0.18127720918483103     
   67.000000000000469        9.8155034843123032E-002
   67.100000000000463        1.0132144994201092E-002
   67.200000000000458       -8.2145962160234426E-002
   67.300000000000452      -0.17756075912364752     
   67.400000000000446      -0.27443244796159705     
   67.500000000000441      -0.37051381538842365     
   67.600000000000435      -0.46311787183910808     
   67.700000000000429      -0.54939819608667162     
   67.800000000000423      -0.62673524704804717     
   67.900000000000418      -0.69311607802257580     
   68.000000000000412      -0.74737923902241399     
   68.100000000000406      -0.78925257231097656     
   68.200000000000401      -0.81920338212136179     
   68.300000000000395      -0.83818664234335127     
   68.400000000000389      -0.84738603114711775     
   68.500000000000384      -0.84800954537923035     
   68.600000000000378      -0.84115961466959577     
   68.700000000000372      -0.82776908780759806     
   68.800000000000367      -0.80858322344982003     
   68.900000000000361      -0.78416814472736973     
   69.000000000000355      -0.75493129756170685     
   69.100000000000350      -0.72114500957302474     
   69.200000000000344      -0.68296856208315648     
   69.300000000000338      -0.64046702591946092     
   69.400000000000333      -0.59362681679124873     
   69.500000000000327      -0.54236894542441105     
   69.600000000000321      -0.48656164556665427     
   69.700000000000315      -0.42603472524959229     
   69.800000000000310      -0.36059876363066645     
   69.900000000000304      -0.29007320485682042     
   70.000000000000298      -0.21432832246526373     
   70.100000000000293      -0.13334643295814391     
   70.200000000000287       -4.7306548889597608E-002
   70.300000000000281        4.3307893079581397E-002
   70.400000000000276       0.13758860796600000     
   70.500000000000270       0.23409599171253254     
   70.600000000000264       0.33081197442424248     
   70.700000000000259       0.42520695465331287     
   70.800000000000253       0.51445801723656026     
   70.900000000000247       0.59580166990300210     
   71.000000000000242       0.66693262824653798     
   71.100000000000236       0.72631823908003457     
   71.200000000000230       0.77332537682787161     
   71.300000000000225       0.80814084711901402     
   71.400000000000219       0.83154971487210416     
   71.500000000000213       0.84466936747372201     
   71.600000000000207       0.84871776379290464     
   71.700000000000202       0.84485239347542429     
   71.800000000000196       0.83408097994713937     
   71.900000000000190       0.81722690276321175     
   72.000000000000185       0.79492873636672345     
   72.100000000000179       0.76765709678797922     
   72.200000000000173       0.73573768025285102     
   72.300000000000168       0.69937429813201912     
   72.400000000000162       0.65866914156720247     
   72.500000000000156       0.61363963058717541     
   72.600000000000151       0.56423245575124203     
   72.700000000000145       0.51033621933999651     
   72.800000000000139       0.45179473888236982     
   72.900000000000134       0.38842379254533316     
   73.000000000000128       0.32003495724390640     
   73.100000000000122       0.24647115267467823     
   73.200000000000117       0.16765921779220461     
   73.300000000000111        8.3684496269558636E-002
   73.400000000000105       -5.1104921207449500E-003
   73.500000000000099       -9.8008732880717236E-002
   73.600000000000094      -0.19380196440665173     
   73.700000000000088      -0.29071233300969690     
   73.800000000000082      -0.38640553980290798     
   73.900000000000077      -0.47814429863921060     
   74.000000000000071      -0.56309182894532483     
   74.100000000000065      -0.63870623252317626     
   74.200000000000060      -0.70310582714451841     
   74.300000000000054      -0.75528189156383263     
   74.400000000000048      -0.79510112958712886     
   74.500000000000043      -0.82313172323252370     
   74.600000000000037      -0.84038425703732167     
   74.700000000000031      -0.84805881036596709     
   74.800000000000026      -0.84735271068866802     
   74.900000000000020      -0.83934283055631786     
   75.000000000000014      -0.82493079316636853     
   75.100000000000009      -0.80483066955665183     
   75.200000000000003      -0.77958030282908619     
   75.299999999999997      -0.74956277369507074     
   75.399999999999991      -0.71502993563643669     
   75.499999999999986      -0.67612400700738873     
   75.599999999999980      -0.63289582432130465     
   75.699999999999974      -0.58531992035637581     
   75.799999999999969      -0.53330753449946644     
   75.899999999999963      -0.47671934731777049     
   75.999999999999957      -0.41538040459216669     
   76.099999999999952      -0.34910049999044790     
   76.199999999999946      -0.27770423179551773     
   76.299999999999940      -0.20107583250879846     
   76.399999999999935      -0.11922410123490471     
   76.499999999999929       -3.2371156357031305E-002
   76.599999999999923        5.8936606576970599E-002
   76.699999999999918       0.15370805303079918     
   76.799999999999912       0.25040717983392602     
   76.899999999999906       0.34692136725357264     
   76.999999999999901       0.44065217402338486     
   77.099999999999895       0.52875928339742184     
   77.199999999999889       0.60852897969287445     
   77.299999999999883       0.67776808687222001     
   77.399999999999878       0.73509224705986609     
   77.499999999999872       0.78001678227174465     
   77.599999999999866       0.81284702596002267     
   77.699999999999861       0.83444235725755678     
   77.799999999999855       0.84595158039690876     
   77.899999999999849       0.84859166459210167     
   77.999999999999844       0.84349941126331196     
   78.099999999999838       0.83165278887847127     
   78.199999999999832       0.81384348434148479     
   78.299999999999827       0.79068037513382539     
   78.399999999999821       0.76260804346805100     
   78.499999999999815       0.72993013528995621     
   78.599999999999810       0.69283205102930090     
   78.699999999999804       0.65140063854872554     
   78.799999999999798       0.60564050221047316     
   78.899999999999793       0.55548769235953377     
   78.999999999999787       0.50082229567126801     
   79.099999999999781       0.44148210137458710     
   79.199999999999775       0.37728025791584596     
   79.299999999999770       0.30803073129472641     
   79.399999999999764       0.23358633064708831     
   79.499999999999758       0.15389467444327612     
   79.599999999999753        6.9076815807074865E-002
   79.699999999999747       -2.0470277548450155E-002
   79.799999999999741      -0.11395468665316129     
   79.899999999999736      -0.21007607336137182     
   79.999999999999730      -0.30695877659078152     
   80.099999999999724      -0.40218571738715814     
   80.199999999999719      -0.49297803078294239     
   80.299999999999713      -0.57652002119924872     
   80.399999999999707      -0.65035806987977085     
   80.499999999999702      -0.71274791488482847     
   80.599999999999696      -0.76283354314960594     
   80.699999999999690      -0.80061537303872354     
   80.799999999999685      -0.82675491873245077     
   80.899999999999679      -0.84231109988763186     
   80.999999999999673      -0.84849493532580778     
   81.099999999999667      -0.84648978734677638     
   81.199999999999662      -0.83734547202726139     
   81.299999999999656      -0.82193208332319223     
   81.399999999999650      -0.80093285559335647     
   81.499999999999645      -0.77485797682413449     
   81.599999999999639      -0.74406683666657170     
   81.699999999999633      -0.70879142782057847     
   81.799999999999628      -0.66915742119885635     
   81.899999999999622      -0.62520184270137014     
   81.999999999999616      -0.57688770592040006     
   82.099999999999611      -0.52411683335453962     
   82.199999999999605      -0.46674276691158390     
   82.299999999999599      -0.40458635675671101     
   82.399999999999594      -0.33745744903203306     
   82.499999999999588      -0.26518705091755934     
   82.599999999999582      -0.18767518011832868     
   82.699999999999577      -0.10495962956759342     
   82.799999999999571       -1.7308787627044686E-002
   82.899999999999565        7.4664517875407649E-002
   82.999999999999559       0.16988335851047551     
   83.099999999999554       0.26671430088949644     
   83.199999999999548       0.36295265993034187     
   83.299999999999542       0.45593811220086067     
   83.399999999999537       0.54282359669271962     
   83.499999999999531       0.62095663745722474     
   83.599999999999525       0.68826454478130117     
   83.699999999999520       0.74351382755731832     
   83.799999999999514       0.78636496551650736     
   83.899999999999508       0.81723490855823511     
   83.999999999999503       0.83704969886670555     
   84.099999999999497       0.84698323804453235     
   84.199999999999491       0.84824732519455048     
   84.299999999999486       0.84195589575078111     
   84.399999999999480       0.82905643538337015     
   84.499999999999474       0.81030907310770961     
   84.599999999999469       0.78629353586203232     
   84.699999999999463       0.75742904461398208     
   84.799999999999457       0.72399784152527213     
   84.899999999999451       0.68616747351844021     
   84.999999999999446       0.64400990442585793     
   85.099999999999440       0.59751730648450541     
   85.199999999999434       0.54661544084806024     
   85.299999999999429       0.49117625835946743     
   85.399999999999423       0.43103201046704642     
   85.499999999999417       0.36599392469888670     
   85.599999999999412       0.29587941860240469     
   85.699999999999406       0.22055276146723335     
   85.799999999999400       0.13998457002073766     
   85.899999999999395        5.4334518917270314E-002
   85.999999999999389       -3.5942561571428749E-002
   86.099999999999383      -0.12997654477520648     
   86.199999999999378      -0.22637299332630345     
   86.299999999999372      -0.32315928237596714     
   86.399999999999366      -0.41784062289795737     
   86.499999999999361      -0.50760592671732319     
   86.599999999999355      -0.58967217086289203     
   86.699999999999349      -0.66168412526627018     
   86.799999999999343      -0.72204010790538353     
   86.899999999999338      -0.77003579105376441     
   86.999999999999332      -0.80579954760341121     
   87.099999999999326      -0.83007856029761462     
   87.199999999999321      -0.84397304153353492     
   87.299999999999315      -0.84869985406821524     
   87.399999999999309      -0.84542543867219389     
   87.499999999999304      -0.83517129941277124     
   87.599999999999298      -0.81877584136254355     
   87.699999999999292      -0.79689188119080689     
   87.799999999999287      -0.77000259698158935     
   87.899999999999281      -0.73844435649127504     
   87.999999999999275      -0.70242988966266318     
   88.099999999999270      -0.66206881877723545     
   88.199999999999264      -0.61738476995736735     
   88.299999999999258      -0.56832959576773945     
   88.399999999999253      -0.51479606096431119     
   88.499999999999247      -0.45663100176292304     
   88.599999999999241      -0.39365167585451988     
   88.699999999999235      -0.32566887913708242     
   88.799999999999230      -0.25252136797577512     
   88.899999999999224      -0.17412688107493801     
   88.999999999999218       -9.0554834568683490E-002
   89.099999999999213       -2.1231383540187970E-003
   89.199999999999207        9.0485488818649984E-002
   89.299999999999201       0.18610559235422480     
   89.399999999999196       0.28300576062390326     
   89.499999999999190       0.37889244733375649     
   89.599999999999184       0.47105114060582809     
   89.699999999999179       0.55663908039269538     
   89.799999999999173       0.63307624355108361     
   89.899999999999167       0.69841795573593346     
   89.999999999999162       0.75158310473674650     
   90.099999999999156       0.79237323185158193     
   90.199999999999150       0.82130967484542416     
   90.299999999999145       0.83937760122008598     
   90.399999999999139       0.84777002586212513     
   90.499999999999133       0.84768976122278705     
   90.599999999999127       0.84022598592849307     
   90.699999999999122       0.82629515854686608     
   90.799999999999116       0.80662608107378475     
   90.899999999999110       0.78176991332176060     
   90.999999999999105       0.75212119088874363     
   91.099999999999099       0.71794138624045656     
   91.199999999999093       0.67938073328539905     
   91.299999999999088       0.63649675612535339     
   91.399999999999082       0.58926956943561182     
   91.499999999999076       0.53761499623983611     
   91.599999999999071       0.48139724357428132     
   91.699999999999065       0.42044354404774598     
   91.799999999999059       0.35456396234830190     
   91.899999999999054       0.28358050447201377     
   91.999999999999048       0.20737057103514445     
   92.099999999999042       0.12593011348799552     
   92.199999999999037        3.9460447039771154E-002
   92.299999999999031       -5.1522282396236782E-002
   92.399999999999025      -0.14606655545588637     
   92.499999999999019      -0.24268217892821309     
   92.599999999999014      -0.33930104422758600     
   92.699999999999008      -0.43335649062029125     
   92.799999999999002      -0.52201514118579895     
   92.899999999998997      -0.60253826672580213     
   92.999999999998991      -0.67267850444974053     
   93.099999999998985      -0.73098087978403514     
   93.199999999998980      -0.77689076954052294     
   93.299999999998974      -0.81065821248160597     
   93.399999999998968      -0.83310835177290832     
   93.499999999998963      -0.84537592045197751     
   93.599999999998957      -0.84867890003723290     
   93.699999999998951      -0.84416417934678878     
   93.799999999998946      -0.83282392109576953     
   93.899999999998940      -0.81546481106699409     
   93.999999999998934      -0.79270972536903694     
   94.099999999998929      -0.76501549208444997     
   94.199999999998923      -0.73269611866229134     
   94.299999999998917      -0.69594565425080823     
   94.399999999998911      -0.65485815494644162     
   94.499999999998906      -0.60944424607510661     
   94.599999999998900      -0.55964497325990781     
   94.699999999998894      -0.50534440940295344     
   94.799999999998889      -0.44638313915487060     
   94.899999999998883      -0.38257547088796695     
   94.999999999998877      -0.31373411110719868     
   95.099999999998872      -0.23970699561554065     
   95.199999999998866      -0.16043163250185194     
   95.299999999998860       -7.6011807014586485E-002
   95.399999999998855        1.3181721735013766E-002
   95.499999999998849       0.10639292647306366     
   95.599999999998843       0.20236534834587322     
   95.699999999998838       0.29926957914728403     
   95.799999999998832       0.39472715874383213     
   95.899999999998826       0.48597778508986700     
   95.999999999998820       0.57019433882077464     
   96.099999999998815       0.64488009802217516     
   96.199999999998809       0.70822501474768917     
   96.299999999998803       0.75930082192343551     
   96.399999999998798       0.79804529446201533     
   96.499999999998792       0.82507669520433102     
   96.599999999998786       0.84143194584366088     
   96.699999999998781       0.84831754211873400     
   96.799999999998775       0.84692384909346308     
   96.899999999998769       0.83831366753798164     
   96.999999999998764       0.82337205170019445     
   97.099999999998758       0.80279679157533657     
   97.199999999998752       0.77711109300993708     
   97.299999999998747       0.74668548171811400     
   97.399999999998741       0.71176128076152922     
   97.499999999998735       0.67247193455913234     
   97.599999999998730       0.62886095760095750     
   97.699999999998724       0.58089677389634997     
   97.799999999998718       0.52848562125288445     
   97.899999999998712       0.47148436959648610     
   97.999999999998707       0.40971578322661539     
   98.099999999998701       0.34298957531691510     
   98.199999999998695       0.27113355613121026     
   98.299999999998690       0.19404003314685841     
   98.399999999998684       0.11173274756910342     
   98.499999999998678        2.4457774568959534E-002
   98.599999999998673       -6.7203952288601182E-002
   98.699999999998667      -0.16221649021617041     
   98.799999999998661      -0.25899264677933215     
   98.899999999998656      -0.35537098340325318     
   98.999999999998650      -0.44871956884909003     
   99.099999999998644      -0.53619318098746538     
   99.199999999998639      -0.61510892561899855     
   99.299999999998633      -0.68333605969136224     
   99.399999999998627      -0.73956938993249710     
   99.499999999998622      -0.78340111374453425     
   99.599999999998616      -0.81519620420829697     
   99.699999999998610      -0.83585008041276676     
   99.799999999998604      -0.84652552500309075     
   99.899999999998599      -0.84843728345505542     
   99.999999999998593      -0.84271037316885222     
   100.09999999999859      -0.83030679485336911     
   100.19999999999858      -0.81200159983715459     
   100.29999999999858      -0.78838824982388778     
   100.39999999999857      -0.75989789247111772     
   100.49999999999856      -0.72682282672009502     
   100.59999999999856      -0.68933898632022694     
   100.69999999999855      -0.64752532774854454     
   100.79999999999855      -0.60137986376057695     
   100.89999999999854      -0.55083318465009679     
   100.99999999999854      -0.49576104624665424     
   101.09999999999853      -0.43599825976127271     
   101.19999999999852      -0.37135687106245896     
   101.29999999999852      -0.30165252602558540     
   101.39999999999851      -0.22674386445892541     
   101.49999999999851      -0.14659032734238903     
   101.59999999999850       -6.1332928654340840E-002
   101.69999999999850        2.8601332956667322E-002
   101.79999999999849       0.12237977425722618     
   101.89999999999849       0.21865275232461434     
   101.99999999999848       0.31549341876534420     
   102.09999999999847       0.41044310652500404     
   102.19999999999847       0.50070478360367043     
   102.29999999999846       0.58347850445921523     
   102.39999999999846       0.65636122067614011     
   102.49999999999845       0.71768314746336903     
   102.59999999999845       0.76666830987794499     
   102.69999999999844       0.80338523636305914     
   102.79999999999843       0.82854149765863327     
   102.89999999999843       0.84321861183010283     
   102.99999999999842       0.84863128572626745     
   103.09999999999842       0.84595432148959970     
   103.19999999999841       0.83622277321436278     
   103.29999999999841       0.82029006487374945     
   103.39999999999840       0.79882336250928376     
   103.49999999999839       0.77231855433873509     
   103.59999999999839       0.74112282806664787     
   103.69999999999838       0.70545796274206052     
   103.79999999999838       0.66544111998576372     
   103.89999999999837       0.62110222148420591     
   103.99999999999837       0.57239836120128751     
   104.09999999999836       0.51922654840140459     
   104.19999999999835       0.46143673980102812     
   104.29999999999835       0.39884781681388914     
   104.39999999999834       0.33127000976468240     
   104.49999999999834       0.25853823241156504     
   104.59999999999833       0.18056158259866711     
   104.69999999999833        9.7394164835687344E-002
   104.79999999999832        9.3300256955454047E-003
   104.89999999999831       -8.2981644872018048E-002
   104.99999999999831      -0.17841764283552167     
   105.09999999999830      -0.27529299385876099     
   105.19999999999830      -0.37135578934828362     
   105.29999999999829      -0.46391617594069856     
   105.39999999999829      -0.55012795893878108     
   105.49999999999828      -0.62737542503857791     
   105.59999999999827      -0.69365239136600709     
   105.69999999999827      -0.74780545892917216     
   105.79999999999826      -0.78956992251147606     
   105.89999999999826      -0.81941860065638894     
   105.99999999999825      -0.83830958990274818     
   106.09999999999825      -0.84742757721682282     
   106.19999999999824      -0.84798008398615476     
   106.29999999999824      -0.84106823158677546     
   106.39999999999823      -0.82762322958101886     
   106.49999999999822      -0.80838868173879164     
   106.59999999999822      -0.78392920220228457     
   106.69999999999821      -0.75465093300558661     
   106.79999999999821      -0.72082510473791217     
   106.89999999999820      -0.68261008427998537     
   106.99999999999820      -0.64007017977958192     
   107.09999999999819      -0.59319117007897837     
   107.19999999999818      -0.54189354096513132     
   107.29999999999818      -0.48604511712347720     
   107.39999999999817      -0.42547544141978516     
   107.49999999999817      -0.35999503147311951     
   107.59999999999816      -0.28942357362040388     
   107.69999999999816      -0.21363203477018949     
   107.79999999999815      -0.13260406935155328     
   107.89999999999814       -4.6520889163987389E-002
   107.99999999999814        4.4130830464056872E-002
   108.09999999999813       0.13843850502571642     
   108.19999999999813       0.23495747170576317     
   108.29999999999812       0.33166461565096328     
   108.39999999999812       0.42602653745248986     
   108.49999999999811       0.51521914352939913     
   108.59999999999810       0.59648128139552581     
   108.69999999999810       0.66751336582148235     
   108.79999999999809       0.72679049506591609     
   108.89999999999809       0.77368745297444919     
   108.99999999999808       0.80839747257436778     
   109.09999999999808       0.83170973662296388     
   109.19999999999807       0.84474345523472671     
   109.29999999999806       0.84871664555824133     
   109.39999999999806       0.84478576381678316     
   109.49999999999805       0.83395698315960498     
   109.59999999999805       0.81705200746712092     
   109.69999999999804       0.79470782960595832     
   109.79999999999804       0.76739367377065415     
   109.89999999999803       0.73543405513077220     
   109.99999999999802       0.69903179836845131     
   110.09999999999802       0.65828827244991384     
   110.19999999999801       0.61322021072174404     
   110.29999999999801       0.56377373292292809     
   110.39999999999800       0.50983698220834439     
   110.49999999999800       0.45125344584480953     
   110.59999999999799       0.38783874611964869     
   110.69999999999798       0.31940456071766332     
   110.79999999999798       0.24579429398896555     
   110.89999999999797       0.16693582885989328     
   110.99999999999797        8.2916324140158704E-002
   111.09999999999796       -5.9189090250627574E-003
   111.19999999999796       -9.8848983807156232E-002
   111.29999999999795      -0.19466083107700799     
   111.39999999999795      -0.29157141967635553     
   111.49999999999794      -0.38724196387577026     
   111.59999999999793      -0.47893275742281027     
   111.69999999999793      -0.56380784546352536     
   111.79999999999792      -0.63932973084102929     
   111.89999999999792      -0.70362384447388016     
   111.99999999999791      -0.75568954068069960     
   112.09999999999791      -0.79540072059839972     
   112.19999999999790      -0.82333068619334537     
   112.29999999999789      -0.84049275520439171     
   112.39999999999789      -0.84808771826129881     
   112.49999999999788      -0.84731224460156507     
   112.59999999999788      -0.83924181293651257     
   112.69999999999787      -0.82477638734657333     
   112.79999999999787      -0.80462840064669738     
   112.89999999999786      -0.77933421935155833     
   112.99999999999785      -0.74927565597160595     
   113.09999999999785      -0.71470349972410829     
   113.19999999999784      -0.67575908217457425     
   113.29999999999784      -0.63249249987388867     
   113.39999999999783      -0.58487766810969122     
   113.49999999999783      -0.53282531996674387     
   113.59999999999782      -0.47619574842622947     
   113.69999999999781      -0.41481376317509322     
   113.79999999999781      -0.34848913918821789     
   113.89999999999780      -0.27704678114854198     
   113.99999999999780      -0.20037170870513038     
   114.09999999999779      -0.11847418856509895     
   114.19999999999779       -3.1578703143256254E-002
   114.29999999999778        5.9764929903604269E-002
   114.39999999999777       0.15456111634685668     
   114.49999999999777       0.25126872847783532     
   114.59999999999776       0.34777021529544994     
   114.69999999999776       0.44146368628398136     
   114.79999999999775       0.52950819808606620     
   114.89999999999775       0.60919298466833605     
   114.99999999999774       0.67833103166633946     
   115.09999999999773       0.73554589502779644     
   115.19999999999773       0.78036065371832619     
   115.29999999999772       0.81308671283772416     
   115.39999999999772       0.83458716332303740     
   115.49999999999771       0.84601229027883429     
   115.59999999999771       0.84857889118472662     
   115.69999999999770       0.84342261155896947     
   115.79999999999769       0.83151982628343279     
   115.89999999999769       0.81366055109724433     
   115.99999999999768       0.79045210971542013     
   116.09999999999768       0.76233772789173060     
   116.19999999999767       0.72961990494796669     
   116.29999999999767       0.69248308449036222     
   116.39999999999766       0.65101331684886210     
   116.49999999999766       0.60521454020712862     
   116.59999999999765       0.55502225265839833     
   116.69999999999764       0.50031610154342510     
   116.79999999999764       0.44093357107722086     
   116.89999999999763       0.37668769009595460     
   116.99999999999763       0.30739257969897515     
   117.09999999999762       0.23290161419450023     
   117.19999999999762       0.15316357029743133     
   117.29999999999761        6.8301467323147486E-002
   117.39999999999760       -2.1284756530088420E-002
   117.49999999999760      -0.11479913307882818     
   117.59999999999759      -0.21093640141333786     
   117.69999999999759      -0.30781575227684022     
   117.79999999999758      -0.40301586847542170     
   117.89999999999758      -0.49375594361730951     
   117.99999999999757      -0.57722171726265881     
   118.09999999999756      -0.65096451979669967     
   118.19999999999756      -0.71324750025526351     
   118.29999999999755      -0.76322269184207348     
   118.39999999999755      -0.80089742060989899     
   118.49999999999754      -0.82693791817948192     
   118.59999999999754      -0.84240545924295707     
   118.69999999999753      -0.84851149552429939     
   118.79999999999752      -0.84643856655508387     
   118.89999999999752      -0.83723502230986935     
   118.99999999999751      -0.82176928572576724     
   119.09999999999751      -0.80072297345802690     
   119.19999999999750      -0.77460483053025897     
   119.29999999999750      -0.74377301388726191     
   119.39999999999749      -0.70845848394318278     
   119.49999999999748      -0.66878605158498328     
   119.59999999999748      -0.62479202476394069     
   119.69999999999747      -0.57643881862662483     
   119.79999999999747      -0.52362776820470047     
   119.89999999999746      -0.46621205020469325     
   119.99999999999746      -0.40401230961253676     
   120.09999999999745      -0.33683841975136497     
   120.19999999999744      -0.26452176281693773     
   120.29999999999744      -0.18696324314212029     
   120.39999999999743      -0.10420225720060963     
   120.49999999999743       -1.6509727037473235E-002
   120.59999999999742        7.5497914136186325E-002
   120.69999999999742       0.17073912821406551     
   120.79999999999741       0.26757531582460581     
   120.89999999999741       0.36379701162301548     
   120.99999999999740       0.45674083112904196     
   121.09999999999739       0.54355966121529131     
   121.19999999999739       0.62160457512961886     
   121.29999999999738       0.68880946441283708     
   121.39999999999738       0.74394885809140099     
   121.49999999999737       0.78669079602806702     
   121.59999999999737       0.81745792514951210     
   121.69999999999736       0.83717959796717523     
   121.79999999999735       0.84703087231852525     
   121.89999999999735       0.84822316493724925     
   121.99999999999734       0.84186914845231042     
   122.09999999999734       0.82891468175311855     
   122.19999999999733       0.81011823258927962     
   122.29999999999733       0.78605800409006665     
   122.39999999999732       0.75715189641615688     
   122.49999999999731       0.72368103892182734     
   122.59999999999731       0.68581205067985063     
   122.69999999999730       0.64361612182560191     
   122.79999999999730       0.59708477841547092     
   122.89999999999729       0.54614324787804014     
   122.99999999999729       0.49066306210131166     
   123.09999999999728       0.43047619419212457     
   123.19999999999727       0.36539379084332324     
   123.29999999999727       0.29523348285213485     
   123.39999999999726       0.21986019040406096     
   123.49999999999726       0.13924580892805524     
   123.59999999999725        5.3552136110947113E-002
   123.69999999999725       -3.6762845699302021E-002
   123.79999999999724      -0.13082478912453460     
   123.89999999999723      -0.22723423696129111     
   123.99999999999723      -0.32401347809659475     
   124.09999999999722      -0.41866377443464170     
   124.19999999999722      -0.50837260720470001     
   124.29999999999721      -0.59035900255200002     
   124.39999999999721      -0.66227319686243891     
   124.49999999999720      -0.72252116317597292     
   124.59999999999719      -0.77040653893299826     
   124.69999999999719      -0.80606428501899241     
   124.79999999999718      -0.83024589496360468     
   124.89999999999718      -0.84405357143688720     
   124.99999999999717      -0.84870435123203136     
   125.09999999999717      -0.84536370538413919     
   125.19999999999716      -0.83505161198460232     
   125.29999999999715      -0.81860480037452488     
   125.39999999999715      -0.79667449335074769     
   125.49999999999714      -0.76974246056976525     
   125.59999999999714      -0.73814387223750677     
   125.69999999999713      -0.70209045715759655     
   125.79999999999713      -0.66169100347437215     
   125.89999999999712      -0.61696844072308987     
   125.99999999999712      -0.56787404181384227     
   126.09999999999711      -0.51430010317490060     
   126.19999999999710      -0.45609311925425805     
   126.29999999999710      -0.39307017550290418     
   126.39999999999709      -0.32504214412430682     
   126.49999999999709      -0.25184822975661442     
   126.59999999999708      -0.17340716308731002     
   126.69999999999708       -8.9790105934981920E-002
   126.79999999999707       -1.3176758534391986E-003
   126.89999999999706        9.1323621234867688E-002
   126.99999999999706       0.18696358342662556     
   127.09999999999705       0.28386561848785447     
   127.19999999999705       0.37973158959519682     
   127.29999999999704       0.47184435012385412     
   127.39999999999704       0.55736168036468403     
   127.49999999999703       0.63370768950510192     
   127.59999999999702       0.69894465716521248     
   127.69999999999702       0.75199954187968276     
   127.79999999999701       0.79268120769042749     
   127.89999999999701       0.82151630034565326     
   127.99999999999700       0.83949290372386920     
   128.09999999999701       0.84780488252464459     
   128.19999999999700       0.84765447521571646     
   128.29999999999700       0.84012950539863773     
   128.39999999999699       0.82614478089759569     
   128.49999999999699       0.80642745707824337     
   128.59999999999698       0.78152720164792611     
   128.69999999999698       0.75183726511695592     
   128.79999999999697       0.71761804026359377     
   128.89999999999696       0.67901886122324639     
   128.99999999999696       0.63609650146722163     
   129.09999999999695       0.58883044904969961     
   129.19999999999695       0.53713601184758208     
   129.29999999999694       0.48087699903527154     
   129.39999999999694       0.41988039314062225     
   129.49999999999693       0.35395621950349671     
   129.59999999999692       0.28292675957610713     
   129.69999999999692       0.20667015601113431     
   129.79999999999691       0.12518376566641551     
   129.89999999999691        3.8671189105886544E-002
   129.99999999999690       -5.2348092578483912E-002
   130.09999999999690      -0.14691817504323246     
   130.19999999999689      -0.24354376881212106     
   130.29999999999688      -0.34015177563603549     
   130.39999999999688      -0.43417191539971117     
   130.49999999999687      -0.52276992014258117     
   130.59999999999687      -0.60320972240158410     
   130.69999999999686      -0.67324990710997556     
   130.79999999999686      -0.73144334360037300     
   130.89999999999685      -0.77724324358824548     
   130.99999999999685      -0.81090588859161206     
   131.09999999999684      -0.83326032550034990     
   131.19999999999683      -0.84544292804956855     
   131.29999999999683      -0.84867161252397683     
   131.39999999999682      -0.84409216784989949     
   131.49999999999682      -0.83269518235143425     
   131.59999999999681      -0.81528566779738154     
   131.69999999999681      -0.79248493306560674     
   131.79999999999680      -0.76474843297771722     
   131.89999999999679      -0.73238901212314844     
   131.99999999999679      -0.69559974879322783     
   132.09999999999678      -0.65447388998382849     
   132.19999999999678      -0.60902138519895077     
   132.29999999999677      -0.55918271902683869     
   132.39999999999677      -0.50484151559618473     
   132.49999999999676      -0.44583804241865682     
   132.59999999999675      -0.38198647077960812     
   132.69999999999675      -0.31309963609173902     
   132.79999999999674      -0.23902600056213824     
   132.89999999999674      -0.15970417564036915     
   132.99999999999673       -7.5239840491705456E-002
   133.09999999999673        1.3993360476388828E-002
   133.19999999999672       0.10723543398178566     
   133.29999999999671       0.20322505086764733     
   133.39999999999671       0.30012763694837918     
   133.49999999999670       0.39556037107392494     
   133.59999999999670       0.48676077888102587     
   133.69999999999669       0.57090288660694011     
   133.79999999999669       0.64549466540480971     
   133.89999999999668       0.70873334383363751     
   133.99999999999667       0.75969872156033580     
   134.09999999999667       0.79833562237648881     
   134.19999999999666       0.82526721794313285     
   134.29999999999666       0.84153296253568455     
   134.39999999999665       0.84833991420936072     
   134.49999999999665       0.84687769094899057     
   134.59999999999664       0.83820766004385994     
   134.69999999999663       0.82321320941547449     
   134.79999999999663       0.80259050119267972     
   134.89999999999662       0.77686128220317718     
   134.99999999999662       0.74639482867865425     
   135.09999999999661       0.71143141635148499     
   135.19999999999661       0.67210361705030575     
   135.29999999999660       0.62845421697549109     
   135.39999999999660       0.58045103270773191     
   135.49999999999659       0.52799980563621818     
   135.59999999999658       0.47095702976243525     
   135.69999999999658       0.40914524932465018     
   135.79999999999657       0.34237418256064278     
   135.89999999999657       0.27047198169009679     
   135.99999999999656       0.19333179298302394     
   136.09999999999656       0.11097889602789096     
   136.19999999999655        2.3661818759221673E-002
   136.29999999999654       -6.8034986570660344E-002
   136.39999999999654      -0.16307103712434079     
   136.49999999999653      -0.25985399092020367     
   136.59999999999653      -0.35621755285721135     
   136.69999999999652      -0.44952654195250064     
   136.79999999999652      -0.53693540934450512     
   136.89999999999651      -0.61576452776499724     
   136.99999999999650      -0.68388954232111543     
   137.09999999999650      -0.74001323650986395     
   137.19999999999649      -0.78373546637263658     
   137.29999999999649      -0.81542708150149690     
   137.39999999999648      -0.83598700068385456     
   137.49999999999648      -0.84657931432809264     
   137.59999999999647      -0.84841848289882715     
   137.69999999999646      -0.84262830973367386     
   137.79999999999646      -0.83016918327726830     
   137.89999999999645      -0.81181448827497438     
   137.99999999999645      -0.78815614819259772     
   138.09999999999644      -0.75962397297589368     
   138.19999999999644      -0.72650913282575591     
   138.29999999999643      -0.68898662003183375     
   138.39999999999642      -0.64713460618415120     
   138.49999999999642      -0.60095044844567469     
   138.59999999999641      -0.55036419461044250     
   138.69999999999641      -0.49525117182031392     
   138.79999999999640      -0.43544590012528694     
   138.89999999999640      -0.37076032586994773     
   138.99999999999639      -0.30101028014904441     
   139.09999999999638      -0.22605501240641712     
   139.19999999999638      -0.14585518450041118     
   139.29999999999637       -6.0553858459700599E-002
   139.39999999999637        2.9418901241377166E-002
   139.49999999999636       0.12322627109492293     
   139.59999999999636       0.21951363189422451     
   139.69999999999635       0.31634901545960004     
   139.79999999999634       0.41126966365370943     
   139.89999999999634       0.50147686815407533     
   139.99999999999633       0.58417244156402115     
   140.09999999999633       0.65695856110911754     
   140.19999999999632       0.71817298827534015     
   140.29999999999632       0.76704775799840907     
   140.39999999999631       0.80365814158074322     
   140.49999999999631       0.82871621340910373     
   140.59999999999630       0.84330565277785074     
   140.69999999999629       0.84864146072671853     
   140.79999999999629       0.84589753712124793     
   140.89999999999628       0.83610743695031675     
   140.99999999999628       0.82012290984046876     
   141.09999999999627       0.79860951629456645     
   141.19999999999627       0.77206171965224013     
   141.29999999999626       0.74082549346886617     
   141.39999999999625       0.70512160100965116     
   141.49999999999625       0.66506635760540045     
   141.59999999999624       0.62068897831668990     
   141.69999999999624       0.57194596858005586     
   141.79999999999623       0.51873386022324053     
   141.89999999999623       0.46090225695716436     
   141.99999999999622       0.39826985209169663     
   142.09999999999621       0.33064692857268618     
   142.19999999999621       0.25786881314397370     
   142.29999999999620       0.17984554499532895     
   142.39999999999620        9.6632906235300312E-002
   142.49999999999619        8.5275682017301735E-003
   142.59999999999619       -8.3817577802240972E-002
   142.69999999999618      -0.17927464393545214     
   142.79999999999617      -0.27615347868224793     
   142.89999999999617      -0.37219748816082543     
   142.99999999999616      -0.46471397773110323     
   143.09999999999616      -0.55085701053071723     
   143.19999999999615      -0.62801473184930212     
   143.29999999999615      -0.69418774233332869     
   143.39999999999614      -0.74823069665774899     
   143.49999999999613      -0.78988632957806681     
   143.59999999999613      -0.81963295338924214     
   143.69999999999612      -0.83843176646481499     
   143.79999999999612      -0.84746844838030788     
   143.89999999999611      -0.84795003494421639     
   143.99999999999611      -0.84097633440964104     
   144.09999999999610      -0.82747691584802063     
   144.19999999999609      -0.80819372891697505     
   144.29999999999609      -0.78368988044517895     
   144.39999999999608      -0.75437021046645414     
   144.49999999999608      -0.72050485428858535     
   144.59999999999607      -0.68225126583419826     
   144.69999999999607      -0.63967299178977044     
   144.79999999999606      -0.59275517516352472     
   144.89999999999606      -0.54141777778458033     
   144.99999999999605      -0.48552821638995947     
   145.09999999999604      -0.42491577017194077     
   145.19999999999604      -0.35939089740210051     
   145.29999999999603      -0.28877352989257826     
   145.39999999999603      -0.21293533273689991     
   145.49999999999602      -0.13186130498366913     
   145.59999999999602       -4.5734866252506293E-002
   145.69999999999601        4.4954059786530984E-002
   145.79999999999600       0.13928858042190956     
   145.89999999999600       0.23581897003775937     
   145.99999999999599       0.33251707392096341     
   146.09999999999599       0.42684571211714001     
   146.19999999999598       0.51597964113580863     
   146.29999999999598       0.59716008064766002     
   146.39999999999597       0.66809317003134960     
   146.49999999999596       0.72726176896772921     
   146.59999999999596       0.77404856383616694     
   146.69999999999595       0.80865319681673153     
   146.79999999999595       0.83186894699666236     
   146.89999999999594       0.84481682875050068     
   146.99999999999594       0.84871490486831136     
   147.09999999999593       0.84471859127779236     
   147.19999999999592       0.83383250829630451     
   147.29999999999592       0.81687668422180482     
   147.39999999999591       0.79448653175269901     
   147.49999999999591       0.76712988510581104     
   147.59999999999590       0.73513008022700999     
   147.69999999999590       0.69868895670945586     
   147.79999999999589       0.65790706266624976     
   147.89999999999588       0.61280044585847726     
   147.99999999999588       0.56331465618811527     
   148.09999999999587       0.50933737871693341     
   148.19999999999587       0.45071177175020188     
   148.29999999999586       0.38725330355196047     
   148.39999999999586       0.31877375535475005     
   148.49999999999585       0.24511702028861745     
   148.59999999999584       0.16621203113441718     
   148.69999999999584        8.2147769668584503E-002
   148.79999999999583       -6.7276522063783040E-003
   148.89999999999583       -9.9689465881500947E-002
   148.99999999999582      -0.19551978820041038     
   149.09999999999582      -0.29243041130286634     
   149.19999999999581      -0.38807807473847150     
   149.29999999999580      -0.47972067658068596     
   149.39999999999580      -0.56452311967723534     
   149.49999999999579      -0.63995233754338299     
   149.59999999999579      -0.70414089128686896     
   149.69999999999578      -0.75609621057507137     
   149.79999999999578      -0.79569937940067614     
   149.89999999999577      -0.82352879858535821     
   149.99999999999577      -0.84060049879236920     
   150.09999999999576      -0.84811596673016332     
   150.19999999999575      -0.84727120426193958     
   150.29999999999575      -0.83914029211743069     
   150.39999999999574      -0.82462153443874608     
   150.49999999999574      -0.80442572681030367     
   150.59999999999573      -0.77908776090788201     
   150.69999999999573      -0.74898818292200442     
   150.79999999999572      -0.71437671951465564     
   150.89999999999571      -0.67539381689842570     
   150.99999999999571      -0.63208883284164763     
   151.09999999999570      -0.58443506615499419     
   151.19999999999570      -0.53234274461013664     
   151.29999999999569      -0.47567177476068612     
   151.39999999999569      -0.41424673178491472     
   151.49999999999568      -0.34787737431018662     
   151.59999999999567      -0.27638891693148887     
   151.69999999999567      -0.19966717155582289     
   151.79999999999566      -0.11772387951668356     
   151.89999999999566       -3.0785896104154928E-002
   151.99999999999565        6.0593529220306266E-002
   152.09999999999565       0.15541433434023688     
   152.19999999999564       0.25213026418896650     
   152.29999999999563       0.34861884352599665     
   152.39999999999563       0.44227475211305556     
   152.49999999999562       0.53025644979813358     
   152.59999999999562       0.60985615217736266     
   152.69999999999561       0.67889302983262567     
   152.79999999999561       0.73599855955276927     
   152.89999999999560       0.78070356793484741     
   152.99999999999559       0.81332551237127726     
   153.09999999999559       0.83473117425567200     
   153.19999999999558       0.84607230197642347     
   153.29999999999558       0.84856550967065048     
   153.39999999999557       0.84334528092607708     
   153.49999999999557       0.83138639504000367     
   153.59999999999556       0.81347719698075704     
   153.69999999999555       0.79022345822922668     
   153.79999999999555       0.76206704995859476     
   153.89999999999554       0.72930932666903225     
   153.99999999999554       0.69213377669603615     
   154.09999999999553       0.65062565411574558     
   154.19999999999553       0.60478823200161980     
   154.29999999999552       0.55455645717397228     
   154.39999999999552       0.49980953869961553     
   154.49999999999551       0.44038465715147213     
   154.59999999999550       0.37609472373916880     
   154.69999999999550       0.30675401763560239     
   154.79999999999549       0.23221648271717943     
   154.89999999999549       0.15243206015049468     
   154.99999999999548        6.7525743584475745E-002
   155.09999999999548       -2.2099548759811266E-002
   155.19999999999547      -0.11564379027693703     
   155.29999999999546      -0.21179679168979762     
   155.39999999999546      -0.30867259800231367     
   155.49999999999545      -0.40384566803845229     
   155.59999999999545      -0.49453328018774151     
   155.69999999999544      -0.57792264151688433     
   155.79999999999544      -0.65157005969530646     
   155.89999999999543      -0.71374610898785074     
   155.99999999999542      -0.76361086585807725     
   156.09999999999542      -0.80117854787302667     
   156.19999999999541      -0.82712008268404780     
   156.29999999999541      -0.84249908039932020     
   156.39999999999540      -0.84852741148233946     
   156.49999999999540      -0.84638678450044458     
   156.59999999999539      -0.83712407986177384     
   156.69999999999538      -0.82160604906269719     
   156.79999999999538      -0.80051269223542643     
   156.89999999999537      -0.77435131324476969     
   156.99999999999537      -0.74347883819588900     
   157.09999999999536      -0.70812519688349096     
   157.19999999999536      -0.66841434155794666     
   157.29999999999535      -0.62438186336601553     
   157.39999999999534      -0.57598958000675249     
   157.49999999999534      -0.52313834004727588     
   157.59999999999533      -0.46568095620310945     
   157.69999999999533      -0.40343786996852993     
   157.79999999999532      -0.33621898435917486     
   157.89999999999532      -0.26385606033785569     
   157.99999999999531      -0.18625089428179178     
   158.09999999999530      -0.10344449355872494     
   158.19999999999530       -1.5710322983581562E-002
   158.29999999999529        7.6331569197805316E-002
   158.39999999999529       0.17159502760378864     
   158.49999999999528       0.26843628541496056     
   158.59999999999528       0.36464110606598876     
   158.69999999999527       0.45754306560759705     
   158.79999999999526       0.54429502968123100     
   158.89999999999526       0.62225165199638133     
   158.99999999999525       0.68935342623878926     
   159.09999999999525       0.74438290562910547     
   159.19999999999524       0.78701567860285104     
   159.29999999999524       0.81768006888690792     
   159.39999999999523       0.83730871829854547     
   159.49999999999523       0.84707782426171829     
   159.59999999999522       0.84819841054787781     
   159.69999999999521       0.84178188175053037     
   159.79999999999521       0.82877246848931507     
   159.89999999999520       0.80992697790814927     
   159.99999999999520       0.78582209096161570     
   160.09999999999519       0.75687438889014258     
   160.19999999999519       0.72336389000803980     
   160.29999999999518       0.68545628704378248     
   160.39999999999517       0.64322199767301180     
   160.49999999999517       0.59665190281502523     
   160.59999999999516       0.54567069715248762     
   160.69999999999516       0.49014949471363173     
   160.79999999999515       0.42991999171534784     
   160.89999999999515       0.36479325613690466     
   160.99999999999514       0.29458713520755098     
   161.09999999999513       0.21916720468541001     
   161.19999999999513       0.13850664523696965     
   161.29999999999512        5.2769386021392028E-002
   161.39999999999512       -3.7583428894322701E-002
   161.49999999999511      -0.13167322254969616     
   161.59999999999511      -0.22809551333025030     
   161.69999999999510      -0.32486750807619769     
   161.79999999999509      -0.41948653602553349     
   161.89999999999509      -0.50913867562519532     
   161.99999999999508      -0.59104503458228308     
   162.09999999999508      -0.66286134210360881     
   162.19999999999507      -0.72300123765760216     
   162.29999999999507      -0.77077631817509407     
   162.39999999999506      -0.80632811489860345     
   162.49999999999505      -0.83041241062166293     
   162.59999999999505      -0.84413337942849132     
   162.69999999999504      -0.84870821902000393     
   162.79999999999504      -0.84530142340743231     
   162.89999999999503      -0.83493144187044033     
   162.99999999999503      -0.81843332795498203     
   163.09999999999502      -0.79645671192656808     
   163.19999999999501      -0.76948195685818654     
   163.29999999999501      -0.73784303725033851     
   163.39999999999500      -0.70175068238884120     
   163.49999999999500      -0.66131284762441367     
   163.59999999999499      -0.61655176701642322     
   163.69999999999499      -0.56741813480741898     
   163.79999999999498      -0.51380378011946548     
   163.89999999999498      -0.45555485690239017     
   163.99999999999497      -0.39248828016694975     
   164.09999999999496      -0.32441500111155164     
   164.19999999999496      -0.25117467665029808     
   164.29999999999495      -0.17268703518499340     
   164.39999999999495       -8.9024991897409200E-002
   164.49999999999494       -5.1188129569959551E-004
   164.59999999999494        9.2161993992043167E-002
   164.69999999999493       0.18782167787102996     
   164.79999999999492       0.28472539752209863     
   164.89999999999492       0.38057043671283225     
   164.99999999999491       0.47263703761345666     
   165.09999999999491       0.55808355255003406     
   165.19999999999490       0.63433825327096149     
   165.29999999999490       0.69947039167910008     
   165.39999999999489       0.75241499819634283     
   165.49999999999488       0.79298824601821050     
   165.59999999999488       0.82172206800835434     
   165.69999999999487       0.83960744387425124     
   165.79999999999487       0.84783907246441237     
   165.89999999999486       0.84761860866184158     
   165.99999999999486       0.84003251656300093     
   166.09999999999485       0.82599395222325533     
   166.19999999999484       0.80622842527101535     
   166.29999999999484       0.78128411302453504     
   166.39999999999483       0.75155298279150462     
   166.49999999999483       0.71729434939145387     
   166.59999999999482       0.67865664864479303     
   166.69999999999482       0.63569590459015191     
   166.79999999999481       0.58839097968288356     
   166.89999999999480       0.53665666763772901     
   166.99999999999480       0.48035638090368082     
   167.09999999999479       0.41931685346775943     
   167.19999999999479       0.35334807359241327     
   167.29999999999478       0.28227260158905332     
   167.39999999999478       0.20596932711532129     
   167.49999999999477       0.12443701930359873     
   167.59999999999476        3.7881572791789872E-002
   167.69999999999476       -5.3174186456299261E-002
   167.79999999999475      -0.14776996067887427     
   167.89999999999475      -0.24440536071897145     
   167.99999999999474      -0.34100230476734672     
   168.09999999999474      -0.43498691185962668     
   168.19999999999473      -0.52352405222024112     
   168.29999999999472      -0.60388035232731230     
   168.39999999999472      -0.67382036916303245     
   168.49999999999471      -0.73190482438751059     
   168.59999999999471      -0.77759475643037856     
   168.69999999999470      -0.81115267070587527     
   168.79999999999470      -0.83341149638258016     
   168.89999999999469      -0.84550922987988353     
   168.99999999999469      -0.84866371015423192     
   169.09999999999468      -0.84401961981724505     
   169.19999999999467      -0.83256597054577619     
   169.29999999999467      -0.81510610035028364     
   169.39999999999466      -0.79225975235437252     
   169.49999999999466      -0.76448100998890356     
   169.59999999999465      -0.73208155680103004     
   169.69999999999465      -0.69525350180020073     
   169.79999999999464      -0.65408928418099277     
   169.89999999999463      -0.60859817870686483     
   169.99999999999463      -0.55872010991156473     
   170.09999999999462      -0.50433825419696166     
   170.19999999999462      -0.44529256327280037     
   170.29999999999461      -0.38139707325952688     
   170.39999999999461      -0.31246475135714191     
   170.49999999999460      -0.23834459044361866     
   170.59999999999459      -0.15897631138205895     
   170.69999999999459       -7.4467495250291560E-002
   170.79999999999458        1.4805318777296517E-002
   170.89999999999458       0.10807816207635015     
   170.99999999999457       0.20408482914209131     
   171.09999999999457       0.30098558144000814     
   171.19999999999456       0.39639325004664910     
   171.29999999999455       0.48754321366524545     
   171.39999999999455       0.57161067635750074     
   171.49999999999454       0.64610833122861955     
   171.59999999999454       0.70924069893193564     
   171.69999999999453       0.76009564417560582     
   171.79999999999453       0.79862502423175696     
   171.89999999999452       0.82545689829548297     
   171.99999999999451       0.84163323327962103     
   172.09999999999451       0.84836163490605321     
   172.19999999999450       0.84683096544114445     
   172.29999999999450       0.83810115491425463     
   172.39999999999449       0.82305392431467939     
   172.49999999999449       0.80238380899983863     
   172.59999999999448       0.77661109855827914     
   172.69999999999447       0.74610382161365707     
   172.79999999999447       0.71110120825601497     
   172.89999999999446       0.67173495913480574     
   172.99999999999446       0.62804713332151807     
   173.09999999999445       0.58000494097315813     
   173.19999999999445       0.52751362805588398     
   173.29999999999444       0.47042931383153896     
   173.39999999999444       0.40857432411512468     
   173.49999999999443       0.34175838463991687     
   173.59999999999442       0.26980999321788124     
   173.69999999999442       0.19262314018205656     
   173.79999999999441       0.11022465070195811     
   173.89999999999441        2.2865514450704061E-002
   173.99999999999440       -6.8866287950855878E-002
   174.09999999999440      -0.16392572571983177     
   174.19999999999439      -0.26071530520438690     
   174.29999999999438      -0.35706388285670693     
   174.39999999999438      -0.45033304856632472     
   174.49999999999437      -0.53767695715134411     
   174.59999999999437      -0.61641927991857370     
   174.69999999999436      -0.68444207217978925     
   174.79999999999436      -0.74045609965929926     
   174.89999999999435      -0.78406886651507202     
   174.99999999999434      -0.81565707900703366     
   175.09999999999434      -0.83612313442564434     
   175.19999999999433      -0.84663241384258880     
   175.29999999999433      -0.84839908163994870     
   175.39999999999432      -0.84254572149023899     
   175.49999999999432      -0.83003110784933654     
   175.59999999999431      -0.81162695941777185     
   175.69999999999430      -0.78792366301210093     
   175.79999999999430      -0.75934969275032627     
   175.89999999999429      -0.72619509187751630     
   175.99999999999429      -0.68863391275147701     
   176.09999999999428      -0.64674354333195094     
   176.19999999999428      -0.60052068624417965     
   176.29999999999427      -0.54989484776086295     
   176.39999999999426      -0.49474092741417697     
   176.49999999999426      -0.43489315550578955     
   176.59999999999425      -0.37016338091130596     
   176.69999999999425      -0.30036762302684306     
   176.79999999999424      -0.22536574547412119     
   176.89999999999424      -0.14511963736972514     
   176.99999999999423       -5.9774417093430260E-002
   177.09999999999422        3.0236775455256368E-002
   177.19999999999422       0.12407296744916101     
   177.29999999999421       0.22037455831908304     
   177.39999999999421       0.31720446345885872     
   177.49999999999420       0.41209584903576718     
   177.59999999999420       0.50224835747939167     
   177.69999999999419       0.58486559198611665     
   177.79999999999418       0.65755498266488888     
   177.89999999999418       0.71866185002216754     
   177.99999999999417       0.76742623444174007     
   178.09999999999417       0.80393013311171324     
   178.19999999999416       0.82889010257197160     
   178.29999999999416       0.84339196411524364     
   178.39999999999415       0.84865099935326060     
   178.49999999999415       0.84584019816139577     
   178.59999999999414       0.83599161329583027     
   178.69999999999413       0.81995531980811931     
   178.79999999999413       0.79839527393080711     
   178.89999999999412       0.77180451595227106     
   178.99999999999412       0.74052780713479260     
   179.09999999999411       0.70478489660261223     
   179.19999999999411       0.66469125476153357     
   179.29999999999410       0.62027539117272101     
   179.39999999999409       0.57149322373712907     
   179.49999999999409       0.51824080785755122     
   179.59999999999408       0.46036739547993266     
   179.69999999999408       0.39769149355565081     
   179.79999999999407       0.33002344025537800     
   179.89999999999407       0.25719897919088980     
   179.99999999999406       0.17912909647879272     
   180.09999999999405        9.5871259352009783E-002
   180.19999999999405        7.7247731152312454E-003
   180.29999999999404       -8.4653759975855516E-002
   180.39999999999404      -0.18013176103343370     
   180.49999999999403      -0.27701390066315479     
   180.59999999999403      -0.37303890982412657     
   180.69999999999402      -0.46551127522500230     
   180.79999999999401      -0.55158534918616486     
   180.89999999999401      -0.62865316635063284     
   180.99999999999400      -0.69472213044339570     
   181.09999999999400      -0.74865495232294221     
   181.19999999999399      -0.79020179406165414     
   181.29999999999399      -0.81984644111327831     
   181.39999999999398      -0.83855317289676379     
   181.49999999999397      -0.84750864546206639     
   181.59999999999397      -0.84791939897102175     
   181.69999999999396      -0.84088392372437071     
   181.79999999999396      -0.82733014706329810     
   181.89999999999395      -0.80799836531982250     
   181.99999999999395      -0.78345017968882069     
   182.09999999999394      -0.75408913009085787     
   182.19999999999393      -0.72018425829979049     
   182.29999999999393      -0.68189210676065359     
   182.39999999999392      -0.63927546191482609     
   182.49999999999392      -0.59231883196833668     
   182.59999999999391      -0.54094165577385001     
   182.69999999999391      -0.48501094323600930     
   182.79999999999390      -0.42435571137063455     
   182.89999999999390      -0.35878636130057945     
   182.99999999999389      -0.28812307361009981     
   183.09999999999388      -0.21223821640674367     
   183.19999999999388      -0.13111814006873096     
   183.29999999999387       -4.4948480625350867E-002
   183.39999999999387        4.5777580235108473E-002
   183.49999999999386       0.14013883293822108     
   183.59999999999386       0.23668048508619841     
   183.69999999999385       0.33336934730410051     
   183.79999999999384       0.42766447661996709     
   183.89999999999384       0.51673950821662729     
   183.99999999999383       0.59783806628102565     
   184.09999999999383       0.66867204012329817     
   184.19999999999382       0.72773206066727281     
   184.29999999999382       0.77440870980577137     
   184.39999999999381       0.80890802056151156     
   184.49999999999380       0.83202734684707591     
   184.59999999999380       0.84488948887389459     
   184.69999999999379       0.84871254249007566     
   184.79999999999379       0.84465087650038284     
   184.89999999999378       0.83370755586561118     
   184.99999999999378       0.81670093341041372     
   185.09999999999377       0.79426484308035084     
   185.19999999999376       0.76686573097396737     
   185.29999999999376       0.73482575564458630     
   185.39999999999375       0.69834577319350344     
   185.49999999999375       0.65752551220073585     
   185.59999999999374       0.61238033593698393     
   185.69999999999374       0.56285522545017097     
   185.79999999999373       0.50883740874289052     
   185.89999999999372       0.45016971646299103     
   185.99999999999372       0.38666746471404811     
   186.09999999999371       0.31814254106434081     
   186.19999999999371       0.24443933156419673     
   186.29999999999370       0.16548782474871529     
   186.39999999999370        8.1378833207892631E-002
   186.49999999999369       -7.5367210046153321E-003
   186.59999999999368      -0.10053017806027981     
   186.69999999999368      -0.19637883431789493     
   186.79999999999367      -0.29328930606775971     
   186.89999999999367      -0.38891387037220232     
   186.99999999999366      -0.48050805415923026     
   187.09999999999366      -0.56523764998839399     
   187.19999999999365      -0.64057405160695313     
   187.29999999999364      -0.70465696720999405     
   187.39999999999364      -0.75650190144809781     
   187.49999999999363      -0.79599710659906509     
   187.59999999999363      -0.82372606122487335     
   187.69999999999362      -0.84070748866790723     
   187.79999999999362      -0.84814355658229612     
   187.89999999999361      -0.84722959036616718     
   187.99999999999361      -0.83903826866268094     
   188.09999999999360      -0.82446623487647963     
   188.19999999999359      -0.80422264836446211     
   188.29999999999359      -0.77884092771521696     
   188.39999999999358      -0.74870035467980112     
   188.49999999999358      -0.71404959507198729     
   188.59999999999357      -0.67502821118474177     
   188.69999999999357      -0.63168482318183128     
   188.79999999999356      -0.58399211440963117     
   188.89999999999355      -0.53185980831630075     
   188.99999999999355      -0.47514742618887262     
   189.09999999999354      -0.41367931028737204     
   189.19999999999354      -0.34726520524551618     
   189.29999999999353      -0.27573063909468160     
   189.39999999999353      -0.19896222112604500     
   189.49999999999352      -0.11697317434083809     
   189.59999999999351       -2.9992735761607991E-002
   189.69999999999351        6.1422403650420565E-002
   189.79999999999350       0.15626770572412951     
   189.89999999999350       0.25299178528324562     
   189.99999999999349       0.34946724998117867     
   190.09999999999349       0.44308536949405886     
   190.19999999999348       0.53100403675475227     
   190.29999999999347       0.61051848093926187     
   190.39999999999347       0.67945408072857116     
   190.49999999999346       0.73645024061387121     
   190.59999999999346       0.78104552538211069     
   190.69999999999345       0.81356342531135728     
   190.79999999999345       0.83487439091741755     
   190.89999999999344       0.84613161633260270     
   190.99999999999343       0.84855152079752061     
   191.09999999999343       0.84326741998409349     
   191.19999999999342       0.83125249563462611     
   191.29999999999342       0.81329342235554702     
   191.39999999999341       0.78999442093186978     
   191.49999999999341       0.76179600983511564     
   191.59999999999340       0.72899840054448473     
   191.69999999999339       0.69178412767503594     
   191.79999999999339       0.65023765032574476     
   191.89999999999338       0.60436157752684272     
   191.99999999999338       0.55409030580444563     
   192.09999999999337       0.49930260701374957     
   192.19999999999337       0.43983535946139279     
   192.29999999999336       0.37550135872112234     
   192.39999999999336       0.30611504502395626     
   192.49999999999335       0.23153093622487633     
   192.59999999999334       0.15170014416658198     
   192.69999999999334        6.6749644989626392E-002
   192.79999999999333       -2.2914653517703235E-002
   192.89999999999333      -0.11648865713458459     
   192.99999999999332      -0.21265724266425437     
   193.09999999999332      -0.30952931189786365     
   193.19999999999331      -0.40467511404814327     
   193.29999999999330      -0.49531003858079775     
   193.39999999999330      -0.57862279244849923     
   193.49999999999329      -0.65217468866074102     
   193.59999999999329      -0.71424374081448838     
   193.69999999999328      -0.76399806548011273     
   193.79999999999328      -0.80145875548183865     
   193.89999999999327      -0.82730141308081928     
   193.99999999999326      -0.84259196421979432     
   194.09999999999326      -0.84854268399334531     
   194.19999999999325      -0.84633444185749129     
   194.29999999999325      -0.83701264522411978     
   194.39999999999324      -0.82144237374687001     
   194.49999999999324      -0.80030201222456965     
   194.59999999999323      -0.77409742516968127     
   194.69999999999322      -0.74318430971337124     
   194.79999999999322      -0.70779156669489829     
   194.89999999999321      -0.66804229111475355     
   194.99999999999321      -0.62397135845753549     
   195.09999999999320      -0.57553998997228262     
   195.19999999999320      -0.52264854876481270     
   195.29999999999319      -0.46514948477285983     
   195.39999999999318      -0.40286303769230630     
   195.49999999999318      -0.33559914275187569     
   195.59999999999317      -0.26318994344571711     
   195.69999999999317      -0.18553813362835239     
   195.79999999999316      -0.10268633893248461     
   195.89999999999316       -1.4910576041376328E-002
   195.99999999999315        7.7165482117186823E-002
   196.09999999999314       0.17245105532265514     
   196.19999999999314       0.26929720791803030     
   196.29999999999313       0.36548494126787701     
   196.39999999999313       0.45834481363915758     
   196.49999999999312       0.54502970037954934     
   196.59999999999312       0.62289786687855286     
   196.69999999999311       0.68989642972642806     
   196.79999999999310       0.74481597024267376     
   196.89999999999310       0.78733961376413786     
   196.99999999999309       0.81790134055123920     
   197.09999999999309       0.83743706072716151     
   197.19999999999308       0.84712409470498662     
   197.29999999999308       0.84817306275387694     
   197.39999999999307       0.84169409624232161     
   197.49999999999307       0.82862979605677678     
   197.59999999999306       0.80973530940868033     
   197.69999999999305       0.78558579671700191     
   197.79999999999305       0.75659652218879225     
   197.89999999999304       0.72304639486390476     
   197.99999999999304       0.68510018262948003     
   198.09999999999303       0.64282753193654718     
   198.19999999999303       0.59621867960959463     
   198.29999999999302       0.54519778856470458     
   198.39999999999301       0.48963555606752196     
   198.49999999999301       0.42936340290097363     
   198.59999999999300       0.36419232046001826     
   198.69999999999300       0.29394037559948827     
   198.79999999999299       0.21847380434202868     
   198.89999999999299       0.13776707914505781     
   198.99999999999298        5.1986269095188969E-002
   199.09999999999297       -3.8404310374626133E-002
   199.19999999999297      -0.13252184386767402     
   199.29999999999296      -0.22895682084109203     
   199.39999999999296      -0.32572137040282495     
   199.49999999999295      -0.42030890564114831     
   199.59999999999295      -0.50990413011384961     
   199.69999999999294      -0.59173026553072217     
   199.79999999999293      -0.66344856018470666     
   199.89999999999293      -0.72348033118468447     
   199.99999999999292      -0.77114512913864453     
   200.09999999999292      -0.80659103793910725     
   200.19999999999291      -0.83057810812047228     
   200.29999999999291      -0.84421246636508485     
   200.39999999999290      -0.84871145820787863     
   200.49999999999289      -0.84523859339458074     
   200.59999999999289      -0.83481078958913835     
   200.69999999999288      -0.81826142449651873     
   200.79999999999288      -0.79623853719978932     
   200.89999999999287      -0.76922108603417438     
   200.99999999999287      -0.73754185163845554     
   201.09999999999286      -0.70141056539959246     
   201.19999999999285      -0.66093435121583655     
   201.29999999999285      -0.61613474878024033     
   201.39999999999284      -0.56696187465438674     
   201.49999999999284      -0.51330709167678923     
   201.59999999999283      -0.45501621457214658     
   201.69999999999283      -0.39190598971690799     
   201.79999999999282      -0.32378745000360909     
   201.89999999999281      -0.25050070863890872     
   201.99999999999281      -0.17196649748693915     
   202.09999999999280       -8.8259492788342594E-002
   202.19999999999280        2.9424468668855230E-004
   202.29999999999279        9.3000606079253798E-002
   202.39999999999279       0.18867987426098493     
   202.49999999999278       0.28558509592950987     
   202.59999999999278       0.38140898667492712     
   202.69999999999277       0.47342920110495035     
   202.79999999999276       0.55880469531279386     
   202.89999999999276       0.63496793377472005     
   202.99999999999275       0.69999515885336450     
   203.09999999999275       0.75282947384758792     
   203.19999999999274       0.79329434741506699     
   203.29999999999274       0.82192697863955466     
   203.39999999999273       0.83972122253854309     
   203.49999999999272       0.84787259649836044     
   203.59999999999272       0.84758216226766003     
   203.69999999999271       0.83993501999586218     
   203.79999999999271       0.82584267296737057     
   203.89999999999270       0.80602898597775807     
   203.99999999999270       0.78104064767606085     
   204.09999999999269       0.75126834405201448     
   204.19999999999268       0.71697031369301067     
   204.29999999999268       0.67829409556006526     
   204.39999999999267       0.63529496545490716     
   204.49999999999267       0.58795116125533320     
   204.59999999999266       0.53617696349895549     
   204.69999999999266       0.47983538904817341     
   204.79999999999265       0.41875292489421578     
   204.89999999999264       0.35273952450110468     
   204.99999999999264       0.28161803045451439     
   205.09999999999263       0.20526808440129052     
   205.19999999999263       0.12368987463287096     
   205.29999999999262        3.7091598594513997E-002
   205.39999999999262       -5.4000563183983566E-002
   205.49999999999261      -0.14862191110942727     
   205.59999999999260      -0.24526695299362805     
   205.69999999999260      -0.34185262967281904     
   205.79999999999259      -0.43580147797742114     
   205.89999999999259      -0.52427753561044499     
   205.99999999999258      -0.60455015517553468     
   206.09999999999258      -0.67438988991422033     
   206.19999999999257      -0.73236532207898530     
   206.29999999999256      -0.77794530849621391     
   206.39999999999256      -0.81139855955903828     
   206.49999999999255      -0.83356186527821863     
   206.59999999999255      -0.84557482679083462     
   206.69999999999254      -0.84865519368491382     
   206.79999999999254      -0.84394653587894053     
   206.89999999999253      -0.83243628617557841     
   206.99999999999253      -0.81492610909844798     
   207.09999999999252      -0.79203418349982813     
   207.19999999999251      -0.76421322329105790     
   207.29999999999251      -0.73177375279273504     
   207.39999999999250      -0.69490691330499699     
   207.49999999999250      -0.65370433751810397     
   207.59999999999249      -0.60817462653485921     
   207.69999999999249      -0.55825714581465513     
   207.79999999999248      -0.50383462508062871     
   207.89999999999247      -0.44474670158142282     
   207.99999999999247      -0.38080727820137544     
   208.09999999999246      -0.31182945681772689     
   208.19999999999246      -0.23766276526036983     
   208.29999999999245      -0.15824803987593261     
   208.39999999999245       -7.3694771666983391E-002
   208.49999999999244        1.5617595946497823E-002
   208.59999999999243       0.10892110967690997     
   208.69999999999243       0.20494468167455093     
   208.79999999999242       0.30184341077495080     
   208.89999999999242       0.39722579363739996     
   208.99999999999241       0.48832508750907883     
   209.09999999999241       0.57231770651824754     
   209.19999999999240       0.64672109452723503     
   209.29999999999239       0.70974707972493389     
   209.39999999999239       0.76049159001388966     
   209.49999999999238       0.79891350065923783     
   209.59999999999238       0.82564573708792977     
   209.69999999999237       0.84173275894060684     
   209.79999999999237       0.84838270501014024     
   209.89999999999236       0.84678367325490667     
   209.99999999999235       0.83799415270092381     
   210.09999999999235       0.82289419682043941     
   210.19999999999234       0.80217671530426526     
   210.29999999999234       0.77636054228435403     
   210.39999999999233       0.74581246064994455     
   210.49999999999233       0.71077065653342753     
   210.59999999999232       0.67136596081374111     
   210.69999999999231       0.62763970659237878     
   210.79999999999231       0.57955849860682973     
   210.89999999999230       0.52702708839629453     
   210.99999999999230       0.46990122167052967     
   211.09999999999229       0.40800300746462992     
   211.19999999999229       0.34114218144753128     
   211.29999999999228       0.26914759067257882     
   211.39999999999227       0.19191407482241438     
   211.49999999999227       0.10947001186284164     
   211.59999999999226        2.2068862193415431E-002
   211.69999999999226       -6.9697855517825716E-002
   211.79999999999225      -0.16478055467889677     
   211.89999999999225      -0.26157658791665783     
   211.99999999999224      -0.35790997142252995     
   212.09999999999224      -0.45113908668311703     
   212.19999999999223      -0.53841782266398297     
   212.29999999999222      -0.61707318085218399     
   212.39999999999222      -0.68499364868282386     
   212.49999999999221      -0.74089797940950453     
   212.59999999999221      -0.78440131466625607     
   212.69999999999220      -0.81588619749209401     
   212.79999999999220      -0.83625848250285661     
   212.89999999999219      -0.84668482438341541     
   212.99999999999218      -0.84837908041552978     
   213.09999999999218      -0.84246260904612169     
   213.19999999999217      -0.82989256904458086     
   213.29999999999217      -0.81143901361891091     
   213.39999999999216      -0.78769079453036317     
   213.49999999999216      -0.75907505195364477     
   213.59999999999215      -0.72588070396067272     
   213.69999999999214      -0.68828086450282278     
   213.79999999999214      -0.64635213916408807     
   213.89999999999213      -0.60009057708551794     
   213.99999999999213      -0.54942514399690145     
   214.09999999999212      -0.49423031290057967     
   214.19999999999212      -0.43434002576681985     
   214.29999999999211      -0.36956603606450655     
   214.39999999999210      -0.29972455458415687     
   214.49999999999210      -0.22467606368255583     
   214.59999999999209      -0.14438368613171373     
   214.69999999999209       -5.8994604978999290E-002
   214.79999999999208        3.1054954846097396E-002
   214.89999999999208       0.12491986217025879     
   214.99999999999207       0.22123553003795771     
   215.09999999999206       0.31805976087072818     
   215.19999999999206       0.41292166064140562     
   215.29999999999205       0.50301924969073730     
   215.39999999999205       0.58555795425904356     
   215.49999999999204       0.65815048448632196     
   215.59999999999204       0.71914973249014813     
   215.69999999999203       0.76780373953118897     
   215.79999999999202       0.80420121163310521     
   215.89999999999202       0.82906316598982321     
   215.99999999999201       0.84347754670235320     
   216.09999999999201       0.84865990239016531     
   216.19999999999200       0.84578230527306431     
   216.29999999999200       0.83587530278027888     
   216.39999999999199       0.81978729517884363     
   216.49999999999199       0.79818063570773379     
   216.59999999999198       0.77154694343303132     
   216.69999999999197       0.74022976917883476     
   216.79999999999197       0.70444784956890427     
   216.89999999999196       0.66431581144661767     
   216.99999999999196       0.61986145999845665     
   217.09999999999195       0.57104012658099890     
   217.19999999999195       0.51774739118481872     
   217.29999999999194       0.45983215523462090     
   217.39999999999193       0.39711274107461070     
   217.49999999999193       0.32939954471338695     
   217.59999999999192       0.25652873052623926     
   217.69999999999192       0.17841223715445259     
   217.79999999999191        9.5109224498011888E-002
   217.89999999999191        6.9216410414447427E-003
   217.99999999999190       -8.5490190414296938E-002
   218.09999999999189      -0.18098899273585972     
   218.19999999999189      -0.27787425802976240     
   218.29999999999188      -0.37388005233525617     
   218.39999999999188      -0.46630806643860201     
   218.49999999999187      -0.55231297323283146     
   218.59999999999187      -0.62929072741858294     
   218.69999999999186      -0.69525555522083893     
   218.79999999999185      -0.74907822604426599     
   218.89999999999185      -0.79051631651617249     
   218.99999999999184      -0.82005906462320322     
   219.09999999999184      -0.83867381006586683     
   219.19999999999183      -0.84754816928585774     
   219.29999999999183      -0.84788817678306827     
   219.39999999999182      -0.84079100011594166     
   219.49999999999181      -0.82718292368041035     
   219.59999999999181      -0.80780259128178378     
   219.69999999999180      -0.78321010016512238     
   219.79999999999180      -0.75380769202462616     
   219.89999999999179      -0.71986331684566762     
   219.99999999999179      -0.68153260707369590     
   220.09999999999178      -0.63887759011911216     
   220.19999999999177      -0.59188214041649989     
   220.29999999999177      -0.54046517482375245     
   220.39999999999176      -0.48449329753136755     
   220.49999999999176      -0.42379526488044200     
   220.59999999999175      -0.35818142305177969     
   220.69999999999175      -0.28747220471035290     
   220.79999999999174      -0.21154068582222268     
   220.89999999999173      -0.13037457482281001     
   220.99999999999173       -4.4161732755322702E-002
   221.09999999999172        4.6601390994584616E-002
   221.19999999999172       0.14098926135463974     
   221.29999999999171       0.23754201522549193     
   221.39999999999171       0.33422143386835484     
   221.49999999999170       0.42848282893409956     
   221.59999999999170       0.51749874293574316     
   221.69999999999169       0.59851523692234454     
   221.79999999999168       0.66924997535036268     
   221.89999999999168       0.72820137005161822     
   221.99999999999167       0.77476789127977119     
   222.09999999999167       0.80916194452612855     
   222.19999999999166       0.83218493702861684     
   222.29999999999166       0.84496143645729793     
   222.39999999999165       0.84870955918950020     
   222.49999999999164       0.84458262012529772     
   222.59999999999164       0.83358212637472329     
   222.69999999999163       0.81652475541503633     
   222.79999999999163       0.79404276386140360     
   222.89999999999162       0.76660121155486716     
   222.99999999999162       0.73452108148587258     
   223.09999999999161       0.69800224785851483     
   223.19999999999160       0.65714362103743018     
   223.29999999999160       0.61195988089647890     
   223.39999999999159       0.56239544061214564     
   223.49999999999159       0.50833707216312307     
   223.59999999999158       0.44962727984754269     
   223.69999999999158       0.38608122947782636     
   223.79999999999157       0.31751091775606510     
   223.89999999999156       0.24376122780718146     
   223.99999999999156       0.16476320983725914     
   224.09999999999155        8.0609515113419086E-002
   224.19999999999155       -8.3461147566567112E-003
   224.29999999999154      -0.10137111929644370     
   224.39999999999154      -0.19723796796695936     
   224.49999999999153      -0.29414810214698400     
   224.59999999999152      -0.38974934875753620     
   224.69999999999152      -0.48129488820680988     
   224.79999999999151      -0.56595143480331367     
   224.89999999999151      -0.64119487201418612     
   224.99999999999150      -0.70517207187543474     
   225.09999999999150      -0.75690661350538568     
   225.19999999999149      -0.79629390280140455     
   225.29999999999148      -0.82392247492929993     
   225.39999999999148      -0.84081372569755186     
   225.49999999999147      -0.84817048862661071     
   225.59999999999147      -0.84718740360948408     
   225.69999999999146      -0.83893574313467500     
   225.79999999999146      -0.82431048909225113     
   225.89999999999145      -0.80401916562518672     
   225.99999999999145      -0.77859371998989246     
   226.09999999999144      -0.74841217137783222     
   226.19999999999143      -0.71372212645942235     
   226.29999999999143      -0.67466226503882110     
   226.39999999999142      -0.63128047085126504     
   226.49999999999142      -0.58354881279059789     
   226.59999999999141      -0.53137651097162864     
   226.69999999999141      -0.47462270257837763     
   226.79999999999140      -0.41311149854824203     
   226.89999999999139      -0.34665263188367634     
   226.99999999999139      -0.27507194758914932     
   227.09999999999138      -0.19825685748222346     
   227.19999999999138      -0.11622207329070069     
   227.29999999999137       -2.9199222640231365E-002
   227.39999999999137        6.2251552313888223E-002
   227.49999999999136       0.15712122920807470     
   227.59999999999135       0.25385329007349217     
   227.69999999999135       0.35031543269541709     
   227.79999999999134       0.44389553641130847     
   227.89999999999134       0.53175095718050946     
   227.99999999999133       0.61117996967867283     
   228.09999999999133       0.68001418371753197     
   228.19999999999132       0.73690093819525249     
   228.29999999999131       0.78138652652438600     
   228.39999999999131       0.81380045241037702     
   228.49999999999130       0.83501681417056417     
   228.59999999999130       0.84619023418971739     
   228.69999999999129       0.84853692531193703     
   228.79999999999129       0.84318902935128048     
   228.89999999999128       0.83111812855258149     
   228.99999999999127       0.81310922758409965     
   229.09999999999127       0.78976499807908285     
   229.19999999999126       0.76152460768701424     
   229.29999999999126       0.72868712666502400     
   229.39999999999125       0.69143413745554017     
   229.49999999999125       0.64984930545477371     
   229.59999999999124       0.60393457671531126     
   229.69999999999123       0.55362379844770582     
   229.79999999999123       0.49879530635953823     
   229.89999999999122       0.43928567787098677     
   229.99999999999122       0.37490759491762993     
   230.09999999999121       0.30547566178390750     
   230.19999999999121       0.23084497472835025     
   230.29999999999120       0.15096782251146079     
   230.39999999999119        6.5973171939578218E-002
   230.49999999999119       -2.3730070080692944E-002
   230.59999999999118      -0.11733373253524544     
   230.69999999999118      -0.21351775280676216     
   230.79999999999117      -0.31038589209183298     
   230.89999999999117      -0.40550420447618085     
   230.99999999999116      -0.49608621688545418     
   231.09999999999116      -0.57932216854876994     
   231.19999999999115      -0.65277840578397306     
   231.29999999999114      -0.71474039547260593     
   231.39999999999114      -0.76438429099485850     
   231.49999999999113      -0.80173804409250349     
   231.59999999999113      -0.82748191020532791     
   231.69999999999112      -0.84268411156719192     
   231.79999999999112      -0.84855731384983402     
   231.89999999999111      -0.84628153929969185     
   231.99999999999110      -0.83690071893686069     
   232.09999999999110      -0.82127826019007799     
   232.19999999999109      -0.80009093372351758     
   232.29999999999109      -0.77384316650620066     
   232.39999999999108      -0.74288942855994788     
   232.49999999999108      -0.70745759343022696     
   232.59999999999107      -0.66766990025192452     
   232.69999999999106      -0.62356050998802981     
   232.79999999999106      -0.57509004843437816     
   232.89999999999105      -0.52215839423961152     
   232.99999999999105      -0.46461763577985354     
   233.09999999999104      -0.40228781265155605     
   233.19999999999104      -0.33497889482624515     
   233.29999999999103      -0.26252341210671337     
   233.39999999999102      -0.18482496127417758     
   233.49999999999102      -0.10192779361452151     
   233.59999999999101       -1.4110486789726706E-002
   233.69999999999101        7.7999651947768839E-002
   233.79999999999100       0.17330721001005209     
   233.89999999999100       0.27015808158836735     
   233.99999999999099       0.36632851523610821     
   234.09999999999098       0.45914607322766765     
   234.19999999999098       0.54576367160310335     
   234.29999999999097       0.62354321860269635     
   234.39999999999097       0.69043847434883487     
   234.49999999999096       0.74524805200917876     
   234.59999999999096       0.78766260203837446     
   234.69999999999095       0.81812174092479206     
   234.79999999999094       0.83756462611951188     
   234.89999999999094       0.84716968447851693     
   234.99999999999093       0.84814712228159583     
   235.09999999999093       0.84160579252336409     
   235.19999999999092       0.82848666491917655     
   235.29999999999092       0.80954322743422069     
   235.39999999999091       0.78534912159568149     
   235.49999999999091       0.75631829646422899     
   235.59999999999090       0.72272855356880328     
   235.69999999999089       0.68474373745566786     
   235.79999999999089       0.64243272458422607     
   235.89999999999088       0.59578510872523693     
   235.99999999999088       0.54472452200770616     
   236.09999999999087       0.48912124603389917     
   236.19999999999087       0.42880642761324361     
   236.29999999999086       0.36359098369328080     
   236.39999999999085       0.29329320395937519     
   236.49999999999085       0.21777998940577098     
   236.59999999999084       0.13702711085167013     
   236.69999999999084        5.1202785781465449E-002
   236.79999999999083       -3.9225489355084894E-002
   236.89999999999083      -0.13337065189180269     
   236.99999999999082      -0.22981815789839516     
   237.09999999999081      -0.32657506316249896     
   237.19999999999081      -0.42113088125221959     
   237.29999999999080      -0.51066896880855206     
   237.39999999999080      -0.59241469397927604     
   237.49999999999079      -0.66403485030652654     
   237.59999999999079      -0.72395844359699513     
   237.69999999999078      -0.77151297218614157     
   237.79999999999077      -0.80685305483951508     
   237.89999999999077      -0.83074298830935289     
   237.99999999999076      -0.84429083310300501     
   238.09999999999076      -0.84871406957043383     
   238.19999999999075      -0.84517521599690981     
   238.29999999999075      -0.83468965565836772     
   238.39999999999074      -0.81808909039066524     
   238.49999999999073      -0.79601996945100406     
   238.59999999999073      -0.76895984828426522     
   238.69999999999072      -0.73724031550988278     
   238.79999999999072      -0.70107010623248778     
   238.89999999999071      -0.66055551423664316     
   238.99999999999071      -0.61571738595701342     
   239.09999999999070      -0.56650526126033851     
   239.19999999999069      -0.51281003772542610     
   239.29999999999069      -0.45447719212826182     
   239.39999999999068      -0.39132330402314430     
   239.49999999999068      -0.32315949070569544     
   239.59999999999067      -0.24982632570540109     
   239.69999999999067      -0.17124555011357553     
   239.79999999999066       -8.7493608942375872E-002
   239.89999999999065        1.1007014582299912E-003
   239.99999999999065        9.3839456482026906E-002
   240.09999999999064       0.18953817116646665     
   240.19999999999064       0.28644471191026655     
   240.29999999999063       0.38224723746894140     
   240.39999999999063       0.47422083863041276     
   240.49999999999062       0.55952510702122338     
   240.59999999999062       0.63559672994810990     
   240.69999999999061       0.70051895826949906     
   240.79999999999060       0.75324296899886156     
   240.89999999999060       0.79359951246400562     
   240.99999999999059       0.82213103304649771     
   241.09999999999059       0.83983424058402656     
   241.19999999999058       0.84790545544264018     
   241.29999999999058       0.84754513673855059     
   241.39999999999057       0.83983701627031404     
   241.49999999999056       0.82569094357235950     
   241.59999999999056       0.80582913952316204     
   241.69999999999055       0.78079680582616129     
   241.79999999999055       0.75098334903743202     
   241.89999999999054       0.71664593323667547     
   241.99999999999054       0.67793120197862144     
   242.09999999999053       0.63489368402186297     
   242.19999999999052       0.58751099368690840     
   242.29999999999052       0.53569689931971987     
   242.39999999999051       0.47931402333731382     
   242.49999999999051       0.41818860728512824     
   242.59999999999050       0.35213057211597026     
   242.69999999999050       0.28096304611689060     
   242.79999999999049       0.20456642792390944     
   242.89999999999048       0.12294233188953577     
   242.99999999999048        3.6301267013849864E-002
   243.09999999999047       -5.4827221912389257E-002
   243.19999999999047      -0.14947402507776206     
   243.29999999999046      -0.24612854397767703     
   243.39999999999046      -0.34270274840195547     
   243.49999999999045      -0.43661561173104668     
   243.59999999999044      -0.52503036850804596     
   243.69999999999044      -0.60521912962395530     
   243.79999999999043      -0.67495846867466225     
   243.89999999999043      -0.73282483661345110     
   243.99999999999042      -0.77829490021861325     
   244.09999999999042      -0.81164355588758519     
   244.19999999999041      -0.83371143304629591     
   244.29999999999040      -0.84563971962980089     
   244.39999999999040      -0.84864606387191532     
   244.49999999999039      -0.84387291666391517     
   244.59999999999039      -0.83230612973646978     
   244.69999999999038      -0.81474569441359157     
   244.79999999999038      -0.79180822676558893     
   244.89999999999037      -0.76394507305649573     
   244.99999999999037      -0.73146560019445439     
   245.09999999999036      -0.69455998334038183     
   245.19999999999035      -0.65331904997491252     
   245.29999999999035      -0.60775072861860280     
   245.39999999999034      -0.55779382663641963     
   245.49999999999034      -0.50333062812237561     
   245.59999999999033      -0.44420045720864176     
   245.69999999999033      -0.38021708547902855     
   245.79999999999032      -0.31119375238837194     
   245.89999999999031      -0.23698052501381678     
   245.99999999999031      -0.15751936127267446     
   246.09999999999030       -7.2921670120851684E-002
   246.19999999999030        1.6430191289564328E-002
   246.29999999999029       0.10976427569992434     
   246.39999999999029       0.20580460696678499     
   246.49999999999028       0.30270112310344788     
   246.59999999999027       0.39805799982108020     
   246.69999999999027       0.48910639848120335     
   246.79999999999026       0.57302397553944096     
   246.89999999999026       0.64733295434000437     
   246.99999999999025       0.71025248590052970     
   247.09999999999025       0.76088655932410343     
   247.19999999999024       0.79920105229289440     
   247.29999999999023       0.82583373514797376     
   247.39999999999023       0.84183154038357833     
   247.49999999999022       0.84840312532208340     
   247.59999999999022       0.84673581507411033     
   247.69999999999021       0.83788665395444184     
   247.79999999999021       0.82273402735429590     
   247.89999999999020       0.80196922041246799     
   247.99999999999019       0.77610961358972008     
   248.09999999999019       0.74552074591368078     
   248.19999999999018       0.71043976124148522     
   248.29999999999018       0.67099662208776623     
   248.39999999999017       0.62723193674103828     
   248.49999999999017       0.57911170552265101     
   248.59999999999016       0.52654018654165868     
   248.69999999999015       0.46937275314606430     
   248.79999999999015       0.40743129923987265     
   248.89999999999014       0.34052557287668184     
   248.99999999999014       0.26848477401302295     
   249.09999999999013       0.19120459698394482     
   249.19999999999013       0.10871497978418448     
   249.29999999999012        2.1271862540251624E-002
   249.39999999999011       -7.0529688356672254E-002
   249.49999999999011      -0.16563552267405973     
   249.59999999999010      -0.26243783733869086     
   249.69999999999010      -0.35875581657402156     
   249.79999999999009      -0.45194465429644759     
   249.89999999999009      -0.53915800414200976     
   249.99999999999008      -0.61772622934365229     
   250.09999999999008      -0.68554427125144246     
   250.19999999999007      -0.74133887579407898     
   250.29999999999006      -0.78473281132388029     
   250.39999999999006      -0.81611443772543668     
   250.49999999999005      -0.83639304578042972     
   250.59999999999005      -0.84673654678676480     
   250.69999999999004      -0.84835847996161051     
   250.79999999999004      -0.84237897300770515     
   250.89999999999003      -0.82975356733687000     
   250.99999999999002      -0.81125065123074880     
   251.09999999999002      -0.78745754299449588     
   251.19999999999001      -0.75880005074436663     
   251.29999999999001      -0.72556596915993143     
   251.39999999999000      -0.68792747530904641     
   251.49999999999000      -0.64596039365229918     
   251.59999999998999      -0.59966012089878507     
   251.69999999998998      -0.54895508321385533     
   251.79999999998998      -0.49371932815172326     
   251.89999999998997      -0.43378651077244357     
   251.99999999998997      -0.36896829120779101     
   252.09999999998996      -0.29908107474678802     
   252.19999999998996      -0.22398596705337104     
   252.29999999998995      -0.14364733096955259     
   252.39999999998994       -5.8214422542440539E-002
   252.49999999998994        3.1873438658393427E-002
   252.59999999998993       0.12576695410480709     
   252.69999999998993       0.22209654548613464     
   252.79999999998992       0.31891490580055804     
   252.89999999998992       0.41374709644078111     
   252.99999999998991       0.50378954290179412     
   253.09999999998990       0.58624952692111743     
   253.19999999998990       0.65874506572207114     
   253.29999999998989       0.71963663547097290     
   253.39999999998989       0.76818027359400132     
   253.49999999998988       0.80447137782431066     
   253.59999999998988       0.82923540450596811     
   253.69999999998987       0.84356240139890626     
   253.79999999998986       0.84866817062076649     
   253.89999999998986       0.84572385911810577     
   253.99999999998985       0.83575850593186396     
   254.09999999998985       0.81961883635371846     
   254.19999999998984       0.79796560191415755     
   254.29999999998984       0.77128900228795627     
   254.39999999998983       0.73993137971476330     
   254.49999999998983       0.70411045995595889     
   254.59999999998982       0.66394002765266691     
   254.69999999998981       0.61944718473969185     
   254.79999999998981       0.57058667701987442     
   254.89999999998980       0.51725361008533999     
   254.99999999998980       0.45929653608646870     
   255.09999999998979       0.39653359451759151     
   255.19999999998979       0.32877524184780360     
   255.29999999998978       0.25585806712485026     
   255.39999999998977       0.17769496712920257     
   255.49999999998977        9.4346801987738413E-002
   255.59999999998976        6.1181725887784616E-003
   255.69999999998976       -8.6326868135391491E-002
   255.79999999998975      -0.18184633764543437     
   255.89999999998975      -0.27873454900745642     
   255.99999999998974      -0.37472091369020621     
   256.09999999998973      -0.46710434938957435     
   256.19999999998976      -0.55303988100238977     
   256.29999999998978      -0.62992741393470486     
   256.39999999998980      -0.69578801619600028     
   256.49999999998983      -0.74950051794588568     
   256.59999999998985      -0.79082989749852517     
   256.69999999998987      -0.82027082471501833     
   256.79999999998989      -0.83879367883941125     
   256.89999999998992      -0.84758702067466674     
   256.99999999998994      -0.84785636909570405     
   257.09999999998996      -0.84069756416808594     
   257.19999999998998      -0.82703524615172974     
   257.29999999999001      -0.80760640713624565     
   257.39999999999003      -0.78296964210506970     
   257.49999999999005      -0.75352589641278245     
   257.59999999999008      -0.71954202999964956     
   257.69999999999010      -0.68117276678703731     
   257.79999999999012      -0.63847937636641738     
   257.89999999999014      -0.59144510043057719     
   257.99999999999017      -0.53998833482463704     
   258.09999999999019      -0.48397527914540039     
   258.19999999999021      -0.42323443056570459     
   258.29999999999023      -0.35757608253891582     
   258.39999999999026      -0.28682092313105834     
   258.49999999999028      -0.21084274102667022     
   258.59999999999030      -0.12963060946345689     
   258.69999999999033       -4.3374623117446096E-002
   258.79999999999035        4.7425491246856008E-002
   258.89999999999037       0.14183986444793772     
   258.99999999999039       0.23840355882724135     
   259.09999999999042       0.33507333168029269     
   259.19999999999044       0.42930076703354303     
   259.29999999999046       0.51825734346051167     
   259.39999999999048       0.59919159120379994     
   259.49999999999051       0.66982697497174049     
   259.59999999999053       0.72866969701331663     
   259.69999999999055       0.77512610865856746     
   259.79999999999058       0.80941496943007807     
   259.89999999999060       0.83234171839623028     
   259.99999999999062       0.84503267235257595     
   260.09999999999064       0.84870595573143703     
   260.19999999999067       0.84451382279192011     
   260.29999999999069       0.83345622032944078     
   260.39999999999071       0.81634815061642596     
   260.49999999999073       0.79382029436710788     
   260.59999999999076       0.76633632702710752     
   260.69999999999078       0.73421605785216537     
   260.79999999999080       0.69765838074138398     
   260.89999999999083       0.65676138915939186     
   260.99999999999085       0.61153908067519380     
   261.09999999999087       0.56193530157612281     
   261.19999999999089       0.50783636885360595     
   261.29999999999092       0.44908446176736377     
   261.39999999999094       0.38549459771449351     
   261.49999999999096       0.31687888533908160     
   261.59999999999098       0.24308270900896248     
   261.69999999999101       0.16403818653497323     
   261.79999999999103        7.9839815741624368E-002
   261.89999999999105       -9.1558327975693327E-003
   261.99999999999108      -0.10221228854064966     
   262.09999999999110      -0.19809718768288703     
   262.19999999999112      -0.29500679771524174     
   262.29999999999114      -0.39058450787573934     
   262.39999999999117      -0.48208117677500140     
   262.49999999999119      -0.56666447253379293     
   262.59999999999121      -0.64181479775420947     
   262.69999999999123      -0.70568620492180500     
   262.79999999999126      -0.75731034695757238     
   262.89999999999128      -0.79658976861865516     
   262.99999999999130      -0.82411804051736892     
   263.09999999999133      -0.84091921074781251     
   263.19999999999135      -0.84819676367113106     
   263.29999999999137      -0.84714464468579531     
   263.39999999999139      -0.83883271609432264     
   263.49999999999142      -0.82415429751701375     
   263.59999999999144      -0.80381527890700766     
   263.69999999999146      -0.77834613794680652     
   263.79999999999148      -0.74812363314754249     
   263.89999999999151      -0.71339431373890727     
   263.99999999999153      -0.67429597846458644     
   264.09999999999155      -0.63087577580537957     
   264.19999999999158      -0.58310516121347056     
   264.29999999999160      -0.53089285246107665     
   264.39999999999162      -0.47409760379536592     
   264.49999999999164      -0.41254329643194410     
   264.59999999999167      -0.34603965411293286     
   264.69999999999169      -0.27441284236499353     
   264.79999999999171      -0.19755108069028532     
   264.89999999999173      -0.11547057661948831     
   264.99999999999176       -2.8405357265381362E-002
   265.09999999999178        6.3080974329342121E-002
   265.19999999999180       0.15797490350013099     
   265.29999999999183       0.25471477687162031     
   265.39999999999185       0.35116338970376620     
   265.49999999999187       0.44470525085207352     
   265.59999999999189       0.53249720930536981     
   265.69999999999192       0.61184061712725124     
   265.79999999999194       0.68057333817013199     
   265.89999999999196       0.73735065228723085     
   265.99999999999199       0.78172657183021688     
   266.09999999999201       0.81403659442301424     
   266.19999999999203       0.83515844487800839     
   266.29999999999205       0.84624815638957851     
   266.39999999999208       0.84852172395929570     
   266.49999999999210       0.84311010964436539     
   266.59999999999212       0.83098329427748896     
   266.69999999999214       0.81292461302721031     
   266.79999999999217       0.78953518992491545     
   266.89999999999219       0.76125284367833224     
   266.99999999999221       0.72837550511965843     
   267.09999999999224       0.69108380606400210     
   267.19999999999226       0.64946061947696920     
   267.29999999999228       0.60350722949769953     
   267.39999999999230       0.55315693499973895     
   267.49999999999233       0.49828763660874775     
   267.59999999999235       0.43873561224231078     
   267.69999999999237       0.37431343220262758     
   267.79999999999239       0.30483586783362293     
   267.89999999999242       0.23015859823697213     
   267.99999999999244       0.15023509534998294     
   268.09999999999246        6.5196324834991298E-002
   268.19999999999249       -2.4545797725430168E-002
   268.29999999999251      -0.11817901536176442     
   268.39999999999253      -0.21437832058698514     
   268.49999999999255      -0.31124233671330326     
   268.59999999999258      -0.40633293729701137     
   268.69999999999260      -0.49686181319588102     
   268.79999999999262      -0.58002076831614735     
   268.89999999999264      -0.65338121016392381     
   268.99999999999267      -0.71523607270689271     
   269.09999999999269      -0.76476954269449249     
   269.19999999999271      -0.80201641436454763     
   269.29999999999274      -0.82766157489452274     
   269.39999999999276      -0.84277552330429417     
   269.49999999999278      -0.84857130184336171     
   269.59999999999280      -0.84622807749903184     
   269.69999999999283      -0.83678830153821071     
   269.79999999999285      -0.82111370880226231     
   269.89999999999287      -0.79987945702843088     
   269.99999999999289      -0.77358853745359912     
   270.09999999999292      -0.74259419485387756     
   270.19999999999294      -0.70712327714025447     
   270.29999999999296      -0.66729716896385172     
   270.39999999999299      -0.62314931790480099     
   270.49999999999301      -0.57463975530187228     
   270.59999999999303      -0.52166787635154943     
   270.69999999999305      -0.46408540908751161     
   270.79999999999308      -0.40171219471147257     
   270.89999999999310      -0.33435824047664509     
   270.99999999999312      -0.26185646628482717     
   271.09999999999314      -0.18411137730979471     
   271.19999999999317      -0.10116885789612889     
   271.29999999999319       -1.3310055806740370E-002
   271.39999999999321        7.8834077743293512E-002
   271.49999999999324       0.17416349030564304     
   271.59999999999326       0.27101890468154061     
   271.69999999999328       0.36717182598078801     
   271.79999999999330       0.45994684238205835     
   271.89999999999333       0.54649694165195584     
   271.99999999999335       0.62418770600383366     
   272.09999999999337       0.69097955958734569     
   272.19999999999339       0.74567915101244520     
   272.29999999999342       0.78798464395658274     
   272.39999999999344       0.81834127079224772     
   272.49999999999346       0.83769141534271807     
   272.59999999999349       0.84721459441190916     
   272.69999999999351       0.84812058985605110     
   272.79999999999353       0.84151697118759217     
   272.89999999999355       0.82834307553822684     
   272.99999999999358       0.80935073232604071     
   273.09999999999360       0.78511206583495130     
   273.19999999999362       0.75603971186633634     
   273.29999999999364       0.72241036619978105     
   273.39999999999367       0.68438695153861973     
   273.49999999999369       0.64203757558148378     
   273.59999999999371       0.59535119008528570     
   273.69999999999374       0.54425089737164367     
   273.79999999999376       0.48860656448069595     
   273.89999999999378       0.42824906571333687     
   273.99999999999380       0.36298924571424129     
   274.09999999999383       0.29264562021567686     
   274.19999999999385       0.21708575990577553     
   274.29999999999387       0.13628674055384643     
   274.39999999999390        5.0418936527559827E-002
   274.49999999999392       -4.0046965051859604E-002
   274.59999999999394      -0.13421964543648329     
   274.69999999999396      -0.23067952290820276     
   274.79999999999399      -0.32742858444398060     
   274.89999999999401      -0.42195246083429311     
   274.99999999999403      -0.51143318985431252     
   275.09999999999405      -0.59309831851869022     
   275.19999999999408      -0.66462021167897112     
   275.29999999999410      -0.72443557474228837     
   275.39999999999412      -0.77187984768596030     
   275.49999999999415      -0.80711416630236754     
   275.59999999999417      -0.83090705203908977     
   275.69999999999419      -0.84436848049852264     
   275.79999999999421      -0.84871605388137783     
   275.89999999999424      -0.84511129186407519     
   275.99999999999426      -0.83456804059378975     
   276.09999999999428      -0.81791632602674236     
   276.19999999999430      -0.79580100895845884     
   276.29999999999433      -0.76869824379252771     
   276.39999999999435      -0.73693842897004924     
   276.49999999999437      -0.70072930492742247     
   276.59999999999440      -0.66017633667192999     
   276.69999999999442      -0.61529967848613165     
   276.79999999999444      -0.56604829452760219     
   276.89999999999446      -0.51231261814049378     
   276.99999999999449      -0.45393778943189239     
   277.09999999999451      -0.39074022295236210     
   277.19999999999453      -0.32253112311937382     
   277.29999999999455      -0.24915152782921468     
   277.39999999999458      -0.17052419318210929     
   277.49999999999460       -8.6727340691319391E-002
   277.59999999999462        1.9074883857196911E-003
   277.69999999999465        9.4678544187835556E-002
   277.79999999999467       0.19039656715951547     
   277.89999999999469       0.28730424366750629     
   277.99999999999471       0.38308518708705414     
   278.09999999999474       0.47501194822890158     
   278.19999999999476       0.56024478605253225     
   278.29999999999478       0.63622464073265428     
   278.39999999999480       0.70104178951812535     
   278.49999999999483       0.75365548382284708     
   278.59999999999485       0.79390374175283740     
   278.69999999999487       0.82233423203889555     
   278.79999999999490       0.83994649887859696     
   278.89999999999492       0.84793765011272348     
   278.99999999999494       0.84750753277839175     
   279.09999999999496       0.83973850595745425     
   279.19999999999499       0.82553876447834362     
   279.29999999999501       0.80562888622941642     
   279.39999999999503       0.78055258769582392     
   279.49999999999505       0.75069799788386737     
   279.59999999999508       0.71632120808784439     
   279.69999999999510       0.67756796790680862     
   279.79999999999512       0.63449206024797167     
   279.89999999999515       0.58707047689382441     
   279.99999999999517       0.53521647498461655     
   280.09999999999519       0.47879228363560317     
   280.19999999999521       0.41762390050141418     
   280.29999999999524       0.35152121631910932     
   280.39999999999526       0.28030764851631479     
   280.49999999999528       0.20386435773395756     
   280.59999999999530       0.12219439130514484     
   280.69999999999533        3.5510578546280494E-002
   280.79999999999535       -5.5654161795274895E-002
   280.89999999999537      -0.15032630132956504     
   280.99999999999540      -0.24699013201607214     
   281.09999999999542      -0.34355265900902932     
   281.19999999999544      -0.43742931110531763     
   281.29999999999546      -0.52578254911689781     
   281.39999999999549      -0.60588727436058432     
   281.49999999999551      -0.67552610476564845     
   281.59999999999553      -0.73328336793816928     
   281.69999999999555      -0.77864353203663395     
   281.79999999999558      -0.81188766043164673     
   281.89999999999560      -0.83386020054731202     
   281.99999999999562      -0.84570390924402106     
   282.09999999999565      -0.84863632146991241     
   282.19999999999567      -0.84379876279920463     
   282.29999999999569      -0.83217550172176058     
   282.39999999999571      -0.81456485666482625     
   282.49999999999574      -0.79158188241244032     
   282.59999999999576      -0.76367655945449597     
   282.69999999999578      -0.73115709909912951     
   282.79999999999580      -0.69421271193564305     
   282.89999999999583      -0.65293342152744660     
   282.99999999999585      -0.60732648488978480     
   283.09999999999587      -0.55733015227292715     
   283.19999999999590      -0.50282626319290036     
   283.29999999999592      -0.44365383001386305     
   283.39999999999594      -0.37962649496148859     
   283.49999999999596      -0.31055763797901803     
   283.59999999999599      -0.23629786970051575     
   283.69999999999601      -0.15679027571832588     
   283.79999999999603       -7.2148190986690106E-002
   283.89999999999606        1.7243104115938893E-002
   283.99999999999608       0.11060765906549509     
   284.09999999999610       0.20666460352445826     
   284.19999999999612       0.30355871658068551     
   284.29999999999615       0.39888986657936837     
   284.39999999999617       0.48988714465924305     
   284.49999999999619       0.57372948188196626     
   284.59999999999621       0.64794390971730376     
   284.69999999999624       0.71075691715652745     
   284.79999999999626       0.76128055236281333     
   284.89999999999628       0.79948767977166091     
   284.99999999999631       0.82602089330561324     
   285.09999999999633       0.84192957847402827     
   285.19999999999635       0.84842289664153792     
   285.29999999999637       0.84668739158088879     
   285.39999999999640       0.83777865922310968     
   285.49999999999642       0.82257341633513181     
   285.59999999999644       0.80176132462800598     
   285.69999999999646       0.77585831267949179     
   285.79999999999649       0.74522867752757649     
   285.89999999999651       0.71010852243423694     
   285.99999999999653       0.67062694295354575     
   286.09999999999656       0.62682382371618051     
   286.19999999999658       0.57866456162994495     
   286.29999999999660       0.52605292237130619     
   286.39999999999662       0.46884390811964288     
   286.49999999999665       0.40685919930216968     
   286.59999999999667       0.33990855881502002     
   286.69999999999669       0.26782154319246482     
   286.79999999999671       0.19049470674102525     
   286.89999999999674       0.10795955473442773     
   286.99999999999676        2.0474516039272819E-002
   287.09999999999678       -7.1361785557032043E-002
   287.19999999999681      -0.16649062838241985     
   287.29999999999683      -0.26329905175743457     
   287.39999999999685      -0.35960141633730863     
   287.49999999999687      -0.45274974940874679     
   287.59999999999690      -0.53989749985580060     
   287.69999999999692      -0.61837842418250577     
   287.79999999999694      -0.68609393931796692     
   287.89999999999696      -0.74177878885574700     
   287.99999999999699      -0.78506335699205931     
   288.09999999999701      -0.81634180047952276     
   288.19999999999703      -0.83652682512472853     
   288.29999999999706      -0.84678758188857595     
   288.39999999999708      -0.84833728101283434     
   288.49999999999710      -0.84229481397922401     
   288.59999999999712      -0.82961410319741868     
   288.69999999999715      -0.81106187260261786     
   288.79999999999717      -0.78722390864827607     
   288.89999999999719      -0.75852468927738437     
   288.99999999999721      -0.72525088755607880     
   289.09999999999724      -0.68757374518909486     
   289.19999999999726      -0.64556830676376842     
   289.29999999999728      -0.59922931760818754     
   289.39999999999731      -0.54848466530179274     
   289.49999999999733      -0.49320797303424979     
   289.59999999999735      -0.43323261038086935     
   289.69999999999737      -0.36837014621330777     
   289.79999999999740      -0.29843718343430858     
   289.89999999999742      -0.22329545560198644     
   289.99999999999744      -0.14291057206034619     
   290.09999999999746       -5.7433870204010251E-002
   290.19999999999749        3.2692226142096464E-002
   290.29999999999751       0.12661424210474348     
   290.39999999999753       0.22295760310465212     
   290.49999999999756       0.31976989636061992     
   290.59999999999758       0.41457215441284490     
   290.69999999999760       0.50455923523707980     
   290.79999999999762       0.58694030852283929     
   290.89999999999765       0.65933872553292749     
   290.99999999999767       0.72012255876689868     
   291.09999999999769       0.76855583696538676     
   291.19999999999771       0.80474063236979076     
   291.29999999999774       0.82940681896619095     
   291.39999999999776       0.84364652906508764     
   291.49999999999778       0.84867580482742788     
   291.59999999999781       0.84566486035643973     
   291.69999999999783       0.83564122327620305     
   291.79999999999785       0.81944994373076874     
   291.89999999999787       0.79775017283546279     
   291.99999999999790       0.77103069270671676     
   292.09999999999792       0.73963263885225228     
   292.19999999999794       0.70377272780676969     
   292.29999999999797       0.66356390336690163     
   292.39999999999799       0.61903256533705719     
   292.49999999999801       0.57013287495642018     
   292.59999999999803       0.51675946443349041     
   292.69999999999806       0.45876053789443760     
   292.79999999999808       0.39595405374702070     
   292.89999999999810       0.32815053155290258     
   292.99999999999812       0.25518698895462744     
   293.09999999999815       0.17697728650305866     
   293.19999999999817        9.3583992128943722E-002
   293.29999999999819        5.3143683592504209E-003
   293.39999999999822       -8.7163792163155743E-002
   293.49999999999824      -0.18270379437122430     
   293.59999999999826      -0.27959477182882381     
   293.69999999999828      -0.37556149189376753     
   293.79999999999831      -0.46790012210640941     
   293.89999999999833      -0.55376607083900531     
   293.99999999999835      -0.63056322479354288     
   294.09999999999837      -0.69631951291114813     
   294.19999999999840      -0.74992182816153574     
   294.29999999999842      -0.79114253757223296     
   294.39999999999844      -0.82048172218849280     
   294.49999999999847      -0.83891278008611792     
   294.59999999999849      -0.84762520045120304     
   294.69999999999851      -0.84782397662283471     
   294.79999999999853      -0.84060361646231552     
   294.89999999999856      -0.82688711492687628     
   294.99999999999858      -0.80740981321344751     
   295.09999999999860      -0.78272880573617309     
   295.19999999999862      -0.75324374339657307     
   295.29999999999865      -0.71922039783109493     
   295.39999999999867      -0.68081258591001281     
   295.49999999999869      -0.63808082061584326     
   295.59999999999872      -0.59100771192812995     
   295.69999999999874      -0.53951113566154207     
   295.79999999999876      -0.48345688794187258     
   295.89999999999878      -0.42267320828491395     
   295.99999999999881      -0.35697033963917690     
   296.09999999999883      -0.28616922880384515     
   296.19999999999885      -0.21014438205740699     
   296.29999999999887      -0.12888624420244976     
   296.39999999999890       -4.2587152181335713E-002
   296.49999999999892        4.8249880178876922E-002
   296.59999999999894       0.14269064099985573     
   296.69999999999897       0.23926511426851069     
   296.79999999999899       0.33592503881323793     
   296.89999999999901       0.43011828890102544     
   296.99999999999903       0.51901530796903717     
   297.09999999999906       0.59986712776954043     
   297.19999999999908       0.67040303825836434     
   297.29999999999910       0.72913704145496627     
   297.39999999999912       0.77548336235001813     
   297.49999999999915       0.80966709599755249     
   297.59999999999917       0.83249769180716948     
   297.69999999999919       0.84510319741210793     
   297.79999999999922       0.84870173288003148     
   297.89999999999924       0.84444448513814530     
   297.99999999999926       0.83332983823358342     
   298.09999999999928       0.81617111939303122     
   298.19999999999931       0.79359743486617085     
   298.29999999999933       0.76607107756653980     
   298.39999999999935       0.73391068484182265     
   298.49999999999937       0.69731417187587075     
   298.59999999999940       0.65637881654634456     
   298.69999999999942       0.61111793520782043     
   298.79999999999944       0.56147480824044604     
   298.89999999999947       0.50733529868639071     
   298.99999999999949       0.44854126208189249     
   299.09999999999951       0.38490756929109871     
   299.19999999999953       0.31624644371841876     
   299.29999999999956       0.24240377515695477     
   299.39999999999958       0.16331275497311992     
   299.49999999999960        7.9069735445763067E-002
   299.59999999999962       -9.9658744651248132E-003
   299.69999999999965      -0.10305368474592881     
   299.79999999999967      -0.19895649200349519     
   299.89999999999969      -0.29586539095072417     
   299.99999999999972      -0.39141934571337222     
   300.09999999999974      -0.48286691792292608     
   300.19999999999976      -0.56737676160105499     
   300.29999999999978      -0.64243382782627334     
   300.39999999999981      -0.70619936599704125     
   300.49999999999983      -0.75771310202265008     
   300.59999999999985      -0.79688470466668948     
   300.69999999999987      -0.82431275881044086     
   300.79999999999990      -0.84102394468605279     
   300.89999999999992      -0.84822238252353033     
   300.99999999999994      -0.84710131428792002     
   301.09999999999997      -0.83872918810103547     
   301.19999999999999      -0.82399766058000179     
   301.30000000000001      -0.80361098852261481     
   301.40000000000003      -0.77809818179893608     
   301.50000000000006      -0.74783474011838535     
   301.60000000000008      -0.71306615697032205     
   301.70000000000010      -0.67392935146381117     
   301.80000000000013      -0.63047073799736819     
   301.90000000000015      -0.58266115959150255     
   302.00000000000017      -0.53040883266720762     
   302.10000000000019      -0.47357212970357004     
   302.20000000000022      -0.41197470380048429     
   302.30000000000024      -0.34542627181924601     
   302.40000000000026      -0.27375332337024311     
   302.50000000000028      -0.19684489081447193     
   302.60000000000031      -0.11471868457927331     
   302.70000000000033       -2.7611140161898737E-002
   302.80000000000035        6.3910668815387678E-002
   302.90000000000038       0.15882872730817013     
   303.00000000000040       0.25557624398993095     
   303.10000000000042       0.35201111904317983     
   303.20000000000044       0.44551451080778470     
   303.30000000000047       0.53324279136579678     
   303.40000000000049       0.61250042202467492     
   303.50000000000051       0.68113154346514015     
   303.60000000000053       0.73779938288704350     
   303.70000000000056       0.78206566177306369     
   303.80000000000058       0.81427185210676700     
   303.90000000000060       0.83529928390374408     
   304.00000000000063       0.84630538377390907     
   304.10000000000065       0.84850591748421167     
   304.20000000000067       0.84303066147895778     
   304.30000000000069       0.83084799329173187     
   304.40000000000072       0.81273957904443495     
   304.50000000000074       0.78930499672222143     
   304.60000000000076       0.76098071797197020     
   304.70000000000078       0.72806353599630325     
   304.80000000000081       0.69073313352581922     
   304.90000000000083       0.64907159236544154     
   305.00000000000085       0.60307953580368412     
   305.10000000000088       0.55268971535557365     
   305.20000000000090       0.49777959763225516     
   305.30000000000092       0.43818516243665162     
   305.40000000000094       0.37371887044948127     
   305.50000000000097       0.30419566309101365     
   305.60000000000099       0.22947180676031831     
   305.70000000000101       0.14950196284782569     
   305.80000000000103        6.4419104078090803E-002
   305.90000000000106       -2.5361835726274110E-002
   306.00000000000108      -0.11902450449424531     
   306.10000000000110      -0.21523894447202988     
   306.20000000000113      -0.31209864388992803     
   306.30000000000115      -0.40716131048574311     
   306.40000000000117      -0.49763682560948297     
   306.50000000000119      -0.58071859025451156     
   306.60000000000122      -0.65398310090597112     
   306.70000000000124      -0.71573077226810622     
   306.80000000000126      -0.76515382087582839     
   306.90000000000128      -0.80229386696032390     
   307.00000000000131      -0.82784040798656244     
   307.10000000000133      -0.84286620029394554     
   307.20000000000135      -0.84858464876489748     
   307.30000000000138      -0.84617405712664584     
   307.40000000000140      -0.83667539356551723     
   307.50000000000142      -0.82094871999261332     
   307.60000000000144      -0.79966758243489089     
   307.70000000000147      -0.77333353821075157     
   307.80000000000149      -0.74229860871319653     
   307.90000000000151      -0.70678861787569580     
   308.00000000000153      -0.66692409724501223     
   308.10000000000156      -0.62273778215538045     
   308.20000000000158      -0.57418911048397847     
   308.30000000000160      -0.52117699498105974     
   308.40000000000163      -0.46355280456003217     
   308.50000000000165      -0.40113618373831955     
   308.60000000000167      -0.33373717959890603     
   308.70000000000169      -0.26118910594604644     
   308.80000000000172      -0.18339738182843204     
   308.90000000000174      -0.10040953207213738     
   309.00000000000176       -1.2509283674943000E-002
   309.10000000000178        7.9668758552377816E-002
   309.20000000000181       0.17501989484377484     
   309.30000000000183       0.27187967544849961     
   309.40000000000185       0.36801487150917417     
   309.50000000000188       0.46074711911100308     
   309.60000000000190       0.54722950882858012     
   309.70000000000192       0.62483132792124707     
   309.80000000000194       0.69151968492805505     
   309.90000000000197       0.74610926734031480     
   310.00000000000199       0.78830574005239629     
   310.10000000000201       0.81855993093945922     
   310.20000000000203       0.83781742926399627     
   310.30000000000206       0.84725882533425700     
   310.40000000000208       0.84809346620156079     
   310.50000000000210       0.84142763282832611     
   310.60000000000213       0.82819902837526360     
   310.70000000000215       0.80915782442533724     
   310.80000000000217       0.78487462967235100     
   310.90000000000219       0.75576076854554453     
   311.00000000000222       0.72209183283471567     
   311.10000000000224       0.68402982489571040     
   311.20000000000226       0.64164208489511720     
   311.30000000000229       0.59491692361469983     
   311.40000000000231       0.54377691454857713     
   311.50000000000233       0.48809151127807615     
   311.60000000000235       0.42769131706505181     
   311.70000000000238       0.36238710640355232     
   311.80000000000240       0.29199762430057541     
   311.90000000000242       0.21639111587566728     
   312.00000000000244       0.13554596845403619     
   312.10000000000247        4.9634721787232272E-002
   312.20000000000249       -4.0868736673761091E-002
   312.30000000000251      -0.13506882330823061     
   312.40000000000254      -0.23154091426892276     
   312.50000000000256      -0.32828193232974534     
   312.60000000000258      -0.42277364235904069     
   312.70000000000260      -0.51219679139518770     
   312.80000000000263      -0.59378113774128738     
   312.90000000000265      -0.66520464351490105     
   313.00000000000267      -0.72491172447132501     
   313.10000000000269      -0.77224575600860312     
   313.20000000000272      -0.80737437303116077     
   313.30000000000274      -0.83107030016045980     
   313.40000000000276      -0.84444540940736246     
   313.50000000000279      -0.84871741191375361     
   313.60000000000281      -0.84504682164525169     
   313.70000000000283      -0.83444594491094581     
   313.80000000000285      -0.81774313179438907     
   313.90000000000288      -0.79558165600117203     
   314.00000000000290      -0.76843627274424231     
   314.10000000000292      -0.73663619212600995     
   314.20000000000294      -0.70038816152631023     
   314.30000000000297      -0.65979681850918981     
   314.40000000000299      -0.61488162630975707     
   314.50000000000301      -0.56559097436167038     
   314.60000000000304      -0.51181483280070017     
   314.70000000000306      -0.45339800634826910     
   314.80000000000308      -0.39015674637591108     
   314.90000000000310      -0.32190234715154592     
   315.00000000000313      -0.24847631499597031     
   315.10000000000315      -0.16980242681693136     
   315.20000000000317       -8.5960688375291999E-002
   315.30000000000319        2.7146048265294098E-003
   315.40000000000322        9.5517868173887868E-002
   315.50000000000324       0.19125506080172391     
   315.60000000000326       0.28816368939478654     
   315.70000000000329       0.38392283351393597     
   315.80000000000331       0.47580252793491462     
   315.90000000000333       0.56096373078239115     
   316.00000000000335       0.63685166507053403     
   316.10000000000338       0.70156365219142158     
   316.20000000000340       0.75406701849355029     
   316.30000000000342       0.79420703586989783     
   316.40000000000344       0.82253657642619604     
   316.50000000000347       0.84005799828943473     
   316.60000000000349       0.84796918132332622     
   316.70000000000351       0.84746935109059052     
   316.80000000000354       0.83963948962839452     
   316.90000000000356       0.82538613612603606     
   317.00000000000358       0.80542822641989920     
   317.10000000000360       0.78030799350780544     
   317.20000000000363       0.75041229072974958     
   317.30000000000365       0.71599613831475184     
   317.40000000000367       0.67720439335431049     
   317.50000000000369       0.63409009409401329     
   317.60000000000372       0.58662961079662457     
   317.70000000000374       0.53473569038309732     
   317.80000000000376       0.47827016981298087     
   317.90000000000379       0.41705880441009036     
   318.00000000000381       0.35091145699949344     
   318.10000000000383       0.27965183760070800     
   318.20000000000385       0.20316187389108042     
   318.30000000000388       0.12144605312133765     
   318.40000000000390        3.4719533699647795E-002
   318.50000000000392       -5.6481381973934500E-002
   318.60000000000394      -0.15117873859747338     
   318.70000000000397      -0.24785171544108203     
   318.80000000000399      -0.34440235953724341     
   318.90000000000401      -0.43824257407674599     
   319.00000000000404      -0.52653407563584442     
   319.10000000000406      -0.60655458807130636     
   319.20000000000408      -0.67609279750810147     
   319.30000000000410      -0.73374091600054414     
   319.40000000000413      -0.77899120438916636     
   319.50000000000415      -0.81213087393065297     
   319.60000000000417      -0.83400816864074112     
   319.70000000000420      -0.84576739647975530     
   319.80000000000422      -0.84862596723298966     
   319.90000000000424      -0.84372407491186363     
   320.00000000000426      -0.83204440262550072     
   320.10000000000429      -0.81438359622275036     
   320.20000000000431      -0.79135515070338169     
   320.30000000000433      -0.76340768265724113     
   320.40000000000435      -0.73084824960325767     
   320.50000000000438      -0.69386509912424699     
   320.60000000000440      -0.65254745215652099     
   320.70000000000442      -0.60690189528549177     
   320.80000000000445      -0.55686612262627710     
   320.90000000000447      -0.50232153016961034     
   321.00000000000449      -0.44310681986395339     
   321.10000000000451      -0.37903550652607387     
   321.20000000000454      -0.30992111350891244     
   321.30000000000456      -0.23561479932747986     
   321.40000000000458      -0.15606078337069310     
   321.50000000000460       -7.1374334652460070E-002
   321.60000000000463        1.8056333720567780E-002
   321.70000000000465       0.11145125867828341     
   321.80000000000467       0.20752466983766427     
   321.90000000000470       0.30441618934736342     
   322.00000000000472       0.39972139188186945     
   322.10000000000474       0.49066732411208291     
   322.20000000000476       0.57443422400136313     
   322.30000000000479       0.64855395970672891     
   322.40000000000481       0.71126037318927449     
   322.50000000000483       0.76167356938542052     
   322.60000000000485       0.79977338373312279     
   322.70000000000488       0.82620721238935069     
   322.80000000000490       0.84202687407610988     
   322.90000000000492       0.84844201976731237     
   323.00000000000495       0.84663840345726771     
   323.10000000000497       0.83767016905598768     
   323.20000000000499       0.82241236418349117     
   323.30000000000501       0.80155302825698127     
   323.40000000000504       0.77560663976216437     
   323.50000000000506       0.74493625561851284     
   323.60000000000508       0.70977694017065351     
   323.70000000000510       0.67025692341339405     
   323.80000000000513       0.62641536747286253     
   323.90000000000515       0.57821706684514629     
   324.00000000000517       0.52556529577245636     
   324.10000000000520       0.46831468646149838     
   324.20000000000522       0.40628670752250945     
   324.30000000000524       0.33929113916093467     
   324.40000000000526       0.26715789817611435     
   324.50000000000529       0.18978440418137824     
   324.60000000000531       0.10720373699687180     
   324.70000000000533        1.9676823254913864E-002
   324.80000000000535       -7.2194146190911093E-002
   324.90000000000538      -0.16734587046285221     
   325.00000000000540      -0.26416022944213785     
   325.10000000000542      -0.36044676872274262     
   325.20000000000545      -0.45355437000982762     
   325.30000000000547      -0.54063630806680019     
   325.40000000000549      -0.61902976415259869     
   325.50000000000551      -0.68664265231120281     
   325.60000000000554      -0.74221771863471209     
   325.70000000000556      -0.78539295217265837     
   325.80000000000558      -0.81656828652466462     
   325.90000000000560      -0.83665982140026607     
   326.00000000000563      -0.84683793052354550     
   326.10000000000565      -0.84831548430347159     
   326.20000000000567      -0.84221013256555655     
   326.30000000000570      -0.82947417709914828     
   326.40000000000572      -0.81087267808660046     
   326.50000000000574      -0.78698989173922329     
   326.60000000000576      -0.75824896771226780     
   326.70000000000579      -0.72493545923546421     
   326.80000000000581      -0.68721967416833030     
   326.90000000000583      -0.64517587847293345     
   327.00000000000585      -0.59879816714603185     
   327.10000000000588      -0.54801389015975976     
   327.20000000000590      -0.49269624742471557     
   327.30000000000592      -0.43267832446124332     
   327.40000000000595      -0.36777160096528527     
   327.50000000000597      -0.29779288057966269     
   327.60000000000599      -0.22260452935865341     
   327.70000000000601      -0.14217340959764055     
   327.80000000000604       -5.6652948402076145E-002
   327.90000000000606        3.3511316527526647E-002
   328.00000000000608       0.12746172500136255     
   328.10000000000610       0.22381870131387238     
   328.20000000000613       0.32062473064385905     
   328.30000000000615       0.41539683252001380     
   328.40000000000617       0.50532832480832357     
   328.50000000000620       0.58763029760570673     
   328.60000000000622       0.65993146307363126     
   328.70000000000624       0.72060750217590286     
   328.80000000000626       0.76893042997711092     
   328.90000000000629       0.80500897595099530     
   329.00000000000631       0.82957741021374787     
   329.10000000000633       0.84372993055929568     
   329.20000000000636       0.84868280579173094     
   329.30000000000638       0.84560530964837344     
   329.40000000000640       0.83552345534053118     
   329.50000000000642       0.81928061771084992     
   329.60000000000645       0.79753434876102036     
   329.70000000000647       0.77077201488405778     
   329.80000000000649       0.73933354670707641     
   329.90000000000651       0.70343465317141263     
   330.00000000000654       0.66318743858458151     
   330.10000000000656       0.61861760174017877     
   330.20000000000658       0.56967872030327704     
   330.30000000000661       0.51626495411465201     
   330.40000000000663       0.45822416052960541     
   330.50000000000665       0.39537411863866223     
   330.60000000000667       0.32752541373765776     
   330.70000000000670       0.25451549599970369     
   330.80000000000672       0.17625919539395865     
   330.90000000000674        9.2820795249102389E-002
   331.00000000000676        4.5102289763400694E-003
   331.10000000000679       -8.8000961498769070E-002
   331.20000000000681      -0.18356136149889887     
   331.30000000000683      -0.28045492470378652     
   331.40000000000686      -0.37640178493034343     
   331.50000000000688      -0.46869538260078913     
   331.60000000000690      -0.55449154107413534     
   331.70000000000692      -0.63119815888058017     
   331.80000000000695      -0.69685004490205682     
   331.90000000000697      -0.75034215681993766     
   332.00000000000699      -0.79145423729663922     
   332.10000000000701      -0.82069175783991088     
   332.20000000000704      -0.83903111467207936     
   332.30000000000706      -0.84766270943664224     
   332.40000000000708      -0.84779100007809760     
   332.50000000000711      -0.84050915758120570     
   332.60000000000713      -0.82673853045784407     
   332.70000000000715      -0.80721280984724320     
   332.80000000000717      -0.78248759129070955     
   332.90000000000720      -0.75296123312307828     
   333.00000000000722      -0.71889842041619478     
   333.10000000000724      -0.68045206445974249     
   333.20000000000726      -0.63768192283520553     
   333.30000000000729      -0.59056997483636564     
   333.40000000000731      -0.53903357723011269     
   333.50000000000733      -0.48293812379617451     
   333.60000000000736      -0.42211159790929570     
   333.70000000000738      -0.35636419424371640     
   333.80000000000740      -0.28551712167568954     
   333.90000000000742      -0.20944560896864900     
   334.00000000000745      -0.12814147927014771     
   334.10000000000747       -4.1799320436899989E-002
   334.20000000000749        4.9074556955806939E-002
   334.30000000000751       0.14354158976944176     
   334.40000000000754       0.24012667990385739     
   334.50000000000756       0.33677655331965295     
   334.60000000000758       0.43093539250149809     
   334.70000000000761       0.51977263462559065     
   334.80000000000763       0.60054184525372911     
   334.90000000000765       0.67097816447411329     
   335.00000000000767       0.72960340327386963     
   335.10000000000770       0.77583965275757738     
   335.20000000000772       0.80991832494889660     
   335.30000000000774       0.83265285811546930     
   335.40000000000776       0.84517301248592391     
   335.50000000000779       0.84869689139816717     
   335.60000000000781       0.84437460780181195     
   335.70000000000783       0.83320298059213815     
   335.80000000000786       0.81599366212564184     
   335.90000000000788       0.79337418563073336     
   336.00000000000790       0.76580546335345434     
   336.10000000000792       0.73360496255857000     
   336.20000000000795       0.69696962130197360     
   336.30000000000797       0.65599590318508560     
   336.40000000000799       0.61069644443694704     
   336.50000000000801       0.56101396051219110     
   336.60000000000804       0.50683386154313703     
   336.70000000000806       0.44799768066112022     
   336.80000000000808       0.38432014408629128     
   336.90000000000811       0.31561359281188717     
   337.00000000000813       0.24172442625269630     
   337.10000000000815       0.16258691529858094     
   337.20000000000817        7.8299274596296847E-002
   337.30000000000820       -1.0776239078380406E-002
   337.40000000000822      -0.10389530684548773     
   337.50000000000824      -0.19981587944650808     
   337.60000000000827      -0.29672388001253869     
   337.70000000000829      -0.39225386024036268     
   337.80000000000831      -0.48365210969661238     
   337.90000000000833      -0.56808830041701319     
   338.00000000000836      -0.64305196122341379     
   338.10000000000838      -0.70671155474477643     
   338.20000000000840      -0.75811487891516005     
   338.30000000000842      -0.79717871155823217     
   338.40000000000845      -0.82450663062698537     
   338.50000000000847      -0.84112792837723294     
   338.60000000000849      -0.84824734598984208     
   338.70000000000852      -0.84705741310799643     
   338.80000000000854      -0.83862515971458640     
   338.90000000000856      -0.82384057871184901     
   339.00000000000858      -0.80340629478707992     
   339.10000000000861      -0.77784985176254817     
   339.20000000000863      -0.74754549242393853     
   339.30000000000865      -0.71273765621844465     
   339.40000000000867      -0.67356238404389746     
   339.50000000000870      -0.63006535738676173     
   339.60000000000872      -0.58221680784499397     
   339.70000000000874      -0.52992445148036549     
   339.80000000000877      -0.47304628017529093     
   339.90000000000879      -0.41140572052530738     
   340.00000000000881      -0.34481248489900196     
   340.10000000000883      -0.27309339056448678     
   340.20000000000886      -0.19613828793187901     
   340.30000000000888      -0.11396639743640775     
   340.40000000000890       -2.6816571870346542E-002
   340.50000000000892        6.4740634873691930E-002
   340.60000000000895       0.15968269932252169     
   340.70000000000897       0.25643768972364145     
   340.80000000000899       0.35285861873534835     
   340.90000000000902       0.44632331425766109     
   341.00000000000904       0.53398770158965325     
   341.10000000000906       0.61315938310523954     
   341.20000000000908       0.68168879897806001     
   341.30000000000911       0.73824712998957587     
   341.40000000000913       0.78240379682416616     
   341.50000000000915       0.81450622621682689     
   341.60000000000917       0.83543933210954857     
   341.70000000000920       0.84636191718261855     
   341.80000000000922       0.84848950663015699     
   341.90000000000924       0.84295068547035223     
   342.00000000000927       0.83071222607825823     
   342.10000000000929       0.81255412599675336     
   342.20000000000931       0.78907441872608197     
   342.30000000000933       0.76070823073379312     
   342.40000000000936       0.72775121938651477     
   342.50000000000938       0.69038211987065956     
   342.60000000000940       0.64868222409817122     
   342.70000000000942       0.60265149556840114     
   342.80000000000945       0.55222213941630005     
   342.90000000000947       0.49727118930763792     
   343.00000000000949       0.43763432832270066     
   343.10000000000952       0.37312390953976304     
   343.20000000000954       0.30355504748312934     
   343.30000000000956       0.22878460031819131     
   343.40000000000958       0.14876842518213143     
   343.50000000000961        6.3641510083890518E-002
   343.60000000000963       -2.6178183343563255E-002
   343.70000000000965      -0.11987019879794758     
   343.80000000000967      -0.21609962291417045     
   343.90000000000970      -0.31295481173575557     
   344.00000000000972      -0.40798932200638716     
   344.10000000000974      -0.49841125221589622     
   344.20000000000977      -0.58141563286323605     
   344.30000000000979      -0.65458407711332223     
   344.40000000000981      -0.71622449390589549     
   344.50000000000983      -0.76553712583462530     
   344.60000000000986      -0.80257040254075052     
   344.70000000000988      -0.82801841031785905     
   344.80000000000990      -0.84295614339724823     
   344.90000000000992      -0.84859735540400583     
   345.00000000000995      -0.84611947885283756     
   345.10000000000997      -0.83656199555598754     
   345.20000000000999      -0.82078329417089835     
   345.30000000001002      -0.79945531023974348     
   345.40000000001004      -0.77307816897843251     
   345.50000000001006      -0.74200267025841915     
   345.60000000001008      -0.70645361569027276     
   345.70000000001011      -0.66655068509338422     
   345.80000000001013      -0.62232590269127575     
   345.90000000001015      -0.57373811389436269     
   346.00000000001017      -0.52068575001352657     
   346.10000000001020      -0.46301982206711123     
   346.20000000001022      -0.40055977960448458     
   346.30000000001024      -0.33311571209572050     
   346.40000000001027      -0.26052133106410258     
   346.50000000001029      -0.18268297493210012     
   346.60000000001031       -9.9649816447325484E-002
   346.70000000001033       -1.1708170987983324E-002
   346.80000000001036        8.0503693411577232E-002
   346.90000000001038       0.17587642224640915     
   347.00000000001040       0.27274039212851175     
   347.10000000001043       0.36885764981878838     
   347.20000000001045       0.46154690141638854     
   347.30000000001047       0.54796137143186807     
   347.40000000001049       0.62547408319316999     
   347.50000000001052       0.69205884985728905     
   347.60000000001054       0.74653840108094149     
   347.70000000001056       0.78862589085915979     
   347.80000000001058       0.81877772215129574     
   347.90000000001061       0.83794266874915802     
   348.00000000001063       0.84730237807320907     
   348.10000000001065       0.84806575204127266     
   348.20000000001068       0.84133777803818355     
   348.30000000001070       0.82805452389146994     
   348.40000000001072       0.80896450407371101     
   348.50000000001074       0.78463681334634761     
   348.60000000001077       0.75548146665368776     
   348.70000000001079       0.72177295355331761     
   348.80000000001081       0.68367235754653743     
   348.90000000001083       0.64124625249451050     
   349.00000000001086       0.59448230924138179     
   349.10000000001088       0.54330257343387656     
   349.20000000001090       0.48757608629991345     
   349.30000000001093       0.42713318153635715     
   349.40000000001095       0.36178456564659017     
   349.50000000001097       0.29134921615165738     
   349.60000000001099       0.21569605735530864     
   349.70000000001102       0.13480479476190815     
   349.80000000001104        4.8850142022523968E-002
   349.90000000001106       -4.1690803420356651E-002
   350.00000000001108      -0.13591818430376801     
   350.10000000001111      -0.23240233036944083     
   350.20000000001113      -0.32913510489414993     
   350.30000000001115      -0.42359442379251605     
   350.40000000001118      -0.51295977157265615     
   350.50000000001120      -0.59446315023948293     
   350.60000000001122      -0.66578814502880534     
   350.70000000001124      -0.72538689263670264     
   350.80000000001127      -0.77261069752568312     
   350.90000000001129      -0.80763367572946565     
   351.00000000001131      -0.83123273352346028     
   351.10000000001133      -0.84452162068401115     
   351.20000000001136      -0.84871814443929483     
   351.30000000001138      -0.84498180598850869     
   351.40000000001140      -0.83432336912462446     
   351.50000000001143      -0.81756950808289763     
   351.60000000001145      -0.79536191085821706     
   351.70000000001147      -0.76817393532511213     
   351.80000000001149      -0.73633360508556922     
   351.90000000001152      -0.70004667607210136     
   352.00000000001154      -0.65941695973721026     
   352.10000000001156      -0.61446322937158804     
   352.20000000001158      -0.56513330066981293     
   352.30000000001161      -0.51131668158679111     
   352.40000000001163      -0.45285784274496560     
   352.50000000001165      -0.38957287416786290     
   352.60000000001168      -0.32127316271232276     
   352.70000000001170      -0.24780068719512577     
   352.80000000001172      -0.16908025114705300     
   352.90000000001174       -8.5193652339940446E-002
   353.00000000001177        3.5220501315910008E-003
   353.10000000001179        9.6357427410282512E-002
   353.20000000001181       0.19211365064751362     
   353.30000000001183       0.28902304727940736     
   353.40000000001186       0.38476017473001689     
   353.50000000001188       0.47659257578148223     
   353.60000000001190       0.56168193958772661     
   353.70000000001193       0.63747780190697934     
   353.80000000001195       0.70208454588503888     
   353.90000000001197       0.75447757318770670     
   354.00000000001199       0.79450939540494470     
   354.10000000001202       0.82273806701799268     
   354.20000000001204       0.84016873968296002     
   354.30000000001206       0.84800004988794042     
   354.40000000001208       0.84743059237722518     
   354.50000000001211       0.83953996785303875     
   354.60000000001213       0.82523305895517329     
   354.70000000001215       0.80522716041727527     
   354.80000000001218       0.78006302348440049     
   354.90000000001220       0.75012622771326476     
   355.00000000001222       0.71567072398557330     
   355.10000000001224       0.67684047833090466     
   355.20000000001227       0.63368778552099270     
   355.30000000001229       0.58618839531619882     
   355.40000000001231       0.53425454540509010     
   355.50000000001234       0.47774768174002130     
   355.60000000001236       0.41649331887902319     
   355.70000000001238       0.35030129404724730     
   355.80000000001240       0.27899561331957173     
   355.90000000001243       0.20245897645708230     
   356.00000000001245       0.12069731758263831     
   356.10000000001247        3.3928132985481932E-002
   356.20000000001249       -5.7308881585273933E-002
   356.30000000001252      -0.15203133560944931     
   356.40000000001254      -0.24871329258080055     
   356.50000000001256      -0.34525184802715980     
   356.60000000001259      -0.43905539862162912     
   356.70000000001261      -0.52728494626618871     
   356.80000000001263      -0.60722106944648069     
   356.90000000001265      -0.67665854622811972     
   357.00000000001268      -0.73419748075250979     
   357.10000000001270      -0.77933791771814542     
   357.20000000001272      -0.81237319712541534     
   357.30000000001274      -0.83415533818606857     
   357.40000000001277      -0.84583018218237638     
   357.50000000001279      -0.84861500191388239     
   357.60000000001281      -0.84364885362744646     
   357.70000000001284      -0.83191283294026641     
   357.80000000001286      -0.81420191345659432     
   357.90000000001288      -0.79112803190016723     
   358.00000000001290      -0.76313844283577537     
   358.10000000001293      -0.73053905180227541     
   358.20000000001295      -0.69351714493864713     
   358.30000000001297      -0.65216114184196072     
   358.40000000001299      -0.60647695974182803     
   358.50000000001302      -0.55640173759759226     
   358.60000000001304      -0.50181642892895750     
   358.70000000001306      -0.44255942662488434     
   358.80000000001309      -0.37844412004933725     
   358.90000000001311      -0.30928417889677118     
   359.00000000001313      -0.23493131390156366     
   359.10000000001315      -0.15533088438795192     
   359.20000000001318       -7.0600101507144519E-002
   359.30000000001320        1.8869879396721384E-002
   359.40000000001322       0.11229507344086345     
   359.50000000001324       0.20838480439458973     
   359.60000000001327       0.30527353954336089     
   359.70000000001329       0.40055257369939601     
   359.80000000001331       0.49144693491233732     
   359.90000000001334       0.57513820035906904     
   360.00000000001336       0.64916310336277916     
   360.10000000001338       0.71176285370157721     
   360.20000000001340       0.76206561065223444     
   360.30000000001343       0.80005816481778758     
   360.40000000001345       0.82639269322878095     
   360.50000000001347       0.84212342805370066     
   360.60000000001349       0.84846049549707292     
   360.70000000001352       0.84658885138366091     
   360.80000000001354       0.83756118400031099     
   360.90000000001356       0.82225087131801655     
   361.00000000001359       0.80134433160357277     
   361.10000000001361       0.77535459504429449     
   361.20000000001363       0.74464348031140060     
   361.30000000001365       0.70944501450767694     
   361.40000000001368       0.66988656346751330     
   361.50000000001370       0.62600656796392562     
   361.60000000001372       0.57776922108236117     
   361.70000000001374       0.52507730662989116     
   361.80000000001377       0.46778508803934160     
   361.90000000001379       0.40571382376932447     
   362.00000000001381       0.33867331381030963     
   362.10000000001384       0.26649383892684880     
   362.20000000001386       0.18907368939071667     
   362.30000000001388       0.10644752685327917     
   362.40000000001390        1.8878784750620867E-002
   362.50000000001393       -7.3026769330858637E-002
   362.60000000001395      -0.16820124757473387     
   362.70000000001397      -0.26502136866325260     
   362.80000000001399      -0.36129187174349153     
   362.90000000001402      -0.45435851409460104     
   363.00000000001404      -0.54137442704378191     
   363.10000000001406      -0.61968024804641342     
   363.20000000001409      -0.68719040966842482     
   363.30000000001411      -0.74265566517815207     
   363.40000000001413      -0.78572159737229819     
   363.50000000001415      -0.81679389663366864     
   363.60000000001418      -0.83679203547218917     
   363.70000000001420      -0.84688759352568621     
   363.80000000001422      -0.84829309056627245     
   363.90000000001424      -0.84212492936956773     
   364.00000000001427      -0.82933378951267922     
   364.10000000001429      -0.81068306803229251     
   364.20000000001431      -0.78675549251222154     
   364.30000000001434      -0.75797288620580205     
   364.40000000001436      -0.72461968428148571     
   364.50000000001438      -0.68686526226897371     
   364.60000000001440      -0.64478310875087930     
   364.70000000001443      -0.59836666944104466     
   364.80000000001445      -0.54754275768299066     
   364.90000000001447      -0.49218415119564379     
   365.00000000001450      -0.43212365287849169     
   365.10000000001452      -0.36717265534360977     
   365.20000000001454      -0.29714816611143169     
   365.30000000001456      -0.22191318834937787     
   365.40000000001459      -0.14143584377101007     
   365.50000000001461       -5.5871657571434086E-002
   365.60000000001463        3.4330709048172425E-002
   365.70000000001465       0.12830940162896171     
   365.80000000001468       0.22467983853755846     
   365.90000000001470       0.32147940674783854     
   366.00000000001472       0.41622112873129880     
   366.10000000001475       0.50609680973604276     
   366.20000000001477       0.58831949272154960     
   366.30000000001479       0.66052327750943296     
   366.40000000001481       0.72109146550515379     
   366.50000000001484       0.76930405296779170     
   366.60000000001486       0.80527640925359079     
   366.70000000001488       0.82974717909375650     
   366.80000000001490       0.84381260673998237     
   366.90000000001493       0.84868917429405821     
   367.00000000001495       0.84554520765219665     
   367.10000000001497       0.83540520264953178     
   367.20000000001500       0.81911085869189182     
   367.30000000001502       0.79731812997697660     
   367.40000000001504       0.77051296901122457     
   367.50000000001506       0.73903410339123055     
   367.60000000001509       0.70309623609588601     
   367.70000000001511       0.66281063329657008     
   367.80000000001513       0.61820229389394876     
   367.90000000001515       0.56922421296800163     
   368.00000000001518       0.51577007900877281     
   368.10000000001520       0.45768740385728546     
   368.20000000001522       0.39479378906223095     
   368.30000000001525       0.32689988830479016     
   368.40000000001527       0.25384358823787545     
   368.50000000001529       0.17554069391357222     
   368.60000000001531        9.2057211669640940E-002
   368.70000000001534        3.7057550577794945E-003
   368.80000000001536       -8.8838375148956941E-002
   368.90000000001538      -0.18441903761985901     
   369.00000000001540      -0.28131500584886632     
   369.10000000001543      -0.37724179079257580     
   369.20000000001545      -0.46949012889469721     
   369.30000000001547      -0.55521629005125195     
   369.40000000001550      -0.63183221509384691     
   369.50000000001552      -0.69737961171601537     
   369.60000000001554      -0.75076150405900866     
   369.70000000001556      -0.79176499723737559     
   369.80000000001559      -0.82090093246903950     
   369.90000000001561      -0.83914868346457494     
   370.00000000001563      -0.84769954845166506     
   370.10000000001565      -0.84775744017348287     
   370.20000000001568      -0.84041418810491031     
   370.30000000001570      -0.82658949319366759     
   370.40000000001572      -0.80701539736811756     
   370.50000000001575      -0.78224599899723768     
   370.60000000001577      -0.75267836573533109     
   370.70000000001579      -0.71857609782676346     
   370.80000000001581      -0.68009120244862853     
   370.90000000001584      -0.63728268298724955     
   371.00000000001586      -0.59013188907705982     
   371.10000000001588      -0.53855565942020078     
   371.20000000001590      -0.48241898657755666     
   371.30000000001593      -0.42154959930362607     
   371.40000000001595      -0.35575764623699790     
   371.50000000001597      -0.28486460168674366     
   371.60000000001600      -0.20874642180779734     
   371.70000000001602      -0.12739631489026376     
   371.80000000001604       -4.1011128367693703E-002
   371.90000000001606        4.9899520748874507E-002
   372.00000000001609       0.14439270952178312     
   372.10000000001611       0.24098825409441693     
   372.20000000001613       0.33762787325989096     
   372.30000000001615       0.43175207580974351     
   372.40000000001618       0.52052932160622278     
   372.50000000001620       0.60121574230339470     
   372.60000000001622       0.67155235289533499     
   372.70000000001625       0.73006878237792683     
   372.80000000001627       0.77619498029252787     
   372.90000000001629       0.81016865700935758     
   373.00000000001631       0.83280721817752634     
   373.10000000001634       0.84524211842448083     
   373.20000000001636       0.84869143204780317     
   373.30000000001638       0.84430419141893065     
   373.40000000001641       0.83307564790765409     
   373.50000000001643       0.81581577919217252     
   373.60000000001645       0.79315054692971143     
   373.70000000001647       0.76553948456460397     
   373.80000000001650       0.73329889110229152     
   373.90000000001652       0.69662472905554007     
   374.00000000001654       0.65561264905794214     
   374.10000000001656       0.61027460830036406     
   374.20000000001659       0.56055275829330631     
   374.30000000001661       0.50633205730005804     
   374.40000000001663       0.44745371736930267     
   374.50000000001666       0.38373232197275331     
   374.60000000001668       0.31498033253119084     
   374.70000000001670       0.24104466229160992     
   374.80000000001672       0.16186066765227211     
   374.90000000001675        7.7528433558016710E-002
   375.00000000001677       -1.1586925961712471E-002
   375.10000000001679      -0.10473715377764817     
   375.20000000001681      -0.20067534853501312     
   375.30000000001684      -0.29758226306613977     
   375.40000000001686      -0.39308804943473830     
   375.50000000001688      -0.48443675015228554     
   375.60000000001691      -0.56879908740540075     
   375.70000000001693      -0.64366919695084202     
   375.80000000001695      -0.70722277081962592     
   375.90000000001697      -0.75851567785825413     
   376.00000000001700      -0.79747178991178647     
   376.10000000001702      -0.82469965678860868     
   376.20000000001704      -0.84123116268734865     
   376.30000000001706      -0.84827165487563649     
   376.40000000001709      -0.84701294183669984     
   376.50000000001711      -0.83852063149263301     
   376.60000000001713      -0.82368305234063222     
   376.70000000001716      -0.80320119801258893     
   376.80000000001718      -0.77760114805074532     
   376.90000000001720      -0.74725589019435179     
   377.00000000001722      -0.71240881154435853     
   377.10000000001725      -0.67319507620827712     
   377.20000000001727      -0.62965963392883495     
   377.30000000001729      -0.58177210588969863     
   377.40000000001731      -0.52943970878606317     
   377.50000000001734      -0.47252005507773576     
   377.60000000001736      -0.41083634647254841     
   377.70000000001738      -0.34419829324313989     
   377.80000000001741      -0.27243304390184553     
   377.90000000001743      -0.19543127211426328     
   378.00000000001745      -0.11321371545219064     
   378.10000000001747       -2.6021652926623243E-002
   378.20000000001750        6.5570871610252657E-002
   378.30000000001752       0.16053681823784177     
   378.40000000001754       0.25729911237294156     
   378.50000000001756       0.35370588680840387     
   378.60000000001759       0.44713165918943842     
   378.70000000001761       0.53473193821531340     
   378.80000000001763       0.61381749911479289     
   378.90000000001766       0.68224510409549044     
   379.00000000001768       0.73869389359896032     
   379.10000000001770       0.78274097746138982     
   379.20000000001772       0.81473971751233298     
   379.30000000001775       0.83557859035889315     
   379.40000000001777       0.84641775745565029     
   379.50000000001779       0.84847249213952169     
   379.60000000001781       0.84287018223204668     
   379.70000000001784       0.83057599311776031     
   379.80000000001786       0.81236825424257342     
   379.90000000001788       0.78884345618875784     
   380.00000000001791       0.76043538212662132     
   380.10000000001793       0.72743855537858071     
   380.20000000001795       0.69003076512468964     
   380.30000000001797       0.64829251464939375     
   380.40000000001800       0.60222310872299167     
   380.50000000001802       0.55175420707876421     
   380.60000000001804       0.49676241150799588     
   380.70000000001806       0.43708310976447518     
   380.80000000001809       0.37252854935024049     
   380.90000000001811       0.30291402093218689     
   381.00000000001813       0.22809697892567099     
   381.10000000001816       0.14803448252558932     
   381.20000000001818        6.2863543263353638E-002
   381.30000000001820       -2.6994839841263912E-002
   381.40000000001822      -0.12071609714154806     
   381.50000000001825      -0.21696035436942290     
   381.60000000001827      -0.31381083836970602     
   381.70000000001829      -0.40881696982973570     
   381.80000000001831      -0.49918509111372533     
   381.90000000001834      -0.58211189465227409     
   382.00000000001836      -0.65518413790005348     
   382.10000000001838      -0.71671723737956283     
   382.20000000001841      -0.76591945787401494     
   382.30000000001843      -0.80284602177149478     
   382.40000000001845      -0.82819558272720573     
   382.50000000001847      -0.84304535347586407     
   382.60000000001850      -0.84860942254956084     
   382.70000000001852      -0.84606434334642500     
   382.80000000001854      -0.83644810804485337     
   382.90000000001857      -0.82061743174459689     
   383.00000000001859      -0.79924264073732432     
   383.10000000001861      -0.77282242995471850     
   383.20000000001863      -0.74170637960718011     
   383.30000000001866      -0.70611827063463883     
   383.40000000001868      -0.66617693250367682     
   383.50000000001870      -0.62191367946051590     
   383.60000000001872      -0.57328676544300039     
   383.70000000001875      -0.52019414133044228     
   383.80000000001877      -0.46248646147438038     
   383.90000000001879      -0.39998298217817274     
   384.00000000001882      -0.33249383786556869     
   384.10000000001884      -0.25985314160860995     
   384.20000000001886      -0.18196815671894209     
   384.30000000001888       -9.8889711323004920E-002
   384.40000000001891       -1.0906718336520349E-002
   384.50000000001893        8.1338881360068241E-002
   384.60000000001895       0.17673307113816786     
   384.70000000001897       0.27360105296427495     
   384.80000000001900       0.36970015891221769     
   384.90000000001902       0.46234618730737259     
   385.00000000001904       0.54869252777001076     
   385.10000000001907       0.62611597066812463     
   385.20000000001909       0.69259705387115345     
   385.30000000001911       0.74696655233044940     
   385.40000000001913       0.78894509691573023     
   385.50000000001916       0.81899464521571319     
   385.60000000001918       0.83806713466513105     
   385.70000000001920       0.84734525345613432     
   385.80000000001922       0.84803744809716053     
   385.90000000001925       0.84124740740807169     
   386.00000000001927       0.82790956254600068     
   386.10000000001929       0.80877077161053201     
   386.20000000001932       0.78439861709302527     
   386.30000000001934       0.75520180634007705     
   386.40000000001936       0.72145372843262878     
   386.50000000001938       0.68331454950787274     
   386.60000000001941       0.64085007834605456     
   386.70000000001943       0.59404734689006744     
   386.80000000001945       0.54282787391957765     
   386.90000000001947       0.48706028941660129     
   387.00000000001950       0.42657465899164004     
   387.10000000001952       0.36118162332512332     
   387.20000000001954       0.29070039570298628     
   387.30000000001957       0.21500058438126923     
   387.40000000001959       0.13406321968422660     
   387.50000000001961        4.8065197693076017E-002
   387.60000000001963       -4.2513164493131347E-002
   387.70000000001966      -0.13676772722153679     
   387.80000000001968      -0.23326376960078143     
   387.90000000001970      -0.32998810021498010     
   388.00000000001972      -0.42441480310627061     
   388.10000000001975      -0.51372212853596333     
   388.20000000001977      -0.59514435461505089     
   388.30000000001979      -0.66637071544475868     
   388.40000000001982      -0.72586107909938302     
   388.50000000001984      -0.77297467261500963     
   388.60000000001986      -0.80789207510464733     
   388.70000000001988      -0.83139435297979003     
   388.80000000001991      -0.84459711518310998     
   388.90000000001993      -0.84871825222887909     
   389.00000000001995      -0.84491624554045852     
   389.10000000001997      -0.83420031374782122     
   389.20000000002000      -0.81739545527957846     
   389.30000000002002      -0.79514177380656414     
   389.40000000002004      -0.76791123171863818     
   389.50000000002007      -0.73603066795422767     
   389.60000000002009      -0.69970484860532989     
   389.70000000002011      -0.65903676034223690     
   389.80000000002013      -0.61404448761264807     
   389.90000000002016      -0.56467527335649315     
   390.00000000002018      -0.51081816437658956     
   390.10000000002020      -0.45231729848655161     
   390.20000000002022      -0.38898860619926723     
   390.30000000002025      -0.32064356970887287     
   390.40000000002027      -0.24712464441340945     
   390.50000000002029      -0.16835766629912630     
   390.60000000002032       -8.4426232929063871E-002
   390.70000000002034        4.3298236531270073E-003
   390.80000000002036        9.7197220868020254E-002
   390.90000000002038       0.19297233525231094     
   391.00000000002041       0.28988231551058663     
   391.10000000002043       0.38559720871945313     
   391.20000000002045       0.47738208980769237     
   391.30000000002047       0.56239941085357492     
   391.40000000002050       0.63810305019626667     
   391.50000000002052       0.70260447020312800     
   391.60000000002054       0.75488714808880353     
   391.70000000002057       0.79481082095221012     
   391.80000000002059       0.82293870462618723     
   391.90000000002061       0.84027872392620861     
   392.00000000002063       0.84803025661953169     
   392.10000000002066       0.84739125733916421     
   392.20000000002068       0.83943994119971221     
   392.30000000002070       0.82507953340372853     
   392.40000000002073       0.80502568854235246     
   392.50000000002075       0.77981767784598677     
   392.60000000002077       0.74983980897062541     
   392.70000000002079       0.71534496516644297     
   392.80000000002082       0.67647622284424591     
   392.90000000002084       0.63328513448769974     
   393.00000000002086       0.58574683037112762     
   393.10000000002088       0.53377303993812841     
   393.20000000002091       0.47722481928484711     
   393.30000000002093       0.41592744377362256     
   393.40000000002095       0.34969072735011841     
   393.50000000002098       0.27833897562022997     
   393.60000000002100       0.20175566549194046     
   393.70000000002102       0.11994818493224892     
   393.80000000002104        3.3136376914590482E-002
   393.90000000002107       -5.8136659766392679E-002
   394.00000000002109      -0.15288409109347845     
   394.10000000002111      -0.24957486176388183     
   394.20000000002113      -0.34610112252136416     
   394.30000000002116      -0.43986778272051585     
   394.40000000002118      -0.52803515921582744     
   394.50000000002120      -0.60788671718462639     
   394.60000000002123      -0.67722335026013358     
   394.70000000002125      -0.73465306215312409     
   394.80000000002127      -0.77968367247059522     
   394.90000000002129      -0.81261463075966445     
   395.00000000002132      -0.83430171004388110     
   395.10000000002134      -0.84589226719707744     
   395.20000000002136      -0.84860342626436314     
   395.30000000002138      -0.84357309957012760     
   395.40000000002141      -0.83178079315706344     
   395.50000000002143      -0.81401980873394586     
   395.60000000002145      -0.79090052626288487     
   395.70000000002148      -0.76286884015946310     
   395.80000000002150      -0.73022950578991719     
   395.90000000002152      -0.69316884940955792     
   396.00000000002154      -0.65177449056180159     
   396.10000000002157      -0.60605167819305261     
   396.20000000002159      -0.55593699708609856     
   396.30000000002161      -0.50131095934546610     
   396.40000000002163      -0.44201165016071225     
   396.50000000002166      -0.37785233540600055     
   396.60000000002168      -0.30864683405967042     
   396.70000000002170      -0.23424741342831412     
   396.80000000002173      -0.15460057892746076     
   396.90000000002175       -6.9825491939527015E-002
   397.00000000002177        1.9683740437243052E-002
   397.10000000002179       0.11313910225499038     
   397.20000000002182       0.20924500568278834     
   397.30000000002184       0.30613076530899686     
   397.40000000002186       0.40138341000518807     
   397.50000000002188       0.49222597513749877     
   397.60000000002191       0.57584140942346662     
   397.70000000002193       0.64977133974778389     
   397.80000000002195       0.71226435840350133     
   397.90000000002198       0.76245667642915793     
   398.00000000002200       0.80034202366967433     
   398.10000000002202       0.82657733665510669     
   398.20000000002204       0.84221924127086567     
   398.30000000002207       0.84847832462777495     
   398.40000000002209       0.84653873603928886     
   398.50000000002211       0.83745170460191254     
   398.60000000002213       0.82208893815589046     
   398.70000000002216       0.80113523497050942     
   398.80000000002218       0.77510217873101817     
   398.90000000002220       0.74435035172975306     
   399.00000000002223       0.70911274550086068     
   399.10000000002225       0.66951586311471056     
   399.20000000002227       0.62559742514079997     
   399.30000000002229       0.57732102425426868     
   399.40000000002232       0.52458895482696422     
   399.50000000002234       0.46725511271948816     
   399.60000000002236       0.40514054790974596     
   399.70000000002238       0.33805508265791495     
   399.80000000002241       0.26582936540674817     
   399.90000000002243       0.18836256245442762     
   400.00000000002245       0.10569092458570539     
   400.10000000002248        1.8080401090820028E-002
   400.20000000002250       -7.3859654047881848E-002
   400.30000000002252      -0.16905675837577816     
   400.40000000002254      -0.26588246769023927     
   400.50000000002257      -0.36213672341338016     
   400.60000000002259      -0.45516217966102013     
   400.70000000002261      -0.54211185506096660     
   400.80000000002264      -0.62032987466341516     
   400.90000000002266      -0.68773721083401673     
   401.00000000002268      -0.74309262853917957     
   401.10000000002270      -0.78604929310165073     
   401.20000000002273      -0.81701863158146382     
   401.30000000002275      -0.83692346820622288     
   401.40000000002277      -0.84693657172856440     
   401.50000000002279      -0.84827010053297558     
   401.60000000002282      -0.84203920499286822     
   401.70000000002284      -0.82919294090732443     
   401.80000000002286      -0.81049304278802170     
   401.90000000002289      -0.78652071121095735     
   402.00000000002291      -0.75769644491364430     
   402.10000000002293      -0.72430356277646846     
   402.20000000002295      -0.68651050951221160     
   402.30000000002298      -0.64438999756768178     
   402.40000000002300      -0.59793482442096457     
   402.50000000002302      -0.54707126776576187     
   402.60000000002304      -0.49167168421865715     
   402.70000000002307      -0.43156859549674786     
   402.80000000002309      -0.36657330922756343     
   402.90000000002311      -0.29650303995789740     
   403.00000000002314      -0.22122143260031829     
   403.10000000002316      -0.14069787477079043     
   403.20000000002318       -5.5089998148360131E-002
   403.30000000002320        3.5150402935357622E-002
   403.40000000002323       0.12915727081929607     
   403.50000000002325       0.22554101319722103     
   403.60000000002327       0.32233392276911743     
   403.70000000002329       0.41704504101687823     
   403.80000000002332       0.50686468814448415     
   403.90000000002334       0.58900789242800033     
   404.00000000002336       0.66111416801222145     
   404.10000000002339       0.72157444856788100     
   404.20000000002341       0.76967670628054474     
   404.30000000002343       0.80554293296586865     
   404.40000000002345       0.82991612645232082     
   404.50000000002348       0.84389455846543227     
   404.60000000002350       0.84869491111396023     
   404.70000000002352       0.84548455502507447     
   404.80000000002354       0.83528646572670429     
   404.90000000002357       0.81894066707070268     
   405.00000000002359       0.79710151676846586     
   405.10000000002361       0.77025355527856565     
   405.20000000002364       0.73873430901591541     
   405.30000000002366       0.70275747662547827     
   405.40000000002368       0.66243348749308917     
   405.50000000002370       0.61778664174267828     
   405.60000000002373       0.56876935285763375     
   405.70000000002375       0.51527483899536808     
   405.80000000002377       0.45715026774248357     
   405.90000000002379       0.39421306488732910     
   406.00000000002382       0.32627395515720570     
   406.10000000002384       0.25317126564755832     
   406.20000000002386       0.17482178217478000     
   406.30000000002389        9.1293241713926152E-002
   406.40000000002391        2.9009472240065087E-003
   406.50000000002393       -8.9676032117159563E-002
   406.60000000002395      -0.18527682132216733     
   406.70000000002398      -0.28217501347807306     
   406.80000000002400      -0.37808150747243674     
   406.90000000002402      -0.47028435901198706     
   407.00000000002404      -0.55594031611815464     
   407.10000000002407      -0.63246539233720112     
   407.20000000002409      -0.69790821290623151     
   407.30000000002411      -0.75117987002146092     
   407.40000000002414      -0.79207481796314905     
   407.50000000002416      -0.82110924687703357     
   407.60000000002418      -0.83926548733098971     
   407.70000000002420      -0.84773571831627237     
   407.80000000002423      -0.84772329761993104     
   407.90000000002425      -0.84031870861244318     
   408.00000000002427      -0.82644000358230485     
   408.10000000002429      -0.80681757610560978     
   408.20000000002432      -0.78200402908351563     
   408.30000000002434      -0.75239514137569730     
   408.40000000002436      -0.71825343013405984     
   408.50000000002439      -0.67972999988861005     
   408.60000000002441      -0.63688310103433521     
   408.70000000002443      -0.58969345457167710     
   408.80000000002445      -0.53807738212143297     
   408.90000000002448      -0.48189947615516115     
   409.00000000002450      -0.42098721233274650     
   409.10000000002452      -0.35515069550381140     
   409.20000000002454      -0.28421166877787007     
   409.30000000002457      -0.20804682062349911     
   409.40000000002459      -0.12665075128844516     
   409.50000000002461       -4.0222576459983991E-002
   409.60000000002464        5.0724770725897178E-002
   409.70000000002466       0.14524399901823537     
   409.80000000002468       0.24184983519801995     
   409.90000000002470       0.33847899669243575     
   410.00000000002473       0.43256833680101014     
   410.10000000002475       0.52128536709007478     
   410.20000000002477       0.60188881757067014     
   410.30000000002480       0.67212560280420064     
   410.40000000002482       0.73053317868021417     
   410.50000000002484       0.77654934536980280     
   410.60000000002486       0.81041809290609812     
   410.70000000002489       0.83296077285020154     
   410.80000000002491       0.84531051607773233     
   410.90000000002493       0.84868535558988611     
   411.00000000002495       0.84423323662432370     
   411.10000000002498       0.83294784068151684     
   411.20000000002500       0.81563747096949457     
   411.30000000002502       0.79292651903112843     
   411.40000000002505       0.76527314137599400     
   411.50000000002507       0.73299247057224937     
   411.60000000002509       0.69627949517189880     
   411.70000000002511       0.65522905414680732     
   411.80000000002514       0.60985242673550411     
   411.90000000002516       0.56009120148546321     
   412.00000000002518       0.50582988583319288     
   412.10000000002520       0.44690937207066889     
   412.20000000002523       0.38314410282336125     
   412.30000000002525       0.31434666278855772     
   412.40000000002527       0.24036448327011303     
   412.50000000002530       0.16113401217673162     
   412.60000000002532        7.6757212698090424E-002
   412.70000000002534       -1.2397934436359920E-002
   412.80000000002536      -0.10557922447707285     
   412.90000000002539      -0.20153489778851066     
   413.00000000002541      -0.29844053827439720     
   413.10000000002543      -0.39392191127394882     
   413.20000000002545      -0.48522083734819915     
   413.30000000002548      -0.56950912099435402     
   413.40000000002550      -0.64428553401947819     
   413.50000000002552      -0.70773301388180143     
   413.60000000002555      -0.75891549907943856     
   413.70000000002557      -0.79776394034848597     
   413.80000000002559      -0.82489183811793687     
   413.90000000002561      -0.84133364848223857     
   414.00000000002564      -0.84829530998563796     
   414.10000000002566      -0.84696790116356202     
   414.20000000002568      -0.83841560399164483     
   414.30000000002570      -0.82352508189332996     
   414.40000000002573      -0.80299569851037267     
   414.50000000002575      -0.77735207087582481     
   414.60000000002577      -0.74696593355910379     
   414.70000000002580      -0.71207962300858818     
   414.80000000002582      -0.67282742795991424     
   414.90000000002584      -0.62925356757847339     
   415.00000000002586      -0.58132705364105808     
   415.10000000002589      -0.52895460446959197     
   415.20000000002591      -0.47199345427801559     
   415.30000000002593      -0.41026658150843276     
   415.40000000002595      -0.34358369674296918     
   415.50000000002598      -0.27177228333721865     
   415.60000000002600      -0.19472384343472246     
   415.70000000002602      -0.11246063888997218     
   415.80000000002605       -2.5226383869458718E-002
   415.90000000002607        6.6401378127577126E-002
   416.00000000002609       0.16139108274507463     
   416.10000000002611       0.25816051023489406     
   416.20000000002614       0.35455292128895927     
   416.30000000002616       0.44793954359177268     
   416.40000000002618       0.53547549948465634     
   416.50000000002620       0.61447476880451679     
   416.60000000002623       0.68280045820983959     
   416.70000000002625       0.73913967372429756     
   416.80000000002627       0.78307720416596160     
   416.90000000002630       0.81497232675407116     
   417.00000000002632       0.83571705951551956     
   417.10000000002634       0.84647290543233300     
   417.20000000002636       0.84845487475363723     
   417.30000000002639       0.84278915237634744     
   417.40000000002641       0.83043929488978474     
   417.50000000002643       0.81218196413928578     
   417.60000000002645       0.78861210936164361     
   417.70000000002648       0.76016217231255090     
   417.80000000002650       0.72712554406018615     
   417.90000000002652       0.68967906931357292     
   418.00000000002655       0.64790246399292417     
   418.10000000002657       0.60179437519825174     
   418.20000000002659       0.55128591823954998     
   418.30000000002661       0.49625326410627502     
   418.40000000002664       0.43653150662599610     
   418.50000000002666       0.37193278975792199     
   418.60000000002668       0.30227258336099494     
   418.70000000002671       0.22740894259892597     
   418.80000000002673       0.14730013505263034     
   418.90000000002675        6.2085204029952143E-002
   419.00000000002677       -2.7811804480092434E-002
   419.10000000002680      -0.12156219839002530     
   419.20000000002682      -0.21782113729031358     
   419.30000000002684      -0.31466672190838690     
   419.40000000002686      -0.40964425192641873     
   419.50000000002689      -0.49995834040404502     
   419.60000000002691      -0.58280737413629435     
   419.70000000002693      -0.65578328238602901     
   419.80000000002696      -0.71720900245386021     
   419.90000000002698      -0.76630081730120769     
   420.00000000002700      -0.80312072532056200     
   420.10000000002702      -0.82837192605418164     
   420.20000000002705      -0.84313383139114872     
   420.30000000002707      -0.84862085098951701     
   420.40000000002709      -0.84600865127506153     
   420.50000000002711      -0.83633373156616719     
   420.60000000002714      -0.82045113312011275     
   420.70000000002716      -0.79902957422103982     
   420.80000000002718      -0.77256632133690539     
   420.90000000002721      -0.74140973687646394     
   421.00000000002723      -0.70578258275890515     
   421.10000000002725      -0.66580283947014551     
   421.20000000002727      -0.62150111241075356     
   421.30000000002730      -0.57283506503956894     
   421.40000000002732      -0.51970216881309628     
   421.50000000002734      -0.46195272264740184     
   421.60000000002736      -0.39940579132771953     
   421.70000000002739      -0.33187155680736036     
   421.80000000002741      -0.25918453755004561     
   421.90000000002743      -0.18125292728855319     
   422.00000000002746       -9.8129217002669383E-002
   422.10000000002748       -1.0104926314171869E-002
   422.20000000002750        8.2174321433457737E-002
   422.30000000002752       0.17758984013999299     
   422.40000000002755       0.27446165619555718     
   422.50000000002757       0.37054239679089418     
   422.60000000002759       0.46314497479448102     
   422.70000000002761       0.54942297615508673     
   422.80000000002764       0.62675698920014877     
   422.90000000002766       0.69313429647150393     
   423.00000000002768       0.74739372118969671     
   423.10000000002771       0.78926335876403075     
   423.20000000002773       0.81921070092205306     
   423.30000000002775       0.83819082787893084     
   423.40000000002777       0.84738745230968504     
   423.50000000002780       0.84800855509009987     
   423.60000000002782       0.84115652152770415     
   423.70000000002784       0.82776414479688243     
   423.80000000002786       0.80857662737417790     
   423.90000000002789       0.78416004114762650     
   424.00000000002791       0.75492178775332119     
   424.10000000002793       0.72113415754910637     
   424.20000000002796       0.68295640079599984     
   424.30000000002798       0.64045356241573270     
   424.40000000002800       0.59361203648516159     
   424.50000000002802       0.54235281589747109     
   424.60000000002805       0.48654412049840240     
   424.70000000002807       0.42601574929532499     
   424.80000000002809       0.36057827932121111     
   424.90000000002811       0.29005116288929012     
   425.00000000002814       0.21430469699130639     
   425.10000000002816       0.13332124342962076     
   425.20000000002818        4.7279889261170133E-002
   425.30000000002821       -4.3335819090215416E-002
   425.40000000002823      -0.13761745085625893     
   425.50000000002825      -0.23412523035060423     
   425.60000000002827      -0.33084091636800927     
   425.70000000002830      -0.42523477827212319     
   425.80000000002832      -0.51448386043725491     
   425.90000000002834      -0.59582474947475883     
   426.00000000002836      -0.66695235399266306     
   426.10000000002839      -0.72633428372560294     
   426.20000000002841      -0.77333768165818573     
   426.30000000002843      -0.80814957186612368     
   426.40000000002846      -0.83155515938171565     
   426.50000000002848      -0.84467189375885965     
   426.60000000002850      -0.84871773605240097     
   426.70000000002852      -0.84485014094653332     
   426.80000000002855      -0.83407677929236346     
   426.90000000002857      -0.81722097377068892     
   427.00000000002859      -0.79492124512228002     
   427.10000000002861      -0.76764816210756393     
   427.20000000002864      -0.73572738083685563     
   427.30000000002866      -0.69936267916600381     
   427.40000000002868      -0.65865622031007609     
   427.50000000002871      -0.61362540097359752     
   427.60000000002873      -0.56421689232589056     
   427.70000000002875      -0.51031928104773439     
   427.80000000002877      -0.45177637343755528     
   427.90000000002880      -0.38840394234134612     
   428.00000000002882      -0.32001356804885672     
   428.10000000002884      -0.24644818663850007     
   428.20000000002887      -0.16763467240136939     
   428.30000000002889       -8.3658430488774652E-002
   428.40000000002891        5.1379247402794787E-003
   428.50000000002893        9.8037247514468823E-002
   428.60000000002896       0.19383111316792029     
   428.70000000002898       0.29074149227484047     
   428.80000000002900       0.38643393346563382     
   428.90000000002902       0.47817106805445098     
   429.00000000002905       0.56311614296921808     
   429.10000000002907       0.63872740889833057     
   429.20000000002909       0.70312342475549383     
   429.30000000002912       0.75529574338480843     
   429.40000000002914       0.79511131310869609     
   429.50000000002916       0.82313849006381534     
   429.60000000002918       0.84038795188613391     
   429.70000000002921       0.84805980233025835     
   429.80000000002923       0.84735134667614542     
   429.90000000002925       0.83933941023555003     
   430.00000000002927       0.82492555990856797     
   430.10000000002930       0.80482381111497281     
   430.20000000002932       0.77957195681212643     
   430.30000000002934       0.74955303463736400     
   430.40000000002937       0.71501886192292863     
   430.50000000002939       0.67611162690151549     
   430.60000000002941       0.63288214095253004     
   430.70000000002943       0.58530491587967348     
   430.80000000002946       0.53329117386951697     
   430.90000000002948       0.47670158231547377     
   431.00000000002950       0.41536117895937152     
   431.10000000002952       0.34907975679619879     
   431.20000000002955       0.27768192445074824     
   431.30000000002957       0.20105194105692392     
   431.40000000002959       0.11919865541536337     
   431.50000000002962        3.2344266000552707E-002
   431.60000000002964       -5.8964715650939387E-002
   431.70000000002966      -0.15373700377382565     
   431.80000000002968      -0.25043642131576827     
   431.90000000002971      -0.34695018106075698     
   432.00000000002973      -0.44067972435466263     
   432.10000000002975      -0.52878471269597127     
   432.20000000002977      -0.60855152998949513     
   432.30000000002980      -0.67778720894439726     
   432.40000000002982      -0.73510766016651763     
   432.50000000002984      -0.78002846909704104     
   432.60000000002987      -0.81285517557890596     
   432.70000000002989      -0.83444728507512822     
   432.80000000002991      -0.84595365236848941     
   432.90000000002993      -0.84859124103516814     
   433.00000000002996      -0.84349681336289206     
   433.10000000002998      -0.83164828376574373     
   433.20000000003000      -0.81383728242136377     
   433.30000000003002      -0.79067263405074462     
   433.40000000003005      -0.76259887479693445     
   433.50000000003007      -0.72991961165930674     
   433.60000000003009      -0.69282021256718407     
   433.70000000003012      -0.65138749829365383     
   433.80000000003014      -0.60562605057307461     
   433.90000000003016      -0.55547190099075394     
   434.00000000003018      -0.50080512129349797     
   434.10000000003021      -0.44146349033548321     
   434.20000000003023      -0.37726015247100464     
   434.30000000003025      -0.30800907891524598     
   434.40000000003027      -0.23356309791432217     
   434.50000000003030      -0.15386986714826317     
   434.60000000003032       -6.9050506340837620E-002
   434.70000000003034        2.0497916131778413E-002
   434.80000000003037       0.11398334401873729     
   434.90000000003039       0.21010527218627453     
   435.00000000003041       0.30698786478214507     
   435.10000000003043       0.40221389877212455     
   435.20000000003046       0.49300444286732159     
   435.30000000003048       0.57654384966751038     
   435.40000000003050       0.65037866792982857     
   435.50000000003052       0.71276488701063589     
   435.60000000003055       0.76284676698630449     
   435.70000000003057       0.80062496093527780     
   435.80000000003059       0.82676114350042618     
   435.90000000003062       0.84231431459143324     
   436.00000000003064       0.84849550795548834     
   436.10000000003066       0.84648805810221661     
   436.20000000003068       0.83734173140544099     
   436.30000000003071       0.82192656511320872     
   436.40000000003073       0.80092573865957906     
   436.50000000003075       0.77484939102667949     
   436.60000000003078       0.74405686999642418     
   436.70000000003080       0.70878013320520883     
   436.80000000003082       0.66914482235333361     
   436.90000000003084       0.62518793895453439     
   437.00000000003087       0.57687247627324378     
   437.10000000003089       0.52410024024681812     
   437.20000000003091       0.46672476036817223     
   437.30000000003093       0.40456687981101680     
   437.40000000003096       0.33743644559892216     
   437.50000000003098       0.26516447757871497     
   437.60000000003100       0.18765102345929746     
   437.70000000003103       0.10493393047832619     
   437.80000000003105        1.7281672842836798E-002
   437.90000000003107       -7.4692799409453725E-002
   438.00000000003109      -0.16991240151999998     
   438.10000000003112      -0.26674352478953067     
   438.20000000003114      -0.36298132174490216     
   438.30000000003116      -0.45596536470819327     
   438.40000000003118      -0.54284859039628408     
   438.50000000003121      -0.62097864280850401     
   438.60000000003123      -0.68828305525814559     
   438.70000000003125      -0.74352860877575533     
   438.80000000003128      -0.78637603987459437     
   438.90000000003130      -0.81724249214448730     
   439.00000000003132      -0.83705412046826466     
   439.10000000003134      -0.84698486596507627     
   439.20000000003137      -0.84824651493423819     
   439.30000000003139      -0.84195296003587428     
   439.40000000003141      -0.82905163175125940     
   439.50000000003143      -0.81030260270111076     
   439.60000000003146      -0.78628554807826323     
   439.70000000003148      -0.75741964399073869     
   439.80000000003150      -0.72398709480214407     
   439.90000000003153      -0.68615541591873419     
   440.00000000003155      -0.64399654489300229     
   440.10000000003157      -0.59750263201319209     
   440.20000000003159      -0.54659942030209629     
   440.30000000003162      -0.49115884636523627     
   440.40000000003164      -0.43101315218016623     
   440.50000000003166      -0.36597356249669494     
   440.60000000003168      -0.29585750204797107     
   440.70000000003171      -0.22052926213877327     
   440.80000000003173      -0.13995950278912347     
   440.90000000003175       -5.4307970571708511E-002
   441.00000000003178        3.5970397417100022E-002
   441.10000000003180       0.13000533140040901     
   441.20000000003182       0.22640222371094337     
   441.30000000003184       0.32318827680209683     
   441.40000000003187       0.41786856734699268     
   441.50000000003189       0.50763195816059270     
   441.60000000003191       0.58969549528755771     
   441.70000000003193       0.66170413375969961     
   441.80000000003196       0.72205645118267558     
   441.90000000003198       0.77004839026241512     
   442.00000000003200       0.80580854777830702     
   442.10000000003203       0.83008425313621426     
   442.20000000003205       0.84397578659355121     
   442.30000000003207       0.84870001703003284     
   442.40000000003209       0.84542335242299760     
   442.50000000003212       0.83516724509437390     
   442.60000000003214       0.81877004324302594     
   442.70000000003216       0.79688450941970623     
   442.80000000003218       0.76999377387566104     
   442.90000000003221       0.73843416369169190     
   443.00000000003223       0.70241837480494440     
   443.10000000003225       0.66205600116391472     
   443.20000000003228       0.61737064523030938     
   443.30000000003230       0.56831413987892321     
   443.40000000003232       0.51477923395376080     
   443.50000000003234       0.45661275205015156     
   443.60000000003237       0.39363194598371182     
   443.70000000003239       0.32564761419827282     
   443.80000000003241       0.25249852820807689     
   443.90000000003243       0.17410246029197501     
   444.00000000003246        9.0528885707576556E-002
   444.10000000003248        2.0958060984832827E-003
   444.20000000003250       -9.0513931403211484E-002
   444.30000000003253      -0.18613471119023300     
   444.40000000003255      -0.28303494580260197     
   444.50000000003257      -0.37892093296094387     
   444.60000000003259      -0.47107807097811649     
   444.70000000003262      -0.55666361762672156     
   444.80000000003264      -0.63309768952009626     
   444.90000000003266      -0.69843584803161640     
   445.00000000003268      -0.75159725485460838     
   445.10000000003271      -0.79238370004557557     
   445.20000000003273      -0.82131670186629868     
   445.30000000003275      -0.83938152713870429     
   445.40000000003278      -0.84777121984969828     
   445.50000000003280      -0.84768857312726542     
   445.60000000003282      -0.84022271968162521     
   445.70000000003284      -0.82629006207059652     
   445.80000000003287      -0.80661934638828003     
   445.90000000003289      -0.78176168177647309     
   446.00000000003291      -0.75211156018585146     
   446.10000000003294      -0.71793041740876706     
   446.20000000003296      -0.67936845679114444     
   446.30000000003298      -0.63648317693842082     
   446.40000000003300      -0.58925467124135689     
   446.50000000003303      -0.53759874522319850     
   446.60000000003305      -0.48137959239801104     
   446.70000000003307      -0.42042443686155362     
   446.80000000003309      -0.35454334192926484     
   446.90000000003312      -0.28355832289063548     
   447.00000000003314      -0.20734680546564310     
   447.10000000003316      -0.12590478869227043     
   447.20000000003319       -3.9433665202747673E-002
   447.30000000003321        5.1550306051286077E-002
   447.40000000003323       0.14609545701643151     
   447.50000000003325       0.24271142156920930     
   447.60000000003328       0.33932992167392773     
   447.70000000003330       0.43338417345104457     
   447.80000000003332       0.52204076925940801     
   447.90000000003334       0.60256106971281254     
   448.00000000003337       0.67269791348871233     
   448.10000000003339       0.73099659209898027     
   448.20000000003341       0.77690274840797668     
   448.30000000003344       0.81066663336818734     
   448.40000000003346       0.83311352299081487     
   448.50000000003348       0.84537820629512683     
   448.60000000003350       0.84867866278435067     
   448.70000000003353       0.84416174405162825     
   448.80000000003355       0.83281955941395147     
   448.90000000003357       0.81545873783343903     
   449.00000000003359       0.79270210220211734     
   449.10000000003362       0.76500643396288459     
   449.20000000003364       0.73268570106708486     
   449.30000000003366       0.69593391968586005     
   449.40000000003369       0.65484511843314130     
   449.50000000003371       0.60942989967944350     
   449.60000000003373       0.55962928999005745     
   449.70000000003375       0.50532734701840698     
   449.80000000003378       0.44636464462942160     
   449.90000000003380       0.38255548651118693     
   450.00000000003382       0.31371258349674114     
   450.10000000003384       0.23968388918562047     
   450.20000000003387       0.16040694901612451     
   450.30000000003389        7.5985612386067630E-002
   450.40000000003391       -1.3209263820420036E-002
   450.50000000003394      -0.10642151787476495     
   450.60000000003396      -0.20239452572292077     
   450.70000000003398      -0.29929870379761148     
   450.80000000003400      -0.39475544373488936     
   450.90000000003403      -0.48600436934466029     
   451.00000000003405      -0.57021839961643184     
   451.10000000003407      -0.64490097144595804     
   451.20000000003409      -0.70824228359710428     
   451.30000000003412      -0.75931434281055965     
   451.40000000003414      -0.79805516349207861     
   451.50000000003416      -0.82508317543860221     
   451.60000000003419      -0.84143538662757589     
   451.70000000003421      -0.84831831212372089     
   451.80000000003423      -0.84692229177697009     
   451.90000000003425      -0.83831007776690369     
   452.00000000003428      -0.82336666779582413     
   452.10000000003430      -0.80278979659070893     
   452.20000000003432      -0.77710262044928058     
   452.30000000003434      -0.74667562264700404     
   452.40000000003437      -0.71175009067110051     
   452.50000000003439      -0.67245943930130692     
   452.60000000003441      -0.62884715829017523     
   452.70000000003444      -0.58088165101420342     
   452.80000000003446      -0.52846913841602428     
   452.90000000003448      -0.47146647764314820     
   453.00000000003450      -0.40969642549927937     
   453.10000000003453      -0.34296869529017371     
   453.20000000003455      -0.27111110882628997     
   453.30000000003457      -0.19401600196770302     
   453.40000000003459      -0.11170716801516259     
   453.50000000003462       -2.4430765240422939E-002
   453.60000000003464        6.7232153524675542E-002
   453.70000000003466       0.16224549153145185     
   453.80000000003469       0.25902188160344242     
   453.90000000003471       0.35539972020212462     
   454.00000000003473       0.44874696545426107     
   454.10000000003475       0.53621838364308516     
   454.20000000003478       0.61513119093093693     
   454.30000000003480       0.68335486071932283     
   454.40000000003482       0.73958447037964592     
   454.50000000003485       0.78341247742245534     
   454.60000000003487       0.81520405470446100     
   454.70000000003489       0.83585474044343055     
   454.80000000003491       0.84652736195137501     
   454.90000000003494       0.84843665521277412     
   455.00000000003496       0.84270759651436788     
   455.10000000003498       0.83030213187273294     
   455.20000000003500       0.81199525604326517     
   455.30000000003503       0.78838037849526887     
   455.40000000003505       0.75988860145295511     
   455.50000000003507       0.72681218551841442     
   455.60000000003510       0.68932703246246996     
   455.70000000003512       0.64751207210215755     
   455.80000000003514       0.60136529492463398     
   455.90000000003516       0.55081727279498105     
   456.00000000003519       0.49574374697526952     
   456.10000000003521       0.43597951877129032     
   456.20000000003523       0.37133663064005923     
   456.30000000003525       0.30163073469295765     
   456.40000000003528       0.22672049135521838     
   456.50000000003530       0.14656538293943361     
   456.60000000003532        6.1306492799673429E-002
   456.70000000003535       -2.8629076517509747E-002
   456.80000000003537      -0.12240850140465818     
   456.90000000003539      -0.21868197012588531     
   457.00000000003541      -0.31552246046610821     
   457.10000000003544      -0.41047116626692626     
   457.20000000003546      -0.50073099819042310     
   457.30000000003548      -0.58350206983469710     
   457.40000000003550      -0.65638150969690567     
   457.50000000003553      -0.71769978889898178     
   457.60000000003555      -0.76668120442747789     
   457.70000000003557      -0.80339451385828042     
   457.80000000003560      -0.82854744113914092     
   457.90000000003562      -0.84322157800414477     
   458.00000000003564      -0.84863164151090553     
   458.10000000003566      -0.84595240330523414     
   458.20000000003569      -0.83621886665280221     
   458.30000000003571      -0.82028439870277470     
   458.40000000003573      -0.79881611098336858     
   458.50000000003575      -0.77230984332150909     
   458.60000000003578      -0.74111274218260614     
   458.70000000003580      -0.70544655211264207     
   458.80000000003582      -0.66542840598659347     
   458.90000000003585      -0.62108820148926658     
   459.00000000003587      -0.57238301259344915     
   459.10000000003589      -0.51920983234257667     
   459.20000000003591      -0.46141860545167035     
   459.30000000003594      -0.39882820692159315     
   459.40000000003596      -0.33124886882043825     
   459.50000000003598      -0.25851551885975410     
   459.60000000003600      -0.18053728674198694     
   459.70000000003603       -9.7368333792001854E-002
   459.80000000003605       -9.3027955175213478E-003
   459.90000000003607        8.3010012663779012E-002
   460.00000000003610       0.17844672786914839     
   460.10000000003612       0.27532220005920710     
   460.20000000003614       0.37138436145511422     
   460.30000000003616       0.46394326188963114     
   460.40000000003619       0.55015271490308137     
   460.50000000003621       0.62739713764880434     
   460.60000000003623       0.69367057716594094     
   460.70000000003625       0.74781990776426133     
   460.80000000003628       0.78958067694903333     
   460.90000000003630       0.81942589006102706     
   461.00000000003632       0.83831374925764968     
   461.10000000003635       0.84742897545979101     
   461.20000000003637       0.84797907373986503     
   461.30000000003639       0.84106512098560082     
   461.40000000003641       0.82761827110101494     
   461.50000000003644       0.80838207170203502     
   461.60000000003646       0.78392108574455388     
   461.70000000003648       0.75464141104132842     
   461.80000000003650       0.72081424097862445     
   461.90000000003653       0.68259791142671478     
   462.00000000003655       0.64005670466912168     
   462.10000000003657       0.59317637795073819     
   462.20000000003660       0.54187739925910217     
   462.30000000003662       0.48602757941544922     
   462.40000000003664       0.42545645231187545     
   462.50000000003666       0.35997453351720610     
   462.60000000003669       0.28940151764596489     
   462.70000000003671       0.21360839522437033     
   462.80000000003673       0.13257886620859141     
   462.90000000003675        4.6494217191735326E-002
   463.00000000003678       -4.4158766406379266E-002
   463.10000000003680      -0.13846735399893673     
   463.20000000003682      -0.23498671100321175     
   463.30000000003685      -0.33169355142701562     
   463.40000000003687      -0.42605434726218322     
   463.50000000003689      -0.51524496543159948     
   463.60000000003691      -0.59650433343038123     
   463.70000000003694      -0.66753305990824829     
   463.80000000003696      -0.72680650638686473     
   463.90000000003698      -0.77369972504059348     
   464.00000000003701      -0.80840616672535093     
   464.10000000003703      -0.83171515358206027     
   464.20000000003705      -0.84474595726501389     
   464.30000000003707      -0.84871659667876909     
   464.40000000003710      -0.84478349285098420     
   464.50000000003712      -0.83395276626891135     
   464.60000000003714      -0.81704606394143464     
   464.70000000003716      -0.79470032508052879     
   464.80000000003719      -0.76738472667387658     
   464.90000000003721      -0.73542374383769393     
   465.00000000003723      -0.69902016779360610     
   465.10000000003726      -0.65827533962609452     
   465.20000000003728      -0.61320596939473404     
   465.30000000003730      -0.56375815748190183     
   465.40000000003732      -0.50982003147768151     
   465.50000000003735      -0.45123506746246478     
   465.60000000003737      -0.38781888246549656     
   465.70000000003739      -0.31938315764043002     
   465.80000000003741      -0.24577131385903145     
   465.90000000003744      -0.16691126958357247     
   466.00000000003746       -8.2890245367505125E-002
   466.10000000003748        5.9463527391038079E-003
   466.20000000003751        9.8877506313359967E-002
   466.30000000003753       0.19468998294252760     
   466.40000000003755       0.29160057575599552     
   466.50000000003757       0.38727034695120116     
   466.60000000003760       0.47895950856450475     
   466.70000000003762       0.56383213432820056     
   466.80000000003764       0.63935087697876813     
   466.90000000003766       0.70364140915758844     
   467.00000000003769       0.75570335926815413     
   467.10000000003771       0.79541087247415754     
   467.20000000003773       0.82333742414503308     
   467.30000000003776       0.84049642442959849     
   467.40000000003778       0.84808868783146685     
   467.50000000003780       0.84731086108677389     
   467.60000000003782       0.83923837552649627     
   467.70000000003785       0.82477113890545006     
   467.80000000003787       0.80462152845401214     
   467.90000000003789       0.77932586060156595     
   468.00000000003791       0.74926590484833355     
   468.10000000003794       0.71469241432003183     
   468.20000000003796       0.67574669050942116     
   468.30000000003798       0.63247880487348462     
   468.40000000003801       0.58486265175978114     
   468.50000000003803       0.53280894708633164     
   468.60000000003805       0.47617797069980999     
   468.70000000003807       0.41479452430182728     
   468.80000000003810       0.34846838227392662     
   468.90000000003812       0.27702445975993661     
   469.00000000003814       0.20034780321459766     
   469.10000000003816       0.11844872927917269     
   469.20000000003819        3.1551800759724913E-002
   469.30000000003821       -5.9793048369108814E-002
   469.40000000003823      -0.15459007237103733     
   469.50000000003826      -0.25129796955870115     
   469.60000000003828      -0.34779902168457316     
   469.70000000003830      -0.44149122150605774     
   469.80000000003832      -0.52953360492116786     
   469.90000000003835      -0.60921550657008461     
   470.00000000003837      -0.67835012162698893     
   470.10000000003839      -0.73556127476188338     
   470.20000000003841      -0.78037230805149538     
   470.30000000003844      -0.81309483233040758     
   470.40000000003846      -0.83459206414111220     
   470.50000000003848      -0.84601433854067598     
   470.60000000003851      -0.84857844697599449     
   470.70000000003853      -0.84341999562753478     
   470.80000000003855      -0.83151530525500683     
   470.90000000003857      -0.81365433488437944     
   471.00000000003860      -0.79044435552207948     
   471.10000000003862      -0.76232854691608609     
   471.20000000003864      -0.72960936950295685     
   471.30000000003866      -0.69247123444122005     
   471.40000000003869      -0.65100016501470070     
   471.50000000003871      -0.60520007681545296     
   471.60000000003873      -0.55500644921024800     
   471.70000000003876      -0.50029891464725207     
   471.80000000003878      -0.44091494701323347     
   471.90000000003880      -0.37666757111951049     
   472.00000000003882      -0.30737091338169564     
   472.10000000003885      -0.23287836736722639     
   472.20000000003887      -0.15313874921109322     
   472.30000000003889       -6.8275145104758850E-002
   472.40000000003892        2.1312405766770293E-002
   472.50000000003894       0.11482779762649398     
   472.60000000003896       0.21096560238552942     
   472.70000000003898       0.30784483609824892     
   472.80000000003901       0.40304403797274535     
   472.90000000003903       0.49378233618384570     
   473.00000000003905       0.57724551956874337     
   473.10000000003907       0.65098508698275892     
   473.20000000003910       0.71326443924408500     
   473.30000000003912       0.76323588259798314     
   473.40000000003914       0.80090697726355276     
   473.50000000003917       0.82694411459771966     
   473.60000000003919       0.84240864887898592     
   473.70000000003921       0.84851204627539234     
   473.80000000003923       0.84643681824935202     
   473.90000000003926       0.83723126495436151     
   474.00000000003928       0.82176375260498136     
   474.10000000003930       0.80071584297162912     
   474.20000000003932       0.77459623213483098     
   474.30000000003935       0.74376303523360865     
   474.40000000003937       0.70844717767517562     
   474.50000000003939       0.66877344118127036     
   474.60000000003942       0.62477810935579581     
   474.70000000003944       0.57642357705135761     
   474.80000000003946       0.52361116277238473     
   474.90000000003948       0.46619403085154720     
   475.00000000003951       0.40399281934049319     
   475.10000000003953       0.33681740252890713     
   475.20000000003955       0.26449917540647888     
   475.30000000003957       0.18693907249351779     
   475.40000000003960       0.10417654481744454     
   475.50000000003962        1.6482600576902734E-002
   475.60000000003964       -7.5526204479508918E-002
   475.70000000003967      -0.17076817565771729     
   475.80000000003969      -0.26760453822454255     
   475.90000000003971      -0.36382566474923950     
   476.00000000003973      -0.45676806723640739     
   476.10000000003976      -0.54358463133139301     
   476.20000000003978      -0.62162655129202338     
   476.30000000003980      -0.68882794239675693     
   476.40000000003982      -0.74396360595067412     
   476.50000000003985      -0.78670183820819728     
   476.60000000003987      -0.81746547910066969     
   476.70000000003989      -0.83718399312437419     
   476.80000000003992      -0.84703247706744267     
   476.90000000003994      -0.84822233449963502     
   477.00000000003996      -0.84186619509780913     
   477.10000000003998      -0.82890986251152432     
   477.20000000004001      -0.81011174811787978     
   477.30000000004003      -0.78605000335612030     
   477.40000000004005      -0.75714248359131864     
   477.50000000004007      -0.72367028043965265     
   477.60000000004010      -0.68579998150873800     
   477.70000000004012      -0.64360275069609030     
   477.80000000004014      -0.59707009214479190     
   477.90000000004017      -0.54612721518576535     
   478.00000000004019      -0.49064563750672180     
   478.10000000004021      -0.43045732279292465     
   478.20000000004023      -0.36537341503082266     
   478.30000000004026      -0.29521155231119756     
   478.40000000004028      -0.21983667699318724     
   478.50000000004030      -0.13922072801996427     
   478.60000000004032       -5.3525575282919013E-002
   478.70000000004035        3.6790691718105228E-002
   478.80000000004037       0.13085358219663074     
   478.90000000004039       0.22726346849338755     
   479.00000000004042       0.32404246693903521     
   479.10000000004044       0.41869170569196723     
   479.20000000004046       0.50839861791403351     
   479.30000000004048       0.59038229986760071     
   479.40000000004051       0.66229317393538578     
   479.50000000004053       0.72253747317348060     
   479.60000000004055       0.77041910526436252     
   479.70000000004057       0.80607325438355615     
   479.80000000004060       0.83025155999286826     
   479.90000000004062       0.84405629198185950     
   480.00000000004064       0.84870449281991411     
   480.10000000004067       0.84536160050078191     
   480.20000000004069       0.83504754127369196     
   480.30000000004071       0.81859898760354233     
   480.40000000004073       0.79666710821400155     
   480.50000000004076       0.76973362499132325     
   480.60000000004078       0.73813366752848231     
   480.70000000004080       0.70207893067850669     
   480.80000000004082       0.66167817429837728     
   480.90000000004085       0.61695430430041542     
   481.00000000004087       0.56785857393832995     
   481.10000000004089       0.51428326376308175     
   481.20000000004092       0.45607485664518754     
   481.30000000004094       0.39305043222128822     
   481.40000000004096       0.32502086533182484     
   481.50000000004098       0.25182537589966836     
   481.60000000004101       0.17338272838106747     
   481.70000000004103        8.9764143978468228E-002
   481.80000000004105        1.2903323077015777E-003
   481.90000000004108       -9.1352072003339349E-002
   482.00000000004110      -0.18699270580481572     
   482.10000000004112      -0.28389480103084680     
   482.20000000004114      -0.37976006524818168     
   482.30000000004117      -0.47187126282017172     
   482.40000000004119      -0.55738619293292879     
   482.50000000004121      -0.63372910555758799     
   482.60000000004123      -0.69896251665677933     
   482.70000000004126      -0.75201365871035331     
   482.80000000004128      -0.79269164405916481     
   482.90000000004130      -0.82152329824047865     
   483.00000000004133      -0.83949680375508728     
   483.10000000004135      -0.84780605387040675     
   483.20000000004137      -0.84765326740419134     
   483.30000000004139      -0.84012622188908481     
   483.40000000004142      -0.82613966910426617     
   483.50000000004144      -0.80642070854371073     
   483.60000000004146      -0.78151895730221299     
   483.70000000004148      -0.75182762230677891     
   483.80000000004151      -0.71760705972099448     
   483.90000000004153      -0.67900657316720980     
   484.00000000004155      -0.63608291066106526     
   484.10000000004158      -0.58881553900691563     
   484.20000000004160      -0.53711974861465106     
   484.30000000004162      -0.48085933517501217     
   484.40000000004164      -0.41986127275500235     
   484.50000000004167      -0.35393558539878800     
   484.60000000004169      -0.28290456396731517     
   484.70000000004171      -0.20664637638536537     
   484.80000000004173      -0.12515842733125598     
   484.90000000004176       -3.8644395087678016E-002
   485.00000000004178        5.2376125886040945E-002
   485.10000000004180       0.14694708227028208     
   485.20000000004183       0.24357301155924854     
   485.30000000004185       0.34018064625918176     
   485.40000000004187       0.43419958373611489     
   485.50000000004189       0.52279552629962678     
   485.60000000004192       0.60323249739221607     
   485.70000000004194       0.67326928424270216     
   485.80000000004196       0.73145902255763473     
   485.90000000004198       0.77725518982924946     
   486.00000000004201       0.81091427912658587     
   486.10000000004203       0.83326546945713353     
   486.20000000004205       0.84544518992560047     
   486.30000000004208       0.84867135439011698     
   486.40000000004210       0.84408971433329516     
   486.50000000004212       0.83269080460402312     
   486.60000000004214       0.81527958015879787     
   486.70000000004217       0.79247729670892231     
   486.80000000004219       0.76473936249979146     
   486.90000000004221       0.73237858268482048     
   487.00000000004223       0.69558800263171761     
   487.10000000004226       0.65446084189797193     
   487.20000000004228       0.60900702706890231     
   487.30000000004230       0.55916702370820970     
   487.40000000004233       0.50482444073139421     
   487.50000000004235       0.44581953490974008     
   487.60000000004237       0.38196647290950153     
   487.70000000004239       0.31307809456902586     
   487.80000000004242       0.23900288003655185     
   487.90000000004244       0.15967947831625121     
   488.00000000004246        7.5213632993889140E-002
   488.10000000004248       -1.4020913428839987E-002
   488.20000000004251      -0.10726403289806311     
   488.30000000004253      -0.20325423085058497     
   488.40000000004255      -0.30015675779352513     
   488.50000000004258      -0.39558864479391947     
   488.60000000004260      -0.48678734420405062     
   488.70000000004262      -0.57092692170862946     
   488.80000000004264      -0.64551550825263537     
   488.90000000004267      -0.70875057963691668     
   489.00000000004269      -0.75971220928778815     
   489.10000000004271      -0.79834545996891060     
   489.20000000004273      -0.82527366957523096     
   489.30000000004276      -0.84153637798885983     
   489.40000000004278      -0.84834066209290482     
   489.50000000004280      -0.84687611436416421     
   489.60000000004283      -0.83820405337250370     
   489.70000000004285      -0.82320781047289993     
   489.80000000004287      -0.80258349256292238     
   489.90000000004289      -0.77685279698180343     
   490.00000000004292      -0.74638495758619294     
   490.10000000004294      -0.71142021459130478     
   490.20000000004296      -0.67209111023448675     
   490.30000000004298      -0.62844040601805062     
   490.40000000004301      -0.58043589792395500     
   490.50000000004303      -0.52798331051021297     
   490.60000000004305      -0.47093912504005797     
   490.70000000004308      -0.40912587831150149     
   490.80000000004310      -0.34235328877681376     
   490.90000000004312      -0.27044952032553055     
   491.00000000004314      -0.19330774778900423     
   491.10000000004317      -0.11095330309523729     
   491.20000000004319       -2.3634797583931028E-002
   491.30000000004321        6.8063196897058365E-002
   491.40000000004324       0.16310004328049515     
   491.50000000004326       0.25988322476942227     
   491.60000000004328       0.35624628157152793     
   491.70000000004330       0.44955392276746808     
   491.80000000004333       0.53696058893954912     
   491.90000000004335       0.61578676425593371     
   492.00000000004337       0.68390831102796001     
   492.10000000004339       0.74002828358400785     
   492.20000000004342       0.78374679771877465     
   492.30000000004344       0.81543490212754088     
   492.40000000004346       0.83599163400687904     
   492.50000000004349       0.84658112785085837     
   492.60000000004351       0.84841783425613937     
   492.70000000004353       0.84262551525602936     
   492.80000000004355       0.83016450454386215     
   492.90000000004358       0.81180813030987098     
   493.00000000004360       0.78814826383929903     
   493.10000000004362       0.75961466970848535     
   493.20000000004364       0.72649847983974791     
   493.30000000004367       0.68897465459603979     
   493.40000000004369       0.64712133895006996     
   493.50000000004371       0.60093586783224773     
   493.60000000004374       0.55034827064112102     
   493.70000000004376       0.49523385998762232     
   493.80000000004378       0.43542714606439192     
   493.90000000004380       0.37074007187414965     
   494.00000000004383       0.30098847485207830     
   494.10000000004385       0.22603162521290926     
   494.20000000004387       0.14583022636393295     
   494.30000000004389        6.0527409991027667E-002
   494.40000000004392       -2.9446655207715250E-002
   494.50000000004394      -0.12325500504302395     
   494.60000000004396      -0.21954285132170284     
   494.70000000004399      -0.31637805215489767     
   494.80000000004401      -0.41129771082163041     
   494.90000000004403      -0.50150306257894317     
   495.00000000004405      -0.58419598027162867     
   495.10000000004408      -0.65697881896413401     
   495.20000000004410      -0.71818959649055469     
   495.30000000004412      -0.76706061956814886     
   495.40000000004414      -0.80366738805728599     
   495.50000000004417      -0.82872212882319995     
   495.60000000004419      -0.84330859417557358     
   495.70000000004421      -0.84864179489983005     
   495.80000000004424      -0.84589560010226217     
   495.90000000004426      -0.83610351383645243     
   496.00000000004428      -0.82011722889683736     
   496.10000000004430      -0.79860225131586227     
   496.20000000004433      -0.77205299610426714     
   496.30000000004435      -0.74081539564129384     
   496.40000000004437      -0.70511017874487902     
   496.50000000004439      -0.66505363204637158     
   496.60000000004442      -0.62067494664295764     
   496.70000000004444      -0.57193060801372475     
   496.80000000004446      -0.51871713179976997     
   496.90000000004449      -0.46088410975261374     
   497.00000000004451      -0.39825022882839622     
   497.10000000004453      -0.33062577380458075     
   497.20000000004455      -0.25784608550995114     
   497.30000000004458      -0.17982123518176016     
   497.40000000004460       -9.6607061998880472E-002
   497.50000000004462       -8.5003265461233990E-003
   497.60000000004464        8.3845954079489193E-002
   497.70000000004467       0.17930373293922364     
   497.80000000004469       0.27618268278916641     
   497.90000000004471       0.37222605090405952     
   498.00000000004474       0.46474104660615650     
   498.10000000004476       0.55088174233390719     
   498.20000000004478       0.62803641487918638     
   498.30000000004480       0.69420589546780698     
   498.40000000004483       0.74824511216442935     
   498.50000000004485       0.78989705201874472     
   498.60000000004487       0.81964021342470561     
   498.70000000004489       0.83843589966844934     
   498.80000000004492       0.84746982373165536     
   498.90000000004494       0.84794900476512802     
   499.00000000004496       0.84097320636908801     
   499.10000000004499       0.82747194191417206     
   499.20000000004501       0.80818710493050050     
   499.30000000004503       0.78368175111737159     
   499.40000000004505       0.75436067635130699     
   499.50000000004508       0.72049397879647425     
   499.60000000004510       0.68223908141532674     
   499.70000000004512       0.63965950507139180     
   499.80000000004515       0.59274037121054113     
   499.90000000004517       0.54140162389577273     
   500.00000000004519       0.48551066603774595     
