# x2 y2
8.000000000000000444e-01 -4.898587196589413075e-17
7.999999999699263231e-01 -4.904999999603587358e-06
7.999999995188195046e-01 -1.961999997774675907e-05
7.999999975640237349e-01 -4.414499974854933003e-05
7.999999923011120728e-01 -7.847999858925934263e-05
7.999999812038866009e-01 -1.226249946205085369e-04
7.999999610243786474e-01 -1.765799839392052906e-04
7.999999277928482311e-01 -2.403449595031369656e-04
7.999998768177831732e-01 -3.139199097679028455e-04
7.999998026858985423e-01 -3.973048170764443892e-04
7.999996992621347669e-01 -4.904996558000161060e-04
7.999995596896556371e-01 -5.935043902320178300e-04
7.999993763898451959e-01 -7.063189722335323382e-04
7.999991410623034094e-01 -8.289433386311865224e-04
7.999988446848409485e-01 -9.613774083675997398e-04
7.999984775134721948e-01 -1.103621079403527532e-03
7.999980290824061369e-01 -1.255674225372403925e-03
7.999974882040360447e-01 -1.417536691987100706e-03
7.999968429689257032e-01 -1.589208293199336711e-03
7.999960807457935363e-01 -1.770688807110393139e-03
7.999951881814939547e-01 -1.961977971635437204e-03
7.999941512009940414e-01 -2.163075479919122652e-03
7.999929550073476836e-01 -2.373980975503965727e-03
7.999915840816650414e-01 -2.594694047251112565e-03
7.999900221830769098e-01 -2.825214224013841702e-03
7.999882523486943064e-01 -3.065540969063046666e-03
7.999862568935622864e-01 -3.315673674265749455e-03
7.999840174106078727e-01 -3.575611654016239843e-03
7.999815147705809926e-01 -3.845354138919538246e-03
7.999787291219881968e-01 -4.124900269228743387e-03
7.999756398910191635e-01 -4.414249088033967566e-03
7.999722257814640969e-01 -4.713399534205672814e-03
7.999684647746223565e-01 -5.022350435090283324e-03
7.999643341292024257e-01 -5.341100498959866147e-03
7.999598103812100014e-01 -5.669648307214745185e-03
7.999548693438263136e-01 -6.007992306340466208e-03
7.999494861072743435e-01 -6.356130799618480570e-03
7.999436350386734951e-01 -6.714061938590708961e-03
7.999372897818797234e-01 -7.081783714278949704e-03
7.999304232573132278e-01 -7.459293948158727400e-03
7.999230076617706020e-01 -7.846590282888150913e-03
7.999150144682221075e-01 -8.243670172792448569e-03
7.999064144255925157e-01 -8.650530874103126711e-03
7.998971775585240751e-01 -9.067169434954258297e-03
7.998872731671233804e-01 -9.493582685134506829e-03
7.998766698266868147e-01 -9.929767225596027036e-03
7.998653353874081162e-01 -1.037571941772099868e-02
7.998532369740645187e-01 -1.083143537234518110e-02
7.998403409856812418e-01 -1.129691093854052336e-02
7.998266130951721120e-01 -1.177214169215604761e-02
7.998120182489587560e-01 -1.225712292411852873e-02
7.997965206665624827e-01 -1.275184962849285931e-02
7.997800838401719625e-01 -1.325631649030341482e-02
7.997626705341833731e-01 -1.377051787311665831e-02
7.997442427847123447e-01 -1.429444780638618531e-02
7.997247618990759310e-01 -1.482809997256044447e-02
7.997041884552462676e-01 -1.537146769395443882e-02
7.996824823012698147e-01 -1.592454391938620539e-02
7.996596025546562903e-01 -1.648732121057880015e-02
7.996355076017309660e-01 -1.705979172832927659e-02
7.996101550969545446e-01 -1.764194721844486793e-02
7.995835019622028472e-01 -1.823377899744837646e-02
7.995555043860109734e-01 -1.883527793805345532e-02
7.995261178227772714e-01 -1.944643445441092411e-02
7.994952969919260077e-01 -2.006723848712756858e-02
7.994629958770278488e-01 -2.069767948805923199e-02
7.994291677248774874e-01 -2.133774640487800037e-02
7.993937650445243071e-01 -2.198742766541732230e-02
7.993567396062573049e-01 -2.264671116179420643e-02
7.993180424405419426e-01 -2.331558423431199720e-02
7.992776238369059261e-01 -2.399403365514411052e-02
7.992354333427742485e-01 -2.468204561180119966e-02
7.991914197622499438e-01 -2.537960569038316683e-02
7.991455311548412155e-01 -2.608669885861772397e-02
7.990977148341300573e-01 -2.680330944868851775e-02
7.990479173663841417e-01 -2.752942113985346398e-02
7.989960845691066460e-01 -2.826501694085620589e-02
7.989421615095246842e-01 -2.901007917213269810e-02
7.988860925030134563e-01 -2.976458944781526506e-02
7.988278211114541172e-01 -3.052852865753624342e-02
7.987672901415233673e-01 -3.130187694803415049e-02
7.987044416429134319e-01 -3.208461370456376638e-02
7.986392169064788771e-01 -3.287671753211449804e-02
7.985715564623103724e-01 -3.367816623643780233e-02
7.985014000777300724e-01 -3.448893680488799435e-02
7.984286867552097267e-01 -3.530900538707829051e-02
7.983533547302070765e-01 -3.613834727535555902e-02
7.982753414689192084e-01 -3.697693688509624127e-02
7.981945836659493088e-01 -3.782474773482757263e-02
7.981110172418861559e-01 -3.868175242617595544e-02
7.980245773407926846e-01 -3.954792262364705685e-02
7.979351983276010696e-01 -4.042322903424030306e-02
7.978428137854118862e-01 -4.130764138690123932e-02
7.977473565126955712e-01 -4.220112841181531543e-02
7.976487585203917430e-01 -4.310365781954746123e-02
7.975469510289058261e-01 -4.401519628003030399e-02
7.974418644649976518e-01 -4.493570940140461517e-02
7.973334284585610332e-01 -4.586516170871743348e-02
7.972215718392914319e-01 -4.680351662247979327e-02
7.971062226332369383e-01 -4.775073643709028259e-02
7.969873080592312364e-01 -4.870678229912629720e-02
7.968647545252052211e-01 -4.967161418550920804e-02
7.967384876243728264e-01 -5.064519088154684906e-02
7.966084321312896233e-01 -5.162746995885728052e-02
7.964745119977791887e-01 -5.261840775317928182e-02
7.963366503487251391e-01 -5.361795934207353592e-02
7.961947694777247175e-01 -5.462607852251891855e-02
7.960487908426008286e-01 -5.564271778840939459e-02
7.958986350607675231e-01 -5.666782830795462356e-02
7.957442219044492671e-01 -5.770135990099110879e-02
7.955854702957434466e-01 -5.874326101620722107e-02
7.954222983015311055e-01 -5.979347870828742584e-02
7.952546231282228151e-01 -6.085195861498075148e-02
7.950823611163442273e-01 -6.191864493409826586e-02
7.949054277349507647e-01 -6.299348040044494557e-02
7.947237375758722244e-01 -6.407640626269045514e-02
7.945372043477790802e-01 -6.516736226018418621e-02
7.943457408700707045e-01 -6.626628659971943447e-02
7.941492590665775175e-01 -6.737311593225259188e-02
7.939476699590745090e-01 -6.848778532958077481e-02
7.937408836606028029e-01 -6.961022826098520189e-02
7.935288093685921584e-01 -7.074037656984343003e-02
7.933113553577832988e-01 -7.187816045021670763e-02
7.930884289729429604e-01 -7.302350842341714943e-02
7.928599366213684441e-01 -7.417634731455972907e-02
7.926257837651773386e-01 -7.533660222910451565e-02
7.923858749133765311e-01 -7.650419652939291493e-02
7.921401136137085075e-01 -7.767905181118489599e-02
7.918884024442660596e-01 -7.886108788019993709e-02
7.916306430048765108e-01 -8.005022272866747779e-02
7.913667359082448005e-01 -8.124637251189228970e-02
7.910965807708559838e-01 -8.244945152483749984e-02
7.908200762036279308e-01 -8.365937217873192777e-02
7.905371198023138923e-01 -8.487604497770480372e-02
7.902476081376466066e-01 -8.609937849545253041e-02
7.899514367452212804e-01 -8.732927935194170765e-02
7.896485001151132277e-01 -8.856565219015309631e-02
7.893386916812235032e-01 -8.980839965286939452e-02
7.890219038103497562e-01 -9.105742235951141961e-02
7.886980277909778625e-01 -9.231261888302648433e-02
7.883669538217885631e-01 -9.357388572683172923e-02
7.880285709998757770e-01 -9.484111730181646327e-02
7.876827673086719273e-01 -9.611420590340633008e-02
7.873294296055770580e-01 -9.739304168869253320e-02
7.869684436092855284e-01 -9.867751265362856294e-02
7.865996938868087263e-01 -9.996750461029767221e-02
7.862230638401879190e-01 -1.012629011642526000e-01
7.858384356928949099e-01 -1.025635836919308319e-01
7.854456904759170577e-01 -1.038694313181468404e-01
7.850447080135214417e-01 -1.051803208936629985e-01
7.846353669086969518e-01 -1.064961269728407489e-01
7.842175445282715263e-01 -1.078167217913745674e-01
7.837911169876989881e-01 -1.091419752441079444e-01
7.833559591355159224e-01 -1.104717548629343266e-01
7.829119445374659314e-01 -1.118059257947820878e-01
7.824589454602863814e-01 -1.131443507796860010e-01
7.819968328551603065e-01 -1.144868901289431140e-01
7.815254763408284733e-01 -1.158334017033562924e-01
7.810447441863619389e-01 -1.171837408915624573e-01
7.805545032935947702e-01 -1.185377605884473246e-01
7.800546191792152584e-01 -1.198953111736456856e-01
7.795449559565172937e-01 -1.212562404901267182e-01
7.790253763168100143e-01 -1.226203938228639101e-01
7.784957415104893919e-01 -1.239876138775885817e-01
7.779559113277703108e-01 -1.253577407596266069e-01
7.774057440790838047e-01 -1.267306119528174568e-01
7.768450965751374504e-01 -1.281060622985138731e-01
7.762738241066466927e-01 -1.294839239746624626e-01
7.756917804237377645e-01 -1.308640264749633686e-01
7.750988177150242020e-01 -1.322461965881081558e-01
7.744947865863669456e-01 -1.336302583770958563e-01
7.738795360393162515e-01 -1.350160331586252316e-01
7.732529134492480694e-01 -1.364033394825643342e-01
7.726147645431949984e-01 -1.377919931114942320e-01
7.719649333773839217e-01 -1.391818070003307817e-01
7.713032623144846500e-01 -1.405725912760203422e-01
7.706295920005796773e-01 -1.419641532173127607e-01
7.699437613418653736e-01 -1.433562972346112407e-01
7.692456074810916089e-01 -1.447488248499003982e-01
7.685349657737542417e-01 -1.461415346767548640e-01
7.678116697640492427e-01 -1.475342224004297376e-01
7.670755511606031085e-01 -1.489266807580366392e-01
7.663264398119926657e-01 -1.503186995188087738e-01
7.655641636820675888e-01 -1.517100654644583102e-01
7.647885488250911745e-01 -1.531005623696335693e-01
7.639994193607180240e-01 -1.544899709824788525e-01
7.631965974488227333e-01 -1.558780690053072626e-01
7.623799032641986884e-01 -1.572646310753913756e-01
7.615491549711477237e-01 -1.586494287458834751e-01
7.607041686979798545e-01 -1.600322304668741202e-01
7.598447585114438407e-01 -1.614128015666017879e-01
7.589707363911126770e-01 -1.627909042328251621e-01
7.580819122037458779e-01 -1.641662974943741138e-01
7.571780936776542070e-01 -1.655387372028945259e-01
7.562590863770934924e-01 -1.669079760148048930e-01
7.553246936767120667e-01 -1.682737633734835148e-01
7.543747167360826955e-01 -1.696358454917083758e-01
7.534089544743463041e-01 -1.709939653343725274e-01
7.524272035449999230e-01 -1.723478626014991744e-01
7.514292583108587165e-01 -1.736972737115852761e-01
7.504149108192263995e-01 -1.750419317853016687e-01
7.493839507773084607e-01 -1.763815666295821538e-01
7.483361655279032743e-01 -1.777159047221352206e-01
7.472713400254067384e-01 -1.790446691964151515e-01
7.461892568121721858e-01 -1.803675798270914510e-01
7.450896959952602039e-01 -1.816843530160581477e-01
7.439724352236227745e-01 -1.829947017790278796e-01
7.428372496657635882e-01 -1.842983357327570848e-01
7.416839119879146125e-01 -1.855949610829537577e-01
7.405121923327778743e-01 -1.868842806129192291e-01
7.393218582988767551e-01 -1.881659936729817018e-01
7.381126749205625392e-01 -1.894397961707796618e-01
7.368844046487292854e-01 -1.907053805624583931e-01
7.356368073322827605e-01 -1.919624358448444590e-01
7.343696402004182833e-01 -1.932106475486678188e-01
7.330826578457584342e-01 -1.944496977329045195e-01
7.317756122084067005e-01 -1.956792649803140161e-01
7.304482525609721222e-01 -1.968990243942522478e-01
7.291003254946213374e-01 -1.981086475968424632e-01
7.277315749062185368e-01 -1.993078027285900278e-01
7.263417419866124991e-01 -2.004961544495313663e-01
7.249305652101308839e-01 -2.016733639420109914e-01
7.234977803253486162e-01 -2.028390889151828469e-01
7.220431203471904258e-01 -2.039929836113376083e-01
7.205663155504353767e-01 -2.051346988141596328e-01
7.190670934646929968e-01 -2.062638818590223355e-01
7.175451788709155121e-01 -2.073801766454329565e-01
7.160002937995193495e-01 -2.084832236517414616e-01
7.144321575301882943e-01 -2.095726599522338418e-01
7.128404865934296897e-01 -2.106481192367302968e-01
7.112249947739593958e-01 -2.117092318328144818e-01
7.095853931159930017e-01 -2.127556247308234061e-01
7.079213899305194513e-01 -2.137869216117288806e-01
7.062326908046374641e-01 -2.148027428780470705e-01
7.045189986130371285e-01 -2.158027056879145422e-01
7.027800135317058272e-01 -2.167864239924708891e-01
7.010154330539470902e-01 -2.177535085766947320e-01
6.992249520087948644e-01 -2.187035671038373152e-01
6.974082625819111314e-01 -2.196362041636062412e-01
6.955650543390583529e-01 -2.205510213242484197e-01
6.936950142522341212e-01 -2.214476171886883560e-01
6.917978267285620486e-01 -2.223255874548777655e-01
6.898731736420329330e-01 -2.231845249805133602e-01
6.879207343681912334e-01 -2.240240198522843174e-01
6.859401858218643344e-01 -2.248436594598080540e-01
6.839312024980331861e-01 -2.256430285744189246e-01
6.818934565159457950e-01 -2.264217094329697144e-01
6.798266176665748173e-01 -2.271792818268124348e-01
6.777303534635248372e-01 -2.279153231961190684e-01
6.756043291974920262e-01 -2.286294087297079947e-01
6.734482079943872046e-01 -2.293211114705370479e-01
6.712616508772287771e-01 -2.299900024270270515e-01
6.690443168319175626e-01 -2.306356506903758374e-01
6.667958628770046525e-01 -2.312576235580220407e-01
6.645159441375683151e-01 -2.318554866634158218e-01
6.622042139233130786e-01 -2.324288041122526405e-01
6.598603238110111180e-01 -2.329771386253194909e-01
6.574839237314016316e-01 -2.335000516881046706e-01
6.550746620606719972e-01 -2.339971037073133031e-01
6.526321857166399454e-01 -2.344678541744309175e-01
6.501561402597605399e-01 -2.349118618364687272e-01
6.476461699990853083e-01 -2.353286848740201997e-01
6.451019181032948691e-01 -2.357178810867538443e-01
6.425230267169363962e-01 -2.360790080864575147e-01
6.399091370819935953e-01 -2.364116234977452213e-01
6.372598896649158684e-01 -2.367152851665265123e-01
6.345749242892420039e-01 -2.369895513763330686e-01
6.318538802739446236e-01 -2.372339810725848652e-01
6.290963965776313893e-01 -2.374481340948713104e-01
6.263021119487321986e-01 -2.376315714173089511e-01
6.234706650818089280e-01 -2.377838553970286761e-01
6.206016947801162864e-01 -2.379045500308323569e-01
6.176948401245503373e-01 -2.379932212200451258e-01
6.147497406491164718e-01 -2.380494370435773110e-01
6.117660365230475072e-01 -2.380727680391953593e-01
6.087433687397060256e-01 -2.380627874929848453e-01
6.056813793123988487e-01 -2.380190717369751741e-01
6.025797114772344365e-01 -2.379412004548759341e-01
5.994380099031493270e-01 -2.378287569958609793e-01
5.962559209092308521e-01 -2.376813286963136429e-01
5.930330926894554766e-01 -2.374985072094329408e-01
5.897691755449663287e-01 -2.372798888425754482e-01
5.864638221240048299e-01 -2.370250749021915182e-01
5.831166876696091128e-01 -2.367336720461906130e-01
5.797274302751878050e-01 -2.364052926435481483e-01
5.762957111480740968e-01 -2.360395551409478210e-01
5.728211948811564591e-01 -2.356360844362232199e-01
5.693035497326794925e-01 -2.351945122583445347e-01
5.657424479143011720e-01 -2.347144775536687544e-01
5.621375658874816494e-01 -2.341956268781455186e-01
5.584885846682785537e-01 -2.336376147951486071e-01
5.547951901406061870e-01 -2.330401042785717747e-01
5.510570733780122410e-01 -2.324027671208050705e-01
5.472739309740135560e-01 -2.317252843451785560e-01
5.434454653810218971e-01 -2.310073466224322192e-01
5.395713852578755132e-01 -2.302486546907445142e-01
5.356514058259858047e-01 -2.294489197788228407e-01
5.316852492340855552e-01 -2.286078640315315769e-01
5.276726449315604084e-01 -2.277252209375035530e-01
5.236133300503194032e-01 -2.268007357581547645e-01
5.195070497951517208e-01 -2.258341659574923943e-01
5.153535578424924823e-01 -2.248252816320774894e-01
5.111526167475075599e-01 -2.237738659404781560e-01
5.069039983593798260e-01 -2.226797155315204391e-01
5.026074842446652813e-01 -2.215426409706162947e-01
4.982628661185609653e-01 -2.203624671634246412e-01
4.938699462839026832e-01 -2.191390337760726892e-01
4.894285380776897676e-01 -2.178721956511443791e-01
4.849384663249038385e-01 -2.165618232186143910e-01
4.803995677993643243e-01 -2.152078029008890614e-01
4.758116916913353034e-01 -2.138100375110901785e-01
4.711747000815683095e-01 -2.123684466437009699e-01
4.664884684214353205e-01 -2.108829670566739756e-01
4.617528860187775086e-01 -2.093535530440865933e-01
4.569678565290586914e-01 -2.077801767984120418e-01
4.521332984513832809e-01 -2.061628287614653554e-01
4.472491456289023892e-01 -2.045015179630714219e-01
4.423153477530966660e-01 -2.027962723464948880e-01
4.373318708713890279e-01 -2.010471390796683133e-01
4.322986978975040806e-01 -1.992541848512486835e-01
4.272158291239530614e-01 -1.974174961505385240e-01
4.220832827359846107e-01 -1.955371795303045557e-01
4.169010953263054819e-01 -1.936133618515389065e-01
4.116693224098332826e-01 -1.916461905092137208e-01
4.063880389377060309e-01 -1.896358336380957188e-01
4.010573398097334596e-01 -1.875824802977010264e-01
3.956773403844333070e-01 -1.854863406354934074e-01
3.902481769857585325e-01 -1.833476460274500730e-01
3.847700074055796504e-01 -1.811666491951500757e-01
3.792430114009452957e-01 -1.789436242985666392e-01
3.736673911851081109e-01 -1.766788670037855169e-01
3.680433719112574109e-01 -1.743726945249066962e-01
3.623712021478667777e-01 -1.720254456394309517e-01
3.566511543445204380e-01 -1.696374806764806842e-01
3.508835252870453614e-01 -1.672091814772530272e-01
3.450686365407382161e-01 -1.647409513271607673e-01
3.392068348804343492e-01 -1.622332148591732193e-01
3.332984927061314884e-01 -1.596864179279322282e-01
3.273440084428396180e-01 -1.571010274542838647e-01
3.213438069232903982e-01 -1.544775312399370992e-01
3.152983397521031961e-01 -1.518164377520309638e-01
3.092080856499616615e-01 -1.491182758774696748e-01
3.030735507763181458e-01 -1.463835946469627669e-01
2.968952690291017937e-01 -1.436129629287892229e-01
2.906738023198621179e-01 -1.408069690923855477e-01
2.844097408227382329e-01 -1.379662206419473569e-01
2.781037031955966854e-01 -1.350913438203186212e-01
2.717563367716318568e-01 -1.321829831835300562e-01
2.653683177196719534e-01 -1.292418011464434580e-01
2.589403511713779804e-01 -1.262684775000409987e-01
2.524731713134634181e-01 -1.232637089009960274e-01
2.459675414430010365e-01 -1.202282083342503527e-01
2.394242539838122574e-01 -1.171627045494104680e-01
2.328441304618658059e-01 -1.140679414718703821e-01
2.262280214375338439e-01 -1.109446775896522630e-01
2.195768063924765090e-01 -1.077936853170503584e-01
2.128913935688398762e-01 -1.046157503362445951e-01
2.061727197583751447e-01 -1.014116709181427933e-01
1.994217500390008668e-01 -9.818225722379525511e-02
1.926394774562570911e-01 -9.492833058781252609e-02
1.858269226470332658e-01 -9.165072278530550509e-02
1.789851334029001206e-01 -8.835027528396155461e-02
1.721151841703446039e-01 -8.502783848295847324e-02
1.652181754852112827e-01 -8.168427094052699289e-02
1.582952333386903887e-01 -7.832043859207321601e-02
1.513475084722853969e-01 -7.493721396089347841e-02
1.443761755993523965e-01 -7.153547536364107673e-02
1.373824325510323574e-01 -6.811610611284868444e-02
1.303674993447261343e-01 -6.467999371896460126e-02
1.233326171736947585e-01 -6.122802909453667342e-02
1.162790473169147132e-01 -5.776110576336768165e-02
1.092080699690006207e-01 -5.428011907766744359e-02
1.021209829908242550e-01 -5.078596544644448096e-02
9.501910058240828350e-02 -4.727954157859870499e-02
8.790375188076268720e-02 -4.376174374439495418e-02
8.077627948652793544e-02 -4.023346705919650379e-02
7.363803792458598063e-02 -3.669560479351224869e-02
6.649039204514689549e-02 -3.314904771353216484e-02
5.933471537317991373e-02 -2.959468345638593956e-02
5.217238841537494287e-02 -2.603339594432291237e-02
4.500479693502398848e-02 -2.246606484187418928e-02
3.783333020624854437e-02 -1.889356505978223577e-02
3.065937925979009271e-02 -1.531676630907563563e-02
2.348433513307343623e-02 -1.173653270809432714e-02
1.630958713739683041e-02 -8.153722444562361282e-03
9.136521154868848527e-03 -4.569187493944193434e-03
1.966517977088300118e-03 -9.837733943454662899e-04
-5.199048303434899987e-03 2.601680922842519728e-03
-1.235881183945367057e-02 6.186343248470949074e-03
-1.951141650469709332e-02 9.769388160360159556e-03
-2.665551729287463090e-02 1.334999704131595299e-02
-3.378978163563250980e-02 1.692735805548944983e-02
-4.091289063705061402e-02 2.050066608895517728e-02
-4.802354022410648682e-02 2.406912266101862707e-02
-5.512044221421827372e-02 2.763193581319683956e-02
-6.220232530243230418e-02 3.118831998302240560e-02
-6.926793597200048280e-02 3.473749586980895421e-02
-7.631603933298114484e-02 3.827869029929281686e-02
-8.334541989407678875e-02 4.181113609365150197e-02
-9.035488227322122090e-02 4.533407195283206681e-02
-9.734325185246614498e-02 4.884674235242841833e-02
-1.043093753825348469e-01 5.234839746256769732e-02
-1.112521215420599063e-01 5.583829309144450193e-02
-1.181703814560377264e-01 5.931569065629821447e-02
-1.250630691774698988e-01 6.277985718381107194e-02
-1.319291221355613497e-01 6.623006534112335641e-02
-1.387675015532310041e-01 6.966559349794149147e-02
-1.455771928361095369e-01 7.308572581957190062e-02
-1.523572059346524066e-01 7.648975239014838001e-02
-1.591065756805122300e-01 7.987696936484212085e-02
-1.658243620978990807e-01 8.324667914945033109e-02
-1.725096506903059657e-01 8.659819060544471370e-02
-1.791615527027024535e-01 8.993081927832358158e-02
-1.857792053590849313e-01 9.324388764694130360e-02
-1.923617720751238935e-01 9.653672539137814201e-02
-1.989084426455532129e-01 9.980866967685614322e-02
-2.054184334058947181e-01 1.030590654511922555e-01
-2.118909873681056599e-01 1.062872657533040499e-01
-2.183253743297590976e-01 1.094926320303349909e-01
-2.247208909564155366e-01 1.126745344610424193e-01
-2.310768608369142829e-01 1.158323522831874453e-01
-2.373926345113966940e-01 1.189654741227711421e-01
-2.436675894719652902e-01 1.220732983230828905e-01
-2.499011301359832515e-01 1.251552332716456273e-01
-2.560926877921182454e-01 1.282106977232750911e-01
-2.622417205193380285e-01 1.312391211175944483e-01
-2.683477130791638854e-01 1.342399438894782970e-01
-2.744101767815821380e-01 1.372126177710235595e-01
-2.804286493251063050e-01 1.401566060837701189e-01
-2.864026946115656447e-01 1.430713840200154574e-01
-2.923319025362746126e-01 1.459564389121836836e-01
-2.982158887543082115e-01 1.488112704893209126e-01
-3.040542944236724332e-01 1.516353911198977666e-01
-3.098467859262184487e-01 1.544283260402036229e-01
-3.155930545671931098e-01 1.571896135677123552e-01
-3.212928162543685073e-01 1.599188052988970155e-01
-3.269458111577236425e-01 1.626154662910555826e-01
-3.325518033506866256e-01 1.652791752277963377e-01
-3.381105804339630261e-01 1.679095245679110837e-01
-3.436219531430025897e-01 1.705061206774363958e-01
-3.490857549401592541e-01 1.730685839447778096e-01
-3.545018415926164956e-01 1.755965488788341355e-01
-3.598700907371448765e-01 1.780896641901247579e-01
-3.651904014327631565e-01 1.805475928549780118e-01
-3.704626937023635658e-01 1.829700121628950182e-01
-3.756869080643565062e-01 1.853566137472524855e-01
-3.808630050553728497e-01 1.877071035995567239e-01
-3.859909647450512349e-01 1.900212020675011160e-01
-3.910707862439126714e-01 1.922986438371239171e-01
-3.961024872053088286e-01 1.945391778993952603e-01
-4.010861033224038530e-01 1.967425675015982978e-01
-4.060216878211229119e-01 1.989085900838991616e-01
-4.109093109499764029e-01 2.010370372015282125e-01
-4.157490594676374607e-01 2.031277144330174422e-01
-4.205410361291197496e-01 2.051804412749638762e-01
-4.252853591713728898e-01 2.071950510238054211e-01
-4.299821617990787215e-01 2.091713906451125315e-01
-4.346315916713998639e-01 2.111093206309132275e-01
-4.392338103903971058e-01 2.130087148455824253e-01
-4.437889929917999687e-01 2.148694603608311549e-01
-4.482973274387784812e-01 2.166914572803458061e-01
-4.527590141193313378e-01 2.184746185546252439e-01
-4.571742653478712004e-01 2.202188697865725409e-01
-4.615433048715515407e-01 2.219241490283967444e-01
-4.658663673818510542e-01 2.235904065703814281e-01
-4.701436980318906000e-01 2.252176047220730282e-01
-4.743755519599316961e-01 2.268057175864414687e-01
-4.785621938194681846e-01 2.283547308275579446e-01
-4.827038973162938729e-01 2.298646414323305687e-01
-4.868009447528966471e-01 2.313354574668310404e-01
-4.908536265804978038e-01 2.327671978277362219e-01
-4.948622409590303084e-01 2.341598919893994046e-01
-4.988270933253147188e-01 2.355135797470567505e-01
-5.027484959696698619e-01 2.368283109566617639e-01
-5.066267676211624327e-01 2.381041452718292428e-01
-5.104622330416818121e-01 2.393411518783571112e-01
-5.142552226289912598e-01 2.405394092267819917e-01
-5.180060720288920395e-01 2.416990047634100247e-01
-5.217151217566099453e-01 2.428200346602491233e-01
-5.253827168274894932e-01 2.439026035442573292e-01
-5.290092063970662783e-01 2.449468242263020956e-01
-5.325949434105632374e-01 2.459528174302153536e-01
-5.361402842618383513e-01 2.469207115223096549e-01
-5.396455884617965548e-01 2.478506422417068311e-01
-5.431112183162579710e-01 2.487427524318149841e-01
-5.465375386132613755e-01 2.495971917732739409e-01
-5.499249163197650336e-01 2.504141165186729578e-01
-5.532737202876956140e-01 2.511936892293283874e-01
-5.565843209692793447e-01 2.519360785143965331e-01
-5.598570901415820256e-01 2.526414587725769323e-01
-5.630924006401671900e-01 2.533100099366499269e-01
-5.662906261017790488e-01 2.539419172210750641e-01
-5.694521407159394144e-01 2.545373708728639328e-01
-5.725773189853441414e-01 2.550965659259249452e-01
-5.756665354949362934e-01 2.556197019590630282e-01
-5.787201646895229201e-01 2.561069828578068641e-01
-5.817385806597991094e-01 2.565586165802173912e-01
-5.847221569366346516e-01 2.569748149268221704e-01
-5.876712662934759912e-01 2.573557933148062360e-01
-5.905862805567083651e-01 2.577017705565762262e-01
-5.934675704238226990e-01 2.580129686428044855e-01
-5.963155052892243901e-01 2.582896125300472301e-01
-5.991304530775225512e-01 2.585319299330188780e-01
-6.019127800841307385e-01 2.587401511215950412e-01
-6.046628508230148524e-01 2.589145087226052411e-01
-6.073810278814150143e-01 2.590552375264670304e-01
-6.100676717813737771e-01 2.591625742987028191e-01
-6.127231408478976959e-01 2.592367575963717141e-01
-6.153477910835819520e-01 2.592780275894402964e-01
-6.179419760495267200e-01 2.592866258871073248e-01
-6.205060467523730861e-01 2.592627953690888054e-01
-6.230403515372896495e-01 2.592067800218639251e-01
-6.255452359867399448e-01 2.591188247798733579e-01
-6.280210428248637067e-01 2.589991753716547329e-01
-6.304681118273027796e-01 2.588480781708953904e-01
-6.328867797363109116e-01 2.586657800523731732e-01
-6.352773801809801224e-01 2.584525282527549983e-01
-6.376402436024268816e-01 2.582085702362110768e-01
-6.399756971837757824e-01 2.579341535648045358e-01
-6.422840647847867235e-01 2.576295257736059274e-01
-6.445656668809722767e-01 2.572949342504815551e-01
-6.468208205070509198e-01 2.569306261204965525e-01
-6.490498392045918052e-01 2.565368481348754837e-01
-6.512530329737020729e-01 2.561138465644529072e-01
-6.534307082286159307e-01 2.556618670975488450e-01
-6.555831677570447269e-01 2.551811547421987680e-01
-6.577107106831512340e-01 2.546719537326641580e-01
-6.598136324340156955e-01 2.541345074401491488e-01
-6.618922247094594091e-01 2.535690582876458654e-01
-6.639467754551031664e-01 2.529758476688293567e-01
-6.659775688385305425e-01 2.523551158709195219e-01
-6.679848852284397953e-01 2.517071020014294280e-01
-6.699690011766613607e-01 2.510320439187153641e-01
-6.719301894029285904e-01 2.503301781662431447e-01
-6.738687187822884894e-01 2.496017399104858980e-01
-6.757848543350433168e-01 2.488469628823655189e-01
-6.776788572191161375e-01 2.480660793221523830e-01
-6.795509847247392932e-01 2.472593199277341169e-01
-6.814014902713623201e-01 2.464269138061667419e-01
-6.832306234066857220e-01 2.455690884284192632e-01
-6.850386298077222325e-01 2.446860695872265512e-01
-6.868257512837978584e-01 2.437780813579586703e-01
-6.885922257814005576e-01 2.428453460624236115e-01
-6.903382873907923933e-01 2.418880842355137228e-01
-6.920641663543007915e-01 2.409065145946104880e-01
-6.937700890762099615e-01 2.399008540116618904e-01
-6.954562781341704358e-01 2.388713174878470957e-01
-6.971229522920551203e-01 2.378181181307446601e-01
-6.987703265141864684e-01 2.367414671339195809e-01
-7.003986119808638389e-01 2.356415737588491432e-01
-7.020080161051233114e-01 2.345186453191036580e-01
-7.035987425506629034e-01 2.333728871667040128e-01
-7.051709912508704603e-01 2.322045026805757695e-01
-7.067249584288897157e-01 2.310136932570219237e-01
-7.082608366186683435e-01 2.298006583021387772e-01
-7.097788146869268289e-01 2.285655952260987611e-01
-7.112790778559944238e-01 2.273086994392275739e-01
-7.127618077274588959e-01 2.260301643498003055e-01
-7.142271823065753367e-01 2.247301813634907108e-01
-7.156753760273855125e-01 2.234089398843991381e-01
-7.171065597785016843e-01 2.220666273175945782e-01
-7.185209009295036031e-01 2.207034290731021420e-01
-7.199185633579068266e-01 2.193195285712739029e-01
-7.212997074766589467e-01 2.179151072494760477e-01
-7.226644902621194300e-01 2.164903445700361029e-01
-7.240130652824861013e-01 2.150454180293844275e-01
-7.253455827266257483e-01 2.135805031683369881e-01
-7.266621894332749854e-01 2.120957735834592406e-01
-7.279630289205728522e-01 2.105914009394569963e-01
-7.292482414158905080e-01 2.090675549825420920e-01
-7.305179638859259361e-01 2.075244035547212373e-01
-7.317723300670304631e-01 2.059621126089554166e-01
-7.330114704957360061e-01 2.043808462251455182e-01
-7.342355125394535165e-01 2.027807666268947040e-01
-7.354445804273137544e-01 2.011620341990035810e-01
-7.366387952811230821e-01 1.995248075056560988e-01
-7.378182751464081868e-01 1.978692433092507641e-01
-7.389831350235220864e-01 1.961954965898427827e-01
-7.401334868987908822e-01 1.945037205651538315e-01
-7.412694397756729447e-01 1.927940667111151807e-01
-7.423910997059137706e-01 1.910666847829081971e-01
-7.434985698206684201e-01 1.893217228364703630e-01
-7.445919503615767709e-01 1.875593272504305076e-01
-7.456713387117689384e-01 1.857796427484485480e-01
-7.467368294267818785e-01 1.839828124219266836e-01
-7.477885142653697415e-01 1.821689777530647036e-01
-7.488264822201916582e-01 1.803382786382358716e-01
-7.498508195483590821e-01 1.784908534116567136e-01
-7.508616098018267015e-01 1.766268388693289504e-01
-7.518589338576158188e-01 1.747463702932291474e-01
-7.528428699478498798e-01 1.728495814757304572e-01
-7.538134936895956040e-01 1.709366047442320291e-01
-7.547708781144917278e-01 1.690075709859819308e-01
-7.557150936981560374e-01 1.670626096730764010e-01
-7.566462083893601420e-01 1.651018488876190848e-01
-7.575642876389586666e-01 1.631254153470274304e-01
-7.584693944285663125e-01 1.611334344294722554e-01
-7.593615892989713512e-01 1.591260301994396609e-01
-7.602409303782773353e-01 1.571033254334046891e-01
-7.611074734097666994e-01 1.550654416456069828e-01
-7.619612717794765899e-01 1.530124991139182045e-01
-7.628023765434823744e-01 1.509446169057974130e-01
-7.636308364548813898e-01 1.488619129043243505e-01
-7.644466979904720461e-01 1.467645038343066421e-01
-7.652500053771240651e-01 1.446525052884557461e-01
-7.660408006178328622e-01 1.425260317536291010e-01
-7.668191235174588449e-01 1.403851966371318094e-01
-7.675850117081438606e-01 1.382301122930805204e-01
-7.683385006744046786e-01 1.360608900488240736e-01
-7.690796237779011779e-01 1.338776402314216796e-01
-7.698084122818766861e-01 1.316804721941787770e-01
-7.705248953752699137e-01 1.294694943432398437e-01
-7.712291001964983739e-01 1.272448141642408825e-01
-7.719210518569121771e-01 1.250065382490216648e-01
-7.726007734639179780e-01 1.227547723224020754e-01
-7.732682861437778499e-01 1.204896212690218238e-01
-7.739236090640769783e-01 1.182111891602515841e-01
-7.745667594558707236e-01 1.159195792811743980e-01
-7.751977526355053882e-01 1.136148941576441418e-01
-7.758166020261192397e-01 1.112972355834260241e-01
-7.764233191788281196e-01 1.089667046474216278e-01
-7.770179137935933067e-01 1.066234017609849621e-01
-7.776003937397817367e-01 1.042674266853364229e-01
-7.781707650764189133e-01 1.018988785590763252e-01
-7.787290320721389492e-01 9.951785592580858486e-02
-7.792751972248392889e-01 9.712445676187703159e-02
-7.798092612810418878e-01 9.471877850422354139e-02
-7.803312232549680649e-01 9.230091807837251250e-02
-7.808410804473331357e-01 8.987097192654826261e-02
-7.813388284638654868e-01 8.742903603593463191e-02
-7.818244612335578658e-01 8.497520596708016405e-02
-7.822979710266559916e-01 8.250957688245874611e-02
-7.827593484723928130e-01 8.003224357519064802e-02
-7.832085825764740772e-01 7.754330049793302371e-02
-7.836456607383242012e-01 7.504284179194384286e-02
-7.840705687680984415e-01 7.253096131633013366e-02
-7.844832909034695767e-01 7.000775267748601816e-02
-7.848838098261973206e-01 6.747330925872500884e-02
-7.852721066784886794e-01 6.492772425011775206e-02
-7.856481610791572479e-01 6.237109067854076927e-02
-7.860119511395884384e-01 5.980350143794081058e-02
-7.863634534795240771e-01 5.722504931982471538e-02
-7.867026432426669214e-01 5.463582704397999812e-02
-7.870294941121227517e-01 5.203592728943300105e-02
-7.873439783256828139e-01 4.942544272565126129e-02
-7.876460666909569364e-01 4.680446604399610133e-02
-7.879357286003693117e-01 4.417308998943265952e-02
-7.882129320460212751e-01 4.153140739250227309e-02
-7.884776436344346218e-01 3.887951120156426382e-02
-7.887298286011817927e-01 3.621749451531205977e-02
-7.889694508254134764e-01 3.354545061557143160e-02
-7.891964728442930621e-01 3.086347300038283503e-02
-7.894108558673461618e-01 2.817165541737682438e-02
-7.896125597907350802e-01 2.547009189744619401e-02
-7.898015432114683376e-01 2.275887678871983677e-02
-7.899777634415525718e-01 2.003810479084335711e-02
-7.901411765220975880e-01 1.730787098957189268e-02
-7.902917372373831073e-01 1.456827089167920392e-02
-7.904293991288964261e-01 1.181940046018654239e-02
-7.905541145093488709e-01 9.061356149917869363e-03
-7.906658344766831492e-01 6.294234943383519854e-03
-7.907645089280754824e-01 3.518134386997016916e-03
-7.908500865739460650e-01 7.331526276271246867e-04
-7.909225149519840681e-01 -2.060611550507338019e-03
-7.909817404411954023e-01 -4.863058688600561952e-03
-7.910277082759825662e-01 -7.674088615676630254e-03
-7.910603625602645739e-01 -1.049360041065457161e-02
-7.910796462816456209e-01 -1.332149236406351966e-02
-7.910855013256383739e-01 -1.615766193939940920e-02
-7.910778684899530955e-01 -1.900200573412674093e-02
-7.910566874988564923e-01 -2.185441944031849687e-02
-7.910218970176103870e-01 -2.471479780493396339e-02
-7.909734346669966554e-01 -2.758303458973341421e-02
-7.909112370379353107e-01 -3.045902253082511529e-02
-7.908352397062026196e-01 -3.334265329784635162e-02
-7.907453772472563536e-01 -3.623381745277444443e-02
-7.906415832511743957e-01 -3.913240440836745354e-02
-7.905237903377125841e-01 -4.203830238623362109e-02
-7.903919301714887879e-01 -4.495139837452973713e-02
-7.902459334772975463e-01 -4.787157808528347963e-02
-7.900857300555624851e-01 -5.079872591134527299e-02
-7.899112487979307318e-01 -5.373272488296391980e-02
-7.897224177030148784e-01 -5.667345662398984990e-02
-7.895191638922869348e-01 -5.962080130770171932e-02
-7.893014136261290448e-01 -6.257463761226136900e-02
-7.890690923200462947e-01 -6.553484267579348654e-02
-7.888221245610436139e-01 -6.850129205109177499e-02
-7.885604341241718718e-01 -7.147385965995321777e-02
-7.882839439892472821e-01 -7.445241774714096705e-02
-7.879925763577457776e-01 -7.743683683397495354e-02
-7.876862526698761302e-01 -8.042698567155427691e-02
-7.873648936218357042e-01 -8.342273119361058586e-02
-7.870284191832487286e-01 -8.642393846899575072e-02
-7.866767486147905331e-01 -8.943047065380488325e-02
-7.863098004860016310e-01 -9.244218894313574464e-02
-7.859274926932876548e-01 -9.545895252248846885e-02
-7.855297424781142457e-01 -9.848061851880735018e-02
-7.851164664453896824e-01 -1.015070419511658883e-01
-7.846875805820425764e-01 -1.045380756811008227e-01
-7.842430002757904139e-01 -1.075735703625964323e-01
-7.837826403341028314e-01 -1.106133743917204343e-01
-7.833064150033556272e-01 -1.136573338559199176e-01
-7.828142379881783963e-01 -1.167052924829754257e-01
-7.823060224709927901e-01 -1.197570915896220695e-01
-7.817816811317422898e-01 -1.228125700298377115e-01
-7.812411261678093854e-01 -1.258715641428060639e-01
-7.806842693141228251e-01 -1.289339077005564049e-01
-7.801110218634479399e-01 -1.319994318552864254e-01
-7.795212946868627091e-01 -1.350679650863743364e-01
-7.789149982544144590e-01 -1.381393331470829600e-01
-7.782920426559549743e-01 -1.412133590109629078e-01
-7.776523376221520234e-01 -1.442898628179629383e-01
-7.769957925456736358e-01 -1.473686618202485754e-01
-7.763223165025419092e-01 -1.504495703277404783e-01
-7.756318182736527955e-01 -1.535323996533776436e-01
-7.749242063664589786e-01 -1.566169580581108223e-01
-7.741993890368097375e-01 -1.597030506956367280e-01
-7.734572743109475734e-01 -1.627904795568777541e-01
-7.726977700076531619e-01 -1.658790434142168313e-01
-7.719207837605371880e-01 -1.689685377654965015e-01
-7.711262230404738460e-01 -1.720587547777883974e-01
-7.703139951781703409e-01 -1.751494832309445915e-01
-7.694840073868707275e-01 -1.782405084609382795e-01
-7.686361667851836499e-01 -1.813316123030059845e-01
-7.677703804200375348e-01 -1.844225730345981640e-01
-7.668865552897499160e-01 -1.875131653181507096e-01
-7.659845983672112224e-01 -1.906031601436884437e-01
-7.650644166231781451e-01 -1.936923247712702689e-01
-7.641259170496683684e-01 -1.967804226732898232e-01
-7.631690066834566633e-01 -1.998672134766397157e-01
-7.621935926296636854e-01 -2.029524529047581627e-01
-7.611995820854351447e-01 -2.060358927195633794e-01
-7.601868823637073502e-01 -2.091172806632959347e-01
-7.591554009170541351e-01 -2.121963604002782833e-01
-7.581050453616106077e-01 -2.152728714586087388e-01
-7.570357235010725105e-01 -2.183465491718014628e-01
-7.559473433507655216e-01 -2.214171246203922860e-01
-7.548398131617820583e-01 -2.244843245735236303e-01
-7.537130414451835847e-01 -2.275478714305234074e-01
-7.525669369962659783e-01 -2.306074831624994603e-01
-7.514014089188850720e-01 -2.336628732539638154e-01
-7.502163666498422590e-01 -2.367137506445064210e-01
-7.490117199833270512e-01 -2.397598196705388318e-01
-7.477873790954199240e-01 -2.428007800071246558e-01
-7.465432545686503385e-01 -2.458363266099205524e-01
-7.452792574166158257e-01 -2.488661496572489584e-01
-7.439952991086583589e-01 -2.518899344923229977e-01
-7.426912915946044524e-01 -2.549073615656486935e-01
-7.413671473295675440e-01 -2.579181063776301297e-01
-7.400227792988176567e-01 -2.609218394213991266e-01
-7.386581010427230032e-01 -2.639182261259005458e-01
-7.372730266817648648e-01 -2.669069267992588701e-01
-7.358674709416347381e-01 -2.698875965724549242e-01
-7.344413491784158587e-01 -2.728598853433441551e-01
-7.329945774038593154e-01 -2.758234377210480592e-01
-7.315270723107585304e-01 -2.787778929707527831e-01
-7.300387512984330973e-01 -2.817228849589504813e-01
-7.285295324983290799e-01 -2.846580420991579041e-01
-7.269993347997443234e-01 -2.875829872981545687e-01
-7.254480778756920989e-01 -2.904973379027797620e-01
-7.238756822089085219e-01 -2.934007056473310615e-01
-7.222820691180211750e-01 -2.962926966016097841e-01
-7.206671607838852633e-01 -2.991729111196615443e-01
-7.190308802761029572e-01 -3.020409437892630500e-01
-7.173731515797364677e-01 -3.048963833822048164e-01
-7.156938996222304006e-01 -3.077388128054295291e-01
-7.139930503005544882e-01 -3.105678090530815671e-01
-7.122705305085802463e-01 -3.133829431595318571e-01
-7.105262681647084300e-01 -3.161837801534426173e-01
-7.087601922397555043e-01 -3.189698790129409378e-01
-7.069722327851192256e-01 -3.217407926219713055e-01
-7.051623209612292165e-01 -3.244960677279096206e-01
-7.033303890663034075e-01 -3.272352449005119235e-01
-7.014763705654154524e-01 -3.299578584922864266e-01
-6.996002001198904363e-01 -3.326634366003802801e-01
-6.977018136170365370e-01 -3.353515010300674448e-01
-6.957811482002232983e-01 -3.380215672599449217e-01
-6.938381422993161740e-01 -3.406731444089354799e-01
-6.918727356614731150e-01 -3.433057352052065192e-01
-6.898848693823103062e-01 -3.459188359571205851e-01
-6.878744859374399390e-01 -3.485119365263368851e-01
-6.858415292143834607e-01 -3.510845203031871531e-01
-6.837859445448563056e-01 -3.536360641844609742e-01
-6.817076787374278801e-01 -3.561660385537330220e-01
-6.796066801105438149e-01 -3.586739072643796988e-01
-6.774828985259079284e-01 -3.611591276254327854e-01
-6.753362854222095812e-01 -3.636211503904254183e-01
-6.731667938491824321e-01 -3.660594197493945989e-01
-6.709743785019748330e-01 -3.684733733242077647e-01
-6.687589957558119913e-01 -3.708624421673905602e-01
-6.665206037009199225e-01 -3.732260507646358305e-01
-6.642591621776836597e-01 -3.755636170411841279e-01
-6.619746328120023060e-01 -3.778745523722720212e-01
-6.596669790508001840e-01 -3.801582615978482127e-01
-6.573361661976517833e-01 -3.824141430417685172e-01
-6.549821614484659937e-01 -3.846415885356849196e-01
-6.526049339271782213e-01 -3.868399834478472576e-01
-6.502044547213852166e-01 -3.890087067170509005e-01
-6.477806969178582230e-01 -3.911471308919604040e-01
-6.453336356378600591e-01 -3.932546221760516714e-01
-6.428632480721894193e-01 -3.953305404784176469e-01
-6.403695135158640195e-01 -3.973742394706907266e-01
-6.378524134023563219e-01 -3.993850666503351299e-01
-6.353119313372816990e-01 -4.013623634105750737e-01
-6.327480531314352286e-01 -4.033054651172231497e-01
-6.301607668330724277e-01 -4.052137011926802423e-01
-6.275500627593131320e-01 -4.070863952073786041e-01
-6.249159335265512816e-01 -4.089228649789515280e-01
-6.222583740797423824e-01 -4.107224226794036204e-01
-6.195773817204344169e-01 -4.124843749505722190e-01
-6.168729561334076461e-01 -4.142080230281570685e-01
-6.141450994117765294e-01 -4.158926628746121845e-01
-6.113938160804068822e-01 -4.175375853211824029e-01
-6.086191131174965019e-01 -4.191420762193730498e-01
-6.058209999741615004e-01 -4.207054166021405028e-01
-6.029994885918663616e-01 -4.222268828550891917e-01
-6.001545934175362973e-01 -4.237057468979582020e-01
-5.972863314161847015e-01 -4.251412763766776459e-01
-5.943947220808841747e-01 -4.265327348662766860e-01
-5.914797874399153610e-01 -4.278793820849120522e-01
-5.885415520609189599e-01 -4.291804741192897232e-01
-5.855800430518800503e-01 -4.304352636617413963e-01
-5.825952900587767491e-01 -4.316430002592114845e-01
-5.795873252597205649e-01 -4.328029305744067190e-01
-5.765561833554241344e-01 -4.339142986593462759e-01
-5.735019015558326938e-01 -4.349763462415456305e-01
-5.704245195627581921e-01 -4.359883130230587378e-01
-5.673240795483649457e-01 -4.369494369925830402e-01
-5.642006261293573965e-01 -4.378589547508339730e-01
-5.610542063367305321e-01 -4.387161018493697662e-01
-5.578848695809512925e-01 -4.395201131430440111e-01
-5.546926676124490641e-01 -4.402702231562390933e-01
-5.514776544773055678e-01 -4.409656664630285383e-01
-5.482398864680434469e-01 -4.416056780813911731e-01
-5.449794220694301750e-01 -4.421894938815882914e-01
-5.416963218992265627e-01 -4.427163510087929743e-01
-5.383906486438252426e-01 -4.431854883200423423e-01
-5.350624669887418250e-01 -4.435961468355688608e-01
-5.317118435439417423e-01 -4.439475702045345140e-01
-5.283388467640031116e-01 -4.442390051851800026e-01
-5.249435468631391544e-01 -4.444697021393744230e-01
-5.215260157251281337e-01 -4.446389155415251260e-01
-5.180863268082154249e-01 -4.447459045017866375e-01
-5.146245550450894157e-01 -4.447899333034762148e-01
-5.111407767380466982e-01 -4.447702719545863492e-01
-5.076350694495004312e-01 -4.446861967532453885e-01
-5.041075118880067318e-01 -4.445369908669590808e-01
-5.005581837900188180e-01 -4.443219449254316999e-01
-4.969871657976077661e-01 -4.440403576267373253e-01
-4.933945393324207229e-01 -4.436915363565768766e-01
-4.897803864661809947e-01 -4.432747978203348538e-01
-4.861447897880676328e-01 -4.427894686876024943e-01
-4.824878322693460508e-01 -4.422348862488167942e-01
-4.788095971256585148e-01 -4.416103990836159343e-01
-4.751101676774156513e-01 -4.409153677404902272e-01
-4.713896272087679806e-01 -4.401491654272612353e-01
-4.676480588256730075e-01 -4.393111787118922917e-01
-4.638855453136079832e-01 -4.384008082330939082e-01
-4.601021689955149263e-01 -4.374174694201498070e-01
-4.562980115906020151e-01 -4.363605932213526217e-01
-4.524731540746573799e-01 -4.352296268403990087e-01
-4.486276765425703528e-01 -4.340240344800514460e-01
-4.447616580737847047e-01 -4.327432980923388572e-01
-4.408751766014453177e-01 -4.313869181345231785e-01
-4.369683087860278814e-01 -4.299544143300209620e-01
-4.330411298942737353e-01 -4.284453264334269207e-01
-4.290937136842792876e-01 -4.268592149987415763e-01
-4.251261322976159773e-01 -4.251956621498673705e-01
-4.211384561593811693e-01 -4.234542723523940788e-01
-4.171307538871021903e-01 -4.216346731856471242e-01
-4.131030922094340307e-01 -4.197365161139378076e-01
-4.090555358956088350e-01 -4.177594772559024561e-01
-4.049881476966066818e-01 -4.157032581507842384e-01
-4.009009882990263174e-01 -4.135675865204592738e-01
-3.967941162926423293e-01 -4.113522170259740762e-01
-3.926675881526337508e-01 -4.090569320173152446e-01
-3.885214582374671988e-01 -4.066815422750922338e-01
-3.843557788034123179e-01 -4.042258877427709063e-01
-3.801706000366520399e-01 -4.016898382480602603e-01
-3.759659701039333446e-01 -3.990732942120105431e-01
-3.717419352226840612e-01 -3.963761873443449879e-01
-3.674985397514901608e-01 -3.935984813235107738e-01
-3.632358263017936850e-01 -3.907401724598996151e-01
-3.589538358716352628e-01 -3.878012903406515832e-01
-3.546526080022138760e-01 -3.847818984544270626e-01
-3.503321809579869051e-01 -3.816820947945032683e-01
-3.459925919309748132e-01 -3.785020124385151119e-01
-3.416338772698652715e-01 -3.752418201031461065e-01
-3.372560727344446896e-01 -3.719017226720438551e-01
-3.328592137757997449e-01 -3.684819616952191845e-01
-3.284433358426478988e-01 -3.649828158581681636e-01
-3.240084747140641319e-01 -3.614046014189440936e-01
-3.195546668587656569e-01 -3.577476726113989480e-01
-3.150819498210139513e-01 -3.540124220127999766e-01
-3.105903626330751566e-01 -3.501992808740345131e-01
-3.060799462540612081e-01 -3.463087194106100886e-01
-3.015507440348431656e-01 -3.423412470526662754e-01
-2.970028022085955399e-01 -3.382974126522238500e-01
-2.924361704063873080e-01 -3.341778046459143447e-01
-2.878509021970876991e-01 -3.299830511714497705e-01
-2.832470556507019066e-01 -3.257138201361205465e-01
-2.786246939240887288e-01 -3.213708192356328208e-01
-2.739838858678512179e-01 -3.169547959216426625e-01
-2.693247066530143341e-01 -3.124665373163701965e-01
-2.646472384159336277e-01 -3.079068700727333185e-01
-2.599515709196919544e-01 -3.032766601784817051e-01
-2.552378022300616500e-01 -2.985768127028746166e-01
-2.505060394039150817e-01 -2.938082714844967303e-01
-2.457563991877771692e-01 -2.889720187588782352e-01
-2.409890087240163237e-01 -2.840690747246480408e-01
-2.362040062619718273e-01 -2.791004970470303270e-01
-2.314015418711144190e-01 -2.740673802975607254e-01
-2.265817781531358488e-01 -2.689708553289956727e-01
-2.217448909496615994e-01 -2.638120885844642549e-01
-2.168910700420749182e-01 -2.585922813400060027e-01
-2.120205198397429047e-01 -2.533126688797416870e-01
-2.071334600527353909e-01 -2.479745196030169185e-01
-2.022301263449286512e-01 -2.425791340629736836e-01
-1.973107709632004880e-01 -2.371278439361175217e-01
-1.923756633382362191e-01 -2.316220109225744506e-01
-1.874250906522931526e-01 -2.260630255768654728e-01
-1.824593583691095644e-01 -2.204523060691787051e-01
-1.774787907209974813e-01 -2.147912968772768827e-01
-1.724837311480342250e-01 -2.090814674093706971e-01
-1.674745426841663665e-01 -2.033243105584973398e-01
-1.624516082849698229e-01 -1.975213411891809379e-01
-1.574153310917772997e-01 -1.916740945574374466e-01
-1.523661346269002403e-01 -1.857841246655119738e-01
-1.473044629147396145e-01 -1.798530025531151211e-01
-1.422307805237168765e-01 -1.738823145273805104e-01
-1.371455725241697288e-01 -1.678736603342836919e-01
-1.320493443576637171e-01 -1.618286512748884076e-01
-1.269426216135782215e-01 -1.557489082704952565e-01
-1.218259497093563404e-01 -1.496360598816038889e-01
-1.166998934714724712e-01 -1.434917402865539260e-01
-1.115650366149781580e-01 -1.373175872267956843e-01
-1.064219811204594746e-01 -1.311152399269626401e-01
-1.012713465083652231e-01 -1.248863369992674333e-01
-9.611376901197299372e-02 -1.186325143432191975e-01
-9.094990065171643101e-02 -1.123554030532301629e-01
-8.578040821521132342e-02 -1.060566273483175281e-01
-8.060597214905018681e-02 -9.973780253976299859e-02
-7.542728537025339408e-02 -9.340053305420020768e-02
-7.024505200711639308e-02 -8.704641053108483351e-02
-6.505998608100843628e-02 -8.067701201475405148e-02
-5.987281014238210464e-02 -7.429389826220875181e-02
-5.468425387575004404e-02 -6.789861218822110245e-02
-4.949505268958231952e-02 -6.149267746926556644e-02
-4.430594630786921506e-02 -5.507759732698047639e-02
-3.911767738039928499e-02 -4.865485351029855132e-02
-3.393099012853251217e-02 -4.222590549296589835e-02
-2.874662904236569005e-02 -3.579218989988391941e-02
-2.356533764366675054e-02 -2.935512017159253029e-02
-1.838785732682451934e-02 -2.291608647134624199e-02
-1.321492628739023845e-02 -1.647645583378085088e-02
-8.047278544688396540e-03 -1.003757254833817503e-02
-2.885643061595499770e-03 -3.600758764657846500e-03
2.269257038882255273e-03 2.832684698625798081e-03
7.416705163987458160e-03 9.261477365567927222e-03
1.255599185537858986e-02 1.568435796351427824e-02
1.768641531655501531e-02 2.210008316462797051e-02
2.280728187502578663e-02 2.850742624273769343e-02
2.791790639204605462e-02 3.490517568101872414e-02
3.301761263334407337e-02 4.129213376583137918e-02
3.810573361413865934e-02 4.766711520061855945e-02
4.318161193097302952e-02 5.402894577124423003e-02
4.824460009156189555e-02 6.037646109072838940e-02
5.329406085209115185e-02 6.670850544722911613e-02
5.832936756937745493e-02 7.302393077459967685e-02
6.334990457312700274e-02 7.932159576013836366e-02
6.835506756135334427e-02 8.560036509948124039e-02
7.334426401996507749e-02 9.185910890415951990e-02
7.831691366566401191e-02 9.809670226328656706e-02
8.327244890970902924e-02 1.043120249572787317e-01
8.821031533880452358e-02 1.105039613184965186e-01
9.312997220838953316e-02 1.166714002312473630e-01
9.803089294293909628e-02 1.228132352617137824e-01
1.029125656374926256e-01 1.289283649070156468e-01
1.077744935544966975e-01 1.350156929517459248e-01
1.126161956101244255e-01 1.410741289198624016e-01
1.174372068444910766e-01 1.471025886097148405e-01
1.222370788705708644e-01 1.530999947001663863e-01
1.270153802971071832e-01 1.590652774161714633e-01
1.317716971213542254e-01 1.649973752427385809e-01
1.365056330880707325e-01 1.708952356768878023e-01
1.412168100117839609e-01 1.767578160079692207e-01
1.459048680599223657e-01 1.825840841174954099e-01
1.505694659949854686e-01 1.883730192904494449e-01
1.552102813744460630e-01 1.941236130308131025e-01
1.598270107075782098e-01 1.998348698748283470e-01
1.644193695688489221e-01 2.055058081962300442e-01
1.689870926679180041e-01 2.111354609983668862e-01
1.735299338766512767e-01 2.167228766887634162e-01
1.780476662138625321e-01 2.222671198322562214e-01
1.825400817887766203e-01 2.277672718793707363e-01
1.870069917044354102e-01 2.332224318670906293e-01
1.914482259224665472e-01 2.386317170896104511e-01
1.958636330907956580e-01 2.439942637370548784e-01
2.002530803360138556e-01 2.493092275005092673e-01
2.046164530222189526e-01 2.545757841420218659e-01
2.089536544782263361e-01 2.597931300285259981e-01
2.132646056951042757e-01 2.649604826288894932e-01
2.175492449960247376e-01 2.700770809735248412e-01
2.218075276804463147e-01 2.751421860762037763e-01
2.260394256446485173e-01 2.801550813179018440e-01
2.302449269806315368e-01 2.851150727926646811e-01
2.344240355553796340e-01 2.900214896156360078e-01
2.385767705724549381e-01 2.948736841935200026e-01
2.427031661178562505e-01 2.996710324578688578e-01
2.468032706920315345e-01 3.044129340616936186e-01
2.508771467298844815e-01 3.090988125399913300e-01
2.549248701105611969e-01 3.137281154348663392e-01
2.589465296587426524e-01 3.183003143859987061e-01
2.629422266391072682e-01 3.228149051872827857e-01
2.669120742455611262e-01 3.272714078105145585e-01
2.708561970867664481e-01 3.316693663970625705e-01
2.747747306694280356e-01 3.360083492185003129e-01
2.786678208807286117e-01 3.402879486072212245e-01
2.825356234712270709e-01 3.445077808580865319e-01
2.863783035394673604e-01 3.486674861021910043e-01
2.901960350194688343e-01 3.527667281538501287e-01
2.939890001721964241e-01 3.568051943319348607e-01
2.977573890820413571e-01 3.607825952566933170e-01
3.015013991592647713e-01 3.646986646232107110e-01
3.052212346492936823e-01 3.685531589526628293e-01
3.089171061496844284e-01 3.723458573225258417e-01
3.125892301355039371e-01 3.760765610769004619e-01
3.162378284938104911e-01 3.797450935181080900e-01
3.198631280678543298e-01 3.833512995807082935e-01
3.234653602115530879e-01 3.868950454890791035e-01
3.270447603547372295e-01 3.903762183996871693e-01
3.306015675796036835e-01 3.937947260291646545e-01
3.341360242087554333e-01 3.971504962692872787e-01
3.376483754051549102e-01 4.004434767899353598e-01
3.411388687842643597e-01 4.036736346310945689e-01
3.446077540385971139e-01 4.068409557849320679e-01
3.480552825748560730e-01 4.099454447689613867e-01
3.514817071637919010e-01 4.129871241912820290e-01
3.548872816028689758e-01 4.159660343088533718e-01
3.582722603917882220e-01 4.188822325797374457e-01
3.616368984208768178e-01 4.217357932102117624e-01
3.649814506723198515e-01 4.245268066976293220e-01
3.683061719341758633e-01 4.272553793698686819e-01
3.716113165270863439e-01 4.299216329221888788e-01
3.748971380435613954e-01 4.325257039522714120e-01
3.781638890996960600e-01 4.350677434942012978e-01
3.814118210991479518e-01 4.375479165521070080e-01
3.846411840091856771e-01 4.399664016341472417e-01
3.878522261485931599e-01 4.423233902875025603e-01
3.910451939872031102e-01 4.446190866349948867e-01
3.942203319568085007e-01 4.468537069139313922e-01
3.973778822731939830e-01 4.490274790177342101e-01
4.005180847690093526e-01 4.511406420408874962e-01
4.036411767372017345e-01 4.531934458277052102e-01
4.067473927847088389e-01 4.551861505253914642e-01
4.098369646961113610e-01 4.571190261418343059e-01
4.129101213069325538e-01 4.589923521085498281e-01
4.159670883862698343e-01 4.608064168491601276e-01
4.190080885284399037e-01 4.625615173537646063e-01
4.220333410533125273e-01 4.642579587595367929e-01
4.250430619150110112e-01 4.658960539378512178e-01
4.280374636186541348e-01 4.674761230882217289e-01
4.310167551448148004e-01 4.689984933393069877e-01
4.339811418813735999e-01 4.704634983572157370e-01
4.369308255624456128e-01 4.718714779613203403e-01
4.398660042140643545e-01 4.732227777477670538e-01
4.427868721063077384e-01 4.745177487208481759e-01
4.456936197115590192e-01 4.757567469323829012e-01
4.485864336685956300e-01 4.769401331292311697e-01
4.514654967522097051e-01 4.780682724090498104e-01
4.543309878480675246e-01 4.791415338843783567e-01
4.571830819325209405e-01 4.801602903551284163e-01
4.600219500570927322e-01 4.811249179895308870e-01
4.628477593373638843e-01 4.820357960135822628e-01
4.656606729459993321e-01 4.828933064090147331e-01
4.684608501096544364e-01 4.836978336198016759e-01
4.712484461095147736e-01 4.844497642671967697e-01
4.740236122852301004e-01 4.851494868732920129e-01
4.767864960420080678e-01 4.857973915930681175e-01
4.795372408606461967e-01 4.863938699548993050e-01
4.822759863102872857e-01 4.869393146094661007e-01
4.850028680636894185e-01 4.874341190870157270e-01
4.877180179148156713e-01 4.878786775629047057e-01
4.904215637985506193e-01 4.882733846313479509e-01
4.931136298123648398e-01 4.886186350872880335e-01
4.957943362397531084e-01 4.889148237162973532e-01
4.984637995752826400e-01 4.891623450924112992e-01
5.011221325510920588e-01 4.893615933837900944e-01
5.037694441646967114e-01 4.895129621660975761e-01
5.064058397079553853e-01 4.896168442434817303e-01
5.090314207970677574e-01 4.896736314770359089e-01
5.116462854034753427e-01 4.896837146206158287e-01
5.142505278855484807e-01 4.896474831638813474e-01
5.168442390209467829e-01 4.895653251824330643e-01
5.194275060395505683e-01 4.894376271949041346e-01
5.220004126568635883e-01 4.892647740268702972e-01
5.245630391077951149e-01 4.890471486814362834e-01
5.271154621807401242e-01 4.887851322163527246e-01
5.296577552518730858e-01 4.884791036275208942e-01
5.321899883195857495e-01 4.881294397387354045e-01
5.347122280390004256e-01 4.877365150975173647e-01
5.372245377564947022e-01 4.873007018768885645e-01
5.397269775441821960e-01 4.868223697829356933e-01
5.422196042342937172e-01 4.863018859680146022e-01
5.447024714534147716e-01 4.857396149494428439e-01
5.471756296565317701e-01 4.851359185335301638e-01
5.496391261608489787e-01 4.844911557447958983e-01
5.520930051793416782e-01 4.838056827602226218e-01
5.545373078540096756e-01 4.830798528483969956e-01
5.569720722888067410e-01 4.823140163133885494e-01
5.593973335822169934e-01 4.815085204432179022e-01
5.618131238594581411e-01 4.806637094627690399e-01
5.642194723042895932e-01 4.797799244909991545e-01
5.666164051904096777e-01 4.788575035023018289e-01
5.690039459124272003e-01 4.778967812918827329e-01
5.713821150163930218e-01 4.768980894450057795e-01
5.737509302298833269e-01 4.758617563099716286e-01
5.761104064916225953e-01 4.747881069746918148e-01
5.784605559806413888e-01 4.736774632467249946e-01
5.808013881449628490e-01 4.725301436366410313e-01
5.831329097298109110e-01 4.713464633445848539e-01
5.854551248053401213e-01 4.701267342499122481e-01
5.877680347938818439e-01 4.688712649037717339e-01
5.900716384967059636e-01 4.675803605245122396e-01
5.923659321202976447e-01 4.662543229957952784e-01
5.946509093021475900e-01 4.648934508672962762e-01
5.969265611360576873e-01 4.634980393578801428e-01
5.991928761969586015e-01 4.620683803611420615e-01
6.014498405652450863e-01 4.606047624532036977e-01
6.036974378506254624e-01 4.591074709026619072e-01
6.059356492154870377e-01 4.575767876825873048e-01
6.081644533977798028e-01 4.560129914844750498e-01
6.103838267334174006e-01 4.544163577340522009e-01
6.125937431781955933e-01 4.527871586088506595e-01
6.147941743292301142e-01 4.511256630574557169e-01
6.169850894459116830e-01 4.494321368203472167e-01
6.191664554703794066e-01 4.477068424522490098e-01
6.213382370475113436e-01 4.459500393459103762e-01
6.235003965444296803e-01 4.441619837572430840e-01
6.256528940695215146e-01 4.423429288317427543e-01
6.277956874909713658e-01 4.404931246321261429e-01
6.299287324548017430e-01 4.386128181671199444e-01
6.320519824024225519e-01 4.367022534213388374e-01
6.341653885876812335e-01 4.347616713861949256e-01
6.362689000934137473e-01 4.327913100917839540e-01
6.383624638474889590e-01 4.307914046396964514e-01
6.404460246383436584e-01 4.287621872367057829e-01
6.425195251300002131e-01 4.267038872292879814e-01
6.445829058765655262e-01 4.246167311389320576e-01
6.466361053361999733e-01 4.225009426982011540e-01
6.486790598845535438e-01 4.203567428875106815e-01
6.507117038276601928e-01 4.181843499725894087e-01
6.527339694142848536e-01 4.159839795425956943e-01
6.547457868477138954e-01 4.137558445488608294e-01
6.567470842969828082e-01 4.115001553442377280e-01
6.587377879075315690e-01 4.092171197230324298e-01
6.607178218112816914e-01 4.069069429615021494e-01
6.626871081361238591e-01 4.045698278589041075e-01
6.646455670148102568e-01 4.022059747790818762e-01
6.665931165932422742e-01 3.998155816925802464e-01
6.685296730381440344e-01 3.973988442192799009e-01
6.704551505441149750e-01 3.949559556715477315e-01
6.723694613400521547e-01 3.924871070978995236e-01
6.742725156949328502e-01 3.899924873271740089e-01
6.761642219229525574e-01 3.874722830132195095e-01
6.780444863880059625e-01 3.849266786800989437e-01
6.799132135075059979e-01 3.823558567678144171e-01
6.817703057555331014e-01 3.797599976785634435e-01
6.836156636653050178e-01 3.771392798235330690e-01
6.854491858309634811e-01 3.744938796702431683e-01
6.872707689086672289e-01 3.718239717904535113e-01
6.890803076169875752e-01 3.691297289086457045e-01
6.908776947365997678e-01 3.664113219510987673e-01
6.926628211092628051e-01 3.636689200955735557e-01
6.944355756360849341e-01 3.609026908216247942e-01
6.961958452750671711e-01 3.581127999615611457e-01
6.979435150379229569e-01 3.552994117520744677e-01
6.996784679861670631e-01 3.524626888865592944e-01
7.014005852264718621e-01 3.496027925681467474e-01
7.031097459052880749e-01 3.467198825634776327e-01
7.048058272027253324e-01 3.438141172572385940e-01
7.064887043256919963e-01 3.408856537074891335e-01
7.081582505002916861e-01 3.379346477018054795e-01
7.098143369634748456e-01 3.349612538142705542e-01
7.114568329539454616e-01 3.319656254633370218e-01
7.130856057023202688e-01 3.289479149705945571e-01
7.147005204205446605e-01 3.259082736204719222e-01
7.163014402905597544e-01 3.228468517209019950e-01
7.178882264522268297e-01 3.197637986649858322e-01
7.194607379905078037e-01 3.166592629936834102e-01
7.210188319219039688e-01 3.135333924595674615e-01
7.225623631801549873e-01 3.103863340916725444e-01
7.240911846012003661e-01 3.072182342614724337e-01
7.256051469074079607e-01 3.040292387500229121e-01
7.271040986910702886e-01 3.008194928163026027e-01
7.285878863971744224e-01 2.975891412667892588e-01
7.300563543054475746e-01 2.943383285263078131e-01
7.315093445116851445e-01 2.910671987101854929e-01
7.329466969083626715e-01 2.877758956977536364e-01
7.343682491645395771e-01 2.844645632072322350e-01
7.357738367050590256e-01 2.811333448720369499e-01
7.371632926890470117e-01 2.777823843185471819e-01
7.385364479877213340e-01 2.744118252453751627e-01
7.398931311615122297e-01 2.710218115041757581e-01
7.412331684365023321e-01 2.676124871820390050e-01
7.425563836801946094e-01 2.641839966855052402e-01
7.438625983766105065e-01 2.607364848262467838e-01
7.451516316007313900e-01 2.572700969084570355e-01
7.464232999922854050e-01 2.537849788179923904e-01
7.476774177288898482e-01 2.502812771133094416e-01
7.489137964985574936e-01 2.467591391182433758e-01
7.501322454715725341e-01 2.432187130166731659e-01
7.513325712717479066e-01 2.396601479491187181e-01
7.525145779470692187e-01 2.360835941113186842e-01
7.536780669397372678e-01 2.324892028548354861e-01
7.548228370556167022e-01 2.288771267897372619e-01
7.559486844331004818e-01 2.252475198894056674e-01
7.570554025114017982e-01 2.216005375975205194e-01
7.581427819982817784e-01 2.179363369372713799e-01
7.592106108372258522e-01 2.142550766228496217e-01
7.602586741740784415e-01 2.105569171732730172e-01
7.612867543231489620e-01 2.068420210285971117e-01
7.622946307328015703e-01 2.031105526685682283e-01
7.632820799505403153e-01 1.993626787337740847e-01
7.642488755876060136e-01 1.955985681493479789e-01
7.651947882830971714e-01 1.918183922512850526e-01
7.661195856676301652e-01 1.880223249154285015e-01
7.670230323265574413e-01 1.842105426891853526e-01
7.679048897627570591e-01 1.803832249260326759e-01
7.687649163590153378e-01 1.765405539228744602e-01
7.696028673400199249e-01 1.726827150603119088e-01
7.704184947339842715e-01 1.688098969458902143e-01
7.712115473339253846e-01 1.649222915603855699e-01
7.719817706586191708e-01 1.610200944071958351e-01
7.727289069132570187e-01 1.571035046649021938e-01
7.734526949498314874e-01 1.531727253430654467e-01
7.741528702272789664e-01 1.492279634413254952e-01
7.748291647714107278e-01 1.452694301118692966e-01
7.754813071346638997e-01 1.412973408253368479e-01
7.761090223557089995e-01 1.373119155402307279e-01
7.767120319189504407e-01 1.333133788758995852e-01
7.772900537139610933e-01 1.293019602891625486e-01
7.778428019948931960e-01 1.252778942546436680e-01
7.783699873399134717e-01 1.212414204488839325e-01
7.788713166107097408e-01 1.171927839382998077e-01
7.793464929121241003e-01 1.131322353710551148e-01
7.797952155519685125e-01 1.090600311729135741e-01
7.802171800010826441e-01 1.049764337471383868e-01
7.806120778537017912e-01 1.008817116785035717e-01
7.809795967882006140e-01 9.677613994148134835e-02
7.813194205282890659e-01 9.266000011266750658e-02
7.816312288047395640e-01 8.853358058750546156e-02
7.819146973177284465e-01 8.439717680136815670e-02
7.821694976998831983e-01 8.025109145505182617e-02
7.823952974801298144e-01 7.609563474473737821e-02
7.825917600484439962e-01 7.193112459646683332e-02
7.827585446216109855e-01 6.775788690518283475e-02
7.828953062101151605e-01 6.357625577837271169e-02
7.830016955862735273e-01 5.938657378435486384e-02
7.830773592537502159e-01 5.518919220524011460e-02
7.831219394185833238e-01 5.098447129459512256e-02
7.831350739618729850e-01 4.677278053982810574e-02
7.831163964142819900e-01 4.255449892931178341e-02
7.830655359325101594e-01 3.833001522424842045e-02
7.829821172779158900e-01 3.409972823527629426e-02
7.828657607974616184e-01 2.986404710380610728e-02
7.827160824071741629e-01 2.562339158806629935e-02
7.825326935783183391e-01 2.137819235382669436e-02
7.823152013264910165e-01 1.712889126975587761e-02
7.820632082038566635e-01 1.287594170735814614e-02
7.817763122947509746e-01 8.619808845419657528e-03
7.814541072148922796e-01 4.360969978880011033e-03
7.810961821144510875e-01 9.991483202988205026e-05
7.807021216852360057e-01 -4.162854124083056884e-03
7.802715061722688139e-01 -8.426821350174043546e-03
7.798039113900272490e-01 -1.269145791332244866e-02
7.792989087436494877e-01 -1.695622115782947914e-02
7.787560652553997542e-01 -2.122055437253020371e-02
7.781749435967085793e-01 -2.548388645478251446e-02
7.775551021261082330e-01 -2.974563157137871672e-02
7.768960949333951760e-01 -3.400518881665509641e-02
7.761974718903588144e-01 -3.826194186810182030e-02
7.754587787084264994e-01 -4.251525863980519515e-02
7.746795570035782674e-01 -4.676449093408828472e-02
7.738593443688994711e-01 -5.100897409174767749e-02
7.729976744551374512e-01 -5.524802664132087704e-02
7.720940770596391722e-01 -5.948094994785518841e-02
7.711480782240496268e-01 -6.370702786169003817e-02
7.701592003411548149e-01 -6.792552636780202491e-02
7.691269622712519904e-01 -7.213569323631006946e-02
7.680508794684361984e-01 -7.633675767477771101e-02
7.669304641171839076e-01 -8.052792998299952709e-02
7.657652252796187664e-01 -8.470840121100570164e-02
7.645546690538349566e-01 -8.887734282106855843e-02
7.632982987436487399e-01 -9.303390635454843183e-02
7.619956150401421269e-01 -9.717722310446721967e-02
7.606461162153483890e-01 -1.013064037947556673e-01
7.592492983284190311e-01 -1.054205382671738328e-01
7.578046554445920790e-01 -1.095186951769655526e-01
7.563116798672691043e-01 -1.135999216983635124e-01
7.547698623834824261e-01 -1.176632432411229001e-01
7.531786925230087304e-01 -1.217076631793229113e-01
7.515376588313660289e-01 -1.257321625937349308e-01
7.498462491568915755e-01 -1.297357000291208262e-01
7.481039509520694963e-01 -1.337172112678839953e-01
7.463102515892416911e-01 -1.376756091215590172e-01
7.444646386907918245e-01 -1.416097832416872981e-01
7.425666004738513681e-01 -1.455185999516874773e-01
7.406156261095299120e-01 -1.494009021013859018e-01
7.386112060966205650e-01 -1.532555089459353148e-01
7.365528326496790790e-01 -1.570812160509029998e-01
7.344400001013189350e-01 -1.608767952253647993e-01
7.322722053185026780e-01 -1.646409944848940543e-01
7.300489481325488361e-01 -1.683725380463803600e-01
7.277697317825080336e-01 -1.720701263566631889e-01
7.254340633714890796e-01 -1.757324361569989613e-01
7.230414543354523049e-01 -1.793581205854251071e-01
7.205914209239036028e-01 -1.829458093191085877e-01
7.180834846918566772e-01 -1.864941087587985158e-01
7.155171730023464072e-01 -1.900016022575179986e-01
7.128920195387022929e-01 -1.934668503956470109e-01
7.102075648257060170e-01 -1.968883913045520739e-01
7.074633567586848804e-01 -2.002647410409202910e-01
7.046589511395024985e-01 -2.035943940139418873e-01
7.017939122183380896e-01 -2.068758234674730745e-01
6.988678132400603094e-01 -2.101074820192782300e-01
6.958802369939278698e-01 -2.132878022594183465e-01
6.928307763652744589e-01 -2.164151974098041109e-01
6.897190348877626498e-01 -2.194880620468763477e-01
6.865446272947246520e-01 -2.225047728893052856e-01
6.833071800680441399e-01 -2.254636896525269996e-01
6.800063319829765529e-01 -2.283631559718378168e-01
6.766417346472499705e-01 -2.312015003956707226e-01
6.732130530327480322e-01 -2.339770374505587835e-01
6.697199659980339614e-01 -2.366880687791673710e-01
6.661621667999507723e-01 -2.393328843526328076e-01
6.625393635925087565e-01 -2.419097637582979521e-01
6.588512799112630214e-01 -2.444169775637664577e-01
6.550976551413876248e-01 -2.468527887580218572e-01
6.512782449676610685e-01 -2.492154542701674746e-01
6.473928218046085536e-01 -2.515032265661403810e-01
6.434411752050795963e-01 -2.537143553235377547e-01
6.394231122455972249e-01 -2.558470891844687456e-01
6.353384578868782606e-01 -2.578996775861049917e-01
6.311870553080055624e-01 -2.598703726683553872e-01
6.269687662128327066e-01 -2.617574312578291873e-01
6.226834711073110373e-01 -2.635591169269834722e-01
6.183310695465611406e-01 -2.652737021270688555e-01
6.139114803506493523e-01 -2.668994703932013324e-01
6.094246417881985511e-01 -2.684347186195901180e-01
6.048705117271304665e-01 -2.698777594026489646e-01
6.002490677520359030e-01 -2.712269234494060766e-01
5.955603072478706794e-01 -2.724805620483162216e-01
5.908042474499013430e-01 -2.736370495992536123e-01
5.859809254600574224e-01 -2.746947861991456130e-01
5.810903982300967829e-01 -2.756522002793764803e-01
5.761327425122509949e-01 -2.765077512907690438e-01
5.711080547782874106e-01 -2.772599324316182279e-01
5.660164511082050876e-01 -2.779072734139300671e-01
5.608580670500693532e-01 -2.784483432626920774e-01
5.556330574527799104e-01 -2.788817531426804330e-01
5.503415962738651412e-01 -2.792061592069941534e-01
5.449838763646930317e-01 -2.794202654611968040e-01
5.395601092357800166e-01 -2.795228266366396319e-01
5.340705248051751397e-01 -2.795126510662477304e-01
5.285153711331807003e-01 -2.793886035557650582e-01
5.228949141469430018e-01 -2.791496082431768055e-01
5.172094373587119431e-01 -2.787946514387656394e-01
5.114592415818151050e-01 -2.783227844380107285e-01
5.056446446486149160e-01 -2.777331262992956962e-01
4.997659811349288161e-01 -2.770248665781799846e-01
4.938236020955660832e-01 -2.761972680097759536e-01
4.878178748157876443e-01 -2.752496691305933996e-01
4.817491825836102692e-01 -2.741814868310425979e-01
4.756179244879593648e-01 -2.729922188296410313e-01
4.694245152477143357e-01 -2.716814460598420689e-01
4.631693850766901432e-01 -2.702488349602985007e-01
4.568529795895509005e-01 -2.686941396592966713e-01
4.504757597535561930e-01 -2.670172040440351724e-01
4.440382018908922146e-01 -2.652179637053954098e-01
4.375407977361395195e-01 -2.632964477488452526e-01
4.309840545531694600e-01 -2.612527804621406213e-01
4.243684953154472916e-01 -2.590871828305403302e-01
4.176946589533404031e-01 -2.567999738903349316e-01
4.109631006715952495e-01 -2.543915719115973362e-01
4.041743923396446392e-01 -2.518624954012130823e-01
3.973291229568440275e-01 -2.492133639174189952e-01
3.904278991941108612e-01 -2.464448986872931624e-01
3.834713460127517348e-01 -2.435579230188819888e-01
3.764601073605119974e-01 -2.405533624999274811e-01
3.693948469440739291e-01 -2.374322449754744380e-01
3.622762490763601351e-01 -2.341957002969871082e-01
3.551050195960741562e-01 -2.308449598359874066e-01
3.478818868559364619e-01 -2.273813557556553788e-01
3.406076027750457591e-01 -2.238063200342844394e-01
3.332829439497269619e-01 -2.201213832349842303e-01
3.259087128161181068e-01 -2.163281730165508565e-01
3.184857388566061376e-01 -2.124284123809959401e-01
3.110148798410509730e-01 -2.084239176538236760e-01
3.034970230925539414e-01 -2.043165961937911668e-01
2.959330867663262365e-01 -2.001084438295591128e-01
2.883240211290227784e-01 -1.958015420213601032e-01
2.806708098247274186e-01 -1.913980547465667925e-01
2.729744711126258494e-01 -1.869002251088427713e-01
2.652360590603060619e-01 -1.823103716714154499e-01
2.574566646755952481e-01 -1.776308845159188521e-01
2.496374169589141712e-01 -1.728642210292355430e-01
2.417794838573270322e-01 -1.680129014218367245e-01
2.338840731008333951e-01 -1.630795039822909021e-01
2.259524329010305088e-01 -1.580666600739162320e-01
2.179858524921267637e-01 -1.529770488810227314e-01
2.099856624944753669e-01 -1.478133919138659158e-01
2.019532350813979249e-01 -1.425784472833629413e-01
1.938899839311692408e-01 -1.372750037588643113e-01
1.857973639477347172e-01 -1.319058746248947811e-01
1.776768707361415234e-01 -1.264738913558424160e-01
1.695300398218914373e-01 -1.209818971311685254e-01
1.613584456075868312e-01 -1.154327402178937367e-01
1.531637000654347547e-01 -1.098292672519593505e-01
1.449474511704810509e-01 -1.041743164555972712e-01
1.367113810868914592e-01 -9.847071083407460401e-02
1.284572041281528132e-01 -9.272125140205245142e-02
1.201866645216035923e-01 -8.692871049718337018e-02
1.119015340179702889e-01 -8.109582524623598632e-02
1.036036093971810235e-01 -7.522529125662597016e-02
9.529470993208463692e-02 -6.931975661325545657e-02
8.697667488106899936e-02 -6.338181626640310151e-02
7.865136108803888471e-02 -5.741400690028203302e-02
7.032064077275110292e-02 -5.141880237297602463e-02
6.198639959505861108e-02 -4.539860981589738387e-02
5.365053507220865492e-02 -3.935576647390115479e-02
4.531495541824329121e-02 -3.329253735517795354e-02
3.698157885843350590e-02 -2.721111374277757067e-02
2.865233344977471952e-02 -2.111361259733607332e-02
2.032915741177693247e-02 -1.500207685406346192e-02
1.201399994168139695e-02 -8.878476587665329323e-03
3.708822457015953367e-03 -2.744710988481946501e-03
-4.584399821340096048e-03 3.397388936050793617e-03
-1.286367605799093594e-02 9.546057046179834416e-03
-2.112699789514171922e-02 1.569958827242945443e-02
-2.937233758990548393e-02 2.185633448033186266e-02
-3.759764633981715898e-02 2.801470014612505999e-02
-4.580085293128516311e-02 3.417313798843585326e-02
-5.397986282903782795e-02 4.033014468952317300e-02
-6.213255780135737427e-02 4.648425682199380793e-02
-7.025679614836130571e-02 5.263404707487678857e-02
-7.835041357128327832e-02 5.877812084862604758e-02
-8.641122469198361800e-02 6.491511326400389859e-02
-9.443702520575036896e-02 7.104368660660753676e-02
-1.024255946282610075e-01 7.716252820833796600e-02
-1.103746995801910269e-01 8.327034875021271931e-02
-1.182820975406421726e-01 8.936588095794950615e-02
-1.261455409931306060e-01 9.544787865269876992e-02
-1.339627818847905771e-01 1.015151161138457825e-01
-1.417315763199795686e-01 1.075663877084509501e-01
-1.494496894128112263e-01 1.136005077420408904e-01
-1.571149002284865925e-01 1.196163104874958250e-01
-1.647250067499209658e-01 1.256126503521184379e-01
-1.722778308134609582e-01 1.315884021471248055e-01
-1.797712229649708615e-01 1.375424614283441982e-01
-1.872030671948737568e-01 1.434737448815443517e-01
-1.945712855176236489e-01 1.493811907302774189e-01
-2.018738423673969162e-01 1.552637591483115032e-01
-2.091087487874520312e-01 1.611204326624808836e-01
-2.162740663955916853e-01 1.669502165351125778e-01
-2.233679111124893812e-01 1.727521391180470711e-01
-2.303884566433492820e-01 1.785252521726936048e-01
-2.373339377065238343e-01 1.842686311525644494e-01
-2.442026530053630906e-01 1.899813754463610949e-01
-2.509929679417947090e-01 1.956626085809848314e-01
-2.577033170719894573e-01 2.013114783848499179e-01
-2.643322063060004612e-01 2.069271571126404252e-01
-2.708782148545508806e-01 2.125088415332053449e-01
-2.773399969271977961e-01 2.180557529826708807e-01
-2.837162831869833868e-01 2.235671373850867949e-01
-2.900058819674115052e-01 2.290422652430549044e-01
-2.962076802581963264e-01 2.344804316008258505e-01
-3.023206444667336790e-01 2.398809559823158188e-01
-3.083438209626638282e-01 2.452431823064152305e-01
-3.142763364132455384e-01 2.505664787818323025e-01
-3.201173979175451212e-01 2.558502377835657482e-01
-3.258662929476821568e-01 2.610938757129309673e-01
-3.315223891055635863e-01 2.662968328428831910e-01
-3.370851337036823714e-01 2.714585731501956145e-01
-3.425540531786761544e-01 2.765785841358703867e-01
-3.479287523464150156e-01 2.816563766349770015e-01
-3.532089135074378272e-01 2.866914846169431597e-01
-3.583942954115737489e-01 2.916834649771625765e-01
-3.634847320905789658e-01 2.966318973206307774e-01
-3.684801315675816369e-01 3.015363837381858092e-01
-3.733804744520686225e-01 3.063965485758041729e-01
-3.781858124290666812e-01 3.112120381972932615e-01
-3.828962666510603019e-01 3.159825207406225522e-01
-3.875120260410658823e-01 3.207076858680561471e-01
-3.920333455151313595e-01 3.253872445101763655e-01
-3.964605441323653112e-01 3.300209286038309209e-01
-4.007940031804164693e-01 3.346084908239939093e-01
-4.050341642041206947e-01 3.391497043094938713e-01
-4.091815269848228520e-01 3.436443623825408689e-01
-4.132366474776439924e-01 3.480922782619708111e-01
-4.172001357137301580e-01 3.524932847701203187e-01
-4.210726536742628312e-01 3.568472340332490833e-01
-4.248549131427477588e-01 3.611539971754378353e-01
-4.285476735418314309e-01 3.654134640059053529e-01
-4.321517397606165489e-01 3.696255426997101523e-01
-4.356679599781648760e-01 3.737901594718304743e-01
-4.390972234885883729e-01 3.779072582446447170e-01
-4.424404585328444717e-01 3.819768003088658825e-01
-4.456986301420536312e-01 3.859987639780232960e-01
-4.488727379968731057e-01 3.899731442366148881e-01
-4.519638143071664782e-01 3.938999523820971294e-01
-4.549729217159206307e-01 3.977792156609104568e-01
-4.579011512310769971e-01 4.016109768987815576e-01
-4.607496201886634446e-01 4.053952941255741238e-01
-4.635194702503330211e-01 4.091322401949993304e-01
-4.662118654381471883e-01 4.128219023995282622e-01
-4.688279902091761486e-01 4.164643820808796026e-01
-4.713690475722283613e-01 4.200597942364870385e-01
-4.738362572487750946e-01 4.236082671223752039e-01
-4.762308538798878943e-01 4.271099418528994662e-01
-4.785540852807786405e-01 4.305649719978239531e-01
-4.808072107443024934e-01 4.339735231772319235e-01
-4.829914993945721435e-01 4.373357726547785762e-01
-4.851082285916211156e-01 4.406519089298063796e-01
-4.871586823878628070e-01 4.439221313288565507e-01
-4.891441500368994832e-01 4.471466495971134769e-01
-4.910659245550650920e-01 4.503256834903245354e-01
-4.929253013359121138e-01 4.534594623677376535e-01
-4.947235768177027371e-01 4.565482247865983445e-01
-4.964620472038122623e-01 4.595922180987436212e-01
-4.981420072358193063e-01 4.625916980498217534e-01
-4.997647490189279784e-01 4.655469283816600634e-01
-5.013315608992499062e-01 4.684581804382906833e-01
-5.028437263923659639e-01 4.713257327761304349e-01
-5.043025231624880256e-01 4.741498707787974443e-01
-5.057092220514493031e-01 4.769308862770294533e-01
-5.070650861566708967e-01 4.796690771741500825e-01
-5.083713699571805744e-01 4.823647470775110357e-01
-5.096293184866872439e-01 4.850182049363169767e-01
-5.108401665526667301e-01 4.876297646862176594e-01
-5.120051380003544095e-01 4.901997449010288554e-01
-5.131254450205019468e-01 4.927284684519231961e-01
-5.142022874997175252e-01 4.952162621744036763e-01
-5.152368524121784255e-01 4.976634565433513679e-01
-5.162303132514771686e-01 5.000703853564146817e-01
-5.171838295013513331e-01 5.024373854259798211e-01
-5.180985461440247297e-01 5.047647962799395316e-01
-5.189755932048838449e-01 5.070529598714530461e-01
-5.198160853322122410e-01 5.093022202978623181e-01
-5.206211214106991614e-01 5.115129235289089804e-01
-5.213917842074496933e-01 5.136854171443698824e-01
-5.221291400492289458e-01 5.158200500812067935e-01
-5.228342385296866901e-01 5.179171723903008839e-01
-5.235081122453203450e-01 5.199771350028236094e-01
-5.241517765589573941e-01 5.220002895062672010e-01
-5.247662293895527519e-01 5.239869879301457534e-01
-5.253524510271259107e-01 5.259375825413461492e-01
-5.259114039716806799e-01 5.278524256490987332e-01
-5.264440327949838627e-01 5.297318694195093380e-01
-5.269512640241021950e-01 5.315762656995827173e-01
-5.274340060456299550e-01 5.333859658506447943e-01
-5.278931490295686313e-01 5.351613205910564774e-01
-5.283295648718543402e-01 5.369026798480962537e-01
-5.287441071545577742e-01 5.386103926188703372e-01
-5.291376111228198731e-01 5.402848068400977199e-01
-5.295108936776145026e-01 5.419262692666034775e-01
-5.298647533834688339e-01 5.435351253583378117e-01
-5.301999704903037625e-01 5.451117191757297586e-01
-5.305173069685904519e-01 5.466563932831713934e-01
-5.308175065570555073e-01 5.481694886604175920e-01
-5.311012948222012531e-01 5.496513446216779730e-01
-5.313693792289371221e-01 5.511022987421659858e-01
-5.316224492216589104e-01 5.525226867918670015e-01
-5.318611763151375182e-01 5.539128426762733870e-01
-5.320862141946174351e-01 5.552730983838318757e-01
-5.322981988245535367e-01 5.566037839398428888e-01
-5.324977485654437404e-01 5.579052273665435768e-01
-5.326854642982515875e-01 5.591777546491022433e-01
-5.328619295559329228e-01 5.604216897072513692e-01
-5.330277106616176930e-01 5.616373543722783523e-01
-5.331833568730177664e-01 5.628250683690930734e-01
-5.333294005326641996e-01 5.639851493030905161e-01
-5.334663572235965878e-01 5.651179126515216700e-01
-5.335947259301564438e-01 5.662236717590906077e-01
-5.337149892035554233e-01 5.673027378374899676e-01
-5.338276133319137529e-01 5.683554199685927344e-01
-5.339330485144836436e-01 5.693820251110153219e-01
-5.340317290397936789e-01 5.703828581097715178e-01
-5.341240734674642665e-01 5.713582217087396220e-01
-5.342104848134699990e-01 5.723084165656627809e-01
-5.342913507386304328e-01 5.732337412694150647e-01
-5.343670437401346618e-01 5.741344923592615057e-01
-5.344379213459158340e-01 5.750109643458489739e-01
-5.345043263117025267e-01 5.758634497336708735e-01
-5.345665868205888849e-01 5.766922390447501989e-01
-5.346250166849769725e-01 5.774976208432965885e-01
-5.346799155507497847e-01 5.782798817610947939e-01
-5.347315691035465779e-01 5.790393065233944148e-01
-5.347802492770207250e-01 5.797761779750720823e-01
-5.348262144629605253e-01 5.804907771068508193e-01
-5.348697097231683850e-01 5.811833830813672996e-01
-5.349109670029925656e-01 5.818542732588848354e-01
-5.349502053464125773e-01 5.825037232224623551e-01
-5.349876311125818518e-01 5.831320068023966297e-01
-5.350234381937355455e-01 5.837393960997659947e-01
-5.350578082343722119e-01 5.843261615089123673e-01
-5.350909108516200829e-01 5.848925717387115641e-01
-5.351229038567004714e-01 5.854388938324865954e-01
-5.351539334773980361e-01 5.859653931864385878e-01
-5.351841345814539741e-01 5.864723335664689952e-01
-5.352136309007885506e-01 5.869599771232880681e-01
-5.352425352564696981e-01 5.874285844057102191e-01
-5.352709497843305408e-01 5.878784143720462430e-01
-5.352989661611489147e-01 5.883097243995205616e-01
-5.353266658312919590e-01 5.887227702916436600e-01
-5.353541202337316340e-01 5.891178062834869777e-01
-5.353813910293305778e-01 5.894950850448155144e-01
-5.354085303283020458e-01 5.898548576810453969e-01
-5.354355809177362424e-01 5.901973737320025393e-01
-5.354625764890936779e-01 5.905228811684686274e-01
-5.354895418655523098e-01 5.908316263865138751e-01
-5.355164932291054392e-01 5.911238541996191032e-01
-5.355434383472924553e-01 5.913998078286062388e-01
-5.355703767994544062e-01 5.916597288894009932e-01
-5.355973002023939333e-01 5.919038573786581381e-01
-5.356241924353274397e-01 5.921324316572946778e-01
-5.356510298640060341e-01 5.923456884319757698e-01
-5.356777815638891216e-01 5.925438627346130138e-01
-5.357044095422478502e-01 5.927271878999355037e-01
-5.357308689590783990e-01 5.928958955412029219e-01
-5.357571083467023154e-01 5.930502155241362816e-01
-5.357830698279312243e-01 5.931903759391468078e-01
-5.358086893326777789e-01 5.933166030719461137e-01
-5.358338968128875113e-01 5.934291213726274883e-01
-5.358586164556743414e-01 5.935281534233132206e-01
-5.358827668945392864e-01 5.936139199044594417e-01
-5.359062614185556850e-01 5.936866395599222912e-01
-5.359290081794058080e-01 5.937465291608821083e-01
-5.359509103961541676e-01 5.937938034687303412e-01
-5.359718665576480578e-01 5.938286751970232036e-01
-5.359917706224373024e-01 5.938513549726046614e-01
-5.360105122161058500e-01 5.938620512960064435e-01
-5.360279768259178512e-01 5.938609705012263262e-01
-5.360440459926767431e-01 5.938483167149921638e-01
-5.360585974997054137e-01 5.938242918156110273e-01
-5.360715055588556321e-01 5.937890953915099246e-01
-5.360826409934631442e-01 5.937429246995642451e-01
-5.360918714181670541e-01 5.936859746233122959e-01
-5.360990614155151102e-01 5.936184376311551825e-01
-5.361040727092877267e-01 5.935405037346301871e-01
-5.361067643344680222e-01 5.934523604468527891e-01
-5.361069928038041388e-01 5.933541927412104844e-01
-5.361046122709005601e-01 5.932461830103948897e-01
-5.360994746897926877e-01 5.931285110258528448e-01
-5.360914299709576003e-01 5.930013538977305654e-01
-5.360803261337201420e-01 5.928648860353870065e-01
-5.360660094550202537e-01 5.927192791085460488e-01
-5.360483246145152370e-01 5.925647020091494577e-01
-5.360271148359866400e-01 5.924013208139753406e-01
-5.360022220250415526e-01 5.922292987480797244e-01
-5.359734869030877702e-01 5.920487961491118778e-01
-5.359407491375816068e-01 5.918599704325564481e-01
-5.359038474685405840e-01 5.916629760579446007e-01
-5.358626198313265476e-01 5.914579644960785698e-01
-5.358169034757058746e-01 5.912450841973054816e-01
-5.357665350811990912e-01 5.910244805608740881e-01
-5.357113508687377790e-01 5.907962959054071650e-01
-5.356511867086486411e-01 5.905606694405118873e-01
-5.355858782249933725e-01 5.903177372395547184e-01
-5.355152608962940874e-01 5.900676322136179097e-01
-5.354391701526767244e-01 5.898104840866552623e-01
-5.353574414694746153e-01 5.895464193718589208e-01
-5.352699104573332978e-01 5.892755613492479672e-01
-5.351764129488598698e-01 5.889980300444843664e-01
-5.350767850818712867e-01 5.887139422089233687e-01
-5.349708633792908952e-01 5.884234113008953715e-01
-5.348584848257483815e-01 5.881265474682240146e-01
-5.347394869409455298e-01 5.878234575319709609e-01
-5.346137078498449657e-01 5.875142449714078063e-01
-5.344809863497479441e-01 5.871990099102024629e-01
-5.343411619743263508e-01 5.868778491038157963e-01
-5.341940750546777528e-01 5.865508559280918632e-01
-5.340395667774733290e-01 5.862181203690340903e-01
-5.338774792402689595e-01 5.858797290137498504e-01
-5.337076555040559667e-01 5.855357650425498939e-01
-5.335299396431221197e-01 5.851863082221842038e-01
-5.333441767923032817e-01 5.848314349001995094e-01
-5.331502131916983078e-01 5.844712180003954760e-01
-5.329478962289282418e-01 5.841057270193652506e-01
-5.327370744790150825e-01 5.837350280240957145e-01
-5.325175977419633888e-01 5.833591836506106798e-01
-5.322893170781188843e-01 5.829782531036324933e-01
-5.320520848413872184e-01 5.825922921572440627e-01
-5.318057547103909322e-01 5.822013531565268796e-01
-5.315501817176455646e-01 5.818054850201547223e-01
-5.312852222768313926e-01 5.814047332439212790e-01
-5.310107342082432957e-01 5.809991399051799288e-01
-5.307265767624944619e-01 5.805887436681720359e-01
-5.304326106425546472e-01 5.801735797902258795e-01
-5.301286980241958213e-01 5.797536801288030173e-01
-5.298147025749289085e-01 5.793290731493696555e-01
-5.294904894714993482e-01 5.788997839340765950e-01
-5.291559254160222991e-01 5.784658341912237711e-01
-5.288108786508283199e-01 5.780272422654924025e-01
-5.284552189720925774e-01 5.775840231489247634e-01
-5.280888177423194163e-01 5.771361884926338170e-01
-5.277115479017520094e-01 5.766837466192239470e-01
-5.273232839787753701e-01 5.762267025359072425e-01
-5.269239020993813361e-01 5.757650579482984643e-01
-5.265132799957616960e-01 5.752988112748713689e-01
-5.260912970140899647e-01 5.748279576620652920e-01
-5.256578341215616401e-01 5.743524890000236693e-01
-5.252127739127472328e-01 5.738723939389550610e-01
-5.247560006153221268e-01 5.733876579061016887e-01
-5.242874000952302271e-01 5.728982631233048295e-01
-5.238068598613367932e-01 5.724041886251558520e-01
-5.233142690696263033e-01 5.719054102777247905e-01
-5.228095185269978629e-01 5.714019007978540232e-01
-5.222925006947093385e-01 5.708936297730118348e-01
-5.217631096915182898e-01 5.703805636816984270e-01
-5.212212412965715469e-01 5.698626659143940509e-01
-5.206667929520820692e-01 5.693398967950500378e-01
-5.200996637658472643e-01 5.688122136031107390e-01
-5.195197545136395201e-01 5.682795705960689281e-01
-5.189269676415196875e-01 5.677419190325466714e-01
-5.183212072681058213e-01 5.671992071959012227e-01
-5.177023791868375913e-01 5.666513804183554992e-01
-5.170703908682691141e-01 5.660983811056488069e-01
-5.164251514624266237e-01 5.655401487622129242e-01
-5.157665718012598433e-01 5.649766200168684360e-01
-5.150945644012190350e-01 5.644077286490473133e-01
-5.144090434659855937e-01 5.638334056155411833e-01
-5.137099248893823855e-01 5.632535790777806195e-01
-5.129971262584887004e-01 5.626681744296453402e-01
-5.122705668569844661e-01 5.620771143258126434e-01
-5.115301676687433741e-01 5.614803187106471860e-01
-5.107758513816973434e-01 5.608777048476371041e-01
-5.100075423919874229e-01 5.602691873493850228e-01
-5.092251668084215588e-01 5.596546782081548432e-01
-5.084286524572522170e-01 5.590340868269885188e-01
-5.076179288872888495e-01 5.584073200513925972e-01
-5.067929273753551955e-01 5.577742822016085178e-01
-5.059535809321067390e-01 5.571348751054713277e-01
-5.050998243082109873e-01 5.564889981318663637e-01
-5.042315940009054476e-01 5.558365482247933365e-01
-5.033488282609346331e-01 5.551774199380464792e-01
-5.024514670998725396e-01 5.545115054705201940e-01
-5.015394522978359193e-01 5.538386947021509688e-01
-5.006127274115879100e-01 5.531588752305047763e-01
-4.996712377830353491e-01 5.524719324080206162e-01
-4.987149305481175521e-01 5.517777493799195243e-01
-4.977437546460868334e-01 5.510762071227923720e-01
-4.967576608291760509e-01 5.503671844838735616e-01
-4.957566016726511204e-01 5.496505582210128305e-01
-4.947405315852406726e-01 5.489262030433581518e-01
-4.937094068199395780e-01 5.481939916527561740e-01
-4.926631854851765135e-01 5.474537947858828524e-01
-4.916018275563361906e-01 5.467054812571168210e-01
-4.905252948876300256e-01 5.459489180021629418e-01
-4.894335512243010999e-01 5.451839701224354684e-01
-4.883265622151512497e-01 5.444105009302171450e-01
-4.872042954253814617e-01 5.436283719945957937e-01
-4.860667203497262556e-01 5.428374431881928253e-01
-4.849138084258707848e-01 5.420375727346945505e-01
-4.837455330481338911e-01 5.412286172571888487e-01
-4.825618695814002934e-01 5.404104318273226237e-01
-4.813627953752833699e-01 5.395828700152834889e-01
-4.801482897785015469e-01 5.387457839406160076e-01
-4.789183341534484217e-01 5.378990243238777058e-01
-4.776729118909352478e-01 5.370424405391427403e-01
-4.764120084250867415e-01 5.361758806673596611e-01
-4.751356112483667848e-01 5.352991915505675991e-01
-4.738437099267126529e-01 5.344122188469757617e-01
-4.725362961147540064e-01 5.335148070869113468e-01
-4.712133635710926693e-01 5.326067997296393131e-01
-4.698749081736200983e-01 5.316880392210543427e-01
-4.685209279348440115e-01 5.307583670522512120e-01
-4.671514230172029158e-01 5.298176238189697962e-01
-4.657663957483385020e-01 5.288656492819190369e-01
-4.643658506363007588e-01 5.279022824279767656e-01
-4.629497943846586083e-01 5.269273615322636051e-01
-4.615182359074871954e-01 5.259407242210911715e-01
-4.600711863442040750e-01 5.249422075357771389e-01
-4.586086590742262104e-01 5.239316479973255003e-01
-4.571306697314174716e-01 5.229088816719651422e-01
-4.556372362182979918e-01 5.218737442375405156e-01
-4.541283787199852928e-01 5.208260710507457425e-01
-4.526041197178378717e-01 5.197656972151936117e-01
-4.510644840027699942e-01 5.186924576503100237e-01
-4.495094986882070542e-01 5.176061871610410092e-01
-4.479391932226526873e-01 5.165067205083608837e-01
-4.463535994018341668e-01 5.153938924805661070e-01
-4.447527513803974930e-01 5.142675379653426360e-01
-4.431366856831199796e-01 5.131274920225861180e-01
-4.415054412156093067e-01 5.119735899579608285e-01
-4.398590592744582861e-01 5.108056673971762551e-01
-4.381975835568259758e-01 5.096235603609601261e-01
-4.365210601694101133e-01 5.084271053407088958e-01
-4.348295376367850018e-01 5.072161393747881553e-01
-4.331230669090719854e-01 5.059905001254610957e-01
-4.314017013689109836e-01 5.047500259564199343e-01
-4.296654968377059958e-01 5.034945560108871065e-01
-4.279145115811120448e-01 5.022239302902631319e-01
-4.261488063137360838e-01 5.009379897332879583e-01
-4.243684442030213333e-01 4.996365762956834211e-01
-4.225734908722879046e-01 4.983195330302422343e-01
-4.207640144028998996e-01 4.969867041673328156e-01
-4.189400853355331189e-01 4.956379351957773127e-01
-4.171017766705139573e-01 4.942730729440705240e-01
-4.152491638672058394e-01 4.928919656618953038e-01
-4.133823248424154384e-01 4.914944631018970389e-01
-4.115013399677923678e-01 4.900804166016736185e-01
-4.096062920662019713e-01 4.886496791659355465e-01
-4.076972664070425134e-01 4.872021055487931185e-01
-4.057743507004872852e-01 4.857375523361219805e-01
-4.038376350906287549e-01 4.842558780279601072e-01
-4.018872121475021153e-01 4.827569431208866835e-01
-3.999231768579701862e-01 4.812406101903287658e-01
-3.979456266154483002e-01 4.797067439727495941e-01
-3.959546612084525186e-01 4.781552114476572690e-01
-3.939503828079529146e-01 4.765858819193853901e-01
-3.919328959535153811e-01 4.749986270985850911e-01
-3.899023075382177517e-01 4.733933211833726840e-01
-3.878587267923259141e-01 4.717698409400741810e-01
-3.858022652657160378e-01 4.701280657835055776e-01
-3.837330368090331456e-01 4.684678778567301638e-01
-3.816511575535742606e-01 4.667891621102271960e-01
-3.795567458898866930e-01 4.650918063804125313e-01
-3.774499224450749701e-01 4.633757014674434460e-01
-3.753308100588079732e-01 4.616407412122459086e-01
-3.731995337580224503e-01 4.598868225726941983e-01
-3.710562207303183535e-01 4.581138456988801400e-01
-3.689010002960425583e-01 4.563217140074001810e-01
-3.667340038790615764e-01 4.545103342545956382e-01
-3.645553649762214299e-01 4.526796166086723416e-01
-3.623652191254972954e-01 4.508294747206339492e-01
-3.601637038728349727e-01 4.489598257939551029e-01
-3.579509587376899504e-01 4.470705906529268692e-01
-3.557271251772670673e-01 4.451616938095980802e-01
-3.534923465494712036e-01 4.432330635292457410e-01
-3.512467680745745557e-01 4.412846318942983403e-01
-3.489905367956113169e-01 4.393163348666411783e-01
-3.467238015375121440e-01 4.373281123482312682e-01
-3.444467128649887355e-01 4.353199082399474840e-01
-3.421594230391842850e-01 4.332916704986020107e-01
-3.398620859731041333e-01 4.312433511920449325e-01
-3.375548571858434932e-01 4.291749065522815210e-01
-3.352378937556294569e-01 4.270862970265353331e-01
-3.329113542716983232e-01 4.249774873261804586e-01
-3.305753987850250097e-01 4.228484464734729165e-01
-3.282301887579297528e-01 4.206991478460067602e-01
-3.258758870125825768e-01 4.185295692188238381e-01
-3.235126576784294050e-01 4.163396928041055989e-01
-3.211406661385662886e-01 4.141295052883756656e-01
-3.187600789750846819e-01 4.118989978671419028e-01
-3.163710639134179603e-01 4.096481662769103638e-01
-3.139737897657141064e-01 4.073770108244980093e-01
-3.115684263732648729e-01 4.050855364135789172e-01
-3.091551445480206217e-01 4.027737525683939834e-01
-3.067341160132200928e-01 4.004416734545576118e-01
-3.043055133431673553e-01 3.980893178968956669e-01
-3.018695099021867501e-01 3.957167093942478009e-01
-2.994262797827874634e-01 3.933238761311723675e-01
-2.969759977430713738e-01 3.909108509864869241e-01
-2.945188391434169217e-01 3.884776715385852564e-01
-2.920549798824714771e-01 3.860243800674673653e-01
-2.895845963324870098e-01 3.835510235534226320e-01
-2.871078652740328696e-01 3.810576536723070951e-01
-2.846249638301183160e-01 3.785443267873583872e-01
-2.821360693997609359e-01 3.760111039374873787e-01
-2.796413595910335337e-01 3.734580508219967898e-01
-2.771410121536244664e-01 3.708852377816656554e-01
-2.746352049109438420e-01 3.682927397761524557e-01
-2.721241156918109971e-01 3.656806363576604602e-01
-2.696079222617555060e-01 3.630490116408189305e-01
-2.670868022539639730e-01 3.603979542687251736e-01
-2.645609330999071362e-01 3.577275573751050319e-01
-2.620304919596766480e-01 3.550379185425412421e-01
-2.594956556520647273e-01 3.523291397567246408e-01
-2.569566005844169942e-01 3.496013273566858648e-01
-2.544135026822871293e-01 3.468545919809608025e-01
-2.518665373189250545e-01 3.440890485096529949e-01
-2.493158792446235617e-01 3.413048160023472444e-01
-2.467617025159550281e-01 3.385020176318381813e-01
-2.442041804249204529e-01 3.356807806136370975e-01
-2.416434854280402056e-01 3.328412361312155787e-01
-2.390797890754082222e-01 3.299835192569554598e-01
-2.365132619397349034e-01 3.271077688687687446e-01
-2.339440735454015041e-01 3.242141275623536822e-01
-2.313723922975459424e-01 3.213027415590573033e-01
-2.287983854112025650e-01 3.183737606093129946e-01
-2.262222188405149936e-01 3.154273378916248594e-01
-2.236440572080389821e-01 3.124636299070697731e-01
-2.210640637341563519e-01 3.094827963692933781e-01
-2.184824001666140214e-01 3.064850000899730365e-01
-2.158992267102055052e-01 3.034704068597254834e-01
-2.133147019566108415e-01 3.004391853244378074e-01
-2.107289828144083554e-01 2.973915068570012199e-01
-2.081422244392756582e-01 2.943275454244309031e-01
-2.055545801643896275e-01 2.912474774503532315e-01
-2.029662014310446849e-01 2.881514816728494854e-01
-2.003772377194991683e-01 2.850397389976404572e-01
-1.977878364800683131e-01 2.819124323466081217e-01
-1.951981430644748605e-01 2.787697465016418241e-01
-1.926083006574771384e-01 2.756118679438095409e-01
-1.900184502087900740e-01 2.724389846878529919e-01
-1.874287303653180969e-01 2.692512861120097134e-01
-1.848392774037209418e-01 2.660489627831689741e-01
-1.822502251633349724e-01 2.628322062773764678e-01
-1.796617049794772547e-01 2.596012089956996061e-01
-1.770738456171605801e-01 2.563561639754829979e-01
-1.744867732052536036e-01 2.530972646970163220e-01
-1.719006111711230966e-01 2.498247048856533925e-01
-1.693154801758010863e-01 2.465386783094255518e-01
-1.667314980497285326e-01 2.432393785722014312e-01
-1.641487797291266704e-01 2.399269989024500060e-01
-1.615674371930631292e-01 2.366017319376829409e-01
-1.589875794012821641e-01 2.332637695046568260e-01
-1.564093122328802099e-01 2.299133023954268440e-01
-1.538327384259181585e-01 2.265505201393644419e-01
-1.512579575180722502e-01 2.231756107712598025e-01
-1.486850657884395410e-01 2.197887605956493351e-01
-1.461141562006246508e-01 2.163901539475246438e-01
-1.435453183472545358e-01 2.129799729496013594e-01
-1.409786383960778822e-01 2.095583972663448147e-01
-1.384141990378277010e-01 2.061256038549709735e-01
-1.358520794360451034e-01 2.026817667136746604e-01
-1.332923551790780037e-01 1.992270566273492971e-01
-1.307350982344966384e-01 1.957616409111054279e-01
-1.281803769061864995e-01 1.922856831519186016e-01
-1.256282557944056189e-01 1.887993429487686003e-01
-1.230787957591222281e-01 1.853027756516761326e-01
-1.205320538869720237e-01 1.817961321000685637e-01
-1.179880834622092367e-01 1.782795583609576573e-01
-1.154469339420523544e-01 1.747531954674445553e-01
-1.129086509368606439e-01 1.712171791581190428e-01
-1.103732761956115471e-01 1.676716396179611379e-01
-1.078408475971812108e-01 1.641167012214013732e-01
-1.053113991479692202e-01 1.605524822782508632e-01
-1.027849609864462388e-01 1.569790947832561956e-01
-1.002615593952370099e-01 1.533966441700939376e-01
-9.774121682139275125e-02 1.498052290706676226e-01
-9.522395190554439059e-02 1.462049410806281757e-01
-9.270977952066239425e-02 1.425958645320886398e-01
-9.019871082119257366e-02 1.389780762745638776e-01
-8.769075330336378871e-02 1.353516454652110013e-01
-8.518591087750726487e-02 1.317166333695030389e-01
-8.268418395325050074e-02 1.280730931735148403e-01
-8.018556953848360314e-02 1.244210698090431333e-01
-7.769006135301609328e-02 1.207605997928253572e-01
-7.519764995786737405e-02 1.170917110811562911e-01
-7.270832290114559449e-02 1.134144229412286653e-01
-7.022206488148197145e-02 1.097287458405483140e-01
-6.773885792998790567e-02 1.060346813557808132e-01
-6.525868161170067516e-02 1.023322221023953427e-01
-6.278151324746494844e-02 9.862135168645605465e-02
-6.030732815717865236e-02 9.490204467989443726e-02
-5.783609992529542554e-02 9.117426662055605480e-02
-5.536780068943153443e-02 8.743797403826747416e-02
-5.290240145287100626e-02 8.369311450810315578e-02
-5.043987242168684881e-02 7.993962673194229818e-02
-4.798018336712417398e-02 7.617744064931547543e-02
-4.552330401378340552e-02 7.240647757840851240e-02
-4.306920445404177622e-02 6.862665038796370021e-02
-4.061785558902220039e-02 6.483786370065428017e-02
-3.816922959628360479e-02 6.104001412833787166e-02
-3.572330042425403418e-02 5.723299053939481795e-02
-3.328004431326941903e-02 5.341667435815700138e-02
-3.083944034290170277e-02 4.959093989619789422e-02
-2.840147100507778299e-02 4.575565471502443526e-02
-2.596612280229632086e-02 4.191068001945347232e-02
-2.353338687004846719e-02 3.805587108070446201e-02
-2.110325962234582686e-02 3.419107768797388647e-02
-1.867574341904493229e-02 3.031614462698781209e-02
-1.625084725345821157e-02 2.643091218377444096e-02
-1.382858745852899585e-02 2.253521667163341236e-02
-1.140898842965237803e-02 1.862889097903308588e-02
-8.992083362033331806e-03 1.471176513594241175e-02
-6.577915000294198844e-03 1.078366689588086680e-02
-4.166536397878561893e-03 6.844422330789023956e-03
-1.758011683655691382e-03 2.893856435658370696e-03
6.475831670028076026e-04 -1.068206260273540931e-03
3.050159559498888395e-03 -5.041941079045209051e-03
5.449615508547389631e-03 -9.027522579557245574e-03
7.845834870936929661e-03 -1.302512394658081329e-02
1.023868658550280974e-02 -1.703491638652848694e-02
1.262802392329398504e-02 -2.105706853325828298e-02
1.501368375088940610e-02 -2.509174586707210719e-02
1.739548580976135739e-02 -2.913911014992773274e-02
1.977323201449565637e-02 -3.319931887968846640e-02
2.214670577257199513e-02 -3.727252476601650155e-02
2.451567132826976136e-02 -4.135887523025277845e-02
2.687987313311268611e-02 -4.545851193134173296e-02
2.923903524508841834e-02 -4.957157031954922966e-02
3.159286075869349730e-02 -5.369817921938652150e-02
3.394103126764663747e-02 -5.783846044280813170e-02
3.628320636190662807e-02 -6.199252843339567165e-02
3.861902316041243566e-02 -6.616048994188375443e-02
4.094809588074044271e-02 -7.034244373302078746e-02
4.327001544666064792e-02 -7.453848032341298113e-02
4.558434913435222002e-02 -7.874868174965768408e-02
4.789064025783584810e-02 -8.297312136575543673e-02
5.018840789397832625e-02 -8.721186366848379667e-02
5.247714664723712730e-02 -9.146496414914476181e-02
5.475632645414102440e-02 -9.573246916984418098e-02
5.702539242733939417e-02 -1.000144158622433832e-01
5.928376473891544540e-02 -1.043108320465349625e-01
6.153083854252500151e-02 -1.086217361682323690e-01
6.376598393381854857e-02 -1.129471372502448834e-01
6.598854594851027988e-02 -1.172870348576114663e-01
6.819784459738231774e-02 -1.216414190722078514e-01
7.039317493745250731e-02 -1.260102704747088076e-01
7.257380717849531981e-02 -1.303935601310910464e-01
7.473898682407137395e-02 -1.347912495809753808e-01
7.688793484621253560e-02 -1.392032908251763512e-01
7.901984789290261713e-02 -1.436296263098804649e-01
8.113389852750668707e-02 -1.480701889049853004e-01
8.322923549932037535e-02 -1.525249018742333151e-01
8.530498404443642713e-02 -1.569936788349105827e-01
8.736024621616433894e-02 -1.614764237050179130e-01
8.939410124427854543e-02 -1.659730306359776253e-01
9.140560592241558924e-02 -1.704833839291031161e-01
9.339379502299238744e-02 -1.750073579342252827e-01
9.535768173906855605e-02 -1.795448169290486673e-01
9.729625815262954447e-02 -1.840956149779885420e-01
9.920849572882278755e-02 -1.886595957694188752e-01
1.010933458357308190e-01 -1.932365924304463300e-01
1.029497402893200797e-01 -1.978264273185023625e-01
1.047765919232548915e-01 -2.024289117892288936e-01
1.065727951833154163e-01 -2.070438459403093345e-01
1.083372267462055505e-01 -2.116710183310655524e-01
1.100687461625762809e-01 -2.163102056778193338e-01
1.117661965241363853e-01 -2.209611725251737768e-01
1.134284051547514993e-01 -2.256236708935346336e-01
1.150541843254689889e-01 -2.302974399033467234e-01
1.166423319934319358e-01 -2.349822053766679464e-01
1.181916325646688026e-01 -2.396776794168488101e-01
1.197008576807626623e-01 -2.443835599672219971e-01
1.211687670294210317e-01 -2.490995303498376445e-01
1.225941091789727322e-01 -2.538252587854128994e-01
1.239756224368243065e-01 -2.585603978957728977e-01
1.253120357319078559e-01 -2.633045841901849871e-01
1.266020695211457769e-01 -2.680574375370896045e-01
1.278444367199463305e-01 -2.728185606228373805e-01
1.290378436567319875e-01 -2.775875383991337486e-01
1.301809910514789004e-01 -2.823639375209912039e-01
1.312725750182197615e-01 -2.871473057770580484e-01
1.323112880914361633e-01 -2.919371715142917711e-01
1.332958202762266064e-01 -2.967330430589960044e-01
1.342248601221002202e-01 -3.015344081363217077e-01
1.350970958202004635e-01 -3.063407332903869684e-01
1.359112163237108373e-01 -3.111514633072185454e-01
1.366659124911478451e-01 -3.159660206427803431e-01
1.373598782521797124e-01 -3.207838048583758206e-01
1.379918117955539758e-01 -3.256041920657619659e-01
1.385604167786482210e-01 -3.304265343843308389e-01
1.390644035580838600e-01 -3.352501594127377804e-01
1.395024904407762834e-01 -3.400743697173698732e-01
1.398734049547106784e-01 -3.448984423400569543e-01
1.401758851386525340e-01 -3.497216283274194315e-01
1.404086808499241945e-01 -3.545431522842517058e-01
1.405705550892816791e-01 -3.593622119533075310e-01
1.406602853418471022e-01 -3.641779778238489196e-01
1.406766649329551089e-01 -3.689895927712750212e-01
1.406185043976822535e-01 -3.737961717301140907e-01
1.404846328627319951e-01 -3.785968014026134254e-01
1.402738994392565552e-01 -3.833905400051077494e-01
1.399851746251021822e-01 -3.881764170542838510e-01
1.396173517148669996e-01 -3.929534331953802306e-01
1.391693482160715756e-01 -3.977205600742950709e-01
1.386401072696464287e-01 -4.024767402554693119e-01
1.380285990728536971e-01 -4.072208871873320701e-01
1.373338223026702720e-01 -4.119518852169797851e-01
1.365548055375775949e-01 -4.166685896556539537e-01
1.356906086756178020e-01 -4.213698268964600202e-01
1.347403243465062073e-01 -4.260543945856432591e-01
1.337030793155100650e-01 -4.307210618486003728e-01
1.325780358767471023e-01 -4.353685695716686954e-01
1.313643932334856990e-01 -4.399956307405828992e-01
1.300613888629874593e-01 -4.446009308363333412e-01
1.286682998633748298e-01 -4.491831282890048627e-01
1.271844442799789365e-01 -4.537408549900072696e-01
1.256091824085837361e-01 -4.582727168629369130e-01
1.239419180729678382e-01 -4.627772944931378696e-01
1.221820998741306452e-01 -4.672531438158540884e-01
1.203292224085866780e-01 -4.716987968626829009e-01
1.183828274531223412e-01 -4.761127625658572171e-01
1.163425051134266142e-01 -4.804935276197062066e-01
1.142078949340356586e-01 -4.848395573984565221e-01
1.119786869670715557e-01 -4.891492969293518289e-01
1.096546227973089760e-01 -4.934211719198957069e-01
1.072354965211606836e-01 -4.976535898378344758e-01
1.047211556772530139e-01 -5.018449410423267976e-01
1.021115021263396538e-01 -5.059935999645703841e-01
9.940649287840458426e-02 -5.100979263359977089e-01
9.660614086490412755e-02 -5.141562664619780954e-01
9.371051565422186536e-02 -5.181669545388222220e-01
9.071974410853150816e-02 -5.221283140117315424e-01
8.763401098040213277e-02 -5.260386589711979477e-01
8.445355944762467093e-02 -5.298962955852285495e-01
8.117869158489249282e-02 -5.336995235646552205e-01
7.780976877113360279e-02 -5.374466376586739536e-01
7.434721203145616686e-02 -5.411359291776688396e-01
7.079150231285163963e-02 -5.447656875402833165e-01
6.714318069297453562e-02 -5.483342018416362817e-01
6.340284852150673833e-02 -5.518397624395113832e-01
5.957116749380736431e-02 -5.552806625553123876e-01
5.564885965673355139e-02 -5.586551998865376678e-01
5.163670734672037854e-02 -5.619616782275094202e-01
4.753555306039813910e-02 -5.651984090950930018e-01
4.334629925821992247e-02 -5.683637133561476595e-01
3.906990810176802498e-02 -5.714559228534750179e-01
3.470740112559689283e-02 -5.744733820270726543e-01
3.025985884465748343e-02 -5.774144495275490563e-01
2.572842029853183998e-02 -5.802774998186251976e-01
2.111428253387942489e-02 -5.830609247657243532e-01
1.641870002667372708e-02 -5.857631352077479203e-01
1.164298404596408876e-02 -5.883825625092364842e-01
6.788501961055792844e-03 -5.909176600902312781e-01
1.856676494143782996e-03 -5.933669049312826349e-01
-3.151015079428554078e-03 -5.957287990511830333e-01
-8.233041780993599623e-03 -5.980018709551560008e-01
-1.338781982605541376e-02 -6.001846770513827867e-01
-1.861371356695751267e-02 -6.022758030339143698e-01
-2.390903647812653299e-02 -6.042738652301840041e-01
-2.927205218122425068e-02 -6.061775119115135890e-01
-3.470097550748668658e-02 -6.079854245651825639e-01
-4.019397359447210438e-02 -6.096963191268200966e-01
-4.574916701441583688e-02 -6.113089471720524193e-01
-5.136463093136953151e-02 -6.128220970665427814e-01
-5.703839628429607789e-02 -6.142345950737317928e-01
-6.276845099330558009e-02 -6.155453064197838886e-01
-6.855274118623846946e-02 -6.167531363154246105e-01
-7.438917244284068420e-02 -6.178570309345372547e-01
-8.027561105382699513e-02 -6.188559783495646283e-01
-8.620988529219547614e-02 -6.197490094239340719e-01
-9.218978669422361882e-02 -6.205351986618914406e-01
-9.821307134767662261e-02 -6.212136650162904949e-01
-1.042774611848519273e-01 -6.217835726550328124e-01
-1.103806452781903868e-01 -6.222441316870059858e-01
-1.165202811363180713e-01 -6.225945988484917759e-01
-1.226939959984966189e-01 -6.228342781511511106e-01
-1.288993881256116358e-01 -6.229625214928025123e-01
-1.351340280859668619e-01 -6.229787292323147874e-01
-1.413954600343069190e-01 -6.228823507300303985e-01
-1.476812029826531925e-01 -6.226728848552127715e-01
-1.539887520616957106e-01 -6.223498804620823943e-01
-1.603155797716565856e-01 -6.219129368360631904e-01
-1.666591372217131606e-01 -6.213617041118995044e-01
-1.730168553572357104e-01 -6.206958836653417855e-01
-1.793861461742825014e-01 -6.199152284801107138e-01
-1.857644039209573605e-01 -6.190195434918579487e-01
-1.921490062854213643e-01 -6.180086859108314679e-01
-1.985373155705237869e-01 -6.168825655249341455e-01
-2.049266798551824253e-01 -6.156411449848300244e-01
-2.113144341428264683e-01 -6.142844400727037746e-01
-2.176979014973725035e-01 -6.128125199562236558e-01
-2.240743941673682404e-01 -6.112255074291859103e-01
-2.304412146990993393e-01 -6.095235791402344727e-01
-2.367956570396041460e-01 -6.077069658109565120e-01
-2.431350076306831032e-01 -6.057759524445484045e-01
-2.494565464951319922e-01 -6.037308785261306099e-01
-2.557575483165548946e-01 -6.015721382156649089e-01
-2.620352835142310544e-01 -5.993001805342843546e-01
-2.682870193146282833e-01 -5.969155095447112869e-01
-2.745100208212482018e-01 -5.944186845262715568e-01
-2.807015520845840273e-01 -5.918103201448627892e-01
-2.868588771740541166e-01 -5.890910866180500971e-01
-2.929792612538340002e-01 -5.862617098752985756e-01
-2.990599716645715445e-01 -5.833229717131585002e-01
-3.050982790130130629e-01 -5.802757099450309708e-01
-3.110914582715912369e-01 -5.771208185449516748e-01
-3.170367898900480208e-01 -5.738592477846262696e-01
-3.229315609211633742e-01 -5.704920043627501602e-01
-3.287730661626465656e-01 -5.670201515254422731e-01
-3.345586093172215336e-01 -5.634448091764177047e-01
-3.402855041728894414e-01 -5.597671539753084069e-01
-3.459510758052955492e-01 -5.559884194223481124e-01
-3.515526618040488716e-01 -5.521098959274204354e-01
-3.570876135247514904e-01 -5.481329308612737927e-01
-3.625532973683868176e-01 -5.440589285865033986e-01
-3.679470960895883658e-01 -5.398893504657108489e-01
-3.732664101351699237e-01 -5.356257148440585203e-01
-3.785086590141383267e-01 -5.312695970032574877e-01
-3.836712827002368709e-01 -5.268226290838577963e-01
-3.887517430678708030e-01 -5.222864999725395085e-01
-3.937475253620624782e-01 -5.176629551509648319e-01
-3.986561397028581810e-01 -5.129537965025972035e-01
-4.034751226243690203e-01 -5.081608820737830712e-01
-4.082020386483743990e-01 -5.032861257852758730e-01
-4.128344818921499959e-01 -4.983314970902915086e-01
-4.173700777098994230e-01 -4.932990205751122681e-01
-4.218064843668744568e-01 -4.881907754982055536e-01
-4.261413947449677608e-01 -4.830088952637851540e-01
-4.303725380782452148e-01 -4.777555668257410515e-01
-4.344976817165618899e-01 -4.724330300178770092e-01
-4.385146329150785283e-01 -4.670435768064316595e-01
-4.424212406471593750e-01 -4.615895504609308642e-01
-4.462153974377954246e-01 -4.560733446395109358e-01
-4.498950412143561950e-01 -4.504974023849736553e-01
-4.534581571711378545e-01 -4.448642150279898955e-01
-4.569027796438394629e-01 -4.391763209940443557e-01
-4.602269939897669082e-01 -4.334363045109350665e-01
-4.634289384692487079e-01 -4.276467942138713618e-01
-4.665068061234303176e-01 -4.218104616455007339e-01
-4.694588466433203822e-01 -4.159300196484866374e-01
-4.722833682246809217e-01 -4.100082206486012626e-01
-4.749787394030855481e-01 -4.040478548266577263e-01
-4.775433908632339963e-01 -3.980517481779958233e-01
-4.799758172163908210e-01 -3.920227604586580816e-01
-4.822745787396265360e-01 -3.859637830178347939e-01
-4.844383030703767190e-01 -3.798777365166288167e-01
-4.864656868497069242e-01 -3.737675685336801501e-01
-4.883554973075787120e-01 -3.676362510587037891e-01
-4.901065737833471547e-01 -3.614867778755219696e-01
-4.917178291747092977e-01 -3.553221618367166101e-01
-4.931882513083387654e-01 -3.491454320325831917e-01
-4.945169042255048719e-01 -3.429596308576340902e-01
-4.957029293760840116e-01 -3.367678109784626450e-01
-4.967455467145222014e-01 -3.305730322073570093e-01
-4.976440556914968893e-01 -3.243783582866167636e-01
-4.983978361352801589e-01 -3.181868535890908789e-01
-4.990063490170789096e-01 -3.120015797410053970e-01
-4.994691370949671527e-01 -3.058255921736897087e-01
-4.997858254313997661e-01 -2.996619366113279503e-01
-4.999561217797153789e-01 -2.935136455023645286e-01
-4.999798168354930850e-01 -2.873837344026601848e-01
-4.998567843491301677e-01 -2.812751983189399896e-01
-4.995869810965406499e-01 -2.751910080214818866e-01
-4.991704467054480232e-01 -2.691341063353690499e-01
-4.986073033353349837e-01 -2.631074044199550044e-01
-4.978977552097558212e-01 -2.571137780464878286e-01
-4.970420880003514341e-01 -2.511560638840704129e-01
-4.960406680625854547e-01 -2.452370558043410198e-01
-4.948939415238999273e-01 -2.393595012153920953e-01
-4.936024332256864766e-01 -2.335260974355441443e-01
-4.921667455211609643e-01 -2.277394881176290076e-01
-4.905875569319342322e-01 -2.220022597344250004e-01
-4.888656206667651993e-01 -2.163169381358166221e-01
-4.870017630066623138e-01 -2.106859851881354440e-01
-4.849968815611750417e-01 -2.051117955059617581e-01
-4.828519434013585077e-01 -1.995966932864435828e-01
-4.805679830755288373e-01 -1.941429292559158359e-01
-4.781461005145113963e-01 -1.887526777382772802e-01
-4.755874588336508890e-01 -1.834280338542204625e-01
-4.728932820393740855e-01 -1.781710108599885434e-01
-4.700648526485748380e-01 -1.729835376338979269e-01
-4.671035092295257041e-01 -1.678674563183606694e-01
-4.640106438734074579e-01 -1.628245201246383556e-01
-4.607876996058780095e-01 -1.578563913070012981e-01
-4.574361677483834154e-01 -1.529646393123958448e-01
-4.539575852391360966e-01 -1.481507391111377692e-01
-4.503535319238483603e-01 -1.434160697135308249e-01
-4.466256278264165158e-01 -1.387619128766995891e-01
-4.427755304097965583e-01 -1.341894520052930861e-01
-4.388049318372975738e-01 -1.296997712490935428e-01
-4.347155562444485755e-01 -1.252938547999269403e-01
-4.305091570314601990e-01 -1.209725863896606302e-01
-4.261875141861182215e-01 -1.167367489904546640e-01
-4.217524316466971235e-01 -1.125870247178338279e-01
-4.172057347141860384e-01 -1.085239949365668366e-01
-4.125492675227760420e-01 -1.045481405687745946e-01
-4.077848905771516708e-01 -1.006598426031454774e-01
-4.029144783646947392e-01 -9.685938280362249575e-02
-3.979399170502251337e-01 -9.314694461543271409e-02
-3.928631022603781831e-01 -8.952261426586960447e-02
-3.876859369641630360e-01 -8.598638205680708690e-02
-3.824103294556654431e-01 -8.253814384551633188e-02
-3.770381914442400562e-01 -7.917770270999185955e-02
-3.715714362569089713e-01 -7.590477079464680310e-02
-3.660119771570267133e-01 -7.271897133192972706e-02
-3.603617257826117193e-01 -6.961984083513567123e-02
-3.546225907070694183e-01 -6.660683145743012679e-02
-3.487964761243531608e-01 -6.367931351188405031e-02
-3.428852806599301806e-01 -6.083657814712045697e-02
-3.368908963082454799e-01 -5.807784017299699730e-02
-3.308152074967101175e-01 -5.540224103060320537e-02
-3.246600902755777396e-01 -5.280885190071649138e-02
-3.184274116324385950e-01 -5.029667694474920792e-02
-3.121190289294295539e-01 -4.786465667212003172e-02
-3.057367894606602410e-01 -4.551167142789835918e-02
-2.992825301267693083e-01 -4.323654499449025579e-02
-2.927580772229766981e-01 -4.103804830106655421e-02
-2.861652463364665611e-01 -3.891490323436458398e-02
-2.795058423484441112e-01 -3.686578654442690395e-02
-2.727816595357349660e-01 -3.488933383877296235e-02
-2.659944817663725258e-01 -3.298414365841945139e-02
-2.591460827832023917e-01 -3.114878162908435444e-02
-2.522382265691762715e-01 -2.938178468080893113e-02
-2.452726677876533312e-01 -2.768166532912197386e-02
-2.382511522907302948e-01 -2.604691601073977347e-02
-2.311754176883297207e-01 -2.447601346664518562e-02
-2.240471939705295790e-01 -2.296742316521321881e-02
-2.168682041753828837e-01 -2.151960375785200164e-02
-2.096401650942743833e-01 -2.013101155939606146e-02
-2.023647880066749005e-01 -1.880010504522949821e-02
-1.950437794359858035e-01 -1.752534935682248385e-02
-1.876788419180263345e-01 -1.630522080703433740e-02
-1.802716747735775837e-01 -1.513821137617282764e-02
-1.728239748762966377e-01 -1.402283318939751000e-02
-1.653374374072211495e-01 -1.295762296561620008e-02
-1.578137565870258441e-01 -1.194114642755206290e-02
-1.502546263771686319e-01 -1.097200266215569986e-02
-1.426617411410832648e-01 -1.004882842000420773e-02
-1.350367962566584590e-01 -9.170302341778568955e-03
-1.273814886714037531e-01 -8.335149099346683688e-03
-1.196975173919593294e-01 -7.542143438419246504e-03
-1.119865838999927893e-01 -6.790114109193501335e-03
-1.042503924870574750e-01 -6.077947670888206311e-03
-9.649065050169651492e-02 -5.404592155604903692e-03
-8.870906850298354573e-02 -4.769060576565897769e-03
-8.090736031582379528e-02 -4.170434265490630121e-03
-7.308724298470425929e-02 -3.607866023712325010e-03
-6.525043662418271440e-02 -3.080583071633224979e-03
-5.739866416623501388e-02 -2.587889781294649971e-03
-4.953365100661449860e-02 -2.129170177220418569e-03
-4.165712455456024171e-02 -1.703890191301959955e-03
-3.377081369248457338e-02 -1.311599658341378039e-03
-2.587644815456875691e-02 -9.519340399641307293e-04
-1.797575783543269023e-02 -6.246158659488076914e-04
-1.007047204210461018e-02 -3.294558835899574767e-04
-2.162318704316903289e-03 -6.635390748527258964e-05
5.746976440419868104e-03 1.647006359137281883e-04
1.365569066951738061e-02 3.636284725638261328e-04
2.156210508784700206e-02 5.302605553165196106e-04
2.946450541221229749e-02 6.643384478401959115e-04
3.736118271042166566e-02 7.655150150152056909e-04
4.525043407869507039e-02 8.333554147369470755e-04
5.313056324265048175e-02 8.673383840899773212e-04
6.099988106899556506e-02 8.668578110484492782e-04
6.885670597719881214e-02 8.312245812507890186e-04
7.669936424274317877e-02 7.596686880206315884e-04
8.452619018594542677e-02 6.513415926643340015e-04
9.233552624270127684e-02 5.053188211823766984e-04
1.001257229157732076e-01 3.206027828783208911e-04
1.078951386073338792e-01 9.612579592072068024e-05
1.156421393353514182e-01 -1.692466953011062536e-04
1.233650983380443766e-01 -4.767127262196302340e-04
1.310623955720158218e-01 -8.275302565918796205e-04
1.387324171108099691e-01 -1.223013468258871139e-03
1.463735544515364917e-01 -1.664528930590658540e-03
1.539842037378985062e-01 -2.153491647589156344e-03
1.615627649084636075e-01 -2.691361000111025525e-03
1.691076407793680736e-01 -3.279636596124513304e-03
1.766172360708677114e-01 -3.919854041342096806e-03
1.840899563872721023e-01 -4.613580641999071030e-03
1.915242071598417806e-01 -5.362411050980953053e-03
1.989183925622187432e-01 -6.167962867953846740e-03
2.062709144079051260e-01 -7.031872203628886098e-03
2.135801710392190578e-01 -7.955789217798325819e-03
2.208445562170515408e-01 -8.941373640323380112e-03
2.280624580206305485e-01 -9.990290283830083329e-03
2.352322577663499004e-01 -1.110420455648769567e-02
2.423523289545879145e-01 -1.228477798289689948e-02
2.494210362532616188e-01 -1.353366374080744450e-02
2.564367345267020704e-01 -1.485250222111239582e-02
2.633977679182295528e-01 -1.624291661832982792e-02
2.703024689945972558e-01 -1.770650855857869299e-02
2.771491579602415878e-01 -1.924485377188012158e-02
2.839361419490045724e-01 -2.085949781547458137e-02
2.906617144007151987e-01 -2.255195185472097519e-02
2.973241545296902988e-01 -2.432368850804922378e-02
3.039217268918724124e-01 -2.617613776236338285e-02
3.104526810569323003e-01 -2.811068296522639676e-02
3.169152513912560365e-01 -3.012865690011912179e-02
3.233076569572846948e-01 -3.223133795102622878e-02
3.296281015341936405e-01 -3.441994636257428297e-02
3.358747737643879572e-01 -3.669564060192748167e-02
3.420458474297428664e-01 -3.905951382861988508e-02
3.481394818609494513e-01 -4.151259047848143702e-02
3.541538224827197046e-01 -4.405582296778415285e-02
3.600870014969883570e-01 -4.669008852369344043e-02
3.659371387055908587e-01 -4.941618614706383417e-02
3.717023424732388004e-01 -5.223483371354636917e-02
3.773807108309283898e-01 -5.514666521889488582e-02
3.829703327192203188e-01 -5.815222817425153012e-02
3.884692893701294780e-01 -6.125198115706420587e-02
3.938756558256530926e-01 -6.444629152313252618e-02
3.991875025902552609e-01 -6.773543328510023276e-02
4.044028974139218802e-01 -7.111958516249528017e-02
4.095199072017036146e-01 -7.459882880817675366e-02
4.145366000449774435e-01 -7.817314721577300896e-02
4.194510473689864183e-01 -8.184242331238245072e-02
4.242613261905778255e-01 -8.560643874046514057e-02
4.289655214794284022e-01 -8.946487283247561706e-02
4.335617286154629380e-01 -9.341730178137386265e-02
4.380480559346037195e-01 -9.746319800970654201e-02
4.424226273544812904e-01 -1.016019297394728516e-01
4.466835850712468359e-01 -1.058327607644811708e-01
4.508290923182046717e-01 -1.101548504263644146e-01
4.548573361765900769e-01 -1.145672537948641545e-01
4.587665304284954670e-01 -1.190689220524004388e-01
4.625549184416645199e-01 -1.236587030823434741e-01
4.662207760756541530e-01 -1.283353422597776905e-01
4.697624145987074895e-01 -1.330974834429127784e-01
4.731781836045752532e-01 -1.379436701626493011e-01
4.764664739184863995e-01 -1.428723470071588120e-01
4.796257204814858288e-01 -1.478818611976871200e-01
4.826544052024520082e-01 -1.529704643511391737e-01
4.855510597672387796e-01 -1.581363144243722596e-01
4.883142683946037343e-01 -1.633774778344933565e-01
4.909426705288466586e-01 -1.686919317488561609e-01
4.934349634594002998e-01 -1.740775665378641035e-01
4.957899048580037271e-01 -1.795321883831325072e-01
4.980063152245072233e-01 -1.850535220330364050e-01
5.000830802328473101e-01 -1.906392136971812312e-01
5.020191529692448196e-01 -1.962868340708812109e-01
5.038135560552536862e-01 -2.019938814803242944e-01
5.054653836488844920e-01 -2.077577851387396590e-01
5.069738033176650616e-01 -2.135759085035674465e-01
5.083380577781638765e-01 -2.194455527243710513e-01
5.095574664971819212e-01 -2.253639601710194229e-01
5.106314271505320024e-01 -2.313283180315103271e-01
5.115594169360258014e-01 -2.373357619687062048e-01
5.123409937380245527e-01 -2.433833798252053315e-01
5.129757971416204487e-01 -2.494682153655827517e-01
5.134635492952487335e-01 -2.555872720452987967e-01
5.138040556212286614e-01 -2.617375167956911275e-01
5.139972053744399361e-01 -2.679158838146374899e-01
5.140429720500164779e-01 -2.741192783526972265e-01
5.139414136415989542e-01 -2.803445804848093692e-01
5.136926727523151159e-01 -2.865886488579416636e-01
5.132969765612627189e-01 -2.928483244054413959e-01
5.127546366488313634e-01 -2.991204340192392674e-01
5.120660486847317117e-01 -3.054017941714893269e-01
5.112316919830915962e-01 -3.116892144776953755e-01
5.102521289294239537e-01 -3.179795011938691407e-01
5.091280042846798581e-01 -3.242694606407837687e-01
5.078600443719549773e-01 -3.305559025489274161e-01
5.064490561517357436e-01 -3.368356433183141707e-01
5.048959261918345431e-01 -3.431055091878800756e-01
5.032016195383883783e-01 -3.493623393097655683e-01
5.013671784944603305e-01 -3.556029887243646881e-01
4.993937213129224784e-01 -3.618243312326007710e-01
4.972824408103671545e-01 -3.680232621624634493e-01
4.950346029088463773e-01 -3.741967010274085403e-01
4.926515451122236433e-01 -3.803415940747785218e-01
4.901346749238859046e-01 -3.864549167229455184e-01
4.874854682124750704e-01 -3.925336758864009790e-01
4.847054675321853523e-01 -3.985749121885246438e-01
4.817962804040155089e-01 -4.045757020622470779e-01
4.787595775641809714e-01 -4.105331597392789522e-01
4.755970911856867156e-01 -4.164444391290142988e-01
4.723106130788099488e-01 -4.223067355886190866e-01
4.689019928759941558e-01 -4.281172875861942173e-01
4.653731362063677213e-01 -4.338733782592454902e-01
4.617260028648032533e-01 -4.395723368710123813e-01
4.579626049801219234e-01 -4.452115401674877626e-01
4.540850051867247883e-01 -4.507884136382170892e-01
4.500953148035933271e-01 -4.563004326841834102e-01
4.459956920242705292e-01 -4.617451236962781258e-01
4.417883401210825900e-01 -4.671200650480122341e-01
4.374755056665188269e-01 -4.724228880062565916e-01
4.330594767743467521e-01 -4.776512775638939723e-01
4.285425813626877467e-01 -4.828029731983394246e-01
4.239271854409543128e-01 -4.878757695599277855e-01
4.192156914222104902e-01 -4.928675170941815287e-01
4.144105364621956666e-01 -4.977761226019677410e-01
4.095141908259481989e-01 -5.025995497415137736e-01
4.045291562826522358e-01 -5.073358194762027651e-01
3.994579645290535774e-01 -5.119830104719877983e-01
3.943031756415073530e-01 -5.165392594481708066e-01
3.890673765564670594e-01 -5.210027614851765465e-01
3.837531795789729250e-01 -5.253717702928223376e-01
3.783632209184745188e-01 -5.296445984424348330e-01
3.729001592511065333e-01 -5.338196175660098186e-01
3.673666743073415453e-01 -5.378952585254345165e-01
3.617654654837675343e-01 -5.418700115546130069e-01
3.560992504775802869e-01 -5.457424263771388784e-01
3.503707639422288245e-01 -5.495111123019646993e-01
3.445827561625423030e-01 -5.531747382993055240e-01
3.387379917475470403e-01 -5.567320330588082511e-01
3.328392483391036105e-01 -5.601817850317954983e-01
3.268893153344174518e-01 -5.635228424591823826e-01
3.208909926204273066e-01 -5.667541133864402170e-01
3.148470893180369545e-01 -5.698745656667607573e-01
3.087604225341401554e-01 -5.728832269533584709e-01
3.026338161193835585e-01 -5.757791846816301407e-01
2.964700994296289860e-01 -5.785615860416744027e-01
2.902721060891053639e-01 -5.812296379414680914e-01
2.840426727532867068e-01 -5.837826069607867652e-01
2.777846378695906226e-01 -5.862198192957606135e-01
2.715008404340695236e-01 -5.885406606937618745e-01
2.651941187423526025e-01 -5.907445763781358217e-01
2.588673091331984422e-01 -5.928310709621112951e-01
2.525232447231301469e-01 -5.947997083510578875e-01
2.461647541307539766e-01 -5.966501116321004661e-01
2.397946601894952456e-01 -5.983819629499528281e-01
2.334157786476317442e-01 -5.999950033676993977e-01
2.270309168546626177e-01 -6.014890327111270807e-01
2.206428724332148428e-01 -6.028639093950988181e-01
2.142544319358591909e-01 -6.041195502303631226e-01
2.078683694863904252e-01 -6.052559302091061744e-01
2.014874454053069974e-01 -6.062730822674848863e-01
1.951144048194194680e-01 -6.071710970233183957e-01
1.887519762557064995e-01 -6.079501224870778042e-01
1.824028702197393326e-01 -6.086103637442812353e-01
1.760697777591865576e-01 -6.091520826073930639e-01
1.697553690131207715e-01 -6.095755972353262830e-01
1.634622917480356707e-01 -6.098812817186649582e-01
1.571931698816913525e-01 -6.100695656287569157e-01
1.509506019960940026e-01 -6.101409335288749958e-01
1.447371598411103522e-01 -6.100959244457109243e-01
1.385553868304037484e-01 -6.099351312995353602e-01
1.324077965315623995e-01 -6.096592002914628106e-01
1.262968711524605214e-01 -6.092688302463518113e-01
1.202250600260670876e-01 -6.087647719100059973e-01
1.141947780960652636e-01 -6.081478271994584794e-01
1.082084044058030936e-01 -6.074188484052814863e-01
1.022682805932257355e-01 -6.065787373450094444e-01
9.637670939457021468e-02 -6.056284444669375322e-01
9.053595315971196822e-02 -6.045689679037313802e-01
8.474823238215381527e-02 -6.034013524754712199e-01
7.901572424673466988e-02 -6.021266886419504027e-01
7.334056119820064890e-02 -6.007461114042433881e-01
6.772482953384245663e-02 -5.992607991557719060e-01
6.217056802343595701e-02 -5.976719724833046143e-01
5.667976655974943379e-02 -5.959808929185403947e-01
5.125436484288822814e-02 -5.941888616411462598e-01
4.589625110173345401e-02 -5.922972181343328923e-01
4.060726085570640076e-02 -5.903073387942683325e-01
3.538917572004979251e-02 -5.882206354948497085e-01
3.024372225775040501e-02 -5.860385541095582962e-01
2.517257088115881780e-02 -5.837625729923339168e-01
2.017733480626249243e-02 -5.813942014196044061e-01
1.525956906246678235e-02 -5.789349779958009590e-01
1.042076956061155357e-02 -5.763864690248743372e-01
5.662372221818257056e-03 -5.737502668505050085e-01
9.857521696075566275e-04 -5.710279881678639313e-01
-3.607777012429314034e-03 -5.682212723099381302e-01
-8.116963955301703670e-03 -5.653317795115719857e-01
-1.254062010971124241e-02 -5.623611891545098329e-01
-1.687762027983719104e-02 -5.593111979968323766e-01
-2.112690308429104880e-02 -5.561835183902839042e-01
-2.528747134292791410e-02 -5.529798764890681007e-01
-2.935839238841392307e-02 -5.497020104537593266e-01
-3.333879830167324476e-02 -5.463516686540266232e-01
-3.722788607056065624e-02 -5.429306078739015717e-01
-4.102491767133215061e-02 -5.394405915233421167e-01
-4.472922007271135092e-02 -5.358833878598410205e-01
-4.834018516258081766e-02 -5.322607682238144067e-01
-5.185726959754388687e-02 -5.285745052914758713e-01
-5.527999457583521181e-02 -5.248263713488449111e-01
-5.860794553426446063e-02 -5.210181365904845707e-01
-6.184077177010188775e-02 -5.171515674464730594e-01
-6.497818598901050624e-02 -5.132284249410248300e-01
-6.801996378033658974e-02 -5.092504630860649195e-01
-7.096594302125364129e-02 -5.052194273129403390e-01
-7.381602321144448142e-02 -5.011370529453093026e-01
-7.657016474017147578e-02 -4.970050637161097518e-01
-7.922838808774601560e-02 -4.928251703313462628e-01
-8.179077296356529470e-02 -4.885990690832618943e-01
-8.425745738301071430e-02 -4.843284405152930572e-01
-8.662863668563935970e-02 -4.800149481410093122e-01
-8.890456249720479764e-02 -4.756602372190537609e-01
-9.108554163814835958e-02 -4.712659335858997434e-01
-9.317193498128650830e-02 -4.668336425480357210e-01
-9.516415626149704599e-02 -4.623649478349809439e-01
-9.706267084026487524e-02 -4.578614106143293339e-01
-9.886799442799842907e-02 -4.533245685698034100e-01
-1.005806917670630796e-01 -4.487559350430896377e-01
-1.022013752784998730e-01 -4.441569982400137562e-01
-1.037307036754096523e-01 -4.395292205014071918e-01
-1.051693805459808506e-01 -4.348740376388047779e-01
-1.065181529091290824e-01 -4.301928583349073909e-01
-1.077778097456896789e-01 -4.254870636085479330e-01
-1.089491805080745057e-01 -4.207580063436984763e-01
-1.100331336112611025e-01 -4.160070108818635370e-01
-1.110305749079263382e-01 -4.112353726770281992e-01
-1.119424461504824886e-01 -4.064443580121386845e-01
-1.127697234427000317e-01 -4.016352037759379212e-01
-1.135134156835299613e-01 -3.968091172988009174e-01
-1.141745630056554273e-01 -3.919672762460678084e-01
-1.147542352112162489e-01 -3.871108285672286708e-01
-1.152535302070587520e-01 -3.822408924991666512e-01
-1.156735724417660705e-01 -3.773585566215483245e-01
-1.160155113466276866e-01 -3.724648799623229700e-01
-1.162805197826018433e-01 -3.675608921511902549e-01
-1.164697924952237118e-01 -3.626475936187884552e-01
-1.165845445793052271e-01 -3.577259558392706373e-01
-1.166260099551675866e-01 -3.527969216138540642e-01
-1.165954398580403839e-01 -3.478614053928536509e-01
-1.164941013421576521e-01 -3.429202936336563923e-01
-1.163232758009739576e-01 -3.379744451920363435e-01
-1.160842575048233738e-01 -3.330246917441656573e-01
-1.157783521572408603e-01 -3.280718382366537567e-01
-1.154068754710690370e-01 -3.231166633619123041e-01
-1.149711517653754789e-01 -3.181599200561378016e-01
-1.144725125841142277e-01 -3.132023360171901638e-01
-1.139122953373764568e-01 -3.082446142396583211e-01
-1.132918419659900144e-01 -3.032874335644094588e-01
-1.126124976301453029e-01 -2.983314492399374296e-01
-1.118756094226496800e-01 -2.933772934928635112e-01
-1.110825251073410125e-01 -2.884255761049702715e-01
-1.102345918831216243e-01 -2.834768849942019830e-01
-1.093331551740143182e-01 -2.785317867971114913e-01
-1.083795574455834188e-01 -2.735908274503036086e-01
-1.073751370480118816e-01 -2.686545327684832785e-01
-1.063212270860803832e-01 -2.637234090168052991e-01
-1.052191543162515064e-01 -2.587979434752962216e-01
-1.040702380710275543e-01 -2.538786049932202915e-01
-1.028757892107216021e-01 -2.489658445313568114e-01
-1.016371091027521989e-01 -2.440600956902640450e-01
-1.003554886285615289e-01 -2.391617752227226945e-01
-9.903220721823396966e-02 -2.342712835286771822e-01
-9.766853191289193159e-02 -2.293890051311178735e-01
-9.626571645494041984e-02 -2.245153091314942007e-01
-9.482500040623353943e-02 -2.196505496433922011e-01
-9.334760829424981754e-02 -2.147950662033651648e-01
-9.183474878637171157e-02 -2.099491841579723961e-01
-9.028761389238904034e-02 -2.051132150262470477e-01
-8.870737819536583801e-02 -2.002874568369981123e-01
-8.709519811104321496e-02 -1.954721944405331535e-01
-8.545221117598239546e-02 -1.906676997945861152e-01
-8.377953536469157081e-02 -1.858742322244325007e-01
-8.207826843601911948e-02 -1.810920386573752761e-01
-8.034948730914670545e-02 -1.763213538320099472e-01
-7.859424746955856467e-02 -1.715624004828775195e-01
-7.681358240541702465e-02 -1.668153895013465560e-01
-7.500850307482709312e-02 -1.620805200737828744e-01
-7.317999740452330037e-02 -1.573579797982831152e-01
-7.132902982056954500e-02 -1.526479447814853563e-01
-6.945654081170965499e-02 -1.479505797171698778e-01
-6.756344652606099954e-02 -1.432660379485952151e-01
-6.565063840188722910e-02 -1.385944615167140348e-01
-6.371898283322802170e-02 -1.339359811966024938e-01
-6.176932087120134973e-02 -1.292907165246438561e-01
-5.980246796181903912e-02 -1.246587758191458339e-01
-5.781921372117698743e-02 -1.200402561972495619e-01
-5.582032174888873488e-02 -1.154352435910903363e-01
-5.380652948062769614e-02 -1.108438127662954437e-01
-5.177854808062276604e-02 -1.062660273459564986e-01
-4.973706237492325766e-02 -1.017019398432731370e-01
-4.768273082619284287e-02 -9.715159170606016414e-02
-4.561618555073226888e-02 -9.261501337628860742e-02
-4.353803237833803186e-02 -8.809222436775951404e-02
-4.144885095550110421e-02 -8.358323336489598132e-02
-3.934919489232691081e-02 -7.908803834549663070e-02
-3.723959195341197681e-02 -7.460662673009649248e-02
-3.512054429274746870e-02 -7.013897556034290326e-02
-3.299252873254338025e-02 -6.568505170852634301e-02
-3.085599708566488797e-02 -6.124481212009191822e-02
-2.871137652116328987e-02 -5.681820409060636679e-02
-2.655906997215445875e-02 -5.240516557827901156e-02
-2.439945658507119974e-02 -4.800562555273898968e-02
-2.223289220906299324e-02 -4.361950438032791144e-02
-2.005970992408223630e-02 -3.924671424574796563e-02
-1.788022060594651741e-02 -3.488715960944621663e-02
-1.569471352643042605e-02 -3.054073769967655116e-02
-1.350345698620447621e-02 -2.620733903773439510e-02
-1.130669897822716985e-02 -2.188684799444309825e-02
-9.104667878989836094e-03 -1.757914337556309992e-02
-6.897573164831416470e-03 -1.328409903342117615e-02
-4.685606150389487468e-03 -9.001584501729165133e-03
-2.468940746111203399e-03 -4.731465650249261357e-03
-2.477342316555275481e-04 -4.736053557288233407e-04
1.977871958059318480e-03 3.772135814680221966e-03
4.207751437450446552e-03 8.005898911452230537e-03
6.441792068793472659e-03 1.222782590618357035e-02
8.679895157946870832e-03 1.643805899462361109e-02
1.092197465048128091e-02 2.063673990327730134e-02
1.316795633134026922e-02 2.482400920356214735e-02
1.541777703103375252e-02 2.900000563737156756e-02
1.767138384122851624e-02 3.316486545774491312e-02
1.992873334243361327e-02 3.731872178812964402e-02
2.218979084628924792e-02 4.146170400348916929e-02
2.445452965476790919e-02 4.559393713623235977e-02
2.672293033837846998e-02 4.971554130964894735e-02
2.899498003524131340e-02 5.382663120122574418e-02
3.127067177266557030e-02 5.792731553788180165e-02
3.355000381263106846e-02 6.201769662484293844e-02
3.583297902233956167e-02 6.609786990952851160e-02
3.811960427077215607e-02 7.016792358150486519e-02
4.040988985196747318e-02 7.422793820923540009e-02
4.270384893551870675e-02 7.827798641404629110e-02
4.500149704458461519e-02 8.231813258143982903e-02
4.730285156152286286e-02 8.634843260961344580e-02
4.960793126107160278e-02 9.036893369478860016e-02
5.191675587084931820e-02 9.437967415272749405e-02
5.422934565879300450e-02 9.838068327560775539e-02
5.654572104702837443e-02 1.023719812232488924e-01
5.886590225154941791e-02 1.063535789475229532e-01
6.118990894698939087e-02 1.103254781486548708e-01
6.351775995567915389e-02 1.142876712620048141e-01
6.584947296012655382e-02 1.182401414738420142e-01
6.818506423798903482e-02 1.221828627645504817e-01
7.052454841858257772e-02 1.261157999776698069e-01
7.286793825992582407e-02 1.300389089131309128e-01
7.521524444531829667e-02 1.339521364430550365e-01
7.756647539843158912e-02 1.378554206484732814e-01
7.992163711589755914e-02 1.417486909753437607e-01
8.228073301639088344e-02 1.456318684082766046e-01
8.464376380521693166e-02 1.495048656604102688e-01
8.701072735343623465e-02 1.533675873779267729e-01
8.938161859058746384e-02 1.572199303577482832e-01
9.175642941010425657e-02 1.610617837770186855e-01
9.413514858654975503e-02 1.648930294330266666e-01
9.651776170383574716e-02 1.687135419923007640e-01
9.890425109362988021e-02 1.725231892476661866e-01
1.012945957831938859e-01 1.763218323821250655e-01
1.036887714519447168e-01 1.801093262384937388e-01
1.060867503960566949e-01 1.838855195937825759e-01
1.084885015004807274e-01 1.876502554373919440e-01
1.108939902177862868e-01 1.914033712522449360e-01
1.133031785532773728e-01 1.951446992980521433e-01
1.157160250558689207e-01 1.988740668959561031e-01
1.181324848142490391e-01 2.025912967138674414e-01
1.205525094578929757e-01 2.062962070518601920e-01
1.229760471625195861e-01 2.099886121270415074e-01
1.254030426596247638e-01 2.136683223573671575e-01
1.278334372497493820e-01 2.173351446439178991e-01
1.302671688191753274e-01 2.209888826511980375e-01
1.327041718597636866e-01 2.246293370850564464e-01
1.351443774916837315e-01 2.282563059678727746e-01
1.375877134887967257e-01 2.318695849106811313e-01
1.400341043064898261e-01 2.354689673819466700e-01
1.424834711117688446e-01 2.390542449727300900e-01
1.449357318154427532e-01 2.426252076580099337e-01
1.473908011062475820e-01 2.461816440539589257e-01
1.498485904867790097e-01 2.497233416709915832e-01
1.523090083111084680e-01 2.532500871624210337e-01
1.547719598239784278e-01 2.567616665685868438e-01
1.572373472014871876e-01 2.602578655563323462e-01
1.597050695931737374e-01 2.637384696537232731e-01
1.621750231654343621e-01 2.672032644799176015e-01
1.646471011462039002e-01 2.706520359701088951e-01
1.671211938708485611e-01 2.740845705954775280e-01
1.695971888292183705e-01 2.775006555780941686e-01
1.720749707138165274e-01 2.809000791007313369e-01
1.745544214690501472e-01 2.842826305115460084e-01
1.770354203415250849e-01 2.876481005236050659e-01
1.795178439313594165e-01 2.909962814092317274e-01
1.820015662444870452e-01 2.943269671891582950e-01
1.844864587459272565e-01 2.976399538164745673e-01
1.869723904140014881e-01 3.009350393553679170e-01
1.894592277954744997e-01 3.042120241546545922e-01
1.919468350616059249e-01 3.074707110161077339e-01
1.944350740650895859e-01 3.107109053575864976e-01
1.969238043978649988e-01 3.139324153709783238e-01
1.994128834497884695e-01 3.171350521749698448e-01
2.019021664681394934e-01 3.203186299626584188e-01
2.043915066179519957e-01 3.234829661440274950e-01
2.068807550431484010e-01 3.266278814833031841e-01
2.093697609284588812e-01 3.297532002312153487e-01
2.118583715621067953e-01 3.328587502521890285e-01
2.143464323992403386e-01 3.359443631464915092e-01
2.168337871260876681e-01 3.390098743673634063e-01
2.193202777248127178e-01 3.420551233331616814e-01
2.218057445390483884e-01 3.450799535345490110e-01
2.242900263400795513e-01 3.480842126367567069e-01
2.267729603936528004e-01 3.510677525769605456e-01
2.292543825273770652e-01 3.540304296567992060e-01
2.317341271986965157e-01 3.569721046300773359e-01
2.342120275633905457e-01 3.598926427856845578e-01
2.366879155445815730e-01 3.627919140257756525e-01
2.391616219022052459e-01 3.656697929392477842e-01
2.416329763029149980e-01 3.685261588705596725e-01
2.441018073903782060e-01 3.713608959839322377e-01
2.465679428559329478e-01 3.741738933229797337e-01
2.490312095095572886e-01 3.769650448658125041e-01
2.514914333511155675e-01 3.797342495756613201e-01
2.539484396418397738e-01 3.824814114470705961e-01
2.564020529760031586e-01 3.852064395477121095e-01
2.588520973527368430e-01 3.879092480558667955e-01
2.612983962479550337e-01 3.905897562936316847e-01
2.637407726863350010e-01 3.932478887559035519e-01
2.661790493133076030e-01 3.958835751351941767e-01
2.686130484670138374e-01 3.984967503423363366e-01
2.710425922501795148e-01 4.010873545231376514e-01
2.734675026018599797e-01 4.036553330710414556e-01
2.758876013690049755e-01 4.062006366358565934e-01
2.783027103777994116e-01 4.087232211286179195e-01
2.807126515047309034e-01 4.112230477226429537e-01
2.831172467473335730e-01 4.137000828508471395e-01
2.855163182945615885e-01 4.161542981993862633e-01
2.879096885967453723e-01 4.185856706976933128e-01
2.902971804350815699e-01 4.209941825049778874e-01
2.926786169906108181e-01 4.233798209932596590e-01
2.950538219126340733e-01 4.257425787270055495e-01
2.974226193865245893e-01 4.280824534394453429e-01
2.997848342008856970e-01 4.303994480056361205e-01
3.021402918140155269e-01 4.326935704123539561e-01
3.044888184196293812e-01 4.349648337248845920e-01
3.068302410117969559e-01 4.372132560507921983e-01
3.091643874490557220e-01 4.394388605007424897e-01
3.114910865176567789e-01 4.416416751464584678e-01
3.138101679939016564e-01 4.438217329758873397e-01
3.161214627055354276e-01 4.459790718456588809e-01
3.184248025921543324e-01 4.481137344309144566e-01
3.207200207645947154e-01 4.502257681725888583e-01
3.230069515632646993e-01 4.523152252222237268e-01
3.252854306153883934e-01 4.543821623843964375e-01
3.275552948911292783e-01 4.564266410568458276e-01
3.298163827585603447e-01 4.584487271683749254e-01
3.320685340374563976e-01 4.604484911146167203e-01
3.343115900518746075e-01 4.624260076917415252e-01
3.365453936815032687e-01 4.643813560281908615e-01
3.387697894117513986e-01 4.663146195145199679e-01
3.409846233825572503e-01 4.682258857314300360e-01
3.431897434358925914e-01 4.701152463760733813e-01
3.453849991619497573e-01 4.719827971867139871e-01
3.475702419439847257e-01 4.738286378658219666e-01
3.497453250018114357e-01 4.756528720016882095e-01
3.519101034339210399e-01 4.774556069886336518e-01
3.540644342582250914e-01 4.792369539458986027e-01
3.562081764514056226e-01 4.809970276352882879e-01
3.583411909868628453e-01 4.827359463776546011e-01
3.604633408712576426e-01 4.844538319682916705e-01
3.625744911796415226e-01 4.861508095913234517e-01
3.646745090891669872e-01 4.878270077331574583e-01
3.667632639113838633e-01 4.894825580950822319e-01
3.688406271231118305e-01 4.911175955050819941e-01
3.709064723958998555e-01 4.927322578289405897e-01
3.729606756240705923e-01 4.943266858807098263e-01
3.750031149513510798e-01 4.959010233326093253e-01
3.770336707961058353e-01 4.974554166244311015e-01
3.790522258751697349e-01 4.989900148725152640e-01
3.810586652262966112e-01 5.005049697783646723e-01
3.830528762292305656e-01 5.020004355369647175e-01
3.850347486254156459e-01 5.034765687448715665e-01
3.870041745363546060e-01 5.049335283081326509e-01
3.889610484806311219e-01 5.063714753501016297e-01
3.909052673896153962e-01 5.077905731192057237e-01
3.928367306218693011e-01 5.091909868967253727e-01
3.947553399762648851e-01 5.105728839046432821e-01
3.966609997038463287e-01 5.119364332136171480e-01
3.985536165184455082e-01 5.132818056511303517e-01
4.004330996060811998e-01 5.146091737098723584e-01
4.022993606331625727e-01 5.159187114563996701e-01
4.041523137535201204e-01 5.172105944401254041e-01
4.059918756142901763e-01 5.184849996026854591e-01
4.078179653606804900e-01 5.197421051877255671e-01
4.096305046396400140e-01 5.209820906511531957e-01
4.114294176024672622e-01 5.222051365718970439e-01
4.132146309063756684e-01 5.234114245632136564e-01
4.149860737150578016e-01 5.246011371845793470e-01
4.167436776982648139e-01 5.257744578542061786e-01
4.184873770304426421e-01 5.269315707622134193e-01
4.202171083884497227e-01 5.280726607844932197e-01
4.219328109483892475e-01 5.291979133972976035e-01
4.236344263815878253e-01 5.303075145925789657e-01
4.253218988497527997e-01 5.314016507941132783e-01
4.269951749993395884e-01 5.324805087744313159e-01
4.286542039551650696e-01 5.335442755725838815e-01
4.302989373132964368e-01 5.345931384127645680e-01
4.319293291332502727e-01 5.356272846238125940e-01
4.335453359295368125e-01 5.366469015596150305e-01
4.351469166625785423e-01 5.376521765204288483e-01
4.367340327290415991e-01 5.386432966751394380e-01
4.383066479516096736e-01 5.396204489844711460e-01
4.398647285682370511e-01 5.405838201251657038e-01
4.414082432209126550e-01 5.415335964151397619e-01
4.429371629439656233e-01 5.424699637396354079e-01
4.444514611519499447e-01 5.433931074783726611e-01
4.459511136271402942e-01 5.443032124337126021e-01
4.474360985066678786e-01 5.452004627598403541e-01
4.489063962693324861e-01 5.460850418929728001e-01
4.503619897221209367e-01 5.469571324825980296e-01
4.518028639864645202e-01 5.478169163237479600e-01
4.532290064842648403e-01 5.486645742903102363e-01
4.546404069237188761e-01 5.495002862693794121e-01
4.560370572849773430e-01 5.503242310966466322e-01
4.574189518056600567e-01 5.511365864928318148e-01
4.587860869662600538e-01 5.519375290011522273e-01
4.601384614754676639e-01 5.527272339258291201e-01
4.614760762554371842e-01 5.535058752716258690e-01
4.627989344270269645e-01 5.542736256844169596e-01
4.641070412950386581e-01 5.550306563927795978e-01
4.654004043334801222e-01 5.557771371506056157e-01
4.666790331708786654e-01 5.565132361807239025e-01
4.679429395756670162e-01 5.572391201195290300e-01
4.691921374416694324e-01 5.579549539626066368e-01
4.704266427737028855e-01 5.586609010113475771e-01
4.716464736733221308e-01 5.593571228205427293e-01
4.728516503247283120e-01 5.600437791469470294e-01
4.740421949808562019e-01 5.607210278988042917e-01
4.752181319496650014e-01 5.613890250863213804e-01
4.763794875806447449e-01 5.620479247730825190e-01
4.775262902515610697e-01 5.626978790283895249e-01
4.786585703554505078e-01 5.633390378805183119e-01
4.797763602878802880e-01 5.639715492708803346e-01
4.808796944344895241e-01 5.645955590090749876e-01
4.819686091588211152e-01 5.652112107288211895e-01
4.830431427904576247e-01 5.658186458447569400e-01
4.841033356134726295e-01 5.664180035100913058e-01
4.851492298552032567e-01 5.670094205750988436e-01
4.861808696753523451e-01 5.675930315464425835e-01
4.871983011554291698e-01 5.681689685473116924e-01
4.882015722885331699e-01 5.687373612783626076e-01
4.891907329694835660e-01 5.692983369794487603e-01
4.901658349852975882e-01 5.698520203921288996e-01
4.911269320060189791e-01 5.703985337229393604e-01
4.920740795758976049e-01 5.709379966074179524e-01
4.930073351049197861e-01 5.714705260748678128e-01
4.939267578606816311e-01 5.719962365138493432e-01
4.948324089606068732e-01 5.725152396383881293e-01
4.957243513644997157e-01 5.730276444548871861e-01
4.966026498674283030e-01 5.735335572297330931e-01
4.974673710929259363e-01 5.740330814575850260e-01
4.983185834865065389e-01 5.745263178303354756e-01
4.991563573094761619e-01 5.750133642067333239e-01
4.999807646330295396e-01 5.754943155826623968e-01
5.007918793326177065e-01 5.759692640620605042e-01
5.015897770825701318e-01 5.764382988284764142e-01
5.023745353509516676e-01 5.769015061172548808e-01
5.031462333946351562e-01 5.773589691883403985e-01
5.039049522545703264e-01 5.778107682996960204e-01
5.046507747512233300e-01 5.782569806813286917e-01
5.053837854801612739e-01 5.786976805099183219e-01
5.061040708077595429e-01 5.791329388840427139e-01
5.068117188670004936e-01 5.795628237999959076e-01
5.075068195533324333e-01 5.799874001281973834e-01
5.081894645205617955e-01 5.804067295901877976e-01
5.088597471767397629e-01 5.808208707362098044e-01
5.095177626800111437e-01 5.812298789233745211e-01
5.101636079343888630e-01 5.816338062944104159e-01
5.107973815854151001e-01 5.820327017569966177e-01
5.114191840156642188e-01 5.824266109636841993e-01
5.120291173400524087e-01 5.828155762924021044e-01
5.126272854009059632e-01 5.831996368275563780e-01
5.132137937627405666e-01 5.835788283417232547e-01
5.137887497067094023e-01 5.839531832779405462e-01
5.143522622246646803e-01 5.843227307326053221e-01
5.149044420127861788e-01 5.846874964389823237e-01
5.154454014647218418e-01 5.850475027513295512e-01
5.159752546641857007e-01 5.854027686296524591e-01
5.164941173769590499e-01 5.857533096250913118e-01
5.170021070422340381e-01 5.860991378659557993e-01
5.174993427632433862e-01 5.864402620444129077e-01
5.179859452971121714e-01 5.867766874038445879e-01
5.184620370438709491e-01 5.871084157268835479e-01
5.189277420345683733e-01 5.874354453241406038e-01
5.193831859184118160e-01 5.877577710236394637e-01
5.198284959488750356e-01 5.880753841609712707e-01
5.202638009687010623e-01 5.883882725701865546e-01
5.206892313937320216e-01 5.886964205754364743e-01
5.211049191954967297e-01 5.889998089833844430e-01
5.215109978824812309e-01 5.892984150764012385e-01
5.219076024800107794e-01 5.895922126065646918e-01
5.222948695086702120e-01 5.898811717904803853e-01
5.226729369611857745e-01 5.901652593049402373e-01
5.230419442776967909e-01 5.904444382834428406e-01
5.234020323193339097e-01 5.907186683135896565e-01
5.237533433400360927e-01 5.909879054353799344e-01
5.240960209565206362e-01 5.912521021404240074e-01
5.244302101163341723e-01 5.915112073720916186e-01
5.247560570639021593e-01 5.917651665266222549e-01
5.250737093045042547e-01 5.920139214552082585e-01
5.253833155660918575e-01 5.922574104670789152e-01
5.256850257588742137e-01 5.924955683335988432e-01
5.259789909325901514e-01 5.927283262934057717e-01
5.262653632313954999e-01 5.929556120586014778e-01
5.265442958462820400e-01 5.931773498220165308e-01
5.268159429649581504e-01 5.933934602655672741e-01
5.270804597191096619e-01 5.936038605697211423e-01
5.273380021289759689e-01 5.938084644240850807e-01
5.275887270451575795e-01 5.940071820391357171e-01
5.278327920875931500e-01 5.941999201591019464e-01
5.280703555816304018e-01 5.943865820760134699e-01
5.283015764911265233e-01 5.945670676449281711e-01
5.285266143485078949e-01 5.947412733003476504e-01
5.287456291817296261e-01 5.949090920738262511e-01
5.289587814380706243e-01 5.950704136127846766e-01
5.291662319047027996e-01 5.952251242005304199e-01
5.293681416259842232e-01 5.953731067774852281e-01
5.295646718174157330e-01 5.955142409636235978e-01
5.297559837762129131e-01 5.956484030821196374e-01
5.299422387884460406e-01 5.957754661841945243e-01
5.301235980327070330e-01 5.958953000751592288e-01
5.303002224802532139e-01 5.960077713416451761e-01
5.304722727916022507e-01 5.961127433800050834e-01
5.306399092095367420e-01 5.962100764258712049e-01
5.308032914484948073e-01 5.962996275848522210e-01
5.309625785803177012e-01 5.963812508643442367e-01
5.311179289163365791e-01 5.964547972064331294e-01
5.312694998857829809e-01 5.965201145218561596e-01
5.314174479105064908e-01 5.965770477249942028e-01
5.315619282759986852e-01 5.966254387698568529e-01
5.317030949987197053e-01 5.966651266870175441e-01
5.318411006897251214e-01 5.966959476214634961e-01
5.319760964146107440e-01 5.967177348713037510e-01
5.321082315497770443e-01 5.967303189272938901e-01
5.322376536350420517e-01 5.967335275131151473e-01
5.323645082226162728e-01 5.967271856263562935e-01
5.324889387224714943e-01 5.967111155801343436e-01
5.326110862441408855e-01 5.966851370452876946e-01
5.327310894349821524e-01 5.966490670930724161e-01
5.328490843149501499e-01 5.966027202382967465e-01
5.329652041079284697e-01 5.965459084828088621e-01
5.330795790696698511e-01 5.964784413592676415e-01
5.331923363124116966e-01 5.964001259751088302e-01
5.333035996262185385e-01 5.963107670566294427e-01
5.334134892971290620e-01 5.962101669930983672e-01
5.335221219221766287e-01 5.960981258808064620e-01
5.336296102213573533e-01 5.959744415669689932e-01
5.337360628466312207e-01 5.958389096933822682e-01
5.338415841880389534e-01 5.956913237397445382e-01
5.339462741770232279e-01 5.955314750665468004e-01
5.340502280870469409e-01 5.953591529574360219e-01
5.341535363316054497e-01 5.951741446609573050e-01
5.342562842597275985e-01 5.949762354315774049e-01
5.343585519490745561e-01 5.947652085698962310e-01
5.344604139967299439e-01 5.945408454619518501e-01
5.345619393077993831e-01 5.943029256175256236e-01
5.346631908819191592e-01 5.940512267073545516e-01
5.347642255977866910e-01 5.937855245991692232e-01
5.348650939958259354e-01 5.935055933924626714e-01
5.349658400590990848e-01 5.932112054519111943e-01
5.350665009925773541e-01 5.929021314393700948e-01
5.351671070008838793e-01 5.925781403443661777e-01
5.352676810646280758e-01 5.922389995130178386e-01
5.353682387154372613e-01 5.918844746753179065e-01
5.354687878098046694e-01 5.915143299707205093e-01
5.355693283018698736e-01 5.911283279719742323e-01
5.356698520152327614e-01 5.907262297071620427e-01
5.357703424139260706e-01 5.903077946798992448e-01
5.358707743726458528e-01 5.898727808876630396e-01
5.359711139463558816e-01 5.894209448382249361e-01
5.360713181393643723e-01 5.889520415641722462e-01
5.361713346739904740e-01 5.884658246355045641e-01
5.362711017589127938e-01 5.879620461703121137e-01
5.363705478573079777e-01 5.874404568435372953e-01
5.364695914548759381e-01 5.869008058938487427e-01
5.365681408278544229e-01 5.863428411286421005e-01
5.366660938111135204e-01 5.857663089272164836e-01
5.367633375664286888e-01 5.851709542421698051e-01
5.368597483510239021e-01 5.845565205990681523e-01
5.369551912864767296e-01 5.839227500944635940e-01
5.370495201280750530e-01 5.832693833923308091e-01
5.371425770347177941e-01 5.825961597190167929e-01
5.372341923394452490e-01 5.819028168567974557e-01
5.373241843206901791e-01 5.811890911361532464e-01
5.374123589743385887e-01 5.804547174268801513e-01
5.374985097866884498e-01 5.796994291281667433e-01
5.375824175084001899e-01 5.789229581577720607e-01
5.376638499295278706e-01 5.781250349404589706e-01
5.377425616557288679e-01 5.773053883958338961e-01
5.378182938857505313e-01 5.764637459257633267e-01
5.378907741902922979e-01 5.755998334015433038e-01
5.379597162923528408e-01 5.747133751510041799e-01
5.380248198491714984e-01 5.738040939457452749e-01
5.380857702358810002e-01 5.728717109886997116e-01
5.381422383309969470e-01 5.719159459022364889e-01
5.381938803038759378e-01 5.709365167170176170e-01
5.382403374042801225e-01 5.699331398618313616e-01
5.382812357542025028e-01 5.689055301546277477e-01
5.383161861421101868e-01 5.678534007949953555e-01
5.383447838197800150e-01 5.667764633583154410e-01
5.383666083019108539e-01 5.656744277918385189e-01
5.383812231687115091e-01 5.645470024129336517e-01
5.383881758716799748e-01 5.633938939097586918e-01
5.383869975427992838e-01 5.622148073446130434e-01
5.383772028074012006e-01 5.610094461602276317e-01
5.383582896009608820e-01 5.597775121892503147e-01
5.383297389901080532e-01 5.585187056671901962e-01
5.382910149981553483e-01 5.572327252490875127e-01
5.382415644354776596e-01 5.559192680301613398e-01
5.381808167350845551e-01 5.545780295707065655e-01
5.381081837937617962e-01 5.532087039254955929e-01
5.380230598191824143e-01 5.518109836779427901e-01
5.379248211834052329e-01 5.503845599792908105e-01
5.378128262832162498e-01 5.489291225930714724e-01
5.376864154077927171e-01 5.474443599450845577e-01
5.375449106141924061e-01 5.459299591791461070e-01
5.373876156112122882e-01 5.443856062188380251e-01
5.372138156521820695e-01 5.428109858354943640e-01
5.370227774372919871e-01 5.412057817226501033e-01
5.368137490260918021e-01 5.395696765771655912e-01
5.365859597608213516e-01 5.379023521872396962e-01
5.363386202012759840e-01 5.362034895275090696e-01
5.360709220719397372e-01 5.344727688614194783e-01
5.357820382221537558e-01 5.327098698510517316e-01
5.354711226001228619e-01 5.309144716745628489e-01
5.351373102415989402e-01 5.290862531514013423e-01
5.347797172741147742e-01 5.272248928754281749e-01
5.343974409376750501e-01 5.253300693560757351e-01
5.339895596228498853e-01 5.234014611676494066e-01
5.335551329272480992e-01 5.214387471068633317e-01
5.330932017313798621e-01 5.194416063586936305e-01
5.326027882949584402e-01 5.174097186705987061e-01
5.320828963747140650e-01 5.153427645351523756e-01
5.315325113648314836e-01 5.132404253811045924e-01
5.309506004611517227e-01 5.111023837728743136e-01
5.303361128503021327e-01 5.089283236184491965e-01
5.296879799249546439e-01 5.067179303856497175e-01
5.290051155264283711e-01 5.044708913266947592e-01
5.282864162158814603e-01 5.021868957109754117e-01
5.275307615753567214e-01 4.998656350659268499e-01
5.267370145399594694e-01 4.975068034258632865e-01
5.259040217624652014e-01 4.951100975886131850e-01
5.250306140116660636e-01 4.926752173797666612e-01
5.241156066057678364e-01 4.902018659243296828e-01
5.231577998821607123e-01 4.876897499255427593e-01
5.221559797048799245e-01 4.851385799506050533e-01
5.211089180110739516e-01 4.825480707230157540e-01
5.200153733977808113e-01 4.799179414212224604e-01
5.188740917503086303e-01 4.772479159832343498e-01
5.176838069134848119e-01 4.745377234168424163e-01
5.164432414070213584e-01 4.717870981150628640e-01
5.151511071862066027e-01 4.689957801763863787e-01
5.138061064490961893e-01 4.661635157294147236e-01
5.124069324913304024e-01 4.632900572614228607e-01
5.109522706096518707e-01 4.603751639503788629e-01
5.094407990551358401e-01 4.574186019999346708e-01
5.078711900370815879e-01 4.544201449768766610e-01
5.062421107784290664e-01 4.513795741505159387e-01
5.045522246234852570e-01 4.482966788334911135e-01
5.028001921986537948e-01 4.451712567234292206e-01
5.009846726267471739e-01 4.420031142449222239e-01
4.991043247953627082e-01 4.387920668912591582e-01
4.971578086796701323e-01 4.355379395653514729e-01
4.951437867198355547e-01 4.322405669193000177e-01
4.930609252531594766e-01 4.288997936920402321e-01
4.909078960008595449e-01 4.255154750445284129e-01
4.886833776092647241e-01 4.220874768919241071e-01
4.863860572450174335e-01 4.186156762322504887e-01
4.840146322437000603e-01 4.150999614710284558e-01
4.815678118111074713e-01 4.115402327414037220e-01
4.790443187761884714e-01 4.079364022193049388e-01
4.764428913944673272e-01 4.042883944332185120e-01
4.737622852005356489e-01 4.005961465681707190e-01
4.710012749079736105e-01 3.968596087635793968e-01
4.681586563548214563e-01 3.930787444046450196e-01
4.652332484924758260e-01 3.892535304070240398e-01
4.622238954156259738e-01 3.853839574945523982e-01
4.591294684305842200e-01 3.814700304698553923e-01
4.559488681590952996e-01 3.775117684777242189e-01
4.526810266744287770e-01 3.735092052611961311e-01
4.493249096662806363e-01 3.694623894103382655e-01
4.458795186307198954e-01 3.653713846037908719e-01
4.423438930811265934e-01 3.612362698431870744e-01
4.387171127757741318e-01 3.570571396806263564e-01
4.349982999574112386e-01 3.528341044394439074e-01
4.311866215999051732e-01 3.485672904285712637e-01
4.272812916567084174e-01 3.442568401508424580e-01
4.232815733056193852e-01 3.399029125056642342e-01
4.191867811840145341e-01 3.355056829865025181e-01
4.149962836084415962e-01 3.310653438737019560e-01
4.107095047721819880e-01 3.265821044231824732e-01
4.063259269141149543e-01 3.220561910516023807e-01
4.018450924519491596e-01 3.174878475185921034e-01
3.972666060726297022e-01 3.128773351066953534e-01
3.925901367724822233e-01 3.082249327996464672e-01
3.878154198394224150e-01 3.035309374596211196e-01
3.829422587693381841e-01 2.987956640040790313e-01
3.779705271085470608e-01 2.940194455827852549e-01
3.729001702140453123e-01 2.892026337555617665e-01
3.677312069230901925e-01 2.843455986712537520e-01
3.624637311235105464e-01 2.794487292483325280e-01
3.570979132160065905e-01 2.745124333574585074e-01
3.516340014595910057e-01 2.695371380062248079e-01
3.460723231912362641e-01 2.645232895261753203e-01
3.404132859107322773e-01 2.594713537620562116e-01
3.346573782217182602e-01 2.543818162630933077e-01
3.288051706198401591e-01 2.492551824759133838e-01
3.228573161190047003e-01 2.440919779385425925e-01
3.168145507067411382e-01 2.388927484747053465e-01
3.106776936197643835e-01 2.336580603874312823e-01
3.044476474309340541e-01 2.283885006507478110e-01
2.981253979389618114e-01 2.230846770980182969e-01
2.917120138523913719e-01 2.177472186052313574e-01
2.852086462596195582e-01 2.123767752673409726e-01
2.786165278770028619e-01 2.069740185655321030e-01
2.719369720674356672e-01 2.015396415230941152e-01
2.651713716222005024e-01 1.960743588474243015e-01
2.583211972993853522e-01 1.905789070555744813e-01
2.513879961127560847e-01 1.850540445806934386e-01
2.443733893656908629e-01 1.795005518567528713e-01
2.372790704256377281e-01 1.739192313790702271e-01
2.301068022356049514e-01 1.683109077384076502e-01
2.228584145604360356e-01 1.626764276268431730e-01
2.155358009671409225e-01 1.570166598142251624e-01
2.081409155403703137e-01 1.513324950948641834e-01
2.006757693363124262e-01 1.456248462052376902e-01
1.931424265809046636e-01 1.398946477149075052e-01
1.855430006213739935e-01 1.341428558946465011e-01
1.778796496438031782e-01 1.283704485679655616e-01
1.701545721737211525e-01 1.225784249548373950e-01
1.623700023817158111e-01 1.167678055195010001e-01
1.545282052217531454e-01 1.109396318377409152e-01
1.466314714362732530e-01 1.050949665029644042e-01
1.386821124691512142e-01 9.923489309466931863e-02
1.306824553351267348e-01 9.336051623735680538e-02
1.226348375020681614e-01 8.747296178239011288e-02
1.145416018501320410e-01 8.157337714945922524e-02
1.064050917790194117e-01 7.566293186778227930e-02
9.822764654048471433e-02 6.974281835948226149e-02
9.001159687733770176e-02 6.381425300819615343e-02
8.175926105153155654e-02 5.787847755427905083e-02
7.347294134168649848e-02 5.193676085335829917e-02
6.515492108381509828e-02 4.599040102698498389e-02
5.680746231739580709e-02 4.004072802230673744e-02
4.843280408205319354e-02 3.408910658201524946e-02
4.003316138806856106e-02 2.813693960653995685e-02
3.161072485749114036e-02 2.218567186830860960e-02
2.316766100311995480e-02 1.623679401405481171e-02
1.470611308201272283e-02 1.029184676725325431e-02
6.228202430866192074e-03 4.352425220730704591e-03
-2.263969834809864690e-03 -1.579816908641562545e-03
-1.076832089480209143e-02 -7.503163203590235142e-03
-1.928278421924975450e-02 -1.341583079388630750e-02
-2.780530763322081045e-02 -1.931596706998855995e-02
-3.633385159040430912e-02 -2.520164699405136322e-02
-4.486638777742946171e-02 -3.107087112085138436e-02
-5.340089814493798048e-02 -3.692156441672861389e-02
-6.193537443129060183e-02 -4.275157593634293374e-02
-7.046781821246259070e-02 -4.855867938719543586e-02
-7.899624148005846003e-02 -5.434057458267371743e-02
-8.751866772078822909e-02 -6.009488975774673891e-02
-9.603313344701913667e-02 -6.581918469881109512e-02
-1.045376901101550682e-01 -7.151095462140333314e-02
-1.130304063170151641e-01 -7.716763471689225273e-02
-1.215093702637636830e-01 -8.278660528163633847e-02
-1.299726923016413793e-01 -8.836519733894415696e-02
-1.384185075527411268e-01 -9.390069866473466087e-02
-1.468449785012771180e-01 -9.939036013123403457e-02
-1.552502974951523729e-01 -1.048314022885140084e-01
-1.636326891031281983e-01 -1.102210221104208965e-01
-1.719904122837881411e-01 -1.155563998388245417e-01
-1.803217623330960195e-01 -1.208347058676297325e-01
-1.886250725872776757e-01 -1.260531076152807683e-01
-1.968987158666982151e-01 -1.312087763413044561e-01
-2.051411056542222222e-01 -1.362988938686399143e-01
-2.133506970081942011e-01 -1.413206591790369115e-01
-2.215259872156634946e-01 -1.462712948536537272e-01
-2.296655161959126057e-01 -1.511480533352047018e-01
-2.377678666677832953e-01 -1.559482229916245022e-01
-2.458316640968865041e-01 -1.606691339643286365e-01
-2.538555764406331683e-01 -1.653081637868195064e-01
-2.618383137102364699e-01 -1.698627427616726249e-01
-2.697786273695180759e-01 -1.743303590859229257e-01
-2.776753095906226432e-01 -1.787085637166034302e-01
-2.855271923866274375e-01 -1.829949749697115935e-01
-2.933331466406645660e-01 -1.871872828472393446e-01
-3.010920810505487988e-01 -1.912832530881359849e-01
-3.088029410071231884e-01 -1.952807309401944635e-01
-3.164647074236092705e-01 -1.991776446508942422e-01
-3.240763955322050749e-01 -2.029720086761968578e-01
-3.316370536630813826e-01 -2.066619266072007299e-01
-3.391457620197659839e-01 -2.102455938154222659e-01
-3.466016314637024309e-01 -2.137212998182755896e-01
-3.540038023195807293e-01 -2.170874303670960181e-01
-3.613514432118051234e-01 -2.203424692607778290e-01
-3.686437499412731911e-01 -2.234849998887885048e-01
-3.758799444104556908e-01 -2.265137065079733114e-01
-3.830592736035970391e-01 -2.294273752581738324e-01
-3.901810086277459066e-01 -2.322248949222631975e-01
-3.972444438192277438e-01 -2.349052574367363477e-01
-4.042488959191402609e-01 -2.374675581594894724e-01
-4.111937033204599024e-01 -2.399109959018859706e-01
-4.180782253884138822e-01 -2.422348727326284479e-01
-4.249018418548967113e-01 -2.444385935613306304e-01
-4.316639522868847001e-01 -2.465216655100418985e-01
-4.383639756280570676e-01 -2.484836970812703272e-01
-4.450013498121276334e-01 -2.503243971313277028e-01
-4.515755314457730596e-01 -2.520435736580515784e-01
-4.580859955584688503e-01 -2.536411324121563560e-01
-4.645322354160547063e-01 -2.551170753416256987e-01
-4.709137623944070761e-01 -2.564714988786886973e-01
-4.772301059092289299e-01 -2.577045920790190792e-01
-4.834808133976501998e-01 -2.588166346228558123e-01
-4.896654503470844744e-01 -2.598079946877739910e-01
-4.957836003665902491e-01 -2.606791267028471526e-01
-5.018348652958489753e-01 -2.614305689938982713e-01
-5.078188653467811120e-01 -2.620629413294981447e-01
-5.137352392727887462e-01 -2.625769423772794098e-01
-5.195836445606161202e-01 -2.629733470800319495e-01
-5.253637576398797471e-01 -2.632530039609091155e-01
-5.310752741054076687e-01 -2.634168323669316969e-01
-5.367179089476513676e-01 -2.634658196597889357e-01
-5.422913967866055396e-01 -2.634010183627486512e-01
-5.477954921048520109e-01 -2.632235432722696555e-01
-5.532299694755666852e-01 -2.629345685426770496e-01
-5.585946237815591076e-01 -2.625353247520168520e-01
-5.638892704216807994e-01 -2.620270959569301894e-01
-5.691137455011986424e-01 -2.614112167441212664e-01
-5.742679060030289051e-01 -2.606890692856911884e-01
-5.793516299370066180e-01 -2.598620804053134448e-01
-5.843648164646693122e-01 -2.589317186619111699e-01
-5.893073859973365636e-01 -2.578994914571741681e-01
-5.941792802655757599e-01 -2.567669421729227852e-01
-5.989804623584240595e-01 -2.555356473439970855e-01
-6.037109167310626967e-01 -2.542072138720002927e-01
-6.083706491799010241e-01 -2.527832762848910564e-01
-6.129596867843281061e-01 -2.512654940470682163e-01
-6.174780778146524707e-01 -2.496555489242450743e-01
-6.219258916060093068e-01 -2.479551424070733368e-01
-6.263032183982721879e-01 -2.461659931971165727e-01
-6.306101691422225652e-01 -2.442898347584537277e-01
-6.348468752724655273e-01 -2.423284129378333596e-01
-6.390134884477728372e-01 -2.402834836559868403e-01
-6.431101802597247730e-01 -2.381568106723697675e-01
-6.471371419106931588e-01 -2.359501634252917091e-01
-6.510945838623636295e-01 -2.336653149490771630e-01
-6.549827354561286175e-01 -2.313040398696013522e-01
-6.588018445068029028e-01 -2.288681124792605326e-01
-6.625521768712288040e-01 -2.263593048921365147e-01
-6.662340159934118100e-01 -2.237793852798671823e-01
-6.698476624279068314e-01 -2.211301161884605126e-01
-6.733934333432383124e-01 -2.184132529360494623e-01
-6.768716620071696388e-01 -2.156305420913500748e-01
-6.802826972556734741e-01 -2.127837200323638434e-01
-6.836269029474706382e-01 -2.098745115846601395e-01
-6.869046574060038157e-01 -2.069046287383717320e-01
-6.901163528507119338e-01 -2.038757694428665057e-01
-6.932623948194402974e-01 -2.007896164778849024e-01
-6.963432015838075806e-01 -1.976478363997749010e-01
-6.993592035592992584e-01 -1.944520785613210734e-01
-7.023108427118178732e-01 -1.912039742035386847e-01
-7.051985719623685700e-01 -1.879051356176767995e-01
-7.080228545914895033e-01 -1.845571553755899763e-01
-7.107841636449829803e-01 -1.811616056265314967e-01
-7.134829813424176104e-01 -1.777200374583599030e-01
-7.161197984898168833e-01 -1.742339803210686544e-01
-7.186951138978470155e-01 -1.707049415105115209e-01
-7.212094338067606136e-01 -1.671344057101342706e-01
-7.236632713192523436e-01 -1.635238345885099698e-01
-7.260571458423057400e-01 -1.598746664504363535e-01
-7.283915825390290255e-01 -1.561883159393462894e-01
-7.306671117913869917e-01 -1.524661737887784141e-01
-7.328842686746549484e-01 -1.487096066206564093e-01
-7.350435924443374791e-01 -1.449199567881355732e-01
-7.371456260362156954e-01 -1.410985422607932138e-01
-7.391909155800986397e-01 -1.372466565499711466e-01
-7.411800099277865428e-01 -1.333655686720962019e-01
-7.431134601956719266e-01 -1.294565231478516654e-01
-7.449918193223319385e-01 -1.255207400351127378e-01
-7.468156416413994636e-01 -1.215594149935964596e-01
-7.485854824699302856e-01 -1.175737193792377455e-01
-7.503018977124196187e-01 -1.135648003663460998e-01
-7.519654434805667087e-01 -1.095337810956606706e-01
-7.535766757288204776e-01 -1.054817608464752032e-01
-7.551361499056977733e-01 -1.014098152310650286e-01
-7.566444206208029488e-01 -9.731899640971865273e-02
-7.581020413274466296e-01 -9.321033332472254684e-02
-7.595095640207043530e-01 -8.908483195173223790e-02
-7.608675389507280062e-01 -8.494347556701344060e-02
-7.621765143510836893e-01 -8.078722502910572201e-02
-7.634370361818560990e-01 -7.661701907353062058e-02
-7.646496478872326641e-01 -7.243377461922466398e-02
-7.658148901672579001e-01 -6.823838708544525955e-02
-7.669333007634192567e-01 -6.403173071795904836e-02
-7.680054142577141807e-01 -5.981465892339030144e-02
-7.690317618848250270e-01 -5.558800461065306620e-02
-7.700128713570193462e-01 -5.135258053847358006e-02
-7.709492667013793099e-01 -4.710917966804439860e-02
-7.718414681089533769e-01 -4.285857551992525161e-02
-7.726899917954230812e-01 -3.860152253435135405e-02
-7.734953498728635024e-01 -3.433875643416975376e-02
-7.742580502321837477e-01 -3.007099458966640271e-02
-7.749785964358236745e-01 -2.579893638460800664e-02
-7.756574876202899649e-01 -2.152326358286223151e-02
-7.762952184081146623e-01 -1.724464069500769581e-02
-7.768922788288230574e-01 -1.296371534438683915e-02
-7.774491542485018059e-01 -8.681118632104162236e-03
-7.779663253075668194e-01 -4.397465500501185343e-03
-7.784442678663352488e-01 -1.133550946843669971e-04
-7.788834529580124233e-01 4.170628878278750951e-03
-7.792843467487182707e-01 8.453917792857562619e-03
-7.796474105041810709e-01 1.273595775156741161e-02
-7.799731005627399405e-01 1.701620923478273928e-02
-7.802618683143075495e-01 2.129414675412018287e-02
-7.805141601849534538e-01 2.556925850962696312e-02
-7.807304176267795270e-01 2.984104605098140961e-02
-7.809110771127731887e-01 3.410902394289612449e-02
-7.810565701363318958e-01 3.837271943489023451e-02
-7.811673232151644664e-01 4.263167213556561669e-02
-7.812437578992876830e-01 4.688543369152245455e-02
-7.812862907828479475e-01 5.113356747100628735e-02
-7.812953335195071958e-01 5.537564825239152388e-02
-7.812712928411442714e-01 5.961126191755550252e-02
-7.812145705796351702e-01 6.384000515021936994e-02
-7.811255636914875566e-01 6.806148513928558796e-02
-7.810046642851083964e-01 7.227531928721735166e-02
-7.808522596505058644e-01 7.648113492346883535e-02
-7.806687322912262417e-01 8.067856902298575772e-02
-7.804544599583398412e-01 8.486726792977353218e-02
-7.802098156863047640e-01 8.904688708552430110e-02
-7.799351678305365132e-01 9.321709076328604793e-02
-7.796308801065305882e-01 9.737755180615365047e-02
-7.792973116303860692e-01 1.015279513709479442e-01
-7.789348169605919692e-01 1.056679786768505575e-01
-7.785437461409421278e-01 1.097973307589479447e-01
-7.781244447444556345e-01 1.139157122266418465e-01
-7.776772539181826538e-01 1.180228350268742871e-01
-7.772025104287891839e-01 1.221184182121146655e-01
-7.767005467088128334e-01 1.262021877130452274e-01
-7.761716909034949152e-01 1.302738761158910019e-01
-7.756162669180969305e-01 1.343332224443248013e-01
-7.750345944656150676e-01 1.383799719458843058e-01
-7.744269891148138907e-01 1.424138758828361051e-01
-7.737937623385027219e-01 1.464346913274081896e-01
-7.731352215619866630e-01 1.504421809613341598e-01
-7.724516702116244193e-01 1.544361128796226668e-01
-7.717434077634341971e-01 1.584162603984894113e-01
-7.710107297916880542e-01 1.623824018673777070e-01
-7.702539280174445224e-01 1.663343204849895285e-01
-7.694732903569667659e-01 1.702718041192562703e-01
-7.686691009699823107e-01 1.741946451311763011e-01
-7.678416403077407137e-01 1.781026402024421529e-01
-7.669911851608282038e-01 1.819955901667888454e-01
-7.661180087067027689e-01 1.858732998449838802e-01
-7.652223805569158266e-01 1.897355778833909323e-01
-7.643045668039849527e-01 1.935822365960349900e-01
-7.633648300678912424e-01 1.974130918100952259e-01
-7.624034295421711072e-01 2.012279627147522121e-01
-7.614206210395757513e-01 2.050266717133276129e-01
-7.604166570372761225e-01 2.088090442786374179e-01
-7.593917867215884687e-01 2.125749088114992080e-01
-7.583462560321999613e-01 2.163240965023178197e-01
-7.572803077058745114e-01 2.200564411956860700e-01
-7.561941813196204620e-01 2.237717792579403120e-01
-7.550881133333020578e-01 2.274699494475926342e-01
-7.539623371316785949e-01 2.311507927885945723e-01
-7.528170830658555968e-01 2.348141524463508434e-01
-7.516525784941341382e-01 2.384598736064347801e-01
-7.504690478222446615e-01 2.420878033559387132e-01
-7.492667125429508523e-01 2.456977905674017082e-01
-7.480457912750142491e-01 2.492896857852559822e-01
-7.468064998015049305e-01 2.528633411147330756e-01
-7.455490511074489568e-01 2.564186101131741835e-01
-7.442736554168034591e-01 2.599553476836882204e-01
-7.429805202287449450e-01 2.634734099711075195e-01
-7.416698503532669351e-01 2.669726542601786878e-01
-7.403418479460737167e-01 2.704529388759434605e-01
-7.389967125427642225e-01 2.739141230862532916e-01
-7.376346410922935970e-01 2.773560670063726086e-01
-7.362558279897120084e-01 2.807786315056096105e-01
-7.348604651081631634e-01 2.841816781159395289e-01
-7.334487418301444128e-01 2.875650689425585660e-01
-7.320208450780152365e-01 2.909286665763306523e-01
-7.305769593437496656e-01 2.942723340080749539e-01
-7.291172667179266487e-01 2.975959345446480553e-01
-7.276419469179502553e-01 3.008993317267809053e-01
-7.261511773154951666e-01 3.041823892486169578e-01
-7.246451329631726779e-01 3.074449708789146474e-01
-7.231239866204082212e-01 3.106869403838691812e-01
-7.215879087785289636e-01 3.139081614515088492e-01
-7.200370676850555984e-01 3.171084976176261616e-01
-7.184716293671917775e-01 3.202878121932020705e-01
-7.168917576545104087e-01 3.234459681932804198e-01
-7.152976142008282689e-01 3.265828282672560423e-01
-7.136893585052712652e-01 3.296982546305334827e-01
-7.120671479325202391e-01 3.327921089975179880e-01
-7.104311377322398702e-01 3.358642525159047376e-01
-7.087814810576851254e-01 3.389145457022201824e-01
-7.071183289834831465e-01 3.419428483785862394e-01
-7.054418305225896857e-01 3.449490196106662632e-01
-7.037521326424182044e-01 3.479329176467566564e-01
-7.020493802801399674e-01 3.508943998579899803e-01
-7.003337163571536905e-01 3.538333226796164244e-01
-6.986052817927275171e-01 3.567495415533254444e-01
-6.968642155168089936e-01 3.596429108705741506e-01
-6.951106544820080391e-01 3.625132839168949683e-01
-6.933447336747493583e-01 3.653605128171420469e-01
-6.915665861256001801e-01 3.681844484816532148e-01
-6.897763429187717676e-01 3.709849405532891775e-01
-6.879741332007982546e-01 3.737618373553250883e-01
-6.861600841883952473e-01 3.765149858401655170e-01
-6.843343211755045230e-01 3.792442315388461216e-01
-6.824969675395204938e-01 3.819494185113091467e-01
-6.806481447467123136e-01 3.846303892974114458e-01
-6.787879723568400747e-01 3.872869848686490979e-01
-6.769165680269706442e-01 3.899190445805720273e-01
-6.750340475145004682e-01 3.925264061258613157e-01
-6.731405246793908947e-01 3.951089054880533302e-01
-6.712361114856192357e-01 3.976663768958855760e-01
-6.693209180018568905e-01 4.001986527782450676e-01
-6.673950524013779750e-01 4.027055637197020088e-01
-6.654586209612068926e-01 4.051869384166124077e-01
-6.635117280605121737e-01 4.076426036337735814e-01
-6.615544761782560235e-01 4.100723841616156218e-01
-6.595869658901044597e-01 4.124761027739248798e-01
-6.576092958646111430e-01 4.148535801860791516e-01
-6.556215628586783417e-01 4.172046350137938453e-01
-6.536238617123089067e-01 4.195290837323683020e-01
-6.516162853426537005e-01 4.218267406364288874e-01
-6.495989247373665787e-01 4.240974178001664097e-01
-6.475718689472760303e-01 4.263409250380642002e-01
-6.455352050783804696e-01 4.285570698661239075e-01
-6.434890182831788374e-01 4.307456574635865065e-01
-6.414333917513435068e-01 4.329064906351615116e-01
-6.393684066997475934e-01 4.350393697737642840e-01
-6.372941423618514456e-01 4.371440928237816936e-01
-6.352106759764621913e-01 4.392204552448718546e-01
-6.331180827758708940e-01 4.412682499763176391e-01
-6.310164359733776429e-01 4.432872674019536219e-01
-6.289058067502124594e-01 4.452772953156858282e-01
-6.267862642418606800e-01 4.472381188876281000e-01
-6.246578755237993663e-01 4.491695206308829458e-01
-6.225207055966529568e-01 4.510712803689991279e-01
-6.203748173707739344e-01 4.529431752041336301e-01
-6.182202716502562811e-01 4.547849794859610828e-01
-6.160571271163878260e-01 4.565964647813589017e-01
-6.138854403105467039e-01 4.583773998449212073e-01
-6.117052656165451463e-01 4.601275505903424934e-01
-6.095166552424315931e-01 4.618466800627122337e-01
-6.073196592017471307e-01 4.635345484117847636e-01
-6.051143252942470241e-01 4.651909128662652382e-01
-6.029006990860873438e-01 4.668155277091813327e-01
-6.006788238894800180e-01 4.684081442543915896e-01
-5.984487407418205285e-01 4.699685108242995790e-01
-5.962104883842864744e-01 4.714963727288401518e-01
-5.939641032399149978e-01 4.729914722458078424e-01
-5.917096193911528523e-01 4.744535486025984738e-01
-5.894470685568877766e-01 4.758823379594443459e-01
-5.871764800689543984e-01 4.772775733942210552e-01
-5.848978808481222202e-01 4.786389848889066601e-01
-5.826112953795596905e-01 4.799662993177825077e-01
-5.803167456877800223e-01 4.812592404374628208e-01
-5.780142513110650970e-01 4.825175288788423611e-01
-5.757038292753688946e-01 4.837408821410636994e-01
-5.733854940677011180e-01 4.849290145875947977e-01
-5.710592576089904560e-01 4.860816374445221522e-01
-5.687251292264301483e-01 4.871984588011591955e-01
-5.663831156253038568e-01 4.882791836130806473e-01
-5.640332208602971686e-01 4.893235137076866748e-01
-5.616754463062938463e-01 4.903311477924116590e-01
-5.593097906286623733e-01 4.913017814656910343e-01
-5.569362497530344625e-01 4.922351072308014386e-01
-5.545548168345819651e-01 4.931308145126938047e-01
-5.521654822267992868e-01 4.939885896779380170e-01
-5.497682334497949741e-01 4.948081160579085314e-01
-5.473630551581053494e-01 4.955890739753281982e-01
-5.449499291080384111e-01 4.963311407743050685e-01
-5.425288341245619872e-01 4.970339908539826990e-01
-5.400997460677480211e-01 4.976972957059460079e-01
-5.376626377987920868e-01 4.983207239555045298e-01
-5.352174791456260072e-01 4.989039414069917910e-01
-5.327642368681442253e-01 4.994466110932180292e-01
-5.303028746230682433e-01 4.999483933292089288e-01
-5.278333529284771064e-01 5.004089457703709831e-01
-5.253556291280337964e-01 5.008279234752188724e-01
-5.228696573549397320e-01 5.012049789728089122e-01
-5.203753884956561215e-01 5.015397623350137390e-01
-5.178727701534326933e-01 5.018319212537794005e-01
-5.153617466116873214e-01 5.020811011235100096e-01
-5.128422587972867319e-01 5.022869451287147458e-01
-5.103142442437822446e-01 5.024490943370589768e-01
-5.077776370546567275e-01 5.025671877979620561e-01
-5.052323678666470474e-01 5.026408626468797936e-01
-5.026783638132104048e-01 5.026697542154056064e-01
-5.001155484882059410e-01 5.026534961473362317e-01
-4.975438419098723308e-01 5.025917205208315641e-01
-4.949631604851842948e-01 5.024840579768031779e-01
-4.923734169746798450e-01 5.023301378536652040e-01
-4.897745204578527467e-01 5.021295883285784578e-01
-4.871663762992155533e-01 5.018820365653137161e-01
-4.845488861151400206e-01 5.015871088688562685e-01
-4.819219477415928599e-01 5.012444308468770870e-01
-4.792854552028875115e-01 5.008536275781861891e-01
-4.766392986815839450e-01 5.004143237882794359e-01
-4.739833644896728204e-01 4.999261440320887928e-01
-4.713175350411867304e-01 4.993887128840419631e-01
-4.686416888263933433e-01 4.988016551355268224e-01
-4.659557003877262127e-01 4.981645959998545203e-01
-4.632594402976233372e-01 4.974771613248075153e-01
-4.605527751384463353e-01 4.967389778128527555e-01
-4.578355674846626977e-01 4.959496732490898396e-01
-4.551076758874824102e-01 4.951088767370029897e-01
-4.523689548621465106e-01 4.942162189420662433e-01
-4.496192548780724718e-01 4.932713323432552643e-01
-4.468584223520718490e-01 4.922738514924994702e-01
-4.440862996448595168e-01 4.912234132821035604e-01
-4.413027250610859209e-01 4.901196572201514945e-01
-4.385075328531267136e-01 4.889622257139006334e-01
-4.357005532288740768e-01 4.877507643611602162e-01
-4.328816123637805879e-01 4.864849222496293035e-01
-4.300505324174140886e-01 4.851643522641636563e-01
-4.272071315547864567e-01 4.837887114019248092e-01
-4.243512239727280089e-01 4.823576610953439481e-01
-4.214826199315832578e-01 4.808708675428291501e-01
-4.186011257925102980e-01 4.793280020471116787e-01
-4.157065440606709239e-01 4.777287413611301936e-01
-4.127986734346021369e-01 4.760727680413122109e-01
-4.098773088620648042e-01 4.743597708081133124e-01
-4.069422416026685085e-01 4.725894449136393005e-01
-4.039932592975732928e-01 4.707614925161668351e-01
-4.010301460465717782e-01 4.688756230613514986e-01
-3.980526824928547480e-01 4.669315536698961377e-01
-3.950606459157671169e-01 4.649290095314185245e-01
-3.920538103318548795e-01 4.628677243042507161e-01
-3.890319466045072394e-01 4.607474405208663026e-01
-3.859948225624921236e-01 4.585679099986083029e-01
-3.829422031276810134e-01 4.563288942553722638e-01
-3.798738504522530812e-01 4.540301649298676412e-01
-3.767895240656612410e-01 4.516715042060550633e-01
-3.736889810316394445e-01 4.492527052413321509e-01
-3.705719761155148451e-01 4.467735725980097605e-01
-3.674382619620841228e-01 4.442339226775991468e-01
-3.642875892842972196e-01 4.416335841573912346e-01
-3.611197070629790784e-01 4.389723984287968728e-01
-3.579343627578064346e-01 4.362502200368683636e-01
-3.547313025297376132e-01 4.334669171204141302e-01
-3.515102714750729662e-01 4.306223718520708066e-01
-3.482710138713099868e-01 4.277164808776827143e-01
-3.450132734349231067e-01 4.247491557542980023e-01
-3.417367935911866939e-01 4.217203233860709610e-01
-3.384413177561220731e-01 4.186299264573262180e-01
-3.351265896306275804e-01 4.154779238620101567e-01
-3.317923535068189600e-01 4.122642911287342504e-01
-3.284383545865722231e-01 4.089890208405813632e-01
-3.250643393122286673e-01 4.056521230488234764e-01
-3.216700557093852830e-01 4.022536256796654386e-01
-3.182552537416519778e-01 3.987935749331182333e-01
-3.148196856772191854e-01 3.952720356730679563e-01
-3.113631064670334125e-01 3.916890918075939809e-01
-3.078852741343345856e-01 3.880448466585591505e-01
-3.043859501752602115e-01 3.843394233194830090e-01
-3.008648999701736271e-01 3.805729650006885456e-01
-2.973218932053203201e-01 3.767456353606967179e-01
-2.937567043043625148e-01 3.728576188228222010e-01
-2.901691128692893695e-01 3.689091208759245899e-01
-2.865589041301408457e-01 3.649003683582503488e-01
-2.829258694029243570e-01 3.608316097232918129e-01
-2.792698065550434094e-01 3.567031152865893229e-01
-2.755905204774979356e-01 3.525151774524039050e-01
-2.718878235630475260e-01 3.482681109191793078e-01
-2.681615361894708061e-01 3.439622528627230280e-01
-2.644114872069829314e-01 3.395979630960430651e-01
-2.606375144288135548e-01 3.351756242047871370e-01
-2.568394651238748994e-01 3.306956416572476853e-01
-2.530171965103881204e-01 3.261584438879162606e-01
-2.491705762492660292e-01 3.215644823535867003e-01
-2.452994829359852469e-01 3.169142315610509186e-01
-2.414038065896153551e-01 3.122081890654496705e-01
-2.374834491376072720e-01 3.074468754383852809e-01
-2.335383248948792734e-01 3.026308342049510713e-01
-2.295683610356800686e-01 2.977606317488799004e-01
-2.255734980566460046e-01 2.928368571850725188e-01
-2.215536902294161781e-01 2.878601221988336123e-01
-2.175089060411154462e-01 2.828310608512175639e-01
-2.134391286209658123e-01 2.777503293499621329e-01
-2.093443561512481899e-01 2.726186057855948253e-01
-2.052246022607936704e-01 2.674365898323847746e-01
-2.010798963991564658e-01 2.622050024139398472e-01
-1.969102841895983280e-01 2.569245853333704810e-01
-1.927158277590020341e-01 2.515961008680971389e-01
-1.884966060428258094e-01 2.462203313295225626e-01
-1.842527150632271293e-01 2.407980785879912655e-01
-1.799842681785014664e-01 2.353301635636426692e-01
-1.756913963020289571e-01 2.298174256839978502e-01
-1.713742480889742237e-01 2.242607223093754099e-01
-1.670329900890661912e-01 2.186609281274965455e-01
-1.626678068638873487e-01 2.130189345189759664e-01
-1.582789010672257801e-01 2.073356488957194266e-01
-1.538664934872002454e-01 2.016119940146479106e-01
-1.494308230490562217e-01 1.958489072695991651e-01
-1.449721467777474182e-01 1.900473399647142347e-01
-1.404907397196727414e-01 1.842082565731431865e-01
-1.359868948232396402e-01 1.783326339854724440e-01
-1.314609227782477241e-01 1.724214607528673782e-01
-1.269131518144716586e-01 1.664757363306022808e-01
-1.223439274602270976e-01 1.604964703283198180e-01
-1.177536122621653802e-01 1.544846817741112044e-01
-1.131425854680176424e-01 1.484413984002338482e-01
-1.085112426745317160e-01 1.423676559590555390e-01
-1.038599954433663264e-01 1.362644975785367030e-01
-9.918927088824769367e-02 1.301329731672700163e-01
-9.449951123720590207e-02 1.239741388796961608e-01
-8.979117337419939560e-02 1.177890566526360872e-01
-8.506472836485257094e-02 1.115787938245916822e-01
-8.032066097137141591e-02 1.053444228494027080e-01
-7.555946916189898444e-02 9.908702111566516924e-02
-7.078166361963283970e-02 9.280767088282526611e-02
-6.598776725687005573e-02 8.650745934395487335e-02
-6.117831473877805015e-02 8.018747882384893999e-02
-5.635385202105913649e-02 7.384882711923232423e-02
-5.151493590477534967e-02 6.749260798545977935e-02
-4.666213361042753638e-02 6.111993177117669429e-02
-4.179602237194512959e-02 5.473191619897188609e-02
-3.691718904957691505e-02 4.832968728617051402e-02
-3.202622975884084067e-02 4.191438039569506113e-02
-2.712374951076840235e-02 3.548714140249178972e-02
-2.221036185676805719e-02 2.904912795657363378e-02
-1.728668852965609126e-02 2.260151081946132345e-02
-1.235335907088003227e-02 1.614547524695778002e-02
-7.411010432824105543e-03 9.682222387978306477e-03
-2.460286544452461310e-03 3.212970666824105370e-03
2.498162171518547581e-03 -3.261042885042253481e-03
7.463679341130124989e-03 -9.738561381792271154e-03
1.243560325135412148e-02 -1.621830695360093610e-02
1.741326754005684263e-02 -2.269897976531801143e-02
2.239600196949959043e-02 -2.917925721077938017e-02
2.738313328632541177e-02 -3.565779330576718253e-02
3.237398616793929484e-02 -4.213321829758936987e-02
3.736788425204728981e-02 -4.860413850374092903e-02
4.236415124308101632e-02 -5.506913638644425624e-02
4.736211208642454595e-02 -6.152677086427293940e-02
5.236109419895057515e-02 -6.797557785683588927e-02
5.736042874243868495e-02 -7.441407105379727049e-02
6.235945192507152957e-02 -8.084074289550902126e-02
6.735750631539177968e-02 -8.725406574931263148e-02
7.235394215286888864e-02 -9.365249326317598433e-02
7.734811863949198063e-02 -1.000344618767317062e-01
8.233940519754817666e-02 -1.063983924689578531e-01
8.732718267983730076e-02 -1.127426921215501088e-01
9.231084451996979245e-02 -1.190657559774343233e-01
9.728979781197971688e-02 -1.253659691746966398e-01
1.022634643101760776e-01 -1.316417088373798283e-01
1.072312813418909161e-01 -1.378913461059903811e-01
1.121927026275020278e-01 -1.441132481921058861e-01
1.171471990037303845e-01 -1.503057804430568689e-01
1.220942590477549772e-01 -1.564673084042520479e-01
1.270333896010736874e-01 -1.625961998682471654e-01
1.319641161932811890e-01 -1.686908269010978789e-01
1.368859833670276749e-01 -1.747495678378732098e-01
1.417985549063512651e-01 -1.807708092404085864e-01
1.467014139713658516e-01 -1.867529478114575980e-01
1.515941631429292835e-01 -1.926943922603522041e-01
1.564764243814374678e-01 -1.985935651161113702e-01
1.613478389042892203e-01 -2.044489044846547199e-01
1.662080669868759852e-01 -2.102588657473983547e-01
1.710567876921574026e-01 -2.160219231990348487e-01
1.758936985340265324e-01 -2.217365716227524541e-01
1.807185150797335216e-01 -2.274013278015265260e-01
1.855309704966678630e-01 -2.330147319644499393e-01
1.903308150487515171e-01 -2.385753491673370252e-01
1.951178155476520071e-01 -2.440817706070891324e-01
1.998917547639036951e-01 -2.495326148694990143e-01
2.046524308029222250e-01 -2.549265291103683384e-01
2.093996564507451530e-01 -2.602621901699617712e-01
2.141332584941693373e-01 -2.655383056209635884e-01
2.188530770197931741e-01 -2.707536147502356272e-01
2.235589646962757859e-01 -2.759068894747855882e-01
2.282507860439531577e-01 -2.809969351924693770e-01
2.329284166957326929e-01 -2.860225915680416620e-01
2.375917426530109455e-01 -2.909827332552731294e-01
2.422406595401387364e-01 -2.958762705559320749e-01
2.468750718607619632e-01 -3.007021500165141248e-01
2.514948922591634939e-01 -3.054593549636840377e-01
2.561000407895175357e-01 -3.101469059794631500e-01
2.606904441957780261e-01 -3.147638613172704658e-01
2.652660352047075953e-01 -3.193093172599869023e-01
2.698267518343643312e-01 -3.237824084212762576e-01
2.743725367201610421e-01 -3.281823079914523156e-01
2.789033364604225906e-01 -3.325082279292348453e-01
2.834191009831719121e-01 -3.367594191007843851e-01
2.879197829356979210e-01 -3.409351713674528828e-01
2.924053370982723776e-01 -3.450348136237233465e-01
2.968757198232064853e-01 -3.490577137868490221e-01
3.013308885002727311e-01 -3.530032787397334171e-01
3.057708010493474515e-01 -3.568709542286167546e-01
3.101954154409755637e-01 -3.606602247171611375e-01
3.146046892454023580e-01 -3.643706131985389174e-01
3.189985792104705342e-01 -3.680016809671460831e-01
3.233770408686491571e-01 -3.715530273515727511e-01
3.277400281733117149e-01 -3.750242894104641178e-01
3.320874931642778249e-01 -3.784151415929145612e-01
3.364193856624854151e-01 -3.817252953650275837e-01
3.407356529935784972e-01 -3.849544988042779003e-01
3.450362397400630887e-01 -3.881025361632964854e-01
3.493210875216075095e-01 -3.911692274046945084e-01
3.535901348029578672e-01 -3.941544277085238801e-01
3.578433167288666006e-01 -3.970580269539580320e-01
3.620805649853480745e-01 -3.998799491767566772e-01
3.663018076865076633e-01 -4.026201520040583737e-01
3.705069692861337471e-01 -4.052786260680195096e-01
3.746959705131744922e-01 -4.078553943997959563e-01
3.788687283301890307e-01 -4.103505118053353828e-01
3.830251559137977102e-01 -4.127640642244196911e-01
3.871651626561434800e-01 -4.150961680743703308e-01
3.912886541863268564e-01 -4.173469695797946133e-01
3.953955324107666369e-01 -4.195166440897231674e-01
3.994856955714028990e-01 -4.216053953834535406e-01
4.035590383206679177e-01 -4.236134549663840287e-01
4.076154518121197223e-01 -4.255410813570848494e-01
4.116548238056449982e-01 -4.273885593668225180e-01
4.156770387861302707e-01 -4.291561993727160407e-01
4.196819780945096889e-01 -4.308443365856693408e-01
4.236695200701093289e-01 -4.324533303141883667e-01
4.276395402032148740e-01 -4.339835632251561881e-01
4.315919112968115701e-01 -4.354354406026030300e-01
4.355265036364640574e-01 -4.368093896054723868e-01
4.394431851673281653e-01 -4.381058585253494453e-01
4.433418216773069020e-01 -4.393253160450795725e-01
4.472222769854004021e-01 -4.404682504991749292e-01
4.510844131343234586e-01 -4.415351691368620823e-01
4.549280905864986901e-01 -4.425265973885993964e-01
4.587531684225674145e-01 -4.434430781368481345e-01
4.625595045415973328e-01 -4.442851709918539393e-01
4.663469558622016509e-01 -4.450534515731539575e-01
4.701153785238215699e-01 -4.457485107974972771e-01
4.738646280874662664e-01 -4.463709541738271613e-01
4.775945597352420080e-01 -4.469214011059425284e-01
4.813050284680367996e-01 -4.474004842034229323e-01
4.849958893007788596e-01 -4.478088486013669378e-01
4.886669974547137585e-01 -4.481471512894636411e-01
4.923182085461966784e-01 -4.484160604508823922e-01
4.959493787715280044e-01 -4.486162548114366322e-01
4.995603650874012036e-01 -4.487484229994454510e-01
5.031510253865777438e-01 -4.488132629166853294e-01
5.067212186684284525e-01 -4.488114811207966071e-01
5.102708052040308973e-01 -4.487437922194769113e-01
5.137996466955438990e-01 -4.486109182767651915e-01
5.173076064296094900e-01 -4.484135882316945820e-01
5.207945494245791451e-01 -4.481525373295598969e-01
5.242603425713827647e-01 -4.478285065660207453e-01
5.277048547678998558e-01 -4.474422421442334485e-01
5.311279570467158928e-01 -4.469944949451796212e-01
5.345295226961763735e-01 -4.464860200113349165e-01
5.379094273746901633e-01 -4.459175760437900093e-01
5.412675492182433823e-01 -4.452899249129226855e-01
5.446037689411200589e-01 -4.446038311826859268e-01
5.479179699298518669e-01 -4.438600616485602335e-01
5.512100383304332496e-01 -4.430593848891938857e-01
5.544798631288622159e-01 -4.422025708317346426e-01
5.577273362250932953e-01 -4.412903903308342812e-01
5.609523525004916911e-01 -4.403236147612897833e-01
5.641548098789110899e-01 -4.393030156242638262e-01
5.673346093815202495e-01 -4.382293641670091944e-01
5.704916551755204734e-01 -4.371034310160075709e-01
5.736258546169139549e-01 -4.359259858234095231e-01
5.767371182874830859e-01 -4.346977969266557218e-01
5.798253600261588092e-01 -4.334196310211365644e-01
5.828904969549617565e-01 -4.320922528457382672e-01
5.859324494997060206e-01 -4.307164248811085061e-01
5.889511414056641803e-01 -4.292929070604591946e-01
5.919464997483898649e-01 -4.278224564927214923e-01
5.949184549399089139e-01 -4.263058271978452107e-01
5.978669407304836314e-01 -4.247437698540332818e-01
6.007918942061568623e-01 -4.231370315566938545e-01
6.036932557822901613e-01 -4.214863555888753166e-01
6.065709691933049985e-01 -4.197924812029520947e-01
6.094249814788315067e-01 -4.180561434133170939e-01
6.122552429664789297e-01 -4.162780727998307007e-01
6.150617072514250605e-01 -4.144589953217757139e-01
6.178443311730313914e-01 -4.125996321420561941e-01
6.206030747886787102e-01 -4.107006994613827122e-01
6.233379013450202066e-01 -4.087629083621740489e-01
6.260487772468372736e-01 -4.067869646619147184e-01
6.287356720236831897e-01 -4.047735687756964240e-01
6.313985582944947605e-01 -4.027234155876748267e-01
6.340374117303421153e-01 -4.006371943311736739e-01
6.366522110154820835e-01 -3.985155884771677259e-01
6.392429378068780199e-01 -3.963592756308761400e-01
6.418095766923395118e-01 -3.941689274361970252e-01
6.443521151474222997e-01 -3.919452094877276527e-01
6.468705434912376262e-01 -3.896887812500978709e-01
6.493648548412943589e-01 -3.874002959843666494e-01
6.518350450675076679e-01 -3.850804006812216240e-01
6.542811127454880582e-01 -3.827297360007304583e-01
6.567030591092232195e-01 -3.803489362184011013e-01
6.591008880032598327e-01 -3.779386291773006445e-01
6.614746058344820323e-01 -3.754994362460002399e-01
6.638242215235773402e-01 -3.730319722821114903e-01
6.661497464562775583e-01 -3.705368456011833844e-01
6.684511944344500023e-01 -3.680146579507425075e-01
6.707285816271142398e-01 -3.654660044892535931e-01
6.729819265214489477e-01 -3.628914737697943038e-01
6.752112498738502833e-01 -3.602916477282347985e-01
6.774165746610945060e-01 -3.576671016757271837e-01
6.795979260316613590e-01 -3.550184042953043462e-01
6.817553312572512958e-01 -3.523461176424098618e-01
6.838888196845468448e-01 -3.496507971491708555e-01
6.859984226872481994e-01 -3.469329916322391183e-01
6.880841736184111213e-01 -3.441932433040386652e-01
6.901461077631220187e-01 -3.414320877872440985e-01
6.921842622915210796e-01 -3.386500541323468338e-01
6.941986762122047683e-01 -3.358476648381454877e-01
6.961893903260125693e-01 -3.330254358750245336e-01
6.981564471802188532e-01 -3.301838767108748462e-01
7.000998910231330807e-01 -3.273234903395275674e-01
7.020197677591215601e-01 -3.244447733115679577e-01
7.039161249040482016e-01 -3.215482157674096619e-01
7.057890115411447063e-01 -3.186343014725097067e-01
7.076384782773026405e-01 -3.157035078546119866e-01
7.094645771997947215e-01 -3.127563060429103259e-01
7.112673618334139913e-01 -3.097931609090283089e-01
7.130468870980335439e-01 -3.068145311097194017e-01
7.148032092665776993e-01 -3.038208691311886089e-01
7.165363859233992994e-01 -3.008126213349515687e-01
7.182464759230577922e-01 -2.977902280051384354e-01
7.199335393494860069e-01 -2.947541233971682217e-01
7.215976374755428413e-01 -2.917047357877093905e-01
7.232388327229366531e-01 -2.886424875258573608e-01
7.248571886225175787e-01 -2.855677950854512703e-01
7.264527697749219026e-01 -2.824810691184719280e-01
7.280256418115653716e-01 -2.793827145094466835e-01
7.295758713559710174e-01 -2.762731304308077007e-01
7.311035259854279378e-01 -2.731527103991387428e-01
7.326086741929638269e-01 -2.700218423322608974e-01
7.340913853496302544e-01 -2.668809086070985659e-01
7.355517296670877059e-01 -2.637302861182785341e-01
7.369897781604819453e-01 -2.605703463374121620e-01
7.384056026116050386e-01 -2.574014553730162302e-01
7.397992755323331560e-01 -2.542239740310255902e-01
7.411708701283341583e-01 -2.510382578758577621e-01
7.425204602630359751e-01 -2.478446572919908164e-01
7.438481204218525544e-01 -2.446435175460120459e-01
7.451539256766599451e-01 -2.414351788491052864e-01
7.464379516505166290e-01 -2.382199764199394720e-01
7.477002744826257707e-01 -2.349982405479238423e-01
7.489409707935301697e-01 -2.317702966568029599e-01
7.501601176505423574e-01 -2.285364653685553749e-01
7.513577925334000707e-01 -2.252970625675695393e-01
7.525340733001488758e-01 -2.220523994650695498e-01
7.536890381532471705e-01 -2.188027826637609363e-01
7.548227656058911217e-01 -2.155485142226749029e-01
7.559353344485584270e-01 -2.122898917221847648e-01
7.570268237157704583e-01 -2.090272083291688232e-01
7.580973126530698991e-01 -2.057607528623003612e-01
7.591468806842147643e-01 -2.024908098574421944e-01
7.601756073785870260e-01 -1.992176596331242111e-01
7.611835724188177332e-01 -1.959415783560855828e-01
7.621708555686266262e-01 -1.926628381068598017e-01
7.631375366408781336e-01 -1.893817069453896940e-01
7.640836954658545288e-01 -1.860984489766471794e-01
7.650094118597454695e-01 -1.828133244162480353e-01
7.659147655933562504e-01 -1.795265896560443997e-01
7.667998363610368795e-01 -1.762384973296734492e-01
7.676647037498303128e-01 -1.729492963780569492e-01
7.685094472088440654e-01 -1.696592321148294169e-01
7.693341460188440895e-01 -1.663685462916877356e-01
7.701388792620754709e-01 -1.630774771636443465e-01
7.709237257923079456e-01 -1.597862595541737207e-01
7.716887642051095675e-01 -1.564951249202434780e-01
7.724340728083505248e-01 -1.532043014172101703e-01
7.731597295929373281e-01 -1.499140139635807834e-01
7.738658122037775922e-01 -1.466244843056196123e-01
7.745523979109807389e-01 -1.433359310817954591e-01
7.752195635812901831e-01 -1.400485698870594098e-01
7.758673856497533272e-01 -1.367626133369449493e-01
7.764959400916258137e-01 -1.334782711314806136e-01
7.771053023945140303e-01 -1.301957501189074107e-01
7.776955475307550936e-01 -1.269152543591940130e-01
7.782667499300346403e-01 -1.236369851873430209e-01
7.788189834522416533e-01 -1.203611412764833966e-01
7.793523213605644262e-01 -1.170879187007365235e-01
7.798668362948213417e-01 -1.138175109978577237e-01
7.803626002450319010e-01 -1.105501092316417133e-01
7.808396845252237872e-01 -1.072859020540922470e-01
7.812981597474761841e-01 -1.040250757673458065e-01
7.817380957961987953e-01 -1.007678143853486807e-01
7.821595618026448982e-01 -9.751429969528344066e-02
7.825626261196569899e-01 -9.426471131873612186e-02
7.829473562966431377e-01 -9.101922677260901318e-02
7.833138190547809243e-01 -8.777802152977001726e-02
7.836620802624508775e-01 -8.454126907943565472e-02
7.839922049108911661e-01 -8.130914098728839190e-02
7.843042570900746746e-01 -7.808180695532696003e-02
7.845982999648050127e-01 -7.485943488144086722e-02
7.848743957510269098e-01 -7.164219091871745770e-02
7.851326056923485508e-01 -6.843023953447199825e-02
7.853729900367723005e-01 -6.522374356900612069e-02
7.855956080136288211e-01 -6.202286429408805646e-02
7.858005178107119182e-01 -5.882776147115795218e-02
7.859877765516085635e-01 -5.563859340926047975e-02
7.861574402732194322e-01 -5.245551702269825312e-02
7.863095639034665130e-01 -4.927868788841070768e-02
7.864442012391812398e-01 -4.610826030308000367e-02
7.865614049241675954e-01 -4.294438733996343294e-02
7.866612264274375210e-01 -3.978722090544933865e-02
7.867437160216097514e-01 -3.663691179534812187e-02
7.868089227614678549e-01 -3.349360975090729525e-02
7.868568944626710415e-01 -3.035746351456326819e-02
7.868876776806121853e-01 -2.722862088542615105e-02
7.869013176894172901e-01 -2.410722877449793244e-02
7.868978584610762939e-01 -2.099343325963452800e-02
7.868773426447048802e-01 -1.788737964024460225e-02
7.868398115459244169e-01 -1.478921249173492658e-02
7.867853051063573577e-01 -1.169907571970174587e-02
7.867138618832296704e-01 -8.617112613872976445e-03
7.866255190290725174e-01 -5.543465901802976936e-03
7.865203122715185291e-01 -2.478277802325914991e-03
7.863982758931822303e-01 5.783099212345182982e-04
7.862594427116214035e-01 3.626155908087333457e-03
7.861038440593681731e-01 6.665119147229336960e-03
7.859315097640251491e-01 9.695058924931262978e-03
7.857424681284187473e-01 1.271583477244531135e-02
7.855367459108029138e-01 1.572730641393435547e-02
7.853143683051040380e-01 1.872933371461785179e-02
7.850753589212029482e-01 2.172177662912706808e-02
7.848197397652438845e-01 2.470449515007250296e-02
7.845475312199661211e-01 2.767734925680997993e-02
7.842587520250485777e-01 3.064019886440871171e-02
7.839534192574622029e-01 3.359290377281541617e-02
7.836315483118236891e-01 3.653532361620698971e-02
7.832931528807417498e-01 3.946731781253082910e-02
7.829382449351518503e-01 4.238874551322688311e-02
7.825668347046315088e-01 4.529946555313110051e-02
7.821789306576903966e-01 4.819933640055103219e-02
7.817745394820287963e-01 5.108821610751249770e-02
7.813536660647597554e-01 5.396596226017540132e-02
7.809163134725880528e-01 5.683243192941315330e-02
7.804624829319410928e-01 5.968748162155422532e-02
7.799921738090465073e-01 6.253096722927847795e-02
7.795053835899522499e-01 6.536274398267349905e-02
7.790021078604831839e-01 6.818266640044035043e-02
7.784823402861311692e-01 7.099058824125512035e-02
7.779460725918735386e-01 7.378636245527522841e-02
7.773932945419177454e-01 7.656984113579878848e-02
7.768239939193671839e-01 7.934087547107029903e-02
7.762381565058057431e-01 8.209931569623288294e-02
7.756357660607995363e-01 8.484501104543126782e-02
7.750168043013110353e-01 8.757780970406231491e-02
7.743812508810263839e-01 9.029755876117503965e-02
7.737290833695930070e-01 9.300410416202575803e-02
7.730602772317654026e-01 9.569729066078710988e-02
7.723748058064611177e-01 9.837696177341667680e-02
7.716726402857236877e-01 1.010429597306878452e-01
7.709537496935950918e-01 1.036951254313926707e-01
7.702181008648963934e-01 1.063332983957141764e-01
7.694656584239192298e-01 1.089573167187839892e-01
7.686963847630279290e-01 1.115670170244303233e-01
7.679102400211769153e-01 1.141622344191200178e-01
7.671071820623421855e-01 1.167428024461131530e-01
7.662871664538732919e-01 1.193085530398349942e-01
7.654501464447671655e-01 1.218593164804828155e-01
7.645960729438692205e-01 1.243949213488734773e-01
7.637248944980041809e-01 1.269151944815554156e-01
7.628365572700432917e-01 1.294199609261953987e-01
7.619310050169136872e-01 1.319090438972583823e-01
7.610081790675549129e-01 1.343822647320022101e-01
7.600680183008283741e-01 1.368394428468031887e-01
7.591104591233897025e-01 1.392803956938379051e-01
7.581354354475284829e-01 1.417049387181440467e-01
7.571428786689858859e-01 1.441128853150830946e-01
7.561327176447582010e-01 1.465040467882360864e-01
7.551048786708941529e-01 1.488782323077558201e-01
7.540592854602988782e-01 1.512352488692103591e-01
7.529958591205524465e-01 1.535749012529465107e-01
7.519145181317546944e-01 1.558969919840091090e-01
7.508151783244086941e-01 1.582013212926521306e-01
7.496977528573542937e-01 1.604876870754782248e-01
7.485621521957643854e-01 1.627558848572486228e-01
7.474082840892186663e-01 1.650057077534027306e-01
7.462360535498663294e-01 1.672369464333316458e-01
7.450453628306961118e-01 1.694493890844563089e-01
7.438361114039238053e-01 1.716428213771512556e-01
7.426081959395198773e-01 1.738170264305700652e-01
7.413615102838861937e-01 1.759717847794231294e-01
7.400959454387061598e-01 1.781068743417627553e-01
7.388113895399803788e-01 1.802220703878321117e-01
7.375077278372712541e-01 1.823171455100396909e-01
7.361848426731721906e-01 1.843918695941182684e-01
7.348426134630231532e-01 1.864460097915361381e-01
7.334809166748943454e-01 1.884793304932207147e-01
7.320996258098572129e-01 1.904915933046741061e-01
7.306986113825679752e-01 1.924825570225393301e-01
7.292777409021835577e-01 1.944519776127032196e-01
7.278368788536386802e-01 1.963996081899993806e-01
7.263758866793037505e-01 1.983251989996017983e-01
7.248946227610544302e-01 2.002284974001833362e-01
7.233929424027776278e-01 2.021092478489221467e-01
7.218706978133391239e-01 2.039671918884425894e-01
7.203277380900485749e-01 2.058020681357826120e-01
7.187639092026453236e-01 2.076136122734724698e-01
7.171790539778393203e-01 2.094015570428170436e-01
7.155730120844402409e-01 2.111656322394836471e-01
7.139456200191052204e-01 2.129055647114862226e-01
7.122967110927447276e-01 2.146210783596656235e-01
7.106261154176183314e-01 2.163118941407710660e-01
7.089336598951606616e-01 2.179777300732426704e-01
7.072191682045765315e-01 2.196183012458046979e-01
7.054824607922457469e-01 2.212333198289734015e-01
7.037233548619779011e-01 2.228224950895919543e-01
7.019416643661651189e-01 2.243855334085018416e-01
7.001371999978758254e-01 2.259221383014660411e-01
6.983097691839363907e-01 2.274320104434581213e-01
6.964591760790534991e-01 2.289148476964314449e-01
6.945852215610245350e-01 2.303703451406938496e-01
6.926877032270947199e-01 2.317981951099964133e-01
6.907664153915108463e-01 2.331980872304670604e-01
6.888211490843350049e-01 2.345697084635053331e-01
6.868516920515763680e-01 2.359127431527619778e-01
6.848578287567019807e-01 2.372268730753272492e-01
6.828393403835981701e-01 2.385117774972538018e-01
6.807960048410430787e-01 2.397671332335374328e-01
6.787275967687668166e-01 2.409926147126807139e-01
6.766338875451705093e-01 2.421878940459658291e-01
6.745146452967816231e-01 2.433526411015616842e-01
6.723696349095262814e-01 2.444865235835900208e-01
6.701986180418983974e-01 2.455892071162754098e-01
6.680013531401161053e-01 2.466603553333051035e-01
6.657775954553522002e-01 2.476996299725162387e-01
6.635270970631323983e-01 2.487066909760408118e-01
6.612496068849984532e-01 2.496811965960192281e-01
6.589448707125357130e-01 2.506228035060082959e-01
6.566126312338702586e-01 2.515311669181962695e-01
6.542526280627423141e-01 2.524059407065419869e-01
6.518645977702692829e-01 2.532467775359481532e-01
6.494482739195130971e-01 2.540533289975757114e-01
6.470033871029704509e-01 2.548252457504058266e-01
6.445296649831151470e-01 2.555621776691535119e-01
6.420268323361151275e-01 2.562637739986253216e-01
6.394946110988594112e-01 2.569296835146173130e-01
6.369327204194324965e-01 2.575595546914378753e-01
6.343408767111763380e-01 2.581530358761416899e-01
6.317187937104853379e-01 2.587097754695483753e-01
6.290661825384860073e-01 2.592294221141150934e-01
6.263827517667530653e-01 2.597116248887321732e-01
6.236682074872240689e-01 2.601560335104883825e-01
6.209222533864715565e-01 2.605622985434634664e-01
6.181445908245040144e-01 2.609300716145829813e-01
6.153349189182650836e-01 2.612590056365666769e-01
6.124929346300055366e-01 2.615487550379943515e-01
6.096183328607107654e-01 2.617989760004973410e-01
6.067108065487636370e-01 2.620093267030806916e-01
6.037700467740333421e-01 2.621794675735643620e-01
6.007957428675769762e-01 2.623090615471189158e-01
5.977875825271518062e-01 2.623977743318680611e-01
5.947452519387319558e-01 2.624452746815042481e-01
5.916684359042301278e-01 2.624512346748601455e-01
5.885568179756280882e-01 2.624153300023596147e-01
5.854100805957168641e-01 2.623372402592623054e-01
5.822279052456562631e-01 2.622166492455867415e-01
5.790099725995582203e-01 2.620532452726040962e-01
5.757559626863040236e-01 2.618467214757524975e-01
5.724655550588021447e-01 2.615967761338224284e-01
5.691384289708966149e-01 2.613031129942366970e-01
5.657742635621334504e-01 2.609654416042354041e-01
5.623727380505890716e-01 2.605834776477477521e-01
5.589335319339685526e-01 2.601569432877309240e-01
5.554563251991722073e-01 2.596855675137090813e-01
5.519407985405290207e-01 2.591690864942504113e-01
5.483866335868927688e-01 2.586072439340852402e-01
5.447935131377846796e-01 2.579997914355445787e-01
5.411611214087684862e-01 2.573464888639828141e-01
5.374891442862331781e-01 2.566471047168256137e-01
5.337772695917468724e-01 2.559014164958497428e-01
5.300251873561432348e-01 2.551092110822945069e-01
5.262325901034867748e-01 2.542702851143656684e-01
5.223991731450516873e-01 2.533844453666757035e-01
5.185246348834398056e-01 2.524515091311416715e-01
5.146086771269461346e-01 2.514713045988336004e-01
5.106510054142656685e-01 2.504436712422388189e-01
5.066513293496190951e-01 2.493684601973928106e-01
5.026093629483577852e-01 2.482455346452935863e-01
4.985248249930871456e-01 2.470747701919989991e-01
4.943974394003279871e-01 2.458560552467754512e-01
4.902269355977124654e-01 2.445892913976501770e-01
4.860130489116870622e-01 2.432743937836914505e-01
4.817555209656697590e-01 2.419112914633213818e-01
4.774541000885832442e-01 2.404999277779436839e-01
4.731085417336521326e-01 2.390402607101438925e-01
4.687186089073300255e-01 2.375322632357076413e-01
4.642840726081799430e-01 2.359759236686759243e-01
4.598047122755106741e-01 2.343712459986450058e-01
4.552803162475244081e-01 2.327182502194943547e-01
4.507106822287034187e-01 2.310169726487221187e-01
4.460956177661199451e-01 2.292674662365438154e-01
4.414349407343182152e-01 2.274698008639047253e-01
4.367284798283741498e-01 2.256240636285477275e-01
4.319760750646956526e-01 2.237303591182663309e-01
4.271775782890832596e-01 2.217888096704684897e-01
4.223328536915302855e-01 2.197995556171815634e-01
4.174417783271888172e-01 2.177627555146171845e-01
4.125042426428877640e-01 2.156785863564279482e-01
4.075201510085378342e-01 2.135472437697841230e-01
4.024894222527101162e-01 2.113689421934145940e-01
3.974119902016320927e-01 2.091439150367667976e-01
3.922878042207878502e-01 2.068724148194515944e-01
3.871168297582663897e-01 2.045547132901631149e-01
3.818990488889506540e-01 2.021911015242814913e-01
3.766344608585917575e-01 1.997818899993983044e-01
3.713230826267672202e-01 1.973274086480314993e-01
3.659649494076689935e-01 1.948280068868299408e-01
3.605601152076322591e-01 1.922840536216134932e-01
3.551086533582595295e-01 1.896959372276322831e-01
3.496106570439607708e-01 1.870640655044795153e-01
3.440662398226884133e-01 1.843888656051470010e-01
3.384755361386065919e-01 1.816707839387690093e-01
3.328387018254008178e-01 1.789102860466662281e-01
3.271559145989080819e-01 1.761078564513706979e-01
3.214273745377116964e-01 1.732639984783847509e-01
3.156533045503314150e-01 1.703792340505135838e-01
3.098339508276191645e-01 1.674541034546917495e-01
3.039695832789604535e-01 1.644891650813241069e-01
2.980604959508718621e-01 1.614849951362529734e-01
2.921070074265995631e-01 1.584421873255807411e-01
2.861094612053157737e-01 1.553613525136801066e-01
2.800682260595463990e-01 1.522431183548543787e-01
2.739836963694789462e-01 1.490881288992322307e-01
2.678562924328385941e-01 1.458970441736208712e-01
2.616864607490734795e-01 1.426705397381872187e-01
2.554746742766469403e-01 1.394093062199894262e-01
2.492214326623020393e-01 1.361140488245382030e-01
2.429272624412553150e-01 1.327854868267471233e-01
2.365927172073709062e-01 1.294243530428028643e-01
2.302183777524767772e-01 1.260313932846779950e-01
2.238048521741147767e-01 1.226073657992068910e-01
2.173527759511516000e-01 1.191530406938479114e-01
2.108628119868357631e-01 1.156691993514702976e-01
2.043356506190482369e-01 1.121566338367206983e-01
1.977720095976737702e-01 1.086161462967484281e-01
1.911726340292093096e-01 1.050485483592947800e-01
1.845382962889134393e-01 1.014546605313731420e-01
1.778697959010017704e-01 9.783531160198866150e-02
1.711679593875782279e-01 9.419133805254981118e-02
1.644336400871803106e-01 9.052358347882161205e-02
1.576677179439726073e-01 8.683289802842841798e-02
1.508710992687685160e-01 8.312013785805960620e-02
1.440447164731392948e-01 7.938616461459968576e-02
1.371895277779347500e-01 7.563184494445446271e-02
1.303065168975010568e-01 7.185805003528722423e-02
1.233966927007939529e-01 6.806565519426355237e-02
1.164610888503843367e-01 6.425553946666817673e-02
1.095007634200635960e-01 6.042858529842276560e-02
1.025167984913352703e-01 5.658567824555499337e-02
9.551029972855401562e-02 5.272770673306909073e-02
8.848239593181958518e-02 4.885556186491013531e-02
8.143423856597398203e-02 4.497013728581977787e-02
7.436700126319248372e-02 4.107232909484165306e-02
6.728187929575654702e-02 3.716303580908664195e-02
6.018008901465482507e-02 3.324315837510993799e-02
5.306286724875186600e-02 2.931360022393908471e-02
4.593147065846744925e-02 2.537526736447870412e-02
3.878717503724610216e-02 2.142906850872283719e-02
3.163127455369060814e-02 1.747591522104002815e-02
2.446508092709370752e-02 1.351672208277004961e-02
1.728992252934893892e-02 9.552406862595341774e-03
1.010714340681395651e-02 5.583890682629211177e-03
2.918102216729195897e-03 1.612098169979980788e-03
-4.275828925807162451e-03 -2.362042416304166448e-03
-1.147326569256260087e-02 -6.337599092508583443e-03
-1.867281287882019414e-02 -1.031363610052232760e-02
-2.587306582998397109e-02 -1.428921390877485598e-02
-3.307261195389121777e-02 -1.826338927016385449e-02
-4.027003231236445102e-02 -2.223521534180122883e-02
-4.746390328346739018e-02 -2.620374186980722886e-02
-5.465279828414629226e-02 -3.016801544079167341e-02
-6.183528954147402001e-02 -3.412707980011514541e-02
-6.900994989969333471e-02 -3.807997623561809597e-02
-7.617535464962715830e-02 -4.202574402426206834e-02
-8.333008336685893136e-02 -4.596342093808802876e-02
-9.047272174530379685e-02 -4.989204380508605041e-02
-9.760186341337648286e-02 -5.381064911996391587e-02
-1.047161117208326997e-01 -5.771827369942361674e-02
-1.118140814854614307e-01 -6.161395537634556385e-02
-1.188944006900598260e-01 -6.549673372724995613e-02
-1.259557121214518460e-01 -6.936565082749029942e-02
-1.329966749446759855e-01 -7.321975202883529432e-02
-1.400159662067867461e-01 -7.705808675435310562e-02
-1.470122822659898354e-01 -8.087970930583598950e-02
-1.539843401429757952e-01 -8.468367967933182472e-02
-1.609308787923788842e-01 -8.846906438470425460e-02
-1.678506602931899017e-01 -9.223493726547871141e-02
-1.747424709577550805e-01 -9.598038031556260785e-02
-1.816051223596509279e-01 -9.970448448973301403e-02
-1.884374522812717889e-01 -1.034063505050683562e-01
-1.952383255824113317e-01 -1.070850896307579125e-01
-2.020066349914578230e-01 -1.107398244639571927e-01
-2.087413018210998727e-01 -1.143696896895665671e-01
-2.154412766106179600e-01 -1.179738328220009125e-01
-2.221055396969918161e-01 -1.215514149271882949e-01
-2.287331017171326808e-01 -1.251016113231902538e-01
-2.353230040436071202e-01 -1.286236122579807462e-01
-2.418743191562467698e-01 -1.321166235630472641e-01
-2.483861509520370880e-01 -1.355798672816042605e-01
-2.548576349956734322e-01 -1.390125822703225933e-01
-2.612879387131331610e-01 -1.424140247735843912e-01
-2.676762615305980919e-01 -1.457834689693848773e-01
-2.740218349610139548e-01 -1.491202074860980831e-01
-2.803239226405311868e-01 -1.524235518894253849e-01
-2.865818203170419909e-01 -1.556928331389422215e-01
-2.927948557929714868e-01 -1.589274020137527721e-01
-2.989623888244499206e-01 -1.621266295068550800e-01
-3.050838109789537622e-01 -1.652899071879120052e-01
-3.111585454534498973e-01 -1.684166475342115943e-01
-3.171860468550591894e-01 -1.715062842296904422e-01
-3.231658009462013426e-01 -1.745582724319772183e-01
-3.290973243561512440e-01 -1.775720890075006275e-01
-3.349801642609094854e-01 -1.805472327347838468e-01
-3.408138980332384160e-01 -1.834832244761326892e-01
-3.465981328646888238e-01 -1.863796073179933011e-01
-3.523325053614117519e-01 -1.892359466803353873e-01
-3.580166811154975037e-01 -1.920518303954859840e-01
-3.636503542535620137e-01 -1.948268687569006397e-01
-3.692332469642595205e-01 -1.975606945384303093e-01
-3.747651090063561230e-01 -2.002529629846954151e-01
-3.802457171989698237e-01 -2.029033517732397041e-01
-3.856748748955366457e-01 -2.055115609491839357e-01
-3.910524114430183884e-01 -2.080773128331515343e-01
-3.963781816278398873e-01 -2.106003519032803306e-01
-4.016520651099826367e-01 -2.130804446521753492e-01
-4.068739658466323794e-01 -2.155173794196945103e-01
-4.120438115067284190e-01 -2.179109662024886207e-01
-4.171615528777175008e-01 -2.202610364412496413e-01
-4.222271632657704221e-01 -2.225674427866403127e-01
-4.272406378906720148e-01 -2.248300588449005377e-01
-4.322019932765528982e-01 -2.270487789041446269e-01
-4.371112666395785551e-01 -2.292235176423720044e-01
-4.419685152736655964e-01 -2.313542098182266860e-01
-4.467738159352564464e-01 -2.334408099455442254e-01
-4.515272642281172866e-01 -2.354832919527277135e-01
-4.562289739891039475e-01 -2.374816488279935800e-01
-4.608790766757656088e-01 -2.394358922515268662e-01
-4.654777207566298536e-01 -2.413460522155709553e-01
-4.700250711049588914e-01 -2.432121766334771340e-01
-4.745213083967240175e-01 -2.450343309387197632e-01
-4.789666285134930312e-01 -2.468125976748708206e-01
-4.833612419508924174e-01 -2.485470760775136956e-01
-4.877053732332583547e-01 -2.502378816490504754e-01
-4.919992603350449856e-01 -2.518851457273429961e-01
-4.962431541095221887e-01 -2.534890150491022620e-01
-5.004373177252495752e-01 -2.550496513089149930e-01
-5.045820261107857307e-01 -2.565672307147769948e-01
-5.086775654080335496e-01 -2.580419435409682105e-01
-5.127242324346104052e-01 -2.594739936790828594e-01
-5.167223341555730043e-01 -2.608635981879959265e-01
-5.206721871648147815e-01 -2.622109868435193447e-01
-5.245741171763963484e-01 -2.635164016884702365e-01
-5.284284585260640155e-01 -2.647800965838428278e-01
-5.322355536831582246e-01 -2.660023367617447843e-01
-5.359957527730969673e-01 -2.671833983807311297e-01
-5.397094131105920622e-01 -2.683235680841253301e-01
-5.433768987437219700e-01 -2.694231425619029174e-01
-5.469985800089666172e-01 -2.704824281166671729e-01
-5.505748330972810578e-01 -2.715017402342224662e-01
-5.541060396312679215e-01 -2.724814031592162067e-01
-5.575925862534797384e-01 -2.734217494762914424e-01
-5.610348642258682350e-01 -2.743231196971620545e-01
-5.644332690403739416e-01 -2.751858618539922974e-01
-5.677882000406393459e-01 -2.760103310994298509e-01
-5.711000600547969652e-01 -2.767968893136167896e-01
-5.743692550392922591e-01 -2.775459047184739014e-01
-5.775961937336566709e-01 -2.782577514995265844e-01
-5.807812873261597453e-01 -2.789328094355092436e-01
-5.839249491302418438e-01 -2.795714635359666245e-01
-5.870275942716207673e-01 -2.801741036870395440e-01
-5.900896393859543787e-01 -2.807411243056007755e-01
-5.931115023269344366e-01 -2.812729240018831400e-01
-5.960936018846759721e-01 -2.817699052507157131e-01
-5.990363575142569896e-01 -2.822324740714721170e-01
-6.019401890742603900e-01 -2.826610397167984012e-01
-6.048055165751581308e-01 -2.830560143701833509e-01
-6.076327599373754218e-01 -2.834178128524066920e-01
-6.104223387588696426e-01 -2.837468523368813500e-01
-6.131746720920467908e-01 -2.840435520738966435e-01
-6.158901782298406014e-01 -2.843083331237443168e-01
-6.185692745007763671e-01 -2.845416180986951038e-01
-6.212123770728362748e-01 -2.847438309137859669e-01
-6.238199007659382955e-01 -2.849153965463561144e-01
-6.263922588728458862e-01 -2.850567408042593009e-01
-6.289298629883184333e-01 -2.851682901026699746e-01
-6.314331228463140322e-01 -2.852504712493877936e-01
-6.339024461650547559e-01 -2.853037112385333751e-01
-6.363382384997668950e-01 -2.853284370525198677e-01
-6.387409031029013251e-01 -2.853250754721777249e-01
-6.411108407916514818e-01 -2.852940528948939569e-01
-6.434484498225749860e-01 -2.852357951606324660e-01
-6.457541257731351791e-01 -2.851507273856815350e-01
-6.480282614299741617e-01 -2.850392738039765894e-01
-6.502712466837359262e-01 -2.849018576158385274e-01
-6.524834684302492915e-01 -2.847389008439639158e-01
-6.546653104778985544e-01 -2.845508241964952445e-01
-6.568171534609956730e-01 -2.843380469369997110e-01
-6.589393747589807893e-01 -2.841009867611791750e-01
-6.610323484212724532e-01 -2.838400596801344822e-01
-6.630964450975993518e-01 -2.835556799099980818e-01
-6.651320319736394593e-01 -2.832482597677559166e-01
-6.671394727118031831e-01 -2.829182095730683466e-01
-6.691191273969907538e-01 -2.825659375559131936e-01
-6.710713524871676494e-01 -2.821918497698514550e-01
-6.729965007685911882e-01 -2.817963500107432684e-01
-6.748949213155404081e-01 -2.813798397407175633e-01
-6.767669594543896938e-01 -2.809427180172114347e-01
-6.786129567318737177e-01 -2.804853814269010481e-01
-6.804332508874042507e-01 -2.800082240243305098e-01
-6.822281758292840781e-01 -2.795116372750625078e-01
-6.839980616146816850e-01 -2.789960100031704804e-01
-6.857432344332272667e-01 -2.784617283428911239e-01
-6.874640165940892889e-01 -2.779091756942631553e-01
-6.891607265164056972e-01 -2.773387326825776933e-01
-6.908336787229314435e-01 -2.767507771214700041e-01
-6.924831838367803138e-01 -2.761456839794843021e-01
-6.941095485811332733e-01 -2.755238253499479595e-01
-6.957130757817946431e-01 -2.748855704239887565e-01
-6.972940643724703236e-01 -2.742312854665453492e-01
-6.988528094026608128e-01 -2.735613337952086388e-01
-7.003896020480475659e-01 -2.728760757617456623e-01
-7.019047296232656663e-01 -2.721758687361600648e-01
-7.033984755969545644e-01 -2.714610670931438818e-01
-7.048711196089787467e-01 -2.707320222007816857e-01
-7.063229374897181945e-01 -2.699890824113724830e-01
-7.077542012813260452e-01 -2.692325930542383561e-01
-7.091651792608572036e-01 -2.684628964303888421e-01
-7.105561359651704212e-01 -2.676803318089260308e-01
-7.119273322175123653e-01 -2.668852354250629277e-01
-7.132790251556933026e-01 -2.660779404796473901e-01
-7.146114682617650260e-01 -2.652587771400761740e-01
-7.159249113931140940e-01 -2.644280725425008360e-01
-7.172196008148917779e-01 -2.635861507952128036e-01
-7.184957792336919002e-01 -2.627333329831230690e-01
-7.197536858324034004e-01 -2.618699371732343684e-01
-7.209935563061586894e-01 -2.609962784210191344e-01
-7.222156228993021898e-01 -2.601126687776239010e-01
-7.234201144433078934e-01 -2.592194172978116162e-01
-7.246072563955729962e-01 -2.583168300485729763e-01
-7.257772708790226623e-01 -2.574052101183300634e-01
-7.269303767224567503e-01 -2.564848576266660629e-01
-7.280667895015725533e-01 -2.555560697345196086e-01
-7.291867215806069336e-01 -2.546191406547760883e-01
-7.302903821545289054e-01 -2.536743616632104459e-01
-7.313779772917314848e-01 -2.527220211097160329e-01
-7.324497099771603015e-01 -2.517624044297853136e-01
-7.335057801558277912e-01 -2.507957941561824722e-01
-7.345463847766580123e-01 -2.498224699307755037e-01
-7.355717178366090181e-01 -2.488427085164900965e-01
-7.365819704250267108e-01 -2.478567838093397036e-01
-7.375773307681796620e-01 -2.468649668505133732e-01
-7.385579842739272705e-01 -2.458675258384832585e-01
-7.395241135764818452e-01 -2.448647261411082965e-01
-7.404758985812145422e-01 -2.438568303077127408e-01
-7.414135165094705160e-01 -2.428440980811175653e-01
-7.423371419433479890e-01 -2.418267864096067532e-01
-7.432469468704065996e-01 -2.408051494588163144e-01
-7.441431007282672816e-01 -2.397794386235275743e-01
-7.450257704490674815e-01 -2.387499025393629848e-01
-7.458951205037396281e-01 -2.377167870943686090e-01
-7.467513129460803256e-01 -2.366803354404780901e-01
-7.475945074565779613e-01 -2.356407880048617398e-01
-7.484248613859711963e-01 -2.345983825011466184e-01
-7.492425297985092492e-01 -2.335533539405183212e-01
-7.500476655148895500e-01 -2.325059346426961993e-01
-7.508404191548427864e-01 -2.314563542467918955e-01
-7.516209391793469141e-01 -2.304048397220508360e-01
-7.523893719324431517e-01 -2.293516153784844191e-01
-7.531458616826356423e-01 -2.282969028773973730e-01
-7.538905506638525766e-01 -2.272409212418176061e-01
-7.546235791159494610e-01 -2.261838868668422931e-01
-7.553450853247396513e-01 -2.251260135299010812e-01
-7.560552056615315042e-01 -2.240675124009543218e-01
-7.567540746221601555e-01 -2.230085920526320153e-01
-7.574418248654972707e-01 -2.219494584703282924e-01
-7.581185872514251134e-01 -2.208903150622605616e-01
-7.587844908782654940e-01 -2.198313626695082290e-01
-7.594396631196478342e-01 -2.187727995760438693e-01
-7.600842296608096849e-01 -2.177148215187660607e-01
-7.607183145343197062e-01 -2.166576216975513447e-01
-7.613420401552122296e-01 -2.156013907853350786e-01
-7.619555273555274066e-01 -2.145463169382400836e-01
-7.625588954182525026e-01 -2.134925858057575287e-01
-7.631522621106526794e-01 -2.124403805410039481e-01
-7.637357437169930430e-01 -2.113898818110556410e-01
-7.643094550706414081e-01 -2.103412678073858788e-01
-7.648735095855530020e-01 -2.092947142564065000e-01
-7.654280192871312227e-01 -2.082503944301345999e-01
-7.659730948424643415e-01 -2.072084791569887285e-01
-7.665088455899340403e-01 -2.061691368327357443e-01
-7.670353795681992271e-01 -2.051325334315885485e-01
-7.675528035445496888e-01 -2.040988325174751816e-01
-7.680612230426344667e-01 -2.030681952554853065e-01
-7.685607423695628437e-01 -2.020407804235015703e-01
-7.690514646423818323e-01 -2.010167444240297252e-01
-7.695334918139296043e-01 -1.999962412962351943e-01
-7.700069246980701942e-01 -1.989794227281914130e-01
-7.704718629943090313e-01 -1.979664380693521297e-01
-7.709284053117952951e-01 -1.969574343432515806e-01
-7.713766491927160907e-01 -1.959525562604380600e-01
-7.718166911350805570e-01 -1.949519462316520180e-01
-7.722486266149064527e-01 -1.939557443812475190e-01
-7.726725501078073322e-01 -1.929640885608677470e-01
-7.730885551099904163e-01 -1.919771143633730859e-01
-7.734967341586677092e-01 -1.909949551370287990e-01
-7.738971788518866912e-01 -1.900177419999557471e-01
-7.742899798677875811e-01 -1.890456038548447015e-01
-7.746752269832937188e-01 -1.880786674039333084e-01
-7.750530090922390647e-01 -1.871170571642554459e-01
-7.754234142229433635e-01 -1.861608954831522333e-01
-7.757865295552377471e-01 -1.852103025540560721e-01
-7.761424414369522129e-01 -1.842653964325361438e-01
-7.764912353998689731e-01 -1.833262930526138312e-01
-7.768329961751500035e-01 -1.823931062433417627e-01
-7.771678077082467828e-01 -1.814659477456440628e-01
-7.774957531733006633e-01 -1.805449272294171459e-01
-7.778169149870390875e-01 -1.796301523108859433e-01
-7.781313748221778681e-01 -1.787217285702171754e-01
-7.784392136203373003e-01 -1.778197595693762900e-01
-7.787405116044777698e-01 -1.769243468702355049e-01
-7.790353482908665139e-01 -1.760355900529171902e-01
-7.793238025005805314e-01 -1.751535867343755881e-01
-7.796059523705556327e-01 -1.742784325872074880e-01
-7.798818753641882928e-01 -1.734102213586882490e-01
-7.801516482815009645e-01 -1.725490448900224294e-01
-7.804153472688748483e-01 -1.716949931358103532e-01
-7.806730478283641084e-01 -1.708481541837163775e-01
-7.809248248265932002e-01 -1.700086142743372775e-01
-7.811707525032507426e-01 -1.691764578212593406e-01
-7.814109044791848202e-01 -1.683517674313027013e-01
-7.816453537641104843e-01 -1.675346239249362046e-01
-7.818741727639344496e-01 -1.667251063568642167e-01
-7.820974332877068669e-01 -1.659232920367723629e-01
-7.823152065542087197e-01 -1.651292565502243681e-01
-7.825275631981807312e-01 -1.643430737797047514e-01
-7.827345732762038821e-01 -1.635648159257939993e-01
-7.829363062722366484e-01 -1.627945535284733847e-01
-7.831328311028205036e-01 -1.620323554885446105e-01
-7.833242161219571287e-01 -1.612782890891618359e-01
-7.835105291256674320e-01 -1.605324200174644833e-01
-7.836918373562408169e-01 -1.597948123862997782e-01
-7.838682075061784715e-01 -1.590655287560316933e-01
-7.840397057218421173e-01 -1.583446301564218339e-01
-7.842063976068125442e-01 -1.576321761085773820e-01
-7.843683482249671490e-01 -1.569282246469551612e-01
-7.845256221032823607e-01 -1.562328323414171605e-01
-7.846782832343679459e-01 -1.555460543193198375e-01
-7.848263950787419674e-01 -1.548679442876381152e-01
-7.849700205668499464e-01 -1.541985545551107228e-01
-7.851092221008391103e-01 -1.535379360543987493e-01
-7.852440615560900561e-01 -1.528861383642496907e-01
-7.853746002825161554e-01 -1.522432097316581134e-01
-7.855008991056355860e-01 -1.516091970940128264e-01
-7.856230183274213186e-01 -1.509841461012258468e-01
-7.857410177269381624e-01 -1.503681011378338317e-01
-7.858549565607706455e-01 -1.497611053450615126e-01
-7.859648935632479461e-01 -1.491632006428421364e-01
-7.860708869464746451e-01 -1.485744277517851986e-01
-7.861729944001698556e-01 -1.479948262150861116e-01
-7.862712730913228310e-01 -1.474244344203676227e-01
-7.863657796636689401e-01 -1.468632896214471240e-01
-7.864565702369950007e-01 -1.463114279600215006e-01
-7.865437004062749704e-01 -1.457688844872656042e-01
-7.866272252406458776e-01 -1.452356931853321376e-01
-7.867071992822269877e-01 -1.447118869887495385e-01
-7.867836765447868697e-01 -1.441974978057121715e-01
-7.868567105122669103e-01 -1.436925565392541682e-01
-7.869263541371630533e-01 -1.431970931083003662e-01
-7.869926598387719796e-01 -1.427111364685893224e-01
-7.870556795013081697e-01 -1.422347146334626555e-01
-7.871154644718936222e-01 -1.417678546945148610e-01
-7.871720655584293347e-01 -1.413105828420951615e-01
-7.872255330273485452e-01 -1.408629243856593383e-01
-7.872759166012606169e-01 -1.404249037739669081e-01
-7.873232654564872313e-01 -1.399965446151128501e-01
-7.873676282204971066e-01 -1.395778696963939636e-01
-7.874090529692427953e-01 -1.391689010040036145e-01
-7.874475872244044439e-01 -1.387696597425504275e-01
-7.874832779505438474e-01 -1.383801663543968163e-01
-7.875161715521754591e-01 -1.380004405388071120e-01
-7.875463138707547994e-01 -1.376305012709125863e-01
-7.875737501815920361e-01 -1.372703668204787175e-01
-7.875985251906910678e-01 -1.369200547704762516e-01
-7.876206830315226615e-01 -1.365795820354491208e-01
-7.876402672617299761e-01 -1.362489648796793018e-01
-7.876573208597754672e-01 -1.359282189351441739e-01
-7.876718862215293937e-01 -1.356173592192560229e-01
-7.876840051568048118e-01 -1.353164001523958215e-01
-7.876937188858431638e-01 -1.350253555752186918e-01
-7.877010680357530159e-01 -1.347442387657468432e-01
-7.877060926369054972e-01 -1.344730624562353039e-01
-7.877088321192915465e-01 -1.342118388498088344e-01
-7.877093253088411906e-01 -1.339605796368751600e-01
-7.877076104237112908e-01 -1.337192960113036677e-01
-7.877037250705426485e-01 -1.334879986863702350e-01
-7.876977062406917973e-01 -1.332666979104685234e-01
-7.876895903064382587e-01 -1.330554034825819631e-01
-7.876794130171718145e-01 -1.328541247675176229e-01
-7.876672094955627923e-01 -1.326628707108968852e-01
-7.876530142337178075e-01 -1.324816498539058973e-01
-7.876368610893240696e-01 -1.323104703477987754e-01
-7.876187832817844736e-01 -1.321493399681582526e-01
-7.875988133883483622e-01 -1.319982661289045844e-01
-7.875769833402370690e-01 -1.318572558960600105e-01
-7.875533244187719051e-01 -1.317263160012606404e-01
-7.875278672515009237e-01 -1.316054528550215375e-01
-7.875006418083343451e-01 -1.314946725597453958e-01
-7.874716773976839779e-01 -1.313939809224825839e-01
-7.874410026626152970e-01 -1.313033834674344202e-01
-7.874086455770101800e-01 -1.312228854482057616e-01
-7.873746334417452974e-01 -1.311524918598018508e-01
-7.873389928808871563e-01 -1.310922074503683699e-01
-7.873017498379080159e-01 -1.310420367326775304e-01
-7.872629295719213438e-01 -1.310019839953595056e-01
-7.872225566539435837e-01 -1.309720533138719889e-01
-7.871806549631813477e-01 -1.309522485612207854e-01
-7.871372476833464749e-01 -1.309425734184174739e-01
-7.870923572990032868e-01 -1.309430313846818017e-01
-7.870460055919461517e-01 -1.309536257873894216e-01
-7.869982136376150184e-01 -1.309743597917572000e-01
-7.869490018015445898e-01 -1.310052364102769207e-01
-7.868983897358543533e-01 -1.310462585118903067e-01
-7.868463963757788004e-01 -1.310974288309036395e-01
-7.867930399362395022e-01 -1.311587499756522446e-01
-7.867383379084635919e-01 -1.312302244369013826e-01
-7.866823070566461018e-01 -1.313118545959962857e-01
-7.866249634146633696e-01 -1.314036427327537060e-01
-7.865663222828338519e-01 -1.315055910330980848e-01
-7.865063982247326724e-01 -1.316177015964434815e-01
-7.864452050640582392e-01 -1.317399764428188180e-01
-7.863827558815557062e-01 -1.318724175197415471e-01
-7.863190630119951674e-01 -1.320150267088346652e-01
-7.862541380412102487e-01 -1.321678058321913707e-01
-7.861879918031959846e-01 -1.323307566584889239e-01
-7.861206343772686456e-01 -1.325038809088455172e-01
-7.860520750852888483e-01 -1.326871802624297880e-01
-7.859823224889489479e-01 -1.328806563618183667e-01
-7.859113843871274874e-01 -1.330843108181014034e-01
-7.858392678133121478e-01 -1.332981452157391000e-01
-7.857659790330896454e-01 -1.335221611171697187e-01
-7.856915235417084586e-01 -1.337563600671691499e-01
-7.856159060617131651e-01 -1.340007435969619298e-01
-7.855391305406522751e-01 -1.342553132280867867e-01
-7.854612001488603390e-01 -1.345200704760125543e-01
-7.853821172773172155e-01 -1.347950168535140825e-01
-7.853018835355851657e-01 -1.350801538737986529e-01
-7.852204997498233308e-01 -1.353754830533911158e-01
-7.851379659608839212e-01 -1.356810059147741110e-01
-7.850542814224893418e-01 -1.359967239887884816e-01
-7.849694445994919167e-01 -1.363226388167904646e-01
-7.848834531662176595e-01 -1.366587519525683803e-01
-7.847963040048958616e-01 -1.370050649640187357e-01
-7.847079932041733930e-01 -1.373615794345862673e-01
-7.846185160577184847e-01 -1.377282969644634536e-01
-7.845278670629122209e-01 -1.381052191715524957e-01
-7.844360399196300682e-01 -1.384923476921924579e-01
-7.843430275291143339e-01 -1.388896841816512351e-01
-7.842488219929388826e-01 -1.392972303143802937e-01
-7.841534146120676674e-01 -1.397149877840389576e-01
-7.840567958860061859e-01 -1.401429583032825776e-01
-7.839589555120498598e-01 -1.405811436033214123e-01
-7.838598823846282260e-01 -1.410295454332471388e-01
-7.837595645947462719e-01 -1.414881655591308796e-01
-7.836579894295251369e-01 -1.419570057628875004e-01
-7.835551433718423997e-01 -1.424360678409165026e-01
-7.834510121000719529e-01 -1.429253536025148485e-01
-7.833455804879269069e-01 -1.434248648680585547e-01
-7.832388326044039673e-01 -1.439346034669647667e-01
-7.831307517138328400e-01 -1.444545712354238509e-01
-7.830213202760281099e-01 -1.449847700139131612e-01
-7.829105199465484777e-01 -1.455252016444822383e-01
-7.827983315770625783e-01 -1.460758679678196004e-01
-7.826847352158210480e-01 -1.466367708200963238e-01
-7.825697101082369489e-01 -1.472079120295914922e-01
-7.824532346975775488e-01 -1.477892934130981273e-01
-7.823352866257641258e-01 -1.483809167721075184e-01
-7.822158427342840170e-01 -1.489827838887809175e-01
-7.820948790652146876e-01 -1.495948965217012150e-01
-7.819723708623602665e-01 -1.502172564014112865e-01
-7.818482925725029897e-01 -1.508498652257359018e-01
-7.817226178467684417e-01 -1.514927246548906925e-01
-7.815953195421061483e-01 -1.521458363063781793e-01
-7.814663697228887429e-01 -1.528092017496743837e-01
-7.813357396626257056e-01 -1.534828225006983071e-01
-7.812033998457975636e-01 -1.541667000160790724e-01
-7.810693199698084399e-01 -1.548608356872089031e-01
-7.809334689470577295e-01 -1.555652308340888246e-01
-7.807958149071347886e-01 -1.562798866989693058e-01
-7.806563251991327501e-01 -1.570048044397824583e-01
-7.805149663940862403e-01 -1.577399851233702022e-01
-7.803717042875326637e-01 -1.584854297185079031e-01
-7.802265039021969439e-01 -1.592411390887256140e-01
-7.800793294908016096e-01 -1.600071139849242874e-01
-7.799301445390025567e-01 -1.607833550377938958e-01
-7.797789117684517102e-01 -1.615698627500300188e-01
-7.796255931399871386e-01 -1.623666374883492858e-01
-7.794701498569507336e-01 -1.631736794753101683e-01
-7.793125423686368958e-01 -1.639909887809320177e-01
-7.791527303738685628e-01 -1.648185653141210627e-01
-7.789906728247060208e-01 -1.656564088139013124e-01
-7.788263279302860553e-01 -1.665045188404481458e-01
-7.786596531607947735e-01 -1.673628947659299426e-01
-7.784906052515713215e-01 -1.682315357651604781e-01
-7.783191402073483811e-01 -1.691104408060539743e-01
-7.781452133066248944e-01 -1.699996086398969930e-01
-7.779687791061760116e-01 -1.708990377914257064e-01
-7.777897914456981532e-01 -1.718087265487193704e-01
-7.776082034525921838e-01 -1.727286729529026732e-01
-7.774239675468843647e-01 -1.736588747876653405e-01
-7.772370354462848629e-01 -1.745993295685985824e-01
-7.770473581713873701e-01 -1.755500345323422751e-01
-7.768548860510077203e-01 -1.765109866255563653e-01
-7.766595687276642845e-01 -1.774821824937064529e-01
-7.764613551632000288e-01 -1.784636184696719863e-01
-7.762601936445464590e-01 -1.794552905621732419e-01
-7.760560317896325611e-01 -1.804571944440230835e-01
-7.758488165534358494e-01 -1.814693254402000855e-01
-7.756384942341800759e-01 -1.824916785157496557e-01
-7.754250104796772680e-01 -1.835242482635062733e-01
-7.752083102938172043e-01 -1.845670288916471669e-01
-7.749883380432038837e-01 -1.856200142110738804e-01
-7.747650374639387660e-01 -1.866831976226221435e-01
-7.745383516685544478e-01 -1.877565721041042912e-01
-7.743082231530968862e-01 -1.888401301971840418e-01
-7.740745938043573915e-01 -1.899338639940841844e-01
-7.738374049072564986e-01 -1.910377651241305652e-01
-7.735965971523790508e-01 -1.921518247401333424e-01
-7.733521106436611614e-01 -1.932760335046040390e-01
-7.731038849062306095e-01 -1.944103815758148335e-01
-7.728518588944017775e-01 -1.955548585936967010e-01
-7.725959709998231340e-01 -1.967094536655816794e-01
-7.723361590597828119e-01 -1.978741553517875396e-01
-7.720723603656669543e-01 -1.990489516510484669e-01
-7.718045116715768206e-01 -2.002338299857939763e-01
-7.715325492031018806e-01 -2.014287771872744492e-01
-7.712564086662516694e-01 -2.026337794805382897e-01
-7.709760252565454053e-01 -2.038488224692611706e-01
-7.706913336682609250e-01 -2.050738911204273429e-01
-7.704022681038440457e-01 -2.063089697488670327e-01
-7.701087622834772439e-01 -2.075540420016510623e-01
-7.698107494548100949e-01 -2.088090908423428371e-01
-7.695081624028512479e-01 -2.100740985351108869e-01
-7.692009334600211634e-01 -2.113490466287060721e-01
-7.688889945163701611e-01 -2.126339159402978463e-01
-7.685722770299564521e-01 -2.139286865391816783e-01
-7.682507120373905929e-01 -2.152333377303497775e-01
-7.679242301645420321e-01 -2.165478480379330051e-01
-7.675927616374114137e-01 -2.178721951885151387e-01
-7.672562362931676372e-01 -2.192063560943188771e-01
-7.669145835913495635e-01 -2.205503068362680286e-01
-7.665677326252351431e-01 -2.219040226469267685e-01
-7.662156121333749681e-01 -2.232674778933181892e-01
-7.658581505112938004e-01 -2.246406460596244159e-01
-7.654952758233565246e-01 -2.260234997297713710e-01
-7.651269158148041871e-01 -2.274160105698969925e-01
-7.647529979239544584e-01 -2.288181493107082909e-01
-7.643734492945719605e-01 -2.302298857297289669e-01
-7.639881967884030178e-01 -2.316511886334389758e-01
-7.635971669978807164e-01 -2.330820258393077604e-01
-7.632002862589962744e-01 -2.345223641577251494e-01
-7.627974806643382788e-01 -2.359721693738316972e-01
-7.623886760762994541e-01 -2.374314062292474381e-01
-7.619737981404508531e-01 -2.389000384037084646e-01
-7.615527722990835802e-01 -2.403780284966075265e-01
-7.611255238049161598e-01 -2.418653380084438975e-01
-7.606919777349709921e-01 -2.433619273221830359e-01
-7.602520590046156768e-01 -2.448677556845313963e-01
-7.598056923817699815e-01 -2.463827811871268925e-01
-7.593528025012800109e-01 -2.479069607476461767e-01
-7.588933138794553557e-01 -2.494402500908366183e-01
-7.584271509287713320e-01 -2.509826037294701218e-01
-7.579542379727352008e-01 -2.525339749452242821e-01
-7.574744992609147021e-01 -2.540943157694905419e-01
-7.569878589841281258e-01 -2.556635769641172895e-01
-7.564942412897961432e-01 -2.572417080020871216e-01
-7.559935702974518446e-01 -2.588286570481302951e-01
-7.554857701144112037e-01 -2.604243709392801698e-01
-7.549707648515997516e-01 -2.620287951653703096e-01
-7.544484786395346809e-01 -2.636418738494797909e-01
-7.539188356444628258e-01 -2.652635497283251098e-01
-7.533817600846492990e-01 -2.668937641326071808e-01
-7.528371762468191175e-01 -2.685324569673115946e-01
-7.522850085027465994e-01 -2.701795666919659666e-01
-7.517251813259913096e-01 -2.718350303008622015e-01
-7.511576193087807773e-01 -2.734987833032385129e-01
-7.505822471790337680e-01 -2.751707597034327990e-01
-7.499989898175245528e-01 -2.768508919810045987e-01
-7.494077722751839588e-01 -2.785391110708332896e-01
-7.488085197905360868e-01 -2.802353463431900837e-01
-7.482011578072657043e-01 -2.819395255837927605e-01
-7.475856119919139786e-01 -2.836515749738459657e-01
-7.469618082517008872e-01 -2.853714190700645248e-01
-7.463296727524670882e-01 -2.870989807846918707e-01
-7.456891319367364712e-01 -2.888341813655095347e-01
-7.450401125418895099e-01 -2.905769403758468039e-01
-7.443825416184504107e-01 -2.923271756745901007e-01
-7.437163465484759595e-01 -2.940848033961986907e-01
-7.430414550640473959e-01 -2.958497379307286623e-01
-7.423577952658602097e-01 -2.976218919038676747e-01
-7.416652956419016451e-01 -2.994011761569880248e-01
-7.409638850862169113e-01 -3.011874997272189769e-01
-7.402534929177547740e-01 -3.029807698275425176e-01
-7.395340488992874217e-01 -3.047808918269179213e-01
-7.388054832564008301e-01 -3.065877692304364022e-01
-7.380677266965446348e-01 -3.084013036595125712e-01
-7.373207104281402913e-01 -3.102213948321165260e-01
-7.365643661797366404e-01 -3.120479405430480746e-01
-7.357986262192075522e-01 -3.138808366442594755e-01
-7.350234233729830979e-01 -3.157199770252330229e-01
-7.342386910453083670e-01 -3.175652535934105902e-01
-7.334443632375184929e-01 -3.194165562546903425e-01
-7.326403745673243373e-01 -3.212737728939840665e-01
-7.318266602881005056e-01 -3.231367893558452220e-01
-7.310031563081618167e-01 -3.250054894251747095e-01
-7.301697992100246726e-01 -3.268797548080020210e-01
-7.293265262696402296e-01 -3.287594651123519895e-01
-7.284732754755880446e-01 -3.306444978292006343e-01
-7.276099855482238699e-01 -3.325347283135232646e-01
-7.267365959587661628e-01 -3.344300297654406728e-01
-7.258530469483113201e-01 -3.363302732114714644e-01
-7.249592795467674211e-01 -3.382353274858881376e-01
-7.240552355916940463e-01 -3.401450592121886274e-01
-7.231408577470328503e-01 -3.420593327846860321e-01
-7.222160895217178966e-01 -3.439780103502230180e-01
-7.212808752881544327e-01 -3.459009517900117903e-01
-7.203351603005475612e-01 -3.478280147016111767e-01
-7.193788907130711507e-01 -3.497590543810416008e-01
-7.184120135978595556e-01 -3.516939238050436622e-01
-7.174344769628080432e-01 -3.536324736134893731e-01
-7.164462297691667203e-01 -3.555745520919456060e-01
-7.154472219489114160e-01 -3.575200051544019653e-01
-7.144374044218750885e-01 -3.594686763261613072e-01
-7.134167291126245480e-01 -3.614204067269052856e-01
-7.123851489670637305e-01 -3.633750350539356466e-01
-7.113426179687458717e-01 -3.653323975655979883e-01
-7.102890911548777053e-01 -3.672923280648960342e-01
-7.092245246319965890e-01 -3.692546578832985871e-01
-7.081488755913021294e-01 -3.712192158647451556e-01
-7.070621023236229874e-01 -3.731858283498570295e-01
-7.059641642339987699e-01 -3.751543191603592398e-01
-7.048550218558582436e-01 -3.771245095837172379e-01
-7.037346368647720007e-01 -3.790962183579951739e-01
-7.026029720917622567e-01 -3.810692616569366087e-01
-7.014599915361424687e-01 -3.830434530752828137e-01
-7.003056603778735623e-01 -3.850186036143196100e-01
-6.991399449894095675e-01 -3.869945216676691224e-01
-6.979628129470114573e-01 -3.889710130073263938e-01
-6.967742330415100938e-01 -3.909478807699430236e-01
-6.955741752884943008e-01 -3.929249254433667682e-01
-6.943626109378984168e-01 -3.949019448534385468e-01
-6.931395124829736742e-01 -3.968787341510499056e-01
-6.919048536686156492e-01 -3.988550857994639376e-01
-6.906586094990241342e-01 -4.008307895619081518e-01
-6.894007562446762272e-01 -4.028056324894340179e-01
-6.881312714485889881e-01 -4.047793989090505695e-01
-6.868501339318455745e-01 -4.067518704121335094e-01
-6.855573237983648704e-01 -4.087228258431119254e-01
-6.842528224388931823e-01 -4.106920412884285665e-01
-6.829366125341900240e-01 -4.126592900657849450e-01
-6.816086780573928916e-01 -4.146243427136586668e-01
-6.802690042755314970e-01 -4.165869669811034792e-01
-6.789175777501756937e-01 -4.185469278178242103e-01
-6.775543863371922271e-01 -4.205039873645282089e-01
-6.761794191855905467e-01 -4.224579049435495115e-01
-6.747926667354353647e-01 -4.244084370497462344e-01
-6.733941207148086416e-01 -4.263553373416623105e-01
-6.719837741358001271e-01 -4.282983566329532366e-01
-6.705616212895054717e-01 -4.302372428840717244e-01
-6.691276577400198100e-01 -4.321717411942015974e-01
-6.676818803174013883e-01 -4.341015937934423197e-01
-6.662242871095951369e-01 -4.360265400352298371e-01
-6.647548774532990867e-01 -4.379463163889881772e-01
-6.632736519237569794e-01 -4.398606564330015400e-01
-6.617806123234661886e-01 -4.417692908475017166e-01
-6.602757616697859655e-01 -4.436719474079535153e-01
-6.587591041814369053e-01 -4.455683509785325347e-01
-6.572306452638820851e-01 -4.474582235057787960e-01
-6.556903914935775513e-01 -4.493412840124165197e-01
-6.541383506010904902e-01 -4.512172485913224507e-01
-6.525745314530726482e-01 -4.530858303996332381e-01
-6.509989440330901100e-01 -4.549467396529707219e-01
-6.494115994213045528e-01 -4.567996836197726340e-01
-6.478125097730045301e-01 -4.586443666157092869e-01
-6.462016882959870090e-01 -4.604804899981710942e-01
-6.445791492267911593e-01 -4.623077521608087159e-01
-6.429449078057911660e-01 -4.641258485281017365e-01
-6.412989802511497306e-01 -4.659344715499439404e-01
-6.396413837316412554e-01 -4.677333106962210385e-01
-6.379721363383548116e-01 -4.695220524513625815e-01
-6.362912570552873293e-01 -4.713003803088454680e-01
-6.345987657288412187e-01 -4.730679747656315048e-01
-6.328946830362388587e-01 -4.748245133165162057e-01
-6.311790304528730466e-01 -4.765696704483706747e-01
-6.294518302186122849e-01 -4.783031176342541491e-01
-6.277131053030797769e-01 -4.800245233273784939e-01
-6.259628793699288929e-01 -4.817335529549061635e-01
-6.242011767401427491e-01 -4.834298689115604231e-01
-6.224280223543794399e-01 -4.851131305530324567e-01
-6.206434417343924537e-01 -4.867829941891677614e-01
-6.188474609435588025e-01 -4.884391130769141220e-01
-6.170401065465404011e-01 -4.900811374130212839e-01
-6.152214055681162197e-01 -4.917087143264741167e-01
-6.133913854512205166e-01 -4.933214878706505546e-01
-6.115500740142154612e-01 -4.949190990151972613e-01
-6.096974994074442211e-01 -4.965011856376116972e-01
-6.078336900690984868e-01 -4.980673825145290334e-01
-6.059586746804386248e-01 -4.996173213127096946e-01
-6.040724821204134232e-01 -5.011506305797284178e-01
-6.021751414197090702e-01 -5.026669357343730438e-01
-6.002666817142846556e-01 -5.041658590567501541e-01
-5.983471321984236146e-01 -5.056470196781192028e-01
-5.964165220773539611e-01 -5.071100335704594730e-01
-5.944748805194746133e-01 -5.085545135357948388e-01
-5.925222366082383285e-01 -5.099800691952929288e-01
-5.905586192937266610e-01 -5.113863069781710013e-01
-5.885840573439709011e-01 -5.127728301104332864e-01
-5.865985792960546341e-01 -5.141392386034793205e-01
-5.846022134070469889e-01 -5.154851292426227971e-01
-5.825949876048067688e-01 -5.168100955755677850e-01
-5.805769294386985413e-01 -5.181137279008912744e-01
-5.785480660302670941e-01 -5.193956132565913375e-01
-5.765084240239050084e-01 -5.206553354087608554e-01
-5.744580295375588674e-01 -5.218924748404549785e-01
-5.723969081135045212e-01 -5.231066087408312582e-01
-5.703250846692373699e-01 -5.242973109946339472e-01
-5.682425834485040905e-01 -5.254641521721179487e-01
-5.661494279725183265e-01 -5.266066995194980116e-01
-5.640456409913852109e-01 -5.277245169500262012e-01
-5.619312444357684733e-01 -5.288171650358021170e-01
-5.598062593688275523e-01 -5.298842010004294334e-01
-5.576707059384528042e-01 -5.309251787126320066e-01
-5.555246033298184560e-01 -5.319396486809651048e-01
-5.533679697182836144e-01 -5.329271580497401128e-01
-5.512008222226509879e-01 -5.338872505963143666e-01
-5.490231768588130778e-01 -5.348194667298795668e-01
-5.468350484937878342e-01 -5.357233434919113080e-01
-5.446364508001727556e-01 -5.365984145584263842e-01
-5.424273962110156555e-01 -5.374442102442207325e-01
-5.402078958751170834e-01 -5.382602575092562125e-01
-5.379779596127739483e-01 -5.390460799673690850e-01
-5.357375958719643450e-01 -5.398011978974882608e-01
-5.334868116849806885e-01 -5.405251282575487259e-01
-5.312256126255102684e-01 -5.412173847012964334e-01
-5.289540027661634447e-01 -5.418774775981822778e-01
-5.266719846364509294e-01 -5.425049140565519901e-01
-5.243795591811997170e-01 -5.430991979503413392e-01
-5.220767257194103284e-01 -5.436598299494952435e-01
-5.197634819035474862e-01 -5.441863075543231787e-01
-5.174398236792543404e-01 -5.446781251340244712e-01
-5.151057452454871344e-01 -5.451347739696063011e-01
-5.127612390150617649e-01 -5.455557423014274487e-01
-5.104062955756025755e-01 -5.459405153816060396e-01
-5.080409036508886089e-01 -5.462885755315272096e-01
-5.056650500625874400e-01 -5.465994022046977152e-01
-5.032787196923699247e-01 -5.468724720551874086e-01
-5.008818954444037574e-01 -5.471072590119062662e-01
-4.984745582082127369e-01 -5.473032343589701032e-01
-4.960566868219113412e-01 -5.474598668223973341e-01
-4.936282580358005156e-01 -5.475766226633969058e-01
-4.911892464763346067e-01 -5.476529657784935390e-01
-4.887396246104606101e-01 -5.476883578067457403e-01
-4.862793627103353389e-01 -5.476822582443093834e-01
-4.838084288184332227e-01 -5.476341245665969915e-01
-4.813267887130553979e-01 -5.475434123582855195e-01
-4.788344058742609599e-01 -5.474095754514187728e-01
-4.763312414502434144e-01 -5.472320660718568153e-01
-4.738172542241756990e-01 -5.470103349943107318e-01
-4.712924005815617434e-01 -5.467438317062097708e-01
-4.687566344781314287e-01 -5.464320045806345671e-01
-4.662099074083215777e-01 -5.460743010585533685e-01
-4.636521683743959898e-01 -5.456701678405859735e-01
-4.610833638562660264e-01 -5.452190510885246422e-01
-4.585034377820708107e-01 -5.447203966368208139e-01
-4.559123314995950360e-01 -5.441736502142586751e-01
-4.533099837486055383e-01 -5.435782576760070928e-01
-4.506963306341933984e-01 -5.429336652462550816e-01
-4.480713056012256557e-01 -5.422393197716106616e-01
-4.454348394100078323e-01 -5.414946689854414075e-01
-4.427868601132808890e-01 -5.406991617833236674e-01
-4.401272930346783463e-01 -5.398522485097548840e-01
-4.374560607487760211e-01 -5.389533812562721238e-01
-4.347730830628868670e-01 -5.380020141711088222e-01
-4.320782770007629559e-01 -5.369976037805024305e-01
-4.293715567883631401e-01 -5.359396093217612123e-01
-4.266528338418761335e-01 -5.348274930881723455e-01
-4.239220167581859156e-01 -5.336607207858237167e-01
-4.211790113079849074e-01 -5.324387619023928098e-01
-4.184237204317442504e-01 -5.311610900879384367e-01
-4.156560442387736698e-01 -5.298271835477084135e-01
-4.128758800096023474e-01 -5.284365254469625128e-01
-4.100831222019303279e-01 -5.269886043277829391e-01
-4.072776624604130258e-01 -5.254829145378238087e-01
-4.044593896305456182e-01 -5.239189566709302470e-01
-4.016281897769309328e-01 -5.222962380195312893e-01
-3.987839462062242601e-01 -5.206142730386834616e-01
-3.959265394950541306e-01 -5.188725838216194930e-01
-3.930558475232363569e-01 -5.170707005866269634e-01
-3.901717455125973122e-01 -5.152081621750521645e-01
-3.872741060717411754e-01 -5.132845165601958026e-01
-3.843627992471009280e-01 -5.112993213668368675e-01
-3.814376925806134411e-01 -5.092521444010873477e-01
-3.784986511743780868e-01 -5.071425641902516102e-01
-3.755455377626534808e-01 -5.049701705323230705e-01
-3.725782127915580055e-01 -5.027345650547254685e-01
-3.695965345068399910e-01 -5.004353617818622091e-01
-3.666003590500862552e-01 -4.980721877110059204e-01
-3.635895405637447619e-01 -4.956446833960196363e-01
-3.605639313053259909e-01 -4.931525035383637068e-01
-3.575233817711576667e-01 -4.905953175848056791e-01
-3.544677408300573873e-01 -4.879728103312079290e-01
-3.513968558672810882e-01 -4.852846825317290724e-01
-3.483105729391106631e-01 -4.825306515127321672e-01
-3.452087369384187476e-01 -4.797104517906585208e-01
-3.420911917715538375e-01 -4.768238356930727950e-01
-3.389577805468633187e-01 -4.738705739820555096e-01
-3.358083457751698808e-01 -4.708504564790699232e-01
-3.326427295824894159e-01 -4.677632926903903532e-01
-3.294607739352650722e-01 -4.646089124321385877e-01
-3.262623208783694828e-01 -4.613871664539310746e-01
-3.230472127861006015e-01 -4.580979270601028275e-01
-3.198152926263768125e-01 -4.547410887274302982e-01
-3.165664042382939636e-01 -4.513165687182353336e-01
-3.133003926231915370e-01 -4.478243076877179707e-01
-3.100171042493297668e-01 -4.442642702843248026e-01
-3.067163873702395405e-01 -4.406364457419212344e-01
-3.033980923567742294e-01 -4.369408484625084133e-01
-3.000620720428490706e-01 -4.331775185881836521e-01
-2.967081820847950469e-01 -4.293465225610165192e-01
-2.933362813342174080e-01 -4.254479536694825148e-01
-2.899462322241934675e-01 -4.214819325800667760e-01
-2.865379011685858512e-01 -4.174486078526270516e-01
-2.831111589741870382e-01 -4.133481564380795392e-01
-2.796658812653603499e-01 -4.091807841569549686e-01
-2.762019489207633294e-01 -4.049467261573492238e-01
-2.727192485216870521e-01 -4.006462473507835242e-01
-2.692176728114622497e-01 -3.962796428244736435e-01
-2.656971211653217368e-01 -3.918472382285023703e-01
-2.621575000700225866e-01 -3.873493901363790903e-01
-2.585987236124688837e-01 -3.827864863774773641e-01
-2.550207139764740782e-01 -3.781589463398309370e-01
-2.514234019467457282e-01 -3.734672212417863291e-01
-2.478067274190645097e-01 -3.687117943710070955e-01
-2.441706399155666452e-01 -3.638931812893481110e-01
-2.405150991039318731e-01 -3.590119300021226700e-01
-2.368400753191994834e-01 -3.540686210903134512e-01
-2.331455500868366004e-01 -3.490638678042949361e-01
-2.294315166455972443e-01 -3.439983161176635718e-01
-2.256979804686032320e-01 -3.388726447397979458e-01
-2.219449597809960428e-01 -3.336875650858072140e-01
-2.181724860723968651e-01 -3.284438212025553860e-01
-2.143806046023276068e-01 -3.231421896494917623e-01
-2.105693748966322165e-01 -3.177834793330506225e-01
-2.067388712328475653e-01 -3.123685312934330605e-01
-2.028891831123722511e-01 -3.068982184426226612e-01
-1.990204157171686639e-01 -3.013734452525329566e-01
-1.951326903486510500e-01 -2.957951473922335039e-01
-1.912261448462943547e-01 -2.901642913132531088e-01
-1.873009339834056097e-01 -2.844818737820045684e-01
-1.833572298374007703e-01 -2.787489213584345982e-01
-1.793952221318274587e-01 -2.729664898200538925e-01
-1.754151185472803409e-01 -2.671356635305673355e-01
-1.714171449982568873e-01 -2.612575547523768860e-01
-1.674015458729201655e-01 -2.553333029023096001e-01
-1.633685842326428328e-01 -2.493640737499903948e-01
-1.593185419681304726e-01 -2.433510585583644747e-01
-1.552517199088536970e-01 -2.372954731659658312e-01
-1.511684378824602604e-01 -2.311985570106447896e-01
-1.470690347207966320e-01 -2.250615720945893516e-01
-1.429538682091412438e-01 -2.188858018906302549e-01
-1.388233149752463869e-01 -2.126725501899949800e-01
-1.346777703148209770e-01 -2.064231398919054716e-01
-1.305176479501313769e-01 -2.001389117356588976e-01
-1.263433797185127827e-01 -1.938212229761594185e-01
-1.221554151877231043e-01 -1.874714460042368191e-01
-1.179542211952854247e-01 -1.810909669135399580e-01
-1.137402813092357468e-01 -1.746811840163201568e-01
-1.095140952080566055e-01 -1.682435063110569451e-01
-1.052761779780075901e-01 -1.617793519055971130e-01
-1.010270593266218153e-01 -1.552901464003330900e-01
-9.676728271177265084e-02 -1.487773212369006004e-01
-9.249740438650388974e-02 -1.422423120189760248e-01
-8.821799236069138850e-02 -1.356865568129472788e-01
-8.392962528163594449e-02 -1.291114944375586215e-01
-7.963289123681788206e-02 -1.225185627530382959e-01
-7.532838648330147935e-02 -1.159091969616932172e-01
-7.101671410962778763e-02 -1.092848279334585337e-01
-6.669848263744432293e-02 -1.026468805713568744e-01
-6.237430457158371633e-02 -9.599677223320718378e-02
-5.804479490873587499e-02 -8.933591122711503907e-02
-5.371056961623776882e-02 -8.266569539922269394e-02
-4.937224409373980327e-02 -7.598751083275284701e-02
-4.503043163156211781e-02 -6.930273067750242211e-02
-4.068574188030543715e-02 -6.261271412845378914e-02
-3.633877934672641308e-02 -5.591880557108919181e-02
-3.199014193089649849e-02 -4.922233390914332318e-02
-2.764041951924406382e-02 -4.252461208797464476e-02
-2.329019264717713256e-02 -3.582693682342494301e-02
-1.894003124361010038e-02 -2.913058854205805015e-02
-1.459049346789331736e-02 -2.243683153410205855e-02
-1.024212464744522766e-02 -1.574691431545729992e-02
-5.895456321877157180e-03 -9.062070189918808305e-03
-1.551005396730698038e-03 -2.383517997595591131e-03
2.790726592793335570e-03 4.287536969425020938e-03
7.129254110373572928e-03 1.094990190753372672e-02
1.146410814406229051e-02 1.760239532523408257e-02
1.579483663550607098e-02 2.424384577978277999e-02
2.012100482131246038e-02 3.087309055838299843e-02
2.444219549614351505e-02 3.748897433609832408e-02
2.875800920774890246e-02 4.409034784214740932e-02
3.306806439426962507e-02 5.067606656469797466e-02
3.737199747379760240e-02 5.724498952182330291e-02
4.166946289541811899e-02 6.379597812307491456e-02
4.596013315988844994e-02 7.032789514236348349e-02
5.024369881681650662e-02 7.683960381875060142e-02
5.451986844378103880e-02 8.332996709751522291e-02
5.878836861138803105e-02 8.979784701967702398e-02
6.304894383685377690e-02 9.624210426418725040e-02
6.730135652741531249e-02 1.026615978433610687e-01
7.154538691374501269e-02 1.090551849489273528e-01
7.578083297259613493e-02 1.154217209433256452e-01
8.000751033717701244e-02 1.217600594886716903e-01
8.422525219322191115e-02 1.280690528040835663e-01
8.843390915838628130e-02 1.343475520408078661e-01
9.263334914243531726e-02 1.405944077637638900e-01
9.682345718569246307e-02 1.468084705276913871e-01
1.010041352733312414e-01 1.529885915359650295e-01
1.051753021233171048e-01 1.591336233702933534e-01
1.093368929461054906e-01 1.652424207798887934e-01
1.134888591745511488e-01 1.713138415192113351e-01
1.176311681628652850e-01 1.773467472240391751e-01
1.217638028538535200e-01 1.833400043163300186e-01
1.258867614140609659e-01 1.892924849290961165e-01
1.300000568368369080e-01 1.952030678433023803e-01
1.341037165136922948e-01 2.010706394295604105e-01
1.381977817746599668e-01 2.068940945881508620e-01
1.422823073986738962e-01 2.126723376816239408e-01
1.463573610952547954e-01 2.184042834549147216e-01
1.504230229590286516e-01 2.240888579385422186e-01
1.544793848988114393e-01 2.297249993310587768e-01
1.585265500431592145e-01 2.353116588574509227e-01
1.625646321244286208e-01 2.408478016006918576e-01
1.665937548435000304e-01 2.463324073041026629e-01
1.706140512173973667e-01 2.517644711425681692e-01
1.746256629120995774e-01 2.571430044610424348e-01
1.786287395628690655e-01 2.624670354790842319e-01
1.826234380844382887e-01 2.677356099604716877e-01
1.866099219733919901e-01 2.729477918472023035e-01
1.905883606050568502e-01 2.781026638574120580e-01
1.945589285271787927e-01 2.831993280469592422e-01
1.985218047526177698e-01 2.882369063345993077e-01
2.024771720532285990e-01 2.932145409908366585e-01
2.064252162570295868e-01 2.981313950906792631e-01
2.103661255506822925e-01 3.029866529306547429e-01
2.143000897892207712e-01 3.077795204105384097e-01
2.182272998148800658e-01 3.125092253803576359e-01
2.221479467867771007e-01 3.171750179533000535e-01
2.260622215231037346e-01 3.217761707852414554e-01
2.299703138573830907e-01 3.263119793216505693e-01
2.338724120102449455e-01 3.307817620126902169e-01
2.377687019780665711e-01 3.351848604973765022e-01
2.416593669397238964e-01 3.395206397576855384e-01
2.455445866825886891e-01 3.437884882435258693e-01
2.494245370488078484e-01 3.479878179695258256e-01
2.532993894027926185e-01 3.521180645845826684e-01
2.571693101207458421e-01 3.561786874151490756e-01
2.610344601029527256e-01 3.601691694832266366e-01
2.648949943094641712e-01 3.640890175000406348e-01
2.687510613197003906e-01 3.679377618363701141e-01
2.726028029164159205e-01 3.717149564704976816e-01
2.764503536943677675e-01 3.754201789147428858e-01
2.802938406939451954e-01 3.790530301215210285e-01
2.841333830599340193e-01 3.826131343698601084e-01
2.879690917255040561e-01 3.861001391333014898e-01
2.918010691214325547e-01 3.895137149300758050e-01
2.956294089104990475e-01 3.928535551564421580e-01
2.994541957469177840e-01 3.961193759040440021e-01
3.032755050606043556e-01 3.993109157621299032e-01
3.070934028660104453e-01 4.024279356054507040e-01
3.109079455951989091e-01 4.054702183686262340e-01
3.147191799547764957e-01 4.084375688077570010e-01
3.185271428062459997e-01 4.113298132500222692e-01
3.223318610692931796e-01 4.141467993319886132e-01
3.261333516474763661e-01 4.168883957273297747e-01
3.299316213757444993e-01 4.195544918646269550e-01
3.337266669891735815e-01 4.221449976359057943e-01
3.375184751122725646e-01 4.246598430965295989e-01
3.413070222681818811e-01 4.270989781570599386e-01
3.450922749070576279e-01 4.294623722676611521e-01
3.488741894529113763e-01 4.317500140956048726e-01
3.526527123681511555e-01 4.339619111964216902e-01
3.564277802350550028e-01 4.360980896792044370e-01
3.601993198533881557e-01 4.381585938665680247e-01
3.639672483533675784e-01 4.401434859497408980e-01
3.677314733231617505e-01 4.420528456392418537e-01
3.714918929501137557e-01 4.438867698115917526e-01
3.752483961748642738e-01 4.456453721524766265e-01
3.790008628575545768e-01 4.473287827967719066e-01
3.827491639552853542e-01 4.489371479658222364e-01
3.864931617100150207e-01 4.504706296023543999e-01
3.902327098460809940e-01 4.519294050033834109e-01
3.939676537765371411e-01 4.533136664514694214e-01
3.976978308175075916e-01 4.546236208446599592e-01
4.014230704097694336e-01 4.558594893254498404e-01
4.051431943467881935e-01 4.570215069090680649e-01
4.088580170084406551e-01 4.581099221114096620e-01
4.125673455996808348e-01 4.591249965769004793e-01
4.162709803934156461e-01 4.600670047065890111e-01
4.199687149768773775e-01 4.609362332867441570e-01
4.236603365007987065e-01 4.617329811182341315e-01
4.273456259307153449e-01 4.624575586469460431e-01
4.310243582997412282e-01 4.631102875955128706e-01
4.346963029621852548e-01 4.636915005965955849e-01
4.383612238473984513e-01 4.642015408279659416e-01
4.420188797132646452e-01 4.646407616496335824e-01
4.456690243987711519e-01 4.650095262432493159e-01
4.493114070751189071e-01 4.653082072540192238e-01
4.529457724948577901e-01 4.655371864353457512e-01
4.565718612385549768e-01 4.656968542964254332e-01
4.601894099585314146e-01 4.657876097530112003e-01
4.637981516192242748e-01 4.658098597815510944e-01
4.673978157337609907e-01 4.657640190769132271e-01
4.709881285963510855e-01 4.656505097138904370e-01
4.745688135101328586e-01 4.654697608126877051e-01
4.781395910101307045e-01 4.652222082085822885e-01
4.817001790810085948e-01 4.649082941259409796e-01
4.852502933693256248e-01 4.645284668567820074e-01
4.887896473900261718e-01 4.640831804440552766e-01
4.923179527269205824e-01 4.635728943698131377e-01
4.958349192269326244e-01 4.629980732484475503e-01
4.993402551879179696e-01 4.623591865251436839e-01
5.028336675398754618e-01 4.616567081797194882e-01
5.063148620193982374e-01 4.608911164359957846e-01
5.097835433372294167e-01 4.600628934768490330e-01
5.132394153388120106e-01 4.591725251650841111e-01
5.166821811577397838e-01 4.582205007702635502e-01
5.201115433620355777e-01 4.572073127016252347e-01
5.235272040932018589e-01 4.561334562472119658e-01
5.269288651980097438e-01 4.549994293193274641e-01
5.303162283530049592e-01 4.538057322064347199e-01
5.336889951817290756e-01 4.525528673315993844e-01
5.370468673646690005e-01 4.512413390175784578e-01
5.403895467419650434e-01 4.498716532586464756e-01
5.437167354089167404e-01 4.484443174992477354e-01
5.470281358043467268e-01 4.469598404195505581e-01
5.503234507918900453e-01 4.454187317279779679e-01
5.536023837342891607e-01 4.438215019607862355e-01
5.568646385607908256e-01 4.421686622887429086e-01
5.601099198277450508e-01 4.404607243309650033e-01
5.633379327725202002e-01 4.386981999759614892e-01
5.665483833608574438e-01 4.368816012099220880e-01
5.697409783277942452e-01 4.350114399522858610e-01
5.729154252122957702e-01 4.330882278986168399e-01
5.760714323857409891e-01 4.311124763708091834e-01
5.792087090744114652e-01 4.290846961746412336e-01
5.823269653761458109e-01 4.270053974646801920e-01
5.854259122713165731e-01 4.248750896165502389e-01
5.885052616283019677e-01 4.226942811065554917e-01
5.915647262036178855e-01 4.204634793986572472e-01
5.946040196368895803e-01 4.181831908387846353e-01
5.976228564408339050e-01 4.158539205564707464e-01
6.006209519864367241e-01 4.134761723737837569e-01
6.035980224835009178e-01 4.110504487215335123e-01
6.065537849567498307e-01 4.085772505627131568e-01
6.094879572176682414e-01 4.060570773231476083e-01
6.124002578322602641e-01 4.034904268293084684e-01
6.152904060849113677e-01 4.008777952532462385e-01
6.181581219385330339e-01 3.982196770646007633e-01
6.210031259911722445e-01 3.955165649896347779e-01
6.238251394292657626e-01 3.927689499772372139e-01
6.266238839777171776e-01 3.899773211718460253e-01
6.293990818469746840e-01 3.871421658932271415e-01
6.321504556772827854e-01 3.842639696230495394e-01
6.348777284802805676e-01 3.813432159981978709e-01
6.375806235781176223e-01 3.783803868107585844e-01
6.402588645402539358e-01 3.753759620146077669e-01
6.429121751181108291e-01 3.723304197385423620e-01
6.455402791777302696e-01 3.692442363058847654e-01
6.481429006306074214e-01 3.661178862604911322e-01
6.507197633628483135e-01 3.629518423990949483e-01
6.532705911628062800e-01 3.597465758099225308e-01
6.557951076473491625e-01 3.565025559175021841e-01
6.582930361869021585e-01 3.532202505336079490e-01
6.607640998294096457e-01 3.499001259142630604e-01
6.632080212233597560e-01 3.465426468227402745e-01
6.656245225400050369e-01 3.431482765984855132e-01
6.680133253949178673e-01 3.397174772319079272e-01
6.703741507690110790e-01 3.362507094449591616e-01
6.727067189291516813e-01 3.327484327774505313e-01
6.750107493484981402e-01 3.292111056790312240e-01
6.772859606266796728e-01 3.256391856067810675e-01
6.795320704099448994e-01 3.220331291283422548e-01
6.817487953113965382e-01 3.183933920305397347e-01
6.839358508314286045e-01 3.147204294334331465e-01
6.860929512784845752e-01 3.110146959097394581e-01
6.882198096902483186e-01 3.072766456095741838e-01
6.903161377553812539e-01 3.035067323904565018e-01
6.923816457359157628e-01 2.997054099525328086e-01
6.944160423904159885e-01 2.958731319789555392e-01
6.964190348980140444e-01 2.920103522813843888e-01
6.983903287834321016e-01 2.881175249505497082e-01
7.003296278430940491e-01 2.841951045118385477e-01
7.022366340724407463e-01 2.802435460858558880e-01
7.041110475945500102e-01 2.762633055539185367e-01
7.059525665901744684e-01 2.722548397284373367e-01
7.077608872293028597e-01 2.682186065281461085e-01
7.095357036043548060e-01 2.641550651581346387e-01
7.112767076651189679e-01 2.600646762946465795e-01
7.129835891555464933e-01 2.559479022745994592e-01
7.146560355525108932e-01 2.518052072897878357e-01
7.162937320066515845e-01 2.476370575857221312e-01
7.178963612854118992e-01 2.434439216650714222e-01
7.194636037183965716e-01 2.392262704956598651e-01
7.209951371451641666e-01 2.349845777229759292e-01
7.224906368655791278e-01 2.307193198871488604e-01
7.239497755928505640e-01 2.264309766443471372e-01
7.253722234093840093e-01 2.221200309925477900e-01
7.267576477255811573e-01 2.177869695016280971e-01
7.281057132417199096e-01 2.134322825477251995e-01
7.294160819130560691e-01 2.090564645518041276e-01
7.306884129182873444e-01 2.046600142223755081e-01
7.319223626315279896e-01 2.002434348022996691e-01
7.331175845979432948e-01 1.958072343196047282e-01
7.342737295131982478e-01 1.913519258422438085e-01
7.353904452068814601e-01 1.868780277367155795e-01
7.364673766300643409e-01 1.823860639304561437e-01
7.375041658471683803e-01 1.778765641779148088e-01
7.385004520323064092e-01 1.733500643302077204e-01
7.394558714702821334e-01 1.688071066082485472e-01
7.403700575624233560e-01 1.642482398792293741e-01
7.412426408374401809e-01 1.596740199363390900e-01
7.420732489674954913e-01 1.550850097815691664e-01
7.428615067896865432e-01 1.504817799114727683e-01
7.436070363331354072e-01 1.458649086057115796e-01
7.443094568518944243e-01 1.412349822182263070e-01
7.449683848638743999e-01 1.365925954708418488e-01
7.455834341960105860e-01 1.319383517491182489e-01
7.461542160358787257e-01 1.272728634002348591e-01
7.466803389899885346e-01 1.225967520326762955e-01
7.471614091489708898e-01 1.179106488174896522e-01
7.475970301598906520e-01 1.132151947908421608e-01
7.479868033059124954e-01 1.085110411576156175e-01
7.483303275935496712e-01 1.037988495957301860e-01
7.486271998477309619e-01 9.907929256089427483e-02
7.488770148149175299e-01 9.435305359143841830e-02
7.490793652745045828e-01 8.962082761287944177e-02
7.492338421587416697e-01 8.488332124183850524e-02
7.493400346814036439e-01 8.014125308891037469e-02
7.493975304754427746e-01 7.539535406005767881e-02
7.494059157398516025e-01 7.064636765608323099e-02
7.493647753959564728e-01 6.589505026970181312e-02
7.492736932533661243e-01 6.114217147971318100e-02
7.491322521857826100e-01 5.638851434174604882e-02
7.489400343168846064e-01 5.163487567501390263e-02
7.486966212164781753e-01 4.688206634450328703e-02
7.484015941071038291e-01 4.213091153797418609e-02
7.480545340812729815e-01 3.738225103713278819e-02
7.476550223295013176e-01 3.263693948230034225e-02
7.472026403792829674e-01 2.789584662987132369e-02
7.466969703451433737e-01 2.315985760183081332e-02
7.461375951898805425e-01 1.842987312655680610e-02
7.455240989970940424e-01 1.370680977011504154e-02
7.448560672550721407e-01 8.991600157209150845e-03
7.441330871520911439e-01 4.285193180935148449e-03
7.433547478831470379e-01 -4.114457995637588184e-04
7.425206409681202047e-01 -5.097334774456924178e-03
7.416303605813410194e-01 -9.771474912556865622e-03
7.406835038924894921e-01 -1.443285040560332577e-02
7.396796714187339195e-01 -1.908042832851261639e-02
7.386184673879743201e-01 -2.371315851663127749e-02
7.374995001130194572e-01 -2.832997346105597947e-02
7.363223823764817322e-01 -3.292978822311759535e-02
7.350867318261429251e-01 -3.751150036913256103e-02
7.337921713804849144e-01 -4.207398992656458114e-02
7.324383296440430957e-01 -4.661611936274864809e-02
7.310248413321909222e-01 -5.113673358734410757e-02
7.295513477049095918e-01 -5.563465997970493127e-02
7.280174970090471653e-01 -6.010870844236609889e-02
7.264229449285193319e-01 -6.455767148184679560e-02
7.247673550418468613e-01 -6.898032431798065134e-02
7.230503992863714924e-01 -7.337542502298746716e-02
7.212717584284282779e-01 -7.774171469149346314e-02
7.194311225387028941e-01 -8.207791764270175316e-02
7.175281914719378040e-01 -8.638274165590714704e-02
7.155626753500921033e-01 -9.065487824053006238e-02
7.135342950480025870e-01 -9.489300294182809181e-02
7.114427826805347355e-01 -9.909577568341529363e-02
7.092878820901533654e-01 -1.032618411476887155e-01
7.070693493337800728e-01 -1.073898291952336825e-01
7.047869531677599664e-01 -1.114783553242255504e-01
7.024404755296922431e-01 -1.155260211708096507e-01
7.000297120158349706e-01 -1.195314150513842461e-01
6.975544723527473678e-01 -1.234931125476474573e-01
6.950145808617684828e-01 -1.274096771352192792e-01
6.924098769149144017e-01 -1.312796608565589551e-01
6.897402153807116187e-01 -1.351016050388367251e-01
6.870054670584647694e-01 -1.388740410573297002e-01
6.842055190994166258e-01 -1.425954911448222284e-01
6.813402754132433792e-01 -1.462644692473958341e-01
6.784096570582959229e-01 -1.498794819268964296e-01
6.754136026139989646e-01 -1.534390293102531055e-01
6.723520685338029157e-01 -1.569416060857156403e-01
6.692250294770896168e-01 -1.603857025459586860e-01
6.660324786184421697e-01 -1.637698056778761901e-01
6.627744279327013599e-01 -1.670924002987632662e-01
6.594509084542662380e-01 -1.703519702384498624e-01
6.560619705091191856e-01 -1.735469995668149634e-01
6.526076839181085276e-01 -1.766759738659682832e-01
6.490881381700721597e-01 -1.797373815462462998e-01
6.455034425634457174e-01 -1.827297152050201268e-01
6.418537263150783101e-01 -1.856514730271661695e-01
6.381391386350563355e-01 -1.885011602259012431e-01
6.343598487664315888e-01 -1.912772905225312292e-01
6.305160459888581315e-01 -1.939783876635097493e-01
6.266079395852443001e-01 -1.966029869730578639e-01
6.226357587706675689e-01 -1.991496369394351040e-01
6.185997525829203258e-01 -2.016169008328116408e-01
6.145001897342040609e-01 -2.040033583525390215e-01
6.103373584236483351e-01 -2.063076073014715184e-01
6.061115661104798935e-01 -2.085282652848526319e-01
6.018231392478542441e-01 -2.106639714311394629e-01
5.974724229775323359e-01 -2.127133881320026343e-01
5.930597807857713732e-01 -2.146752027986196243e-01
5.885855941209962028e-01 -2.165481296312461446e-01
5.840502619740138845e-01 -2.183309113989421735e-01
5.794542004217426712e-01 -2.200223212262124861e-01
5.747978421356239043e-01 -2.216211643832289580e-01
5.700816358561137109e-01 -2.231262800761933673e-01
5.653060458348443396e-01 -2.245365432343287559e-01
5.604715512462791205e-01 -2.258508662898931763e-01
5.555786455708775495e-01 -2.270682009475547269e-01
5.506278359520165866e-01 -2.281875399393945014e-01
5.456196425291095498e-01 -2.292079187617602487e-01
5.405545977495755938e-01 -2.301284173901471108e-01
5.354332456624989467e-01 -2.309481619682537124e-01
5.302561411970281302e-01 -2.316663264673303746e-01
5.250238494287186031e-01 -2.322821343119335913e-01
5.197369448372171075e-01 -2.327948599681851916e-01
5.143960105588337717e-01 -2.332038304906468851e-01
5.090016376376904628e-01 -2.335084270239295434e-01
5.035544242792742153e-01 -2.337080862551832727e-01
4.980549751103333644e-01 -2.338023018136389797e-01
4.925039004491476025e-01 -2.337906256134181515e-01
4.869018155902888334e-01 -2.336726691358684549e-01
4.812493401080451538e-01 -2.334481046477407118e-01
4.755470971827077675e-01 -2.331166663515827908e-01
4.697957129539492294e-01 -2.326781514647947025e-01
4.639958159054997089e-01 -2.321324212238654316e-01
4.581480362852975441e-01 -2.314794018103895623e-01
4.522530055652326242e-01 -2.307190851955535082e-01
4.463113559445072154e-01 -2.298515298998691225e-01
4.403237199005344271e-01 -2.288768616650334597e-01
4.342907297911515196e-01 -2.277952740348915817e-01
4.282130175117507820e-01 -2.266070288425924006e-01
4.220912142107440257e-01 -2.253124566011341923e-01
4.159259500665454246e-01 -2.239119567946146472e-01
4.097178541290084075e-01 -2.224059980676208192e-01
4.034675542279753668e-01 -2.207951183103203652e-01
3.971756769512803098e-01 -2.190799246369417586e-01
3.908428476942278351e-01 -2.172610932554691343e-01
3.844696907821946175e-01 -2.153393692265119230e-01
3.780568296676251605e-01 -2.133155661094566224e-01
3.716048872022805205e-01 -2.111905654941535482e-01
3.651144859851598312e-01 -2.089653164165482524e-01
3.585862487860720371e-01 -2.066408346568252841e-01
3.520207990443472990e-01 -2.042182019187987196e-01
3.454187614416867058e-01 -2.016985648894585037e-01
3.387807625476481066e-01 -1.990831341777583863e-01
3.321074315357191997e-01 -1.963731831319230903e-01
3.253994009674093246e-01 -1.935700465347440502e-01
3.186573076412301808e-01 -1.906751191765424791e-01
3.118817935028805333e-01 -1.876898543056873536e-01
3.050735066123841377e-01 -1.846157619567849184e-01
2.982331021633642942e-01 -1.814544071568882089e-01
2.913612435490689490e-01 -1.782074080103216163e-01
2.844586034691983789e-01 -1.748764336629757277e-01
2.775258650710293873e-01 -1.714632021471978185e-01
2.705637231177846491e-01 -1.679694781086930599e-01
2.635728851766624414e-01 -1.643970704171509034e-01
2.565540728184344532e-01 -1.607478296626378422e-01
2.495080228200396433e-01 -1.570236455401357034e-01
2.424354883611447020e-01 -1.532264441249734377e-01
2.353372402052373857e-01 -1.493581850422927015e-01
2.282140678554604452e-01 -1.454208585341137117e-01
2.210667806750978848e-01 -1.414164824280320643e-01
2.138962089623923646e-01 -1.373470990120811419e-01
2.067032049692408835e-01 -1.332147718208571141e-01
1.994886438532869066e-01 -1.290215823386248184e-01
1.922534245529981534e-01 -1.247696266258088715e-01
1.849984705755593484e-01 -1.204610118760561788e-01
1.777247306878086686e-01 -1.160978529119237046e-01
1.704331795010063100e-01 -1.116822686282191168e-01
1.631248179410432764e-01 -1.072163783931276981e-01
1.558006735967131240e-01 -1.027022984184816634e-01
1.484618009399746030e-01 -9.814213811189942405e-02
1.411092814136838125e-01 -9.353799642502519385e-02
1.337442233841505124e-01 -8.889195821374851203e-02
1.263677619579990086e-01 -8.420609062804063072e-02
1.189810586652274293e-01 -7.948243955089873136e-02
1.115853010130104239e-01 -7.472302610779146814e-02
1.041817019176035641e-01 -6.992984326986834143e-02
9.677149902461062991e-02 -6.510485257596831943e-02
8.935595393076423143e-02 -6.024998100000894530e-02
8.193635132307280911e-02 -5.536711799154053759e-02
7.451399805354452788e-02 -5.045811271794076180e-02
6.709022216955651263e-02 -4.552477153678435862e-02
5.966637192103130261e-02 -4.056885572613994073e-02
5.224381476583436767e-02 -3.559207949885007105e-02
4.482393639396575757e-02 -3.059610832407388958e-02
3.740813978918269833e-02 -2.558255757551120002e-02
2.999784434358754304e-02 -2.055299152078055025e-02
2.259448503655286933e-02 -1.550892266049941348e-02
1.519951168429028998e-02 -1.045181141889872656e-02
7.814388260691779164e-03 -5.383066180583040428e-03
4.405922841236309395e-04 -3.040436606505658723e-04
-6.920385740977114120e-03 4.783950411794246627e-03
-1.426704284411112189e-02 9.879660323263206312e-03
-2.159786409108122029e-02 1.498187915075499532e-02
-2.891132309254457189e-02 2.008944731827938535e-02
-3.620588254421347463e-02 2.520125097423492333e-02
-4.347999482424202977e-02 3.031622023003549549e-02
-5.073210267192057588e-02 3.543332729999970621e-02
-5.796063996904235460e-02 4.055158458068341965e-02
-6.516403264148701302e-02 4.567004270478514094e-02
-7.234069969398204680e-02 5.078778860075511270e-02
-7.948905438601866491e-02 5.590394358461742152e-02
-8.660750555185514621e-02 6.101766150559145840e-02
-9.369445906270151836e-02 6.612812696214642738e-02
-1.007483194248300629e-01 7.123455360040870099e-02
-1.077674915036209158e-01 7.633618250253193516e-02
-1.147503823605705853e-01 8.143228066888857919e-02
-1.216954031880518317e-01 8.652213959478288752e-02
-1.286009713251476949e-01 9.160507393988326363e-02
-1.354655123370835934e-01 9.668042028665985166e-02
-1.422874621406014506e-01 1.017475359827900716e-01
-1.490652691579240352e-01 1.068057980616379798e-01
-1.557973964826701863e-01 1.118546022345016100e-01
-1.624823240420775472e-01 1.168933619482230291e-01
-1.691185507410934985e-01 1.219215075019306482e-01
-1.757045965752145056e-01 1.269384852170439559e-01
-1.822390047003318025e-01 1.319437566551484586e-01
-1.887203434492206455e-01 1.369367978789193252e-01
-1.951472082856540169e-01 1.419170987518660887e-01
-2.015182236884027200e-01 1.468841622732706131e-01
-2.078320449585702445e-01 1.518375039452677377e-01
-2.140873599448284426e-01 1.567766511695687925e-01
-2.202828906821076571e-01 1.617011426718076572e-01
-2.264173949402144559e-01 1.666105279519433102e-01
-2.324896676796511241e-01 1.715043667595177734e-01
-2.384985424126404019e-01 1.763822285929071976e-01
-2.444428924679939996e-01 1.812436922219622382e-01
-2.503216321590278626e-01 1.860883452336550004e-01
-2.561337178542237303e-01 1.909157836005166142e-01
-2.618781489507697180e-01 1.957256112717750685e-01
-2.675539687514946197e-01 2.005174397871885006e-01
-2.731602652460479730e-01 2.052908879136275955e-01
-2.786961717974635322e-01 2.100455813044771747e-01
-2.841608677355057511e-01 2.147811521819312508e-01
-2.895535788584198134e-01 2.194972390422330610e-01
-2.948735778449040335e-01 2.241934863838763725e-01
-3.001201845782939248e-01 2.288695444587290628e-01
-3.052927663850961704e-01 2.335250690459804990e-01
-3.103907381901461759e-01 2.381597212487457926e-01
-3.154135625907729112e-01 2.427731673130849033e-01
-3.203607498524557728e-01 2.473650784691167337e-01
-3.252318578285430806e-01 2.519351307938296758e-01
-3.300264918066758701e-01 2.564830050951106832e-01
-3.347443042846212080e-01 2.610083868164426724e-01
-3.393849946782721561e-01 2.655109659616409212e-01
-3.439483089646115932e-01 2.699904370389308306e-01
-3.484340392624720728e-01 2.744464990236036295e-01
-3.528420233539461548e-01 2.788788553384292102e-01
-3.571721441493205251e-01 2.832872138509426874e-01
-3.614243290984153201e-01 2.876712868866840300e-01
-3.655985495512120709e-01 2.920307912574169329e-01
-3.696948200706501320e-01 2.963654483033226761e-01
-3.737131977004592986e-01 3.006749839481329678e-01
-3.776537811908822206e-01 3.049591287661469474e-01
-3.815167101851128506e-01 3.092176180600526569e-01
-3.853021643692555731e-01 3.134501919484726229e-01
-3.890103625885705796e-01 3.176565954621431986e-01
-3.926415619327383588e-01 3.218365786476390378e-01
-3.961960567928277666e-01 3.259898966775623963e-01
-3.996741778926120037e-01 3.301163099661332812e-01
-4.030762912968213207e-01 3.342155842891266770e-01
-4.064027973988666442e-01 3.382874909071323932e-01
-4.096541298905134743e-01 3.423318066911354984e-01
-4.128307547159207891e-01 3.463483142494476752e-01
-4.159331690123971859e-01 3.503368020550522433e-01
-4.189619000401581528e-01 3.542970645724671241e-01
-4.219175041033007001e-01 3.582289023832647690e-01
-4.248005654641368589e-01 3.621321223094343122e-01
-4.276116952529591675e-01 3.660065375338155125e-01
-4.303515303752294408e-01 3.698519677168796704e-01
-4.330207324181104545e-01 3.736682391091772359e-01
-4.356199865581824593e-01 3.774551846588308779e-01
-4.381500004721027852e-01 3.812126441134908172e-01
-4.406115032518942431e-01 3.849404641162228469e-01
-4.430052443264618778e-01 3.886384982948555833e-01
-4.453319923908625189e-01 3.923066073443537971e-01
-4.475925343447695326e-01 3.959446591018418449e-01
-4.497876742414927964e-01 3.995525286139422483e-01
-4.519182322488398684e-01 4.031300981961541963e-01
-4.539850436230209452e-01 4.066772574840321619e-01
-4.559889576967228741e-01 4.101939034759711777e-01
-4.579308368824026587e-01 4.136799405674615460e-01
-4.598115556917706792e-01 4.171352805767050698e-01
-4.616319997723629109e-01 4.205598427615277468e-01
-4.633930649620260356e-01 4.239535538275732707e-01
-4.650956563620656237e-01 4.273163479277837795e-01
-4.667406874297414521e-01 4.306481666532260277e-01
-4.683290790907209677e-01 4.339489590153368659e-01
-4.698617588720372940e-01 4.372186814197072113e-01
-4.713396600560343930e-01 4.404572976315490607e-01
-4.727637208557146642e-01 4.436647787330089687e-01
-4.741348836118495225e-01 4.468411030725322197e-01
-4.754540940121496084e-01 4.499862562064880223e-01
-4.767223003327387132e-01 4.531002308332967576e-01
-4.779404527021163251e-01 4.561830267203187406e-01
-4.791095023877491865e-01 4.592346506237753867e-01
-4.802304011053746824e-01 4.622551162019911120e-01
-4.813041003510566962e-01 4.652444439222606642e-01
-4.823315507559874371e-01 4.682026609616504187e-01
-4.833137014639869999e-01 4.711298011020553234e-01
-4.842514995316100634e-01 4.740259046198441739e-01
-4.851458893507350489e-01 4.768910181704184570e-01
-4.859978120934690393e-01 4.797251946680365364e-01
-4.868082051791753351e-01 4.825284931612280337e-01
-4.875780017633926100e-01 4.853009787041563383e-01
-4.883081302483912034e-01 4.880427222242582075e-01
-4.889995138150791121e-01 4.907538003865101195e-01
-4.896530699759521488e-01 4.934342954546560578e-01
-4.902697101487530351e-01 4.960842951497289599e-01
-4.908503392504892093e-01 4.987038925061991756e-01
-4.913958553114361472e-01 5.012931857260747304e-01
-4.919071491087374515e-01 5.038522780312645333e-01
-4.923851038191998097e-01 5.063812775145241085e-01
-4.928305946908618784e-01 5.088802969892809447e-01
-4.932444887329131555e-01 5.113494538386333943e-01
-4.936276444235186966e-01 5.137888698638116702e-01
-4.939809114351051411e-01 5.161986711323753863e-01
-4.943051303766541338e-01 5.185789878264107644e-01
-4.946011325525399016e-01 5.209299540909871906e-01
-4.948697397374497431e-01 5.232517078831151469e-01
-4.951117639669195825e-01 5.255443908214390003e-01
-4.953280073430139097e-01 5.278081480368940204e-01
-4.955192618546821470e-01 5.300431280245312404e-01
-4.956863092123244829e-01 5.322494824967154425e-01
-4.958299206960944394e-01 5.344273662378893341e-01
-4.959508570174798736e-01 5.365769369610756678e-01
-4.960498681936957865e-01 5.386983551662901659e-01
-4.961276934344355238e-01 5.407917840010207922e-01
-4.961850610405269535e-01 5.428573891229144799e-01
-4.962226883140453682e-01 5.448953385648162007e-01
-4.962412814794474603e-01 5.469058026022723951e-01
-4.962415356152908297e-01 5.488889536236203348e-01
-4.962241345961117545e-01 5.508449660027674444e-01
-4.961897510440483883e-01 5.527740159747486226e-01
-4.961390462897962150e-01 5.546762815141506042e-01
-4.960726703424985784e-01 5.565519422164741936e-01
-4.959912618681786567e-01 5.584011791825047588e-01
-4.958954481763340194e-01 5.602241749057407239e-01
-4.957858452143190098e-01 5.620211131629332391e-01
-4.956630575691558516e-01 5.637921789077737778e-01
-4.955276784764207632e-01 5.655375581677626329e-01
-4.953802898358632412e-01 5.672574379442818504e-01
-4.952214622334292771e-01 5.689520061158892528e-01
-4.950517549693642660e-01 5.706214513448423231e-01
-4.948717160920884650e-01 5.722659629868578346e-01
-4.946818824375421864e-01 5.738857310040981208e-01
-4.944827796737128467e-01 5.754809458813809897e-01
-4.942749223500624844e-01 5.770517985455937415e-01
-4.940588139515876831e-01 5.785984802882930822e-01
-4.938349469572553829e-01 5.801211826914606240e-01
-4.936038029025597296e-01 5.816200975563887710e-01
-4.933658524459663131e-01 5.830954168356604628e-01
-4.931215554390129263e-01 5.845473325681781462e-01
-4.928713609998464640e-01 5.859760368172060030e-01
-4.926157075899859628e-01 5.873817216113725870e-01
-4.923550230941128314e-01 5.887645788885851328e-01
-4.920897249026932041e-01 5.901248004428016891e-01
-4.918202199972516730e-01 5.914625778736045669e-01
-4.915469050381208738e-01 5.927781025385154834e-01
-4.912701664545016111e-01 5.940715655079880086e-01
-4.909903805366745977e-01 5.953431575230169193e-01
-4.907079135302138129e-01 5.965930689552959576e-01
-4.904231217320599301e-01 5.978214897698559405e-01
-4.901363515883172539e-01 5.990286094901152714e-01
-4.898479397936467139e-01 6.002146171652694706e-01
-4.895582133921351220e-01 6.013797013399488911e-01
-4.892674898795227878e-01 6.025240500260722332e-01
-4.889760773066845756e-01 6.036478506768209185e-01
-4.886842743842597092e-01 6.047512901626593829e-01
-4.883923705883358446e-01 6.058345547493266814e-01
-4.881006462670963164e-01 6.068978300777229107e-01
-4.878093727483412967e-01 6.079413011456187288e-01
-4.875188124478092577e-01 6.089651522911050385e-01
-4.872292189782158056e-01 6.099695671777158879e-01
-4.869408372589436595e-01 6.109547287811418759e-01
-4.866539036263143325e-01 6.119208193774641202e-01
-4.863686459443792298e-01 6.128680205328318475e-01
-4.860852837161714346e-01 6.137965130945108871e-01
-4.858040281953612816e-01 6.147064771832292385e-01
-4.855250824982660918e-01 6.155980921867483247e-01
-4.852486417161618881e-01 6.164715367545889890e-01
-4.849748930278545700e-01 6.173269887938377387e-01
-4.847040158124628628e-01 6.181646254659737272e-01
-4.844361817623763500e-01 6.189846231846363178e-01
-4.841715549963463427e-01 6.197871576142777172e-01
-4.839102921726775586e-01 6.205724036696265156e-01
-4.836525426024808616e-01 6.213405355159051791e-01
-4.833984483629588658e-01 6.220917265697355480e-01
-4.831481444106906498e-01 6.228261495006730541e-01
-4.829017586948889385e-01 6.235439762333073732e-01
-4.826594122705957779e-01 6.242453779498803312e-01
-4.824212194117982744e-01 6.249305250933540057e-01
-4.821872877244280930e-01 6.255995873708861676e-01
-4.819577182592301723e-01 6.262527337576537789e-01
-4.817326056244676247e-01 6.268901325009760273e-01
-4.815120380984437842e-01 6.275119511246918247e-01
-4.812960977418174191e-01 6.281183564337424752e-01
-4.810848605096881836e-01 6.287095145189141032e-01
-4.808783963634296610e-01 6.292855907617016520e-01
-4.806767693822497911e-01 6.298467498392512631e-01
-4.804800378744559231e-01 6.303931557293398491e-01
-4.802882544884004012e-01 6.309249717153648795e-01
-4.801014663230930291e-01 6.314423603912970862e-01
-4.799197150384494903e-01 6.319454836665756581e-01
-4.797430369651607407e-01 6.324345027709070699e-01
-4.795714632141606648e-01 6.329095782589445607e-01
-4.794050197856703499e-01 6.333708700148172888e-01
-4.792437276777969934e-01 6.338185372564892894e-01
-4.790876029946654069e-01 6.342527385399221451e-01
-4.789366570540637413e-01 6.346736317630221613e-01
-4.787908964945770673e-01 6.350813741693528414e-01
-4.786503233821884917e-01 6.354761223515976720e-01
-4.785149353163296038e-01 6.358580322547521257e-01
-4.783847255353502748e-01 6.362272591790403276e-01
-4.782596830213912131e-01 6.365839577825371798e-01
-4.781397926046361269e-01 6.369282820834897274e-01
-4.780250350669189574e-01 6.372603854623275499e-01
-4.779153872446628148e-01 6.375804206633579607e-01
-4.778108221311317960e-01 6.378885397961375769e-01
-4.777113089779702615e-01 6.381848943365167059e-01
-4.776168133960032036e-01 6.384696351273593251e-01
-4.775272974552839389e-01 6.387429123789287733e-01
-4.774427197843562065e-01 6.390048756689472587e-01
-4.773630356687164622e-01 6.392556739423262968e-01
-4.772881971484461694e-01 6.394954555105720750e-01
-4.772181531149990996e-01 6.397243680508697405e-01
-4.771528494071164417e-01 6.399425586048492764e-01
-4.770922289058486254e-01 6.401501735770430690e-01
-4.770362316286637649e-01 6.403473587330359429e-01
-4.769847948226188517e-01 6.405342591973213207e-01
-4.769378530565764329e-01 6.407110194508658374e-01
-4.768953383124420187e-01 6.408777833283955117e-01
-4.768571800754035639e-01 6.410346940154127982e-01
-4.768233054231558188e-01 6.411818940449514059e-01
-4.767936391140845664e-01 6.413195252940842028e-01
-4.767681036743987577e-01 6.414477289801916449e-01
-4.767466194841860072e-01 6.415666456570049414e-01
-4.767291048623796268e-01 6.416764152104338370e-01
-4.767154761506172123e-01 6.417771768541922217e-01
-4.767056477959722427e-01 6.418690691252362246e-01
-4.766995324325504768e-01 6.419522298790216741e-01
-4.766970409619267768e-01 6.420267962846006871e-01
-4.766980826324183074e-01 6.420929048195649358e-01
-4.767025651171695744e-01 6.421506912648529131e-01
-4.767103945910490248e-01 6.422002906994284110e-01
-4.767214758063355595e-01 6.422418374948493103e-01
-4.767357121671881304e-01 6.422754653097353383e-01
-4.767530058028885409e-01 6.423013070841501193e-01
-4.767732576398480138e-01 6.423194950339058407e-01
-4.767963674723675327e-01 6.423301606448094114e-01
-4.768222340321447428e-01 6.423334346668562178e-01
-4.768507550565249664e-01 6.423294471083853541e-01
-4.768818273554826792e-01 6.423183272302090963e-01
-4.769153468773347226e-01 6.423002035397276099e-01
-4.769512087731805905e-01 6.422752037850367746e-01
-4.769893074600613514e-01 6.422434549490436684e-01
-4.770295366828422035e-01 6.422050832435994838e-01
-4.770717895748115556e-01 6.421602141036548694e-01
-4.771159587169971350e-01 6.421089721814556839e-01
-4.771619361962027295e-01 6.420514813407787180e-01
-4.772096136617589579e-01 6.419878646512249265e-01
-4.772588823809998937e-01 6.419182443825703910e-01
-4.773096332934571029e-01 6.418427419991911131e-01
-4.773617570637843643e-01 6.417614781545599723e-01
-4.774151441334099077e-01 6.416745726858310572e-01
-4.774696847709239966e-01 6.415821446085130386e-01
-4.775252691212079625e-01 6.414843121112390190e-01
-4.775817872533080211e-01 6.413811925506396339e-01
-4.776391292070654160e-01 6.412729024463218463e-01
-4.776971850385045570e-01 6.411595574759625382e-01
-4.777558448639905864e-01 6.410412724705184528e-01
-4.778149989031679201e-01 6.409181614095555979e-01
-4.778745375206819856e-01 6.407903374167067678e-01
-4.779343512667000304e-01 6.406579127552538555e-01
-4.779943309162394405e-01 6.405209988238447227e-01
-4.780543675073151699e-01 6.403797061523399670e-01
-4.781143523779149973e-01 6.402341443977994651e-01
-4.781741772018182624e-01 6.400844223406061406e-01
-4.782337340232686307e-01 6.399306478807267329e-01
-4.782929152905140424e-01 6.397729280341166724e-01
-4.783516138882254465e-01 6.396113689292657334e-01
-4.784097231688118623e-01 6.394460758038855719e-01
-4.784671369826390408e-01 6.392771530017420378e-01
-4.785237497071747059e-01 6.391047039696288179e-01
-4.785794562750654846e-01 6.389288312544858517e-01
-4.786341522011694494e-01 6.387496365006589683e-01
-4.786877336085501589e-01 6.385672204473044067e-01
-4.787400972534552324e-01 6.383816829259322256e-01
-4.787911405492928929e-01 6.381931228580910442e-01
-4.788407615896159708e-01 6.380016382531943364e-01
-4.788888591701402353e-01 6.378073262064820614e-01
-4.789353328098031048e-01 6.376102828971214054e-01
-4.789800827708868280e-01 6.374106035864396391e-01
-4.790230100782130185e-01 6.372083826162953102e-01
-4.790640165374359105e-01 6.370037134075761109e-01
-4.791030047524423297e-01 6.367966884588289744e-01
-4.791398781418804154e-01 6.365873993450155144e-01
-4.791745409548264223e-01 6.363759367163966951e-01
-4.792068982856153014e-01 6.361623902975360734e-01
-4.792368560878461636e-01 6.359468488864256086e-01
-4.792643211875788345e-01 6.357294003537303784e-01
-4.792892012957422065e-01 6.355101316421472024e-01
-4.793114050197641030e-01 6.352891287658790631e-01
-4.793308418744481880e-01 6.350664768102165514e-01
-4.793474222921061401e-01 6.348422599312315562e-01
-4.793610576319668470e-01 6.346165613555729834e-01
-4.793716601888768913e-01 6.343894633803656147e-01
-4.793791432013071452e-01 6.341610473732118836e-01
-4.793834208586860157e-01 6.339313937722869108e-01
-4.793844083080712748e-01 6.337005820865311279e-01
-4.793820216601781259e-01 6.334686908959337170e-01
-4.793761779947784962e-01 6.332357978519054242e-01
-4.793667953654899838e-01 6.330019796777381913e-01
-4.793537928039666718e-01 6.327673121691481661e-01
-4.793370903235090186e-01 6.325318701949007583e-01
-4.793166089221087001e-01 6.322957276975131879e-01
-4.792922705849404497e-01 6.320589576940350840e-01
-4.792639982863218795e-01 6.318216322768996918e-01
-4.792317159911495539e-01 6.315838226148487999e-01
-4.791953486558309105e-01 6.313455989539235036e-01
-4.791548222287246306e-01 6.311070306185224688e-01
-4.791100636501018917e-01 6.308681860125238128e-01
-4.790610008516472673e-01 6.306291326204667147e-01
-4.790075627555112625e-01 6.303899370087913123e-01
-4.789496792729251440e-01 6.301506648271379962e-01
-4.788872813023965502e-01 6.299113808096963307e-01
-4.788203007274977052e-01 6.296721487766092640e-01
-4.787486704142567828e-01 6.294330316354244115e-01
-4.786723242081722951e-01 6.291940913825939674e-01
-4.785911969308546121e-01 6.289553891050194689e-01
-4.785052243763139868e-01 6.287169849816396372e-01
-4.784143433069071305e-01 6.284789382850584083e-01
-4.783184914489483353e-01 6.282413073832143757e-01
-4.782176074880095662e-01 6.280041497410832063e-01
-4.781116310639049183e-01 6.277675219224199132e-01
-4.780005027653883021e-01 6.275314795915305499e-01
-4.778841641245634153e-01 6.272960775150782098e-01
-4.777625576110235417e-01 6.270613695639155605e-01
-4.776356266257307248e-01 6.268274087149481311e-01
-4.775033154946457525e-01 6.265942470530221353e-01
-4.773655694621169454e-01 6.263619357728379411e-01
-4.772223346840459568e-01 6.261305251808837458e-01
-4.770735582208304182e-01 6.259000646973946758e-01
-4.769191880301031361e-01 6.256706028583270962e-01
-4.767591729592721705e-01 6.254421873173543478e-01
-4.765934627378733413e-01 6.252148648478779158e-01
-4.764220079697472632e-01 6.249886813450533651e-01
-4.762447601250456852e-01 6.247636818278303750e-01
-4.760616715320785119e-01 6.245399104410067626e-01
-4.758726953690145534e-01 6.243174104572901673e-01
-4.756777856554390560e-01 6.240962242793723913e-01
-4.754768972437771191e-01 6.238763934420124002e-01
-4.752699858105994823e-01 6.236579586141229870e-01
-4.750570078478081881e-01 6.234409596008677612e-01
-4.748379206537178820e-01 6.232254353457600260e-01
-4.746126823240380266e-01 6.230114239327662062e-01
-4.743812517427640207e-01 6.227989625884128300e-01
-4.741435885729876620e-01 6.225880876838914002e-01
-4.738996532476282830e-01 6.223788347371688179e-01
-4.736494069600996060e-01 6.221712384150914765e-01
-4.733928116549133702e-01 6.219653325354921325e-01
-4.731298300182315564e-01 6.217611500692907800e-01
-4.728604254683713703e-01 6.215587231425929726e-01
-4.725845621462675950e-01 6.213580830387839260e-01
-4.723022049059072414e-01 6.211592602006150710e-01
-4.720133193047314490e-01 6.209622842322867209e-01
-4.717178715940211209e-01 6.207671839015198589e-01
-4.714158287092668487e-01 6.205739871416222631e-01
-4.711071582605311781e-01 6.203827210535437509e-01
-4.707918285228065991e-01 6.201934119079220986e-01
-4.704698084263791436e-01 6.200060851471179690e-01
-4.701410675472017520e-01 6.198207653872365164e-01
-4.698055760972774109e-01 6.196374764201402208e-01
-4.694633049150686022e-01 6.194562412154436259e-01
-4.691142254559255154e-01 6.192770819224977519e-01
-4.687583097825491762e-01 6.191000198723584091e-01
-4.683955305554874382e-01 6.189250755797387482e-01
-4.680258610236690542e-01 6.187522687449464875e-01
-4.676492750149860989e-01 6.185816182558037113e-01
-4.672657469269227981e-01 6.184131421895491254e-01
-4.668752517172392036e-01 6.182468578147224392e-01
-4.664777648947104893e-01 6.180827815930305391e-01
-4.660732625099300308e-01 6.179209291811940119e-01
-4.656617211461800965e-01 6.177613154327726841e-01
-4.652431179103687642e-01 6.176039543999723991e-01
-4.648174304240439980e-01 6.174488593354292565e-01
-4.643846368144834980e-01 6.172960426939737566e-01
-4.639447157058681492e-01 6.171455161343718521e-01
-4.634976462105370176e-01 6.169972905210434622e-01
-4.630434079203338826e-01 6.168513759257583384e-01
-4.625819808980450309e-01 6.167077816293073944e-01
-4.621133456689289765e-01 6.165665161231526081e-01
-4.616374832123494309e-01 6.164275871110482807e-01
-4.611543749535044201e-01 6.162910015106419781e-01
-4.606640027552630912e-01 6.161567654550468287e-01
-4.601663489101069371e-01 6.160248842943900627e-01
-4.596613961321843189e-01 6.158953625973350166e-01
-4.591491275494727908e-01 6.157682041525762706e-01
-4.586295266960617178e-01 6.156434119703086960e-01
-4.581025775045474147e-01 6.155209882836701896e-01
-4.575682642985527959e-01 6.154009345501556538e-01
-4.570265717853675413e-01 6.152832514530042207e-01
-4.564774850487114399e-01 6.151679389025588307e-01
-4.559209895416299618e-01 6.150549960375978342e-01
-4.553570710795125098e-01 6.149444212266371723e-01
-4.547857158332466732e-01 6.148362120692054678e-01
-4.542069103225039317e-01 6.147303653970906945e-01
-4.536206414091591421e-01 6.146268772755567600e-01
-4.530268962908515773e-01 6.145257430045311109e-01
-4.524256624946794147e-01 6.144269571197654711e-01
-4.518169278710374437e-01 6.143305133939650498e-01
-4.512006805875989901e-01 6.142364048378892161e-01
-4.505769091234373414e-01 6.141446237014238640e-01
-4.499456022632961627e-01 6.140551614746232456e-01
-4.493067490920042983e-01 6.139680088887232712e-01
-4.486603389890421179e-01 6.138831559171247232e-01
-4.480063616232535240e-01 6.138005917763489361e-01
-4.473448069477122258e-01 6.137203049269622790e-01
-4.466756651947398349e-01 6.136422830744721058e-01
-4.459989268710759514e-01 6.135665131701947272e-01
-4.453145827532042356e-01 6.134929814120930747e-01
-4.446226238828340782e-01 6.134216732455869403e-01
-4.439230415625400328e-01 6.133525733643336864e-01
-4.432158273515569014e-01 6.132856657109810872e-01
-4.425009730617359693e-01 6.132209334778926380e-01
-4.417784707536601685e-01 6.131583591078428874e-01
-4.410483127329216657e-01 6.130979242946880126e-01
-4.403104915465568814e-01 6.130396099840075275e-01
-4.395649999796477081e-01 6.129833963737196800e-01
-4.388118310520856546e-01 6.129292629146694260e-01
-4.380509780154987487e-01 6.128771883111910901e-01
-4.372824343503418087e-01 6.128271505216452697e-01
-4.365061937631560807e-01 6.127791267589303148e-01
-4.357222501839895790e-01 6.127330934909688276e-01
-4.349305977639872922e-01 6.126890264411697373e-01
-4.341312308731493097e-01 6.126469005888666164e-01
-4.333241440982515957e-01 6.126066901697342360e-01
-4.325093322409405694e-01 6.125683686761792535e-01
-4.316867903159904984e-01 6.125319088577134696e-01
-4.308565135497348098e-01 6.124972827213008841e-01
-4.300184973786639886e-01 6.124644615316873208e-01
-4.291727374481915103e-01 6.124334158117099580e-01
-4.283192296115940767e-01 6.124041153425849870e-01
-4.274579699291173318e-01 6.123765291641813935e-01
-4.265889546672541055e-01 6.123506255752725336e-01
-4.257121802981949088e-01 6.123263721337730559e-01
-4.248276434994459061e-01 6.123037356569613898e-01
-4.239353411536198601e-01 6.122826822216840270e-01
-4.230352703483972743e-01 6.122631771645484777e-01
-4.221274283766612845e-01 6.122451850821013508e-01
-4.212118127367994180e-01 6.122286698309963304e-01
-4.202884211331818221e-01 6.122135945281487190e-01
-4.193572514768058035e-01 6.121999215508822090e-01
-4.184183018861163394e-01 6.121876125370659949e-01
-4.174715706879946198e-01 6.121766283852436707e-01
-4.165170564189214497e-01 6.121669292547562424e-01
-4.155547578263070752e-01 6.121584745658603666e-01
-4.145846738699974221e-01 6.121512229998411492e-01
-4.136068037239470918e-01 6.121451324991240561e-01
-4.126211467780674935e-01 6.121401602673836040e-01
-4.116277026402405115e-01 6.121362627696530501e-01
-4.106264711385089750e-01 6.121333957324349706e-01
-4.096174523234311637e-01 6.121315141438151697e-01
-4.086006464706102848e-01 6.121305722535803628e-01
-4.075760540833902601e-01 6.121305235733415229e-01
-4.065436758957237107e-01 6.121313208766647751e-01
-4.055035128752079165e-01 6.121329161992110635e-01
-4.044555662262883100e-01 6.121352608388865857e-01
-4.033998373936333870e-01 6.121383053560044418e-01
-4.023363280656737095e-01 6.121419995734613817e-01
-4.012650401783121046e-01 6.121462925769290964e-01
-4.001859759188000076e-01 6.121511327150623849e-01
-3.990991377297764542e-01 6.121564675997288596e-01
-3.980045283134799883e-01 6.121622441062566367e-01
-3.969021506361213314e-01 6.121684083737057858e-01
-3.957920079324203089e-01 6.121749058051662029e-01
-3.946741037103115302e-01 6.121816810680785759e-01
-3.935484417558083869e-01 6.121886780945889894e-01
-3.924150261380340843e-01 6.121958400819288437e-01
-3.912738612144127104e-01 6.122031094928311878e-01
-3.901249516360223990e-01 6.122104280559808043e-01
-3.889683023531090855e-01 6.122177367665005976e-01
-3.878039186207606348e-01 6.122249758864777291e-01
-3.866318060047378991e-01 6.122320849455319403e-01
-3.854519703874671466e-01 6.122390027414250646e-01
-3.842644179741868116e-01 6.122456673407195016e-01
-3.830691552992525062e-01 6.122520160794817645e-01
-3.818661892325964091e-01 6.122579855640389868e-01
-3.806555269863397539e-01 6.122635116717862758e-01
-3.794371761215600825e-01 6.122685295520522430e-01
-3.782111445552093776e-01 6.122729736270184908e-01
-3.769774405671847406e-01 6.122767775927024925e-01
-3.757360728075456180e-01 6.122798744200024235e-01
-3.744870503038818521e-01 6.122821963558057190e-01
-3.732303824688284477e-01 6.122836749241683529e-01
-3.719660791077245565e-01 6.122842409275621733e-01
-3.706941504264190113e-01 6.122838244481968450e-01
-3.694146070392156922e-01 6.122823548494173984e-01
-3.681274599769642775e-01 6.122797607771792716e-01
-3.668327206952873287e-01 6.122759701616068417e-01
-3.655304010829469874e-01 6.122709102186344454e-01
-3.642205134703476177e-01 6.122645074517343300e-01
-3.629030706381751181e-01 6.122566876537353098e-01
-3.615780858261667396e-01 6.122473759087330158e-01
-3.602455727420140197e-01 6.122364965940961801e-01
-3.589055455703959452e-01 6.122239733825712849e-01
-3.575580189821363497e-01 6.122097292444879102e-01
-3.562030081434895967e-01 6.121936864500698849e-01
-3.548405287255497198e-01 6.121757665718515762e-01
-3.534705969137802994e-01 6.121558904872063112e-01
-3.520932294176604693e-01 6.121339783809870427e-01
-3.507084434804553785e-01 6.121099497482832552e-01
-3.493162568890922359e-01 6.120837233972986624e-01
-3.479166879841560367e-01 6.120552174523490319e-01
-3.465097556699911485e-01 6.120243493569877957e-01
-3.450954794249103119e-01 6.119910358772591152e-01
-3.436738793115095003e-01 6.119551931050826177e-01
-3.422449759870839214e-01 6.119167364617742466e-01
-3.408087907141448269e-01 6.118755807017034476e-01
-3.393653453710299139e-01 6.118316399160930175e-01
-3.379146624626094275e-01 6.117848275369631716e-01
-3.364567651310831353e-01 6.117350563412217168e-01
-3.349916771668629556e-01 6.116822384549071012e-01
-3.335194230195406839e-01 6.116262853575834546e-01
-3.320400278089384316e-01 6.115671078868937238e-01
-3.305535173362341705e-01 6.115046162432729027e-01
-3.290599180951637726e-01 6.114387199948245755e-01
-3.275592572832929372e-01 6.113693280823635501e-01
-3.260515628133567878e-01 6.112963488246287991e-01
-3.245368633246636381e-01 6.112196899236689296e-01
-3.230151881945586001e-01 6.111392584704041786e-01
-3.214865675499430364e-01 6.110549609503668211e-01
-3.199510322788458594e-01 6.109667032496240990e-01
-3.184086140420437916e-01 6.108743906608856689e-01
-3.168593452847264236e-01 6.107779278898014530e-01
-3.153032592481975205e-01 6.106772190614487839e-01
-3.137403899816170183e-01 6.105721677270143921e-01
-3.121707723537712198e-01 6.104626768706749029e-01
-3.105944420648690252e-01 6.103486489166763951e-01
-3.090114356583617550e-01 6.102299857366179081e-01
-3.074217905327796263e-01 6.101065886569410068e-01
-3.058255449535816073e-01 6.099783584666282898e-01
-3.042227380650102120e-01 6.098451954251133955e-01
-3.026134099019532897e-01 6.097069992704065022e-01
-3.009976014017980983e-01 6.095636692274355450e-01
-2.993753544162817137e-01 6.094151040166098099e-01
-2.977467117233270621e-01 6.092612018626025749e-01
-2.961117170388591902e-01 6.091018605033631239e-01
-2.944704150285997191e-01 6.089369771993520253e-01
-2.928228513198292138e-01 6.087664487430094473e-01
-2.911690725131150792e-01 6.085901714684545105e-01
-2.895091261940005989e-01 6.084080412614198963e-01
-2.878430609446419042e-01 6.082199535694226000e-01
-2.861709263553954274e-01 6.080258034121742705e-01
-2.844927730363444596e-01 6.078254853922318013e-01
-2.828086526287593161e-01 6.076188937058919493e-01
-2.811186178164878369e-01 6.074059221543303133e-01
-2.794227223372640623e-01 6.071864641549862274e-01
-2.777210209939332541e-01 6.069604127531972315e-01
-2.760135696655856563e-01 6.067276606340822331e-01
-2.743004253185907237e-01 6.064881001346775768e-01
-2.725816460175248257e-01 6.062416232563244689e-01
-2.708572909359890923e-01 6.059881216773097545e-01
-2.691274203673041376e-01 6.057274867657649331e-01
-2.673920957350813254e-01 6.054596095928174160e-01
-2.656513796036576447e-01 6.051843809460025758e-01
-2.639053356883884205e-01 6.049016913429307030e-01
-2.621540288657943085e-01 6.046114310452135321e-01
-2.603975251835471960e-01 6.043134900726496728e-01
-2.586358918702965637e-01 6.040077582176707205e-01
-2.568691973453205435e-01 6.036941250600439401e-01
-2.550975112279977308e-01 6.033724799818371842e-01
-2.533209043470920907e-01 6.030427121826419379e-01
-2.515394487498415765e-01 6.027047106950566002e-01
-2.497532177108433005e-01 6.023583644004273374e-01
-2.479622857407261516e-01 6.020035620448482838e-01
-2.461667285946047834e-01 6.016401922554195369e-01
-2.443666232803016758e-01 6.012681435567597266e-01
-2.425620480663366330e-01 6.008873043877769327e-01
-2.407530824896687016e-01 6.004975631186928453e-01
-2.389398073631833208e-01 6.000988080683168358e-01
-2.371223047829195130e-01 5.996909275215762669e-01
-2.353006581350264026e-01 5.992738097472922743e-01
-2.334749521024370722e-01 5.988473430162047917e-01
-2.316452726712571464e-01 5.984114156192403833e-01
-2.298117071368561692e-01 5.979659158860253232e-01
-2.279743441096526158e-01 5.975107322036367075e-01
-2.261332735205836830e-01 5.970457530355903764e-01
-2.242885866262544492e-01 5.965708669410648701e-01
-2.224403760137524944e-01 5.960859625943538687e-01
-2.205887356051217663e-01 5.955909288045450056e-01
-2.187337606614915830e-01 5.950856545354263893e-01
-2.168755477868388737e-01 5.945700289256063975e-01
-2.150141949313884304e-01 5.940439413088531850e-01
-2.131498013946377112e-01 5.935072812346439131e-01
-2.112824678279922874e-01 5.929599384889170377e-01
-2.094122962370107421e-01 5.924018031150295460e-01
-2.075393899832488065e-01 5.918327654349088141e-01
-2.056638537856850801e-01 5.912527160703920925e-01
-2.037857937217342763e-01 5.906615459647557298e-01
-2.019053172278282848e-01 5.900591464044189216e-01
-2.000225330995605011e-01 5.894454090408227653e-01
-1.981375514913837899e-01 5.888202259124735161e-01
-1.962504839158558390e-01 5.881834894671473801e-01
-1.943614432424212446e-01 5.875350925842471872e-01
-1.924705436957208082e-01 5.868749285973035024e-01
-1.905779008534275454e-01 5.862028913166162924e-01
-1.886836316435887284e-01 5.855188750520237129e-01
-1.867878543414747683e-01 5.848227746357957946e-01
-1.848906885659288846e-01 5.841144854456410407e-01
-1.829922552752045739e-01 5.833939034278197155e-01
-1.810926767622807465e-01 5.826609251203525019e-01
-1.791920766496564732e-01 5.819154476763189754e-01
-1.772905798836094948e-01 5.811573688872332388e-01
-1.753883127279161069e-01 5.803865872064901676e-01
-1.734854027570265633e-01 5.796030017728704964e-01
-1.715819788486799558e-01 5.788065124340948664e-01
-1.696781711759638711e-01 5.779970197704178414e-01
-1.677741111988081402e-01 5.771744251182516772e-01
-1.658699316549033798e-01 5.763386305938064114e-01
-1.639657665500376393e-01 5.754895391167369478e-01
-1.620617511478568140e-01 5.746270544337885866e-01
-1.601580219590275911e-01 5.737510811424241242e-01
-1.582547167298066493e-01 5.728615247144253075e-01
-1.563519744300114755e-01 5.719582915194535433e-01
-1.544499352403869707e-01 5.710412888485636440e-01
-1.525487405393571305e-01 5.701104249376470756e-01
-1.506485328891705167e-01 5.691656089908070371e-01
-1.487494560214217276e-01 5.682067512036375057e-01
-1.468516548219560847e-01 5.672337627864065812e-01
-1.449552753151459317e-01 5.662465559871203702e-01
-1.430604646475465147e-01 5.652450441144613036e-01
-1.411673710709124285e-01 5.642291415605841243e-01
-1.392761439245918387e-01 5.631987638237574423e-01
-1.373869336172777456e-01 5.621538275308339827e-01
-1.354998916081295024e-01 5.610942504595397562e-01
-1.336151703872555663e-01 5.600199515605663869e-01
-1.317329234555593975e-01 5.589308509794504998e-01
-1.298533053039426788e-01 5.578268700782277323e-01
-1.279764713918790375e-01 5.567079314568486037e-01
-1.261025781253400646e-01 5.555739589743353690e-01
-1.242317828340916974e-01 5.544248777696743069e-01
-1.223642437483488943e-01 5.532606142824191275e-01
-1.205001199748015894e-01 5.520810962730006155e-01
-1.186395714720025196e-01 5.508862528427161953e-01
-1.167827590251278025e-01 5.496760144533959780e-01
-1.149298442201123760e-01 5.484503129467225291e-01
-1.130809894171529995e-01 5.472090815631900362e-01
-1.112363577236045731e-01 5.459522549606943276e-01
-1.093961129662451293e-01 5.446797692327295382e-01
-1.075604196629432741e-01 5.433915619261832086e-01
-1.057294429937074565e-01 5.420875720587117197e-01
-1.039033487711444881e-01 5.407677401356822955e-01
-1.020823034103145732e-01 5.394320081666663658e-01
-1.002664738980082182e-01 5.380803196814707423e-01
-9.845602776142853285e-02 5.367126197456862924e-01
-9.665113303631625574e-02 5.353288549757515558e-01
-9.485195823449171781e-02 5.339289735535006631e-01
-9.305867231085362956e-02 5.325129252401953339e-01
-9.127144462982295092e-02 5.310806613900208584e-01
-8.949044493124641564e-02 5.296321349630271902e-01
-8.771584329577752914e-02 5.281673005375158159e-01
-8.594781010973018276e-02 5.266861143218368735e-01
-8.418651602943288959e-02 5.251885341656072903e-01
-8.243213194508125508e-02 5.236745195703185196e-01
-8.068482894410627937e-02 5.221440316993259945e-01
-7.894477827407436754e-02 5.205970333872147471e-01
-7.721215130512226743e-02 5.190334891485168800e-01
-7.548711949195091586e-02 5.174533651857790018e-01
-7.376985433538374437e-02 5.158566293969607530e-01
-7.206052734350826272e-02 5.142432513821556528e-01
-7.035930999241357675e-02 5.126132024496259376e-01
-6.866637368653971674e-02 5.109664556211337416e-01
-6.698188971865393082e-02 5.093029856365641761e-01
-6.530602922947165156e-02 5.076227689578278746e-01
-6.363896316693501420e-02 5.059257837720338991e-01
-6.198086224517151965e-02 5.042120099939230160e-01
-6.033189690314372244e-02 5.024814292675536809e-01
-5.869223726301125987e-02 5.007340249672298516e-01
-5.706205308822498434e-02 4.989697821976660785e-01
-5.544151374136790933e-02 4.971886877933833770e-01
-5.383078814176550653e-02 4.953907303173214483e-01
-5.223004472288256261e-02 4.935759000586714684e-01
-5.063945138952480329e-02 4.917441890299134588e-01
-4.905917547486943198e-02 4.898955909630605676e-01
-4.748938369734523324e-02 4.880301013051036030e-01
-4.593024211737667395e-02 4.861477172126477120e-01
-4.438191609402025728e-02 4.842484375457426493e-01
-4.284457024151111515e-02 4.823322628609014173e-01
-4.131836838574298731e-02 4.803991954033055567e-01
-3.980347352069918410e-02 4.784492390981914811e-01
-3.830004776486789497e-02 4.764823995414265156e-01
-3.680825231764911498e-02 4.744986839892615382e-01
-3.532824741579115857e-02 4.724981013472717151e-01
-3.386019228986691942e-02 4.704806621584748383e-01
-3.240424512082473729e-02 4.684463785906438082e-01
-3.096056299662724998e-02 4.663952644227987721e-01
-2.952930186900992737e-02 4.643273350308930181e-01
-2.811061651037705111e-02 4.622426073726941254e-01
-2.670466047086483830e-02 4.601410999718610895e-01
-2.531158603559235942e-02 4.580228329012281940e-01
-2.393154418212517509e-02 4.558878277652940181e-01
-2.256468453817728204e-02 4.537361076819304562e-01
-2.121115533957368404e-02 4.515676972633099195e-01
-1.987110338850311964e-02 4.493826225960688703e-01
-1.854467401208037547e-02 4.471809112207082437e-01
-1.723201102124599648e-02 4.449625921102416948e-01
-1.593325667003103741e-02 4.427276956481094872e-01
-1.464855161520117743e-02 4.404762536053526412e-01
-1.337803487632260868e-02 4.382082991170819231e-01
-1.212184379625630415e-02 4.359238666582315180e-01
-1.088011400211946755e-02 4.336229920186258635e-01
-9.652979366734593114e-03 4.313057122773698016e-01
-8.440571970587396056e-03 4.289720657765735967e-01
-7.243022064324089460e-03 4.266220920944320816e-01
-6.060458031812487878e-03 4.242558320176749720e-01
-4.893006353786366613e-03 4.218733275134007865e-01
-3.740791572107715623e-03 4.194746217003213484e-01
-2.603936254659822147e-03 4.170597588194229211e-01
-1.482560960907097769e-03 4.146287842040791705e-01
-3.767842081392469566e-04 4.121817442496228390e-01
7.132775615744657571e-04 4.097186863824042735e-01
1.787510013693371924e-03 4.072396590283586804e-01
2.845800952757049362e-03 4.047447115811017015e-01
3.888040353148658479e-03 4.022338943695810687e-01
4.914120389053477922e-03 3.997072586253091475e-01
5.923935463583496208e-03 3.971648564491950806e-01
6.917382237049407578e-03 3.946067407780078362e-01
7.894359654347149480e-03 3.920329653505024714e-01
8.854768971446880244e-03 3.894435846732222095e-01
9.798513780951922936e-03 3.868386539860235729e-01
1.072550003670830199e-02 3.842182292273365052e-01
1.163563607744039219e-02 3.815823669992072231e-01
1.252883264939214092e-02 3.789311245321357324e-01
1.340500292794749582e-02 3.762645596497559142e-01
1.426406253820633463e-02 3.735827307333881020e-01
1.510592957450035412e-02 3.708856966864866878e-01
1.593052461881566684e-02 3.681735168990351026e-01
1.673777075810894965e-02 3.654462512119099893e-01
1.752759360048988801e-02 3.627039598812525911e-01
1.829992129024671232e-02 3.599467035428968176e-01
1.905468452169517546e-02 3.571745431768769685e-01
1.979181655182921107e-02 3.543875400720620239e-01
2.051125321174535054e-02 3.515857557909592979e-01
2.121293291682591065e-02 3.487692521347247609e-01
2.189679667565513910e-02 3.459380911084193322e-01
2.256278809764272753e-02 3.430923348865692613e-01
2.321085339933992575e-02 3.402320457790550257e-01
2.384094140942005779e-02 3.373572861973916370e-01
2.445300357230101307e-02 3.344681186214398250e-01
2.504699395039122756e-02 3.315646055665975589e-01
2.562286922493023367e-02 3.286468095515244214e-01
2.618058869540917932e-02 3.257147930664445745e-01
2.672011427753934187e-02 3.227686185420850506e-01
2.724141049975026263e-02 3.198083483193080445e-01
2.774444449819463143e-02 3.168340446194796156e-01
2.822918601023288732e-02 3.138457695156465221e-01
2.869560736637488674e-02 3.108435849045710353e-01
2.914368348065665693e-02 3.078275524796859619e-01
2.957339183942109262e-02 3.047977337050407076e-01
2.998471248848449955e-02 3.017541897902881187e-01
3.037762801865845352e-02 2.986969816667922606e-01
3.075212354960271677e-02 2.956261699649186392e-01
3.110818671198140040e-02 2.925418149925818612e-01
3.144580762789650485e-02 2.894439767151215648e-01
3.176497888957102722e-02 2.863327147365788972e-01
3.206569553625016056e-02 2.832080882824648538e-01
3.234795502929493916e-02 2.800701561840873710e-01
3.261175722543802058e-02 2.769189768645281546e-01
3.285710434816802028e-02 2.737546083263550090e-01
3.308400095721442113e-02 2.705771081411640355e-01
3.329245391609997329e-02 2.673865334410330807e-01
3.348247235772489061e-02 2.641829409119971217e-01
3.365406764795308980e-02 2.609663867896370171e-01
3.380725334716222497e-02 2.577369268568898697e-01
3.394204516972187946e-02 2.544946164441865832e-01
3.405846094136516511e-02 2.512395104320256367e-01
3.415652055441359414e-02 2.479716632561038137e-01
3.423624592081642160e-02 2.446911289151209312e-01
3.429766092296421265e-02 2.413979609813839688e-01
3.434079136223638917e-02 2.380922126143369122e-01
3.436566490523929041e-02 2.347739365771482345e-01
3.437231102768895097e-02 2.314431852565033421e-01
3.436076095589829515e-02 2.281000106857279386e-01
3.433104760581795478e-02 2.247444645714042066e-01
3.428320551958535800e-02 2.213765983236216095e-01
3.421727079953285067e-02 2.179964630900256273e-01
3.413328103960427962e-02 2.146041097938226616e-01
3.403127525412924514e-02 2.111995891759045618e-01
3.391129380390289771e-02 2.077829518412636634e-01
3.377337831951487956e-02 2.043542483098801654e-01
3.361757162187456460e-02 2.009135290722520450e-01
3.344391763987597521e-02 1.974608446497485015e-01
3.325246132514270148e-02 1.939962456599835794e-01
3.304324856379586839e-02 1.905197828873905763e-01
3.281632608518464389e-02 1.870315073591897748e-01
3.257174136751755933e-02 1.835314704269458141e-01
3.230954254033363560e-02 1.800197238539039124e-01
3.202977828374903302e-02 1.764963199083139644e-01
3.173249772441727456e-02 1.729613114629147963e-01
3.141775032813604041e-02 1.694147521007967894e-01
3.108558578903869440e-02 1.658566962278138213e-01
3.073605391530148667e-02 1.622871991917468060e-01
3.036920451130359355e-02 1.587063174083865047e-01
2.998508725617293758e-02 1.551141084947208204e-01
2.958375157865239524e-02 1.515106314093875584e-01
2.916524652822105601e-02 1.478959466005531631e-01
2.872962064240675018e-02 1.442701161613540450e-01
2.827692181022517515e-02 1.406332039930273670e-01
2.780719713168483542e-02 1.369852759758604654e-01
2.732049277329595682e-02 1.333264001480233274e-01
2.681685381952725322e-02 1.296566468923774085e-01
2.629632412015248111e-02 1.259760891312903253e-01
2.575894613343732154e-02 1.222848025294877433e-01
2.520476076511518615e-02 1.185828657049174534e-01
2.463380720311109107e-02 1.148703604475843770e-01
2.404612274797196525e-02 1.111473719462788973e-01
2.344174263897302879e-02 1.074139890230647043e-01
2.282069987587359572e-02 1.036703043753803843e-01
2.218302503630403821e-02 9.991641482553528797e-02
2.152874608877708429e-02 9.615242157734513184e-02
2.085788820132156163e-02 9.237843047960661580e-02
2.017047354575618456e-02 8.859455229606363891e-02
1.946652109762486704e-02 8.480090298144223049e-02
1.874604643183569452e-02 8.099760396310151656e-02
1.800906151406128641e-02 7.718478242779054643e-02
1.725557448797077065e-02 7.336257161293072149e-02
1.648558945839029288e-02 6.953111110180333621e-02
1.569910627050408181e-02 6.569054712196734092e-02
1.489612028523734644e-02 6.184103284618200358e-02
1.407662215098065550e-02 5.798272869505301241e-02
1.324059757185169772e-02 5.411580264059134837e-02
1.238802707271158265e-02 5.024043050982367198e-02
1.151888576119208807e-02 4.635679628756229909e-02
1.063314308702029143e-02 4.246509241742341123e-02
9.730762598963216270e-03 3.856552010013999943e-02
8.811701699759033612e-03 3.465828958824072881e-02
7.875911399432222737e-03 3.074362047611499393e-02
6.923336067445884368e-03 2.682174198454143066e-02
5.953913184173154072e-03 2.289289323872696624e-02
4.967573092229560228e-03 1.895732353896054101e-02
3.964238748244919286e-03 1.501529262301046219e-02
2.943825475705263983e-03 1.106707091943417987e-02
1.906240719542262596e-03 7.112939791041703042e-03
8.513838031986020738e-04 3.153191767811674984e-03
-2.208543110631122630e-04 -8.118692313726499910e-04
-1.310591257781379415e-03 -4.781927688699477708e-03
-2.417953498984548588e-03 -8.756656289558711892e-03
-3.543076549038570722e-03 -1.273571573719257943e-02
-4.686105192699574484e-03 -1.671875458008355297e-02
-5.847193695389052426e-03 -2.070540905224252382e-02
-7.026506004662980143e-03 -2.469530292640123581e-02
-8.224215941822765608e-03 -2.868804738002729560e-02
-9.440507382591833974e-03 -3.268324087397329880e-02
-1.067557442574917914e-02 -3.668046904343254255e-02
-1.192962154860982560e-02 -4.067930460081477240e-02
-1.320286374821810771e-02 -4.467930725001054149e-02
-1.449552666712294879e-02 -4.868002361144996293e-02
-1.580784670260282354e-02 -5.268098715727423387e-02
-1.714007109821641395e-02 -5.668171815585543172e-02
-1.849245801656046462e-02 -6.068172362483215121e-02
-1.986527659214837316e-02 -6.468049729179652096e-02
-2.125880696333692921e-02 -6.867751956171032346e-02
-2.267334028226020148e-02 -7.267225749009595392e-02
-2.410917870177209377e-02 -7.666416476105580857e-02
-2.556663533842817859e-02 -8.065268166913243386e-02
-2.704603421059281754e-02 -8.463723510407121509e-02
-2.854771015079998753e-02 -8.861723853753733504e-02
-3.007200869155013390e-02 -9.259209201088156038e-02
-3.161928592378138170e-02 -9.656118212309375282e-02
-3.318990832731183449e-02 -1.005238820181314358e-01
-3.478425257261030801e-02 -1.044795513708739049e-01
-3.640270529331024463e-02 -1.084275363710154871e-01
-3.804566282895355256e-02 -1.123671697043021472e-01
-3.971353093750223939e-02 -1.162977705305771187e-01
-4.140672447723464655e-02 -1.202186444582137026e-01
-4.312566705769044217e-02 -1.241290835145776178e-01
-4.487079065940313694e-02 -1.280283661122758876e-01
-4.664253522222294723e-02 -1.319157570110500721e-01
-4.844134820207884884e-02 -1.357905072752383924e-01
-5.026768409611059862e-02 -1.396518542268763430e-01
-5.212200393614119243e-02 -1.434990213945619431e-01
-5.400477475052867238e-02 -1.473312184583367712e-01
-5.591646899449242980e-02 -1.511476411909254414e-01
-5.785756394905611222e-02 -1.549474713957621486e-01
-5.982854108880619748e-02 -1.587298768423320572e-01
-6.182988541872480592e-02 -1.624940111994566394e-01
-6.386208478039090419e-02 -1.662390139672162426e-01
-6.592562912790195240e-02 -1.699640104083059433e-01
-6.802100977392189218e-02 -1.736681114796990721e-01
-7.014871860629195988e-02 -1.773504137655597668e-01
-7.230924727570731125e-02 -1.810099994124361178e-01
-7.450308635499136578e-02 -1.846459360678133488e-01
-7.673072447055745426e-02 -1.882572768231979277e-01
-7.899264740668771045e-02 -1.918430601629402821e-01
-8.128933718331127212e-02 -1.954023099200876412e-01
-8.362127110799816299e-02 -1.989340352405802037e-01
-8.598892080294406881e-02 -2.024372305571826569e-01
-8.839275120777062567e-02 -2.059108755745778785e-01
-9.083321955899598121e-02 -2.093539352670765741e-01
-9.331077434710688401e-02 -2.127653598904571119e-01
-9.582585425219153352e-02 -2.161440850094646648e-01
-9.837888705915726062e-02 -2.194890315425283567e-01
-1.009702885536081229e-01 -2.227991058252853374e-01
-1.036004613995090140e-01 -2.260731996945076760e-01
-1.062697939998315522e-01 -2.293101905940572172e-01
-1.089786593414136529e-01 -2.325089417044760576e-01
-1.117274138253474547e-01 -2.356683020978481147e-01
-1.145163960842616180e-01 -2.387871069195553198e-01
-1.173459257879257422e-01 -2.418641775985399811e-01
-1.202163024386678769e-01 -2.448983220876745082e-01
-1.231278041581718163e-01 -2.478883351358251996e-01
-1.260806864672806560e-01 -2.508329985931691541e-01
-1.290751810604961469e-01 -2.537310817512854477e-01
-1.321114945769432669e-01 -2.565813417195160206e-01
-1.351898073696344293e-01 -2.593825238390469190e-01
-1.383102722749338653e-01 -2.621333621360993349e-01
-1.414730133841985427e-01 -2.648325798155815591e-01
-1.446781248196374325e-01 -2.674788897964753276e-01
-1.479256695165019897e-01 -2.700709952901692579e-01
-1.512156780137939860e-01 -2.726075904228802971e-01
-1.545481472557270197e-01 -2.750873609032024047e-01
-1.579230394062668130e-01 -2.775089847357577466e-01
-1.613402806791227884e-01 -2.798711329818145410e-01
-1.647997601856230065e-01 -2.821724705676313949e-01
-1.683013288029764354e-01 -2.844116571411908767e-01
-1.718447980654595753e-01 -2.865873479778514588e-01
-1.754299390811374648e-01 -2.886981949353479848e-01
-1.790564814767579560e-01 -2.907428474584176636e-01
-1.827241123734992534e-01 -2.927199536332112384e-01
-1.864324753963034209e-01 -2.946281612915032655e-01
-1.901811697195331663e-01 -2.964661191645683869e-01
-1.939697491517305972e-01 -2.982324780864412661e-01
-1.977977212622599179e-01 -2.999258922461201515e-01
-2.016645465526442638e-01 -3.015450204881232610e-01
-2.055696376753723131e-01 -3.030885276606236634e-01
-2.095123587029865120e-01 -3.045550860102469448e-01
-2.134920244502053199e-01 -3.059433766224198270e-01
-2.175078998518487072e-01 -3.072520909060119099e-01
-2.215591993992520048e-01 -3.084799321208064882e-01
-2.256450866378675313e-01 -3.096256169462004992e-01
-2.297646737286404006e-01 -3.106878770893197750e-01
-2.339170210757208490e-01 -3.116654609305888890e-01
-2.381011370229837443e-01 -3.125571352046049856e-01
-2.423159776217415073e-01 -3.133616867140011086e-01
-2.465604464719418909e-01 -3.140779240738113542e-01
-2.508333946390339797e-01 -3.147046794836824146e-01
-2.551336206485674829e-01 -3.152408105251199300e-01
-2.594598705604649336e-01 -3.156852019807971921e-01
-2.638108381247674661e-01 -3.160367676728019215e-01
-2.681851650205054893e-01 -3.162944523165578392e-01
-2.725814411791783187e-01 -3.164572333870132037e-01
-2.769982051941848322e-01 -3.165241229935681355e-01
-2.814339448173422964e-01 -3.164941697600870962e-01
-2.858870975434568695e-01 -3.163664607062353640e-01
-2.903560512837213836e-01 -3.161401231262784273e-01
-2.948391451285115594e-01 -3.158143264613953449e-01
-2.993346701999436976e-01 -3.153882841614822907e-01
-3.038408705943389521e-01 -3.148612555323510032e-01
-3.083559444145396178e-01 -3.142325475641858934e-01
-3.128780448917822254e-01 -3.135015167370756584e-01
-3.174052815966098562e-01 -3.126675707994152065e-01
-3.219357217380950376e-01 -3.117301705149631008e-01
-3.264673915503850110e-01 -3.106888313743366159e-01
-3.309982777653898145e-01 -3.095431252667555366e-01
-3.355263291701578998e-01 -3.082926821078642021e-01
-3.400494582473069793e-01 -3.069371914195151985e-01
-3.445655428966023504e-01 -3.054764038574595553e-01
-3.490724282355962549e-01 -3.039101326829559691e-01
-3.535679284769897013e-01 -3.022382551744065560e-01
-3.580498288801810536e-01 -3.004607139752226153e-01
-3.625158877742681862e-01 -2.985775183742464534e-01
-3.669638386495508442e-01 -2.965887455151736685e-01
-3.713913923143965512e-01 -2.944945415315680104e-01
-3.757962391141660974e-01 -2.922951226042071471e-01
-3.801760512086958532e-01 -2.899907759376621486e-01
-3.845284849046871622e-01 -2.875818606531853061e-01
-3.888511830392089585e-01 -2.850688085951629258e-01
-3.931417774103483920e-01 -2.824521250485780288e-01
-3.973978912509607553e-01 -2.797323893651265658e-01
-4.016171417413060829e-01 -2.769102554958352558e-01
-4.057971425563027257e-01 -2.739864524282418223e-01
-4.099355064429979212e-01 -2.709617845264040703e-01
-4.140298478238078062e-01 -2.678371317722364475e-01
-4.180777854209999367e-01 -2.646134499068831802e-01
-4.220769448978453076e-01 -2.612917704710650546e-01
-4.260249615118354982e-01 -2.578732007435627915e-01
-4.299194827753244907e-01 -2.543589235772214519e-01
-4.337581711189562039e-01 -2.507501971320857947e-01
-4.375387065532354014e-01 -2.470483545054983632e-01
-4.412587893236137870e-01 -2.432548032592114495e-01
-4.449161425544866377e-01 -2.393710248437800059e-01
-4.485085148775433406e-01 -2.353985739207142269e-01
-4.520336830399513395e-01 -2.313390775830812263e-01
-4.554894544879154461e-01 -2.271942344754416809e-01
-4.588736699212335179e-01 -2.229658138142094070e-01
-4.621842058145342880e-01 -2.186556543097059602e-01
-4.654189769009745015e-01 -2.142656629913727295e-01
-4.685759386142679950e-01 -2.097978139377716655e-01
-4.716530894850285427e-01 -2.052541469131781982e-01
-4.746484734874925060e-01 -2.006367659127331060e-01
-4.775601823328436968e-01 -1.959478376182641757e-01
-4.803863577054251488e-01 -1.911895897670500000e-01
-4.831251934383112845e-01 -1.863643094359168639e-01
-4.857749376247820772e-01 -1.814743412432044956e-01
-4.883338946624166677e-01 -1.765220854712513943e-01
-4.908004272266315304e-01 -1.715099961121645256e-01
-4.931729581706405519e-01 -1.664405788397508024e-01
-4.954499723489390606e-01 -1.613163889105786730e-01
-4.976300183615677830e-01 -1.561400289972417199e-01
-4.997117102165414826e-01 -1.509141469569724725e-01
-5.016937289079738127e-01 -1.456414335388434567e-01
-5.035748239075762411e-01 -1.403246200328565063e-01
-5.053538145673366344e-01 -1.349664758643034090e-01
-5.070295914313435182e-01 -1.295698061368281695e-01
-5.086011174548487057e-01 -1.241374491276928671e-01
-5.100674291288072038e-01 -1.186722737387961302e-01
-5.114276375082786874e-01 -1.131771769070418210e-01
-5.126809291432109505e-01 -1.076550809777017670e-01
-5.138265669102674016e-01 -1.021089310444600329e-01
-5.148638907445013402e-01 -9.654169225986158898e-02
-5.157923182698193054e-01 -9.095634711992084398e-02
-5.166113453273241118e-01 -8.535589272668114846e-02
-5.173205464007513132e-01 -7.974333803254157749e-02
-5.179195749383795899e-01 -7.412170107019050436e-02
-5.184081635709066882e-01 -6.849400617201861774e-02
-5.187861242249613980e-01 -6.286328118288281308e-02
-5.190533481320317444e-01 -5.723255467013155240e-02
-5.192098057327594329e-01 -5.160485313479939995e-02
-5.192555464766854811e-01 -4.598319822789354028e-02
-5.191906985176841793e-01 -4.037060397570446657e-02
-5.190154683054719609e-01 -3.477007401806875286e-02
-5.187301400737274193e-01 -2.918459886352092747e-02
-5.183350752255222460e-01 -2.361715316524926056e-02
-5.178307116169041935e-01 -1.807069302178226922e-02
-5.172175627396479181e-01 -1.254815330629255321e-02
-5.164962168043278901e-01 -7.052445028412623884e-03
-5.156673357250585177e-01 -1.586452732399268317e-03
-5.147316540073845204e-01 3.846968064524336484e-03
-5.136899775409778934e-01 9.244993389867339761e-03
-5.125431822989732211e-01 1.460483328587919294e-02
-5.112922129459283038e-01 1.992373422818766171e-02
-5.099380813565677073e-01 2.519898148943949812e-02
-5.084818650476394808e-01 3.042790144439921907e-02
-5.069247055253838230e-01 3.560786381303626680e-02
-5.052678065512650196e-01 4.073628383820626642e-02
-5.035124323288007187e-01 4.581062439464150815e-02
-5.016599056144802615e-01 5.082839802606936574e-02
-4.997116057559187752e-01 5.578716890738316669e-02
-4.976689666605542683e-01 6.068455472891914892e-02
-4.955334746983532934e-01 6.551822850003230503e-02
-4.933066665421319552e-01 7.028592026929575409e-02
-4.909901269492402132e-01 7.498541875880743168e-02
-4.885854864885057491e-01 7.961457291025120231e-02
-4.860944192164481370e-01 8.417129334052614320e-02
-4.835186403069067773e-01 8.865355370493832599e-02
-4.808599036383277014e-01 9.305939196613483011e-02
-4.781199993430717554e-01 9.738691156716200448e-02
-4.753007513231873871e-01 1.016342825072247824e-01
-4.724040147371829645e-01 1.057997423189394048e-01
-4.694316734623986687e-01 1.098815969460834596e-01
-4.663856375376431718e-01 1.138782215210706328e-01
-4.632678405908031705e-01 1.177880610415982243e-01
-4.600802372561723086e-01 1.216096309461530689e-01
-4.568248005862669547e-01 1.253415175882857391e-01
-4.535035194629029043e-01 1.289823786098003022e-01
-4.501183960122989713e-01 1.325309432132362464e-01
-4.466714430289616677e-01 1.359860123342619131e-01
-4.431646814130666967e-01 1.393464587148276201e-01
-4.396001376260034177e-01 1.426112268781564163e-01
-4.359798411686962583e-01 1.457793330068836712e-01
-4.323058220872270097e-01 1.488498647258693630e-01
-4.285801085102154961e-01 1.518219807914476249e-01
-4.248047242222924291e-01 1.546949106890639913e-01
-4.209816862778983371e-01 1.574679541414755191e-01
-4.171130026595151752e-01 1.601404805298829448e-01
-4.132006699842927788e-01 1.627119282305443670e-01
-4.092466712628914371e-01 1.651818038696110658e-01
-4.052529737141968846e-01 1.675496814990867778e-01
-4.012215266394009716e-01 1.698152016969705080e-01
-3.971542593587572556e-01 1.719780705947880906e-01
-3.930530792141421759e-01 1.740380588358548530e-01
-3.889198696403569633e-01 1.759950004677273139e-01
-3.847564883079086506e-01 1.778487917724135559e-01
-3.805647653397983277e-01 1.795993900379912467e-01
-3.763465016046517730e-01 1.812468122753895516e-01
-3.721034670882976125e-01 1.827911338841213540e-01
-3.678373993457010327e-01 1.842324872708314409e-01
-3.635500020349369810e-01 1.855710604245477124e-01
-3.592429435346728428e-01 1.868070954525478389e-01
-3.549178556464197554e-01 1.879408870807639520e-01
-3.505763323825931699e-01 1.889727811226398213e-01
-3.462199288412184384e-01 1.899031729203412566e-01
-3.418501601679009849e-01 1.907325057621749309e-01
-3.374685006054837788e-01 1.914612692800386762e-01
-3.330763826316141540e-01 1.920899978306661315e-01
-3.286751961842454550e-01 1.926192688643497131e-01
-3.242662879749110827e-01 1.930497012847557925e-01
-3.198509608894317680e-01 1.933819538033498542e-01
-3.154304734755392636e-01 1.936167232918497016e-01
-3.110060395167273395e-01 1.937547431360041317e-01
-3.065788276914974686e-01 1.937967815938967941e-01
-3.021499613170022247e-01 1.937436401618283510e-01
-2.977205181759500774e-01 1.935961519506978201e-01
-2.932915304255133138e-01 1.933551800756837802e-01
-2.888639845868414269e-01 1.930216160618486998e-01
-2.844388216136787273e-01 1.925963782681711367e-01
-2.800169370384797962e-01 1.920804103323395795e-01
-2.755991811943093173e-01 1.914746796384840244e-01
-2.711863595107395497e-01 1.907801758098754408e-01
-2.667792328818718861e-01 1.899979092284516669e-01
-2.623785181045396042e-01 1.891289095828721789e-01
-2.579848883846962426e-01 1.881742244466491354e-01
-2.535989739099255291e-01 1.871349178877282637e-01
-2.492213624859855037e-01 1.860120691107595148e-01
-2.448526002352386655e-01 1.848067711331087826e-01
-2.404931923548139228e-01 1.835201294955513818e-01
-2.361436039323026037e-01 1.821532610083971826e-01
-2.318042608167859564e-01 1.807072925336827285e-01
-2.274755505429766622e-01 1.791833598039066777e-01
-2.231578233062539440e-01 1.775826062776693359e-01
-2.188513929863673824e-01 1.759061820324235303e-01
-2.145565382175900482e-01 1.741552426944403265e-01
-2.102735035031096933e-01 1.723309484059665220e-01
-2.060025003714533454e-01 1.704344628294376385e-01
-2.017437085727623869e-01 1.684669521885199528e-01
-1.974972773127388337e-01 1.664295843456415902e-01
-1.932633265221036789e-01 1.643235279155870199e-01
-1.890419481594331208e-01 1.621499514146606258e-01
-1.848332075452419065e-01 1.599100224448311014e-01
-1.806371447252070328e-01 1.576049069122098800e-01
-1.764537758604440010e-01 1.552357682791637994e-01
-1.722830946427465759e-01 1.528037668492883139e-01
-1.681250737327293909e-01 1.503100590844465845e-01
-1.639796662188038601e-01 1.477557969530183812e-01
-1.598468070949344289e-01 1.451421273084887720e-01
-1.557264147551087885e-01 1.424701912974608575e-01
-1.516183925024619517e-01 1.397411237961777020e-01
-1.475226300709655824e-01 1.369560528745961958e-01
-1.434390051575905600e-01 1.341160992870683577e-01
-1.393673849628196959e-01 1.312223759886722296e-01
-1.353076277373440051e-01 1.282759876762137596e-01
-1.312595843327538370e-01 1.252780303529523742e-01
-1.272230997539644526e-01 1.222295909160683869e-01
-1.231980147110775525e-01 1.191317467659273599e-01
-1.191841671682981330e-01 1.159855654361729715e-01
-1.151813938874569621e-01 1.127921042437013965e-01
-1.111895319636020674e-01 1.095524099575625465e-01
-1.072084203500391908e-01 1.062675184858499489e-01
-1.032379013700784609e-01 1.029384545796160344e-01
-9.927782221267505980e-02 9.956623155288574223e-02
-9.532803640900694431e-02 9.615185101780740484e-02
-9.138840528693573106e-02 9.269630263398490055e-02
-8.745879940018774779e-02 8.920056387104369211e-02
-8.353909992896357828e-02 8.566559978345356097e-02
-7.962920004859336265e-02 8.209236279664627878e-02
-7.572900626274198244e-02 7.848179250344528013e-02
-7.183843969758957337e-02 7.483481546983336563e-02
-6.795743735333648061e-02 7.115234504907977375e-02
-6.408595330933658518e-02 6.743528120326780506e-02
-6.022395987912815274e-02 6.368451033126598659e-02
-5.637144871164362359e-02 5.990090510223050613e-02
-5.252843183492134083e-02 5.608532429376567041e-02
-4.869494263871188000e-02 5.223861263392592935e-02
-4.487103679250187271e-02 4.836160064632355482e-02
-4.105679309565052337e-02 4.445510449771325479e-02
-3.725231425654446094e-02 4.051992584753683069e-02
-3.345772759795234697e-02 3.655685169905803500e-02
-2.967318568609050855e-02 3.256665425190286012e-02
-2.589886688126513681e-02 2.855009075598397006e-02
-2.213497580839646206e-02 2.450790336702762806e-02
-1.838174374618273266e-02 2.044081900414013164e-02
-1.463942893416769753e-02 1.634954921009645901e-02
-1.090831679750109418e-02 1.223479001529087506e-02
-7.188720089738365182e-03 8.097221806544041556e-03
-3.480978954591651409e-03 3.937509202227684746e-03
2.145390919063849822e-04 -2.436990646071945932e-04
3.897439256803802987e-03 -4.445770253172220965e-03
7.567299640644453707e-03 -8.668087709822025477e-03
1.122367147987046732e-02 -1.291005094859404290e-02
1.486607945771162287e-02 -1.717107571496656604e-02
1.849402207969952361e-02 -2.145059403033866552e-02
2.210697210958806336e-02 -2.574805421467246669e-02
2.570437706121503352e-02 -3.006292088476150703e-02
2.928565974164532015e-02 -3.439467492565062567e-02
3.285021884080935317e-02 -3.874281343283289547e-02
3.639742956281999398e-02 -4.310684962302427370e-02
3.992664429416759031e-02 -4.748631271151299016e-02
4.343719330407835866e-02 -5.188074775431375518e-02
4.692838547248834313e-02 -5.628971545365282769e-02
5.039950904126716535e-02 -6.071279192558404203e-02
5.384983238458934673e-02 -6.514956842887570376e-02
5.727860479462371091e-02 -6.959965105462179169e-02
6.068505727902306912e-02 -7.406266037636932698e-02
6.406840336702740446e-02 -7.853823106088278494e-02
6.742783992132656001e-02 -8.302601143998236677e-02
7.076254795316594404e-02 -8.752566304419262533e-02
7.407169343851999210e-02 -9.203686009922915079e-02
7.735442813348086810e-02 -9.655928898660764981e-02
8.060989038730326239e-02 -1.010926476698799648e-01
8.383720595187121871e-02 -1.056366450882412489e-01
8.703548878657435539e-02 -1.101910005193844633e-01
9.020384185786672893e-02 -1.147554429136699583e-01
9.334135793297337891e-02 -1.193297102017721878e-01
9.644712036741587280e-02 -1.239135485780726020e-01
9.952020388619314817e-02 -1.285067117621338517e-01
1.025596753585993892e-01 -1.331089602406421712e-01
1.055645945667788022e-01 -1.377200604922233507e-01
1.085340149682295086e-01 -1.423397841975631017e-01
1.114669844525263409e-01 -1.469679074372304273e-01
1.143625460926251947e-01 -1.516042098796137050e-01
1.172197388911209726e-01 -1.562484739613109463e-01
1.200375985218987140e-01 -1.609004840623099175e-01
1.228151580676078158e-01 -1.655600256782166768e-01
1.255514487534115098e-01 -1.702268845917521978e-01
1.282455006774575190e-01 -1.749008460456721592e-01
1.308963435385002150e-01 -1.795816939192003692e-01
1.335030073610955492e-01 -1.842692099100062542e-01
1.360645232187532860e-01 -1.889631727236852354e-01
1.385799239554146300e-01 -1.936633572726393082e-01
1.410482449055864285e-01 -1.983695338861897195e-01
1.434685246134135284e-01 -2.030814675336764519e-01
1.458398055509529667e-01 -2.077989170622498716e-01
1.481611348358544689e-01 -2.125216344509844313e-01
1.504315649486109019e-01 -2.172493640828806472e-01
1.526501544495070251e-01 -2.219818420362701938e-01
1.548159686953301251e-01 -2.267187953970594694e-01
1.569280805558797842e-01 -2.314599415932072635e-01
1.589855711302444463e-01 -2.362049877527513941e-01
1.609875304627799986e-01 -2.409536300866573222e-01
1.629330582586694665e-01 -2.457055532976922252e-01
1.648212645988953728e-01 -2.504604300164754438e-01
1.666512706544018285e-01 -2.552179202657905988e-01
1.684222093991869229e-01 -2.599776709541972708e-01
1.701332263220069752e-01 -2.647393153999123006e-01
1.717834801363229413e-01 -2.695024728858710361e-01
1.733721434880870493e-01 -2.742667482468286178e-01
1.748984036609073922e-01 -2.790317314892922229e-01
1.763614632780826363e-01 -2.837969974450145205e-01
1.777605410009631404e-01 -2.885621054587216849e-01
1.790948722230481793e-01 -2.933265991106852599e-01
1.803637097591723748e-01 -2.980900059746731667e-01
1.815663245291198602e-01 -3.028518374117669110e-01
1.827020062349453411e-01 -3.076115884004530510e-01
1.837700640312465161e-01 -3.123687374033305431e-01
1.847698271876045961e-01 -3.171227462707129074e-01
1.857006457423758250e-01 -3.218730601813320491e-01
1.865618911469767160e-01 -3.266191076202764609e-01
1.873529568997929773e-01 -3.313603003942322545e-01
1.880732591687974964e-01 -3.360960336840127516e-01
1.887222374019622562e-01 -3.408256861343015864e-01
1.892993549245128304e-01 -3.455486199804509440e-01
1.898040995220684479e-01 -3.502641812121088938e-01
1.902359840086868537e-01 -3.549716997733675661e-01
1.905945467788421333e-01 -3.596704897990625760e-01
1.908793523423358007e-01 -3.643598498867631208e-01
1.910899918411575749e-01 -3.690390634039324991e-01
1.912260835473050535e-01 -3.737073988296555349e-01
1.912872733405793779e-01 -3.783641101302621657e-01
1.912732351653866902e-01 -3.830084371681013455e-01
1.911836714655812119e-01 -3.876396061426478079e-01
1.910183135964110546e-01 -3.922568300630569493e-01
1.907769222126444175e-01 -3.968593092512118226e-01
1.904592876319871897e-01 -4.014462318742462732e-01
1.900652301729173488e-01 -4.060167745054534261e-01
1.895946004661110407e-01 -4.105701027124364910e-01
1.890472797386603676e-01 -4.151053716712931885e-01
1.884231800703357329e-01 -4.196217268055748573e-01
1.877222446211742335e-01 -4.241183044486984688e-01
1.869444478297382362e-01 -4.285942325284470833e-01
1.860897955814259097e-01 -4.330486312721408826e-01
1.851583253462854295e-01 -4.374806139310253861e-01
1.841501062858253990e-01 -4.418892875223734973e-01
1.830652393283836721e-01 -4.462737535877699391e-01
1.819038572126749354e-01 -4.506331089660100542e-01
1.806661244992074089e-01 -4.549664465790221879e-01
1.793522375493115106e-01 -4.592728562291908401e-01
1.779624244716138670e-01 -4.635514254064517781e-01
1.764969450358361003e-01 -4.678012401035026580e-01
1.749560905538836142e-01 -4.720213856374724237e-01
1.733401837282585178e-01 -4.762109474763833727e-01
1.716495784678947756e-01 -4.803690120687399423e-01
1.698846596716026836e-01 -4.844946676745855996e-01
1.680458429793616759e-01 -4.885870051963717708e-01
1.661335744917905033e-01 -4.926451190080046727e-01
1.641483304581901059e-01 -4.966681077804502298e-01
1.620906169336096547e-01 -5.006550753022931399e-01
1.599609694054878739e-01 -5.046051312936912225e-01
1.577599523904564816e-01 -5.085173922121773993e-01
1.554881590019816517e-01 -5.123909820488130595e-01
1.531462104895708887e-01 -5.162250331132263170e-01
1.507347557503367907e-01 -5.200186868061165146e-01
1.482544708137851774e-01 -5.237710943778599582e-01
1.457060583007152021e-01 -5.274814176718849446e-01
1.430902468572121666e-01 -5.311488298515584239e-01
1.404077905647405089e-01 -5.347725161093715984e-01
1.376594683273972830e-01 -5.383516743572738239e-01
1.348460832374341889e-01 -5.418855158970699026e-01
1.319684619201892395e-01 -5.453732660698551449e-01
1.290274538596104525e-01 -5.488141648835349606e-01
1.260239307055859848e-01 -5.522074676175390273e-01
1.229587855643200778e-01 -5.555524454039144633e-01
1.198329322730267710e-01 -5.588483857840519375e-01
1.166473046602159724e-01 -5.620945932403641487e-01
1.134028557928918324e-01 -5.652903897023249247e-01
1.101005572119589659e-01 -5.684351150263269314e-01
1.067413981571773418e-01 -5.715281274489141250e-01
1.033263847829806736e-01 -5.745688040129964813e-01
9.985653936649113716e-02 -5.775565409667386962e-01
9.633289950905155052e-02 -5.804907541348837130e-01
9.275651733259221432e-02 -5.833708792623412132e-01
8.912845867213836648e-02 -5.861963723299423723e-01
8.544980226574216964e-02 -5.889667098423261304e-01
8.172163894311379462e-02 -5.916813890879939475e-01
7.794507081420509742e-02 -5.943399283716326309e-01
7.412121045895991855e-02 -5.969418672188642194e-01
7.025118011944064822e-02 -5.994867665536474099e-01
6.633611089548377415e-02 -6.019742088486079723e-01
6.237714194502957943e-02 -6.044037982486352156e-01
5.837541969020987320e-02 -6.067751606681288656e-01
5.433209703026781190e-02 -6.090879438623422182e-01
5.024833256231484024e-02 -6.113418174732969668e-01
4.612528981091157387e-02 -6.135364730508072739e-01
4.196413646740013159e-02 -6.156716240491798553e-01
3.776604363988195212e-02 -6.177470058002023645e-01
3.353218511468153418e-02 -6.197623754630638970e-01
2.926373663009201875e-02 -6.217175119518838500e-01
2.496187516314843369e-02 -6.236122158415562389e-01
2.062777823013592360e-02 -6.254463092526461043e-01
1.626262320147542351e-02 -6.272196357160864100e-01
1.186758663158854477e-02 -6.289320600184550303e-01
7.443843604302891048e-03 -6.305834680286279692e-01
2.992567094291909147e-03 -6.321737665066107237e-01
-1.485072654995256425e-03 -6.337028828953672477e-01
-5.987908736498348539e-03 -6.351707650964780738e-01
-1.051477816745594041e-02 -6.365773812304579282e-01
-1.506452245974751469e-02 -6.379227193825660613e-01
-1.963598817239362027e-02 -6.392067873349551732e-01
-2.422802744600868752e-02 -6.404296122859831630e-01
-2.883949851900788341e-02 -6.415912405575343591e-01
-3.346926622545715047e-02 -6.426917372911624682e-01
-3.811620247445551835e-02 -6.437311861338819163e-01
-4.277918671100591763e-02 -6.447096889144140475e-01
-4.745710635835626023e-02 -6.456273653106834320e-01
-5.214885724183593307e-02 -6.464843525093483256e-01
-5.685334399424177287e-02 -6.472808048581349949e-01
-6.156948044287269273e-02 -6.480168935117223139e-01
-6.629618997832648075e-02 -6.486928060719185929e-01
-7.103240590522011400e-02 -6.493087462228399609e-01
-7.577707177501308289e-02 -6.498649333617907420e-01
-8.052914170114836012e-02 -6.503616022265110708e-01
-8.528758065673769373e-02 -6.507990025194567707e-01
-9.005136475505703952e-02 -6.511773985297336642e-01
-9.481948151312569184e-02 -6.514970687532977145e-01
-9.959093009867969748e-02 -6.517583055119979818e-01
-1.043647215608419221e-01 -6.519614145720369347e-01
-1.091398790448397105e-01 -6.521067147623678117e-01
-1.139154379911135051e-01 -6.521945375935485067e-01
-1.186904463191753023e-01 -6.522252268775436956e-01
-1.234639645966024157e-01 -6.521991383489269545e-01
-1.282350661935465208e-01 -6.521166392879287343e-01
-1.330028374231509436e-01 -6.519781081457446392e-01
-1.377663776682868657e-01 -6.517839341724867008e-01
-1.425247994950062103e-01 -6.515345170481536829e-01
-1.472772287531367019e-01 -6.512302665169515947e-01
-1.520228046644236386e-01 -6.508716020252957035e-01
-1.567606798986495020e-01 -6.504589523637801518e-01
-1.614900206381452985e-01 -6.499927553133961755e-01
-1.662100066311170410e-01 -6.494734572962487240e-01
-1.709198312342065373e-01 -6.489015130310062940e-01
-1.756187014447088135e-01 -6.482773851932888132e-01
-1.803058379228574259e-01 -6.476015440811919710e-01
-1.849804750045951351e-01 -6.468744672861130862e-01
-1.896418607052331728e-01 -6.460966393690381615e-01
-1.942892567144092197e-01 -6.452685515424182450e-01
-1.989219383827350862e-01 -6.443907013577585552e-01
-2.035391947005327773e-01 -6.434635923990175144e-01
-2.081403282690364454e-01 -6.424877339819061728e-01
-2.127246552644458666e-01 -6.414636408591501970e-01
-2.172915053951956499e-01 -6.403918329317770386e-01
-2.218402218528039149e-01 -6.392728349664691390e-01
-2.263701612566575427e-01 -6.381071763190041546e-01
-2.308806935930710347e-01 -6.368953906638112894e-01
-2.353712021489623440e-01 -6.356380157296381839e-01
-2.398410834404667291e-01 -6.343355930413260291e-01
-2.442897471368097317e-01 -6.329886676676743651e-01
-2.487166159797424281e-01 -6.315977879753734703e-01
-2.531211256988419867e-01 -6.301635053889587113e-01
-2.575027249229564497e-01 -6.286863741567593200e-01
-2.618608750880840885e-01 -6.271669511227696558e-01
-2.661950503419430181e-01 -6.256057955044014296e-01
-2.705047374454968567e-01 -6.240034686760415061e-01
-2.747894356716824027e-01 -6.223605339583444529e-01
-2.790486567015797448e-01 -6.206775564131826739e-01
-2.832819245182471857e-01 -6.189551026441766357e-01
-2.874887752984485734e-01 -6.171937406027103723e-01
-2.916687573024769331e-01 -6.153940393993435620e-01
-2.958214307622769601e-01 -6.135565691205278060e-01
-2.999463677680569429e-01 -6.116819006505247458e-01
-3.040431521535699733e-01 -6.097706054984288748e-01
-3.081113793802400802e-01 -6.078232556301912393e-01
-3.121506564202971012e-01 -6.058404233055326715e-01
-3.161606016390726692e-01 -6.038226809196496347e-01
-3.201408446766122462e-01 -6.017706008495906644e-01
-3.240910263287306026e-01 -5.996847553052109259e-01
-3.280107984276536826e-01 -5.975657161845784326e-01
-3.318998237223614867e-01 -5.954140549337327837e-01
-3.357577757587567602e-01 -5.932303424106747380e-01
-3.395843387597565766e-01 -5.910151487534903714e-01
-3.433792075054205029e-01 -5.887690432524849138e-01
-3.471420872132034985e-01 -5.864925942262226854e-01
-3.508726934184206447e-01 -5.841863689013684358e-01
-3.545707518550121895e-01 -5.818509332962107372e-01
-3.582359983366784073e-01 -5.794868521077717327e-01
-3.618681786384578269e-01 -5.770946886023874400e-01
-3.654670483788099444e-01 -5.746750045096652437e-01
-3.690323729022680910e-01 -5.722283599196983372e-01
-3.725639271627054772e-01 -5.697553131834596218e-01
-3.760614956072743098e-01 -5.672564208162500510e-01
-3.795248720610531201e-01 -5.647322374041239268e-01
-3.829538596124476002e-01 -5.621833155131830129e-01
-3.863482704993759231e-01 -5.596102056016520887e-01
-3.897079259962711317e-01 -5.570134559346440195e-01
-3.930326563019293507e-01 -5.543936125015174188e-01
-3.963223004282226403e-01 -5.517512189357510755e-01
-3.995767060897014167e-01 -5.490868164372396665e-01
-4.027957295940963744e-01 -5.464009436969394784e-01
-4.059792357337405622e-01 -5.436941368237689920e-01
-4.091270976779127766e-01 -5.409669292737059321e-01
-4.122391968661211492e-01 -5.382198517809793081e-01
-4.153154229023178767e-01 -5.354534322913129252e-01
-4.183556734500594176e-01 -5.326681958971245523e-01
-4.213598541286036614e-01 -5.298646647746285687e-01
-4.243278784099475676e-01 -5.270433581227651487e-01
-4.272596675167958935e-01 -5.242047921039019176e-01
-4.301551503214571248e-01 -5.213494797862436858e-01
-4.330142632456607243e-01 -5.184779310878832037e-01
-4.358369501612815444e-01 -5.155906527224511926e-01
-4.386231622919643525e-01 -5.126881481462990386e-01
-4.413728581156320385e-01 -5.097709175071735155e-01
-4.440860032678698999e-01 -5.068394575943181435e-01
-4.467625704461631320e-01 -5.038942617899759835e-01
-4.494025393149803094e-01 -5.009358200222235880e-01
-4.520058964116792088e-01 -4.979646187191155704e-01
-4.545726350532220406e-01 -4.949811407640860028e-01
-4.571027552436789931e-01 -4.919858654525720576e-01
-4.595962635825048825e-01 -4.889792684498199815e-01
-4.620531731735656455e-01 -4.859618217498463122e-01
-4.644735035348984686e-01 -4.829339936355116492e-01
-4.668572805091836808e-01 -4.798962486396856075e-01
-4.692045361749094812e-01 -4.768490475074652624e-01
-4.715153087582075742e-01 -4.737928471594297086e-01
-4.737896425453415605e-01 -4.707281006558954317e-01
-4.760275877958257684e-01 -4.676552571621559462e-01
-4.782292006561548736e-01 -4.645747619146808338e-01
-4.803945430741244915e-01 -4.614870561882539191e-01
-4.825236827137213136e-01 -4.583925772640325969e-01
-4.846166928705636368e-01 -4.552917583985138794e-01
-4.866736523878745224e-01 -4.521850287933784629e-01
-4.886946455729639371e-01 -4.490728135662188647e-01
-4.906797621142052201e-01 -4.459555337221206006e-01
-4.926290969984844503e-01 -4.428336061260982337e-01
-4.945427504291073362e-01 -4.397074434763582063e-01
-4.964208277441427564e-01 -4.365774542784013335e-01
-4.982634393351887403e-01 -4.334440428199398121e-01
-5.000707005665435689e-01 -4.303076091466230269e-01
-5.018427316947642325e-01 -4.271685490385803141e-01
-5.035796577886002545e-01 -4.240272539877547597e-01
-5.052816086492867287e-01 -4.208841111760378562e-01
-5.069487187311794152e-01 -4.177395034542008556e-01
-5.085811270627260683e-01 -4.145938093216104403e-01
-5.101789771677528451e-01 -4.114474029067387573e-01
-5.117424169870607997e-01 -4.083006539484556052e-01
-5.132715988003168084e-01 -4.051539277781130988e-01
-5.147666791482308213e-01 -4.020075853024162593e-01
-5.162278187550093378e-01 -3.988619829870783673e-01
-5.176551824510757793e-01 -3.957174728412665154e-01
-5.190489390960502103e-01 -3.925744024028378631e-01
-5.204092615019800805e-01 -3.894331147243716984e-01
-5.217363263568171039e-01 -3.862939483599899249e-01
-5.230303141481329465e-01 -3.831572373529754660e-01
-5.242914090870688382e-01 -3.800233112241970246e-01
-5.255197990325162216e-01 -3.768924949613315922e-01
-5.267156754155227771e-01 -3.737651090088936479e-01
-5.278792331639232671e-01 -3.706414692590792592e-01
-5.290106706271912040e-01 -3.675218870434189267e-01
-5.301101895015121190e-01 -3.644066691252492718e-01
-5.311779947550758774e-01 -3.612961176930073459e-01
-5.322142945535900393e-01 -3.581905303543498342e-01
-5.332193001860136006e-01 -3.550902001310983214e-01
-5.341932259905139979e-01 -3.519954154550187231e-01
-5.351362892806486027e-01 -3.489064601644374375e-01
-5.360487102717751418e-01 -3.458236135016916069e-01
-5.369307120076920459e-01 -3.427471501114280339e-01
-5.377825202875157196e-01 -3.396773400397415377e-01
-5.386043635927981743e-01 -3.366144487341652947e-01
-5.393964730148896880e-01 -3.335587370445103894e-01
-5.401590821825547062e-01 -3.305104612245530205e-01
-5.408924271898443159e-01 -3.274698729345857373e-01
-5.415967465242362833e-01 -3.244372192448182757e-01
-5.422722809950455414e-01 -3.214127426396342080e-01
-5.429192736621177851e-01 -3.183966810227135680e-01
-5.435379697648111685e-01 -3.153892677230056840e-01
-5.441286166512763200e-01 -3.123907315015675423e-01
-5.446914637080442212e-01 -3.094012965592555786e-01
-5.452267622899318322e-01 -3.064211825452800575e-01
-5.457347656502726796e-01 -3.034506045666110485e-01
-5.462157288714883929e-01 -3.004897731982440479e-01
-5.466699087960059655e-01 -2.975388944943181402e-01
-5.470975639575351712e-01 -2.945981700000818715e-01
-5.474989545127161295e-01 -2.916677967647067216e-01
-5.478743421731486762e-01 -2.887479673549476766e-01
-5.482239901378159752e-01 -2.858388698696398555e-01
-5.485481630259121388e-01 -2.829406879550349085e-01
-5.488471268100885148e-01 -2.800536008209625338e-01
-5.491211487501279631e-01 -2.771777832578209977e-01
-5.493704973270614467e-01 -2.743134056543811150e-01
-5.495954421777391463e-01 -2.714606340164103515e-01
-5.497962540298662049e-01 -2.686196299860938996e-01
-5.499732046375179761e-01 -2.657905508622577240e-01
-5.501265667171474361e-01 -2.629735496213833623e-01
-5.502566138840934151e-01 -2.601687749393972737e-01
-5.503636205896061950e-01 -2.573763712142356774e-01
-5.504478620584012383e-01 -2.545964785891738913e-01
-5.505096142267522641e-01 -2.518292329769042381e-01
-5.505491536811371045e-01 -2.490747660843588562e-01
-5.505667575974482197e-01 -2.463332054382631475e-01
-5.505627036807774211e-01 -2.436046744114049312e-01
-5.505372701057923424e-01 -2.408892922496199684e-01
-5.504907354577083245e-01 -2.381871740994676301e-01
-5.504233786738722545e-01 -2.354984310365869082e-01
-5.503354789859696838e-01 -2.328231700947309135e-01
-5.502273158628624428e-01 -2.301614942954509080e-01
-5.500991689540706275e-01 -2.275135026784268766e-01
-5.499513180339088425e-01 -2.248792903324257630e-01
-5.497840429462841350e-01 -2.222589484268737425e-01
-5.495976235501703888e-01 -2.196525642440302073e-01
-5.493923396657625080e-01 -2.170602212117398733e-01
-5.491684710213269316e-01 -2.144819989367635626e-01
-5.489262972007491470e-01 -2.119179732386532455e-01
-5.486660975917935223e-01 -2.093682161841678158e-01
-5.483881513350805648e-01 -2.068327961222101719e-01
-5.480927372737891545e-01 -2.043117777192655360e-01
-5.477801339040930806e-01 -2.018052219953338500e-01
-5.474506193263375398e-01 -1.993131863603244680e-01
-5.471044711969622609e-01 -1.968357246509119807e-01
-5.467419666811778045e-01 -1.943728871678204739e-01
-5.463633824064022537e-01 -1.919247207135337530e-01
-5.459689944164631825e-01 -1.894912686304058291e-01
-5.455590781265677869e-01 -1.870725708391489661e-01
-5.451339082790498392e-01 -1.846686638776956213e-01
-5.446937588998932434e-01 -1.822795809404002820e-01
-5.442389032560436268e-01 -1.799053519175795590e-01
-5.437696138135006407e-01 -1.775460034353575356e-01
-5.432861621962044030e-01 -1.752015588958069914e-01
-5.427888191457129752e-01 -1.728720385173700413e-01
-5.422778544816749813e-01 -1.705574593755311841e-01
-5.417535370630985891e-01 -1.682578354437336554e-01
-5.412161347504186315e-01 -1.659731776345158283e-01
-5.406659143683651969e-01 -1.637034938408550300e-01
-5.401031416696292498e-01 -1.614487889776924090e-01
-5.395280812993298314e-01 -1.592090650236283322e-01
-5.389409967602825091e-01 -1.569843210627696051e-01
-5.383421503790668528e-01 -1.547745533267084195e-01
-5.377318032728911623e-01 -1.525797552366143783e-01
-5.371102153172582216e-01 -1.503999174454296317e-01
-5.364776451144239733e-01 -1.482350278801408128e-01
-5.358343499626507800e-01 -1.460850717841140067e-01
-5.351805858262529414e-01 -1.439500317594796797e-01
-5.345166073064325785e-01 -1.418298878095492210e-01
-5.338426676128957826e-01 -1.397246173812364822e-01
-5.331590185362579115e-01 -1.376341954074883078e-01
-5.324659104212215999e-01 -1.355585943496851187e-01
-5.317635921405340360e-01 -1.334977842400176806e-01
-5.310523110697100702e-01 -1.314517327238039768e-01
-5.303323130625219317e-01 -1.294204051017447121e-01
-5.296038424272504486e-01 -1.274037643720987434e-01
-5.288671419036888866e-01 -1.254017712727611977e-01
-5.281224526408991871e-01 -1.234143843232334281e-01
-5.273700141757076132e-01 -1.214415598664645712e-01
-5.266100644119395824e-01 -1.194832521105576306e-01
-5.258428396003834715e-01 -1.175394131703198786e-01
-5.250685743194818400e-01 -1.156099931086516097e-01
-5.242875014567353054e-01 -1.136949399777519853e-01
-5.234998521908205138e-01 -1.117941998601360842e-01
-5.227058559744055533e-01 -1.099077169094427042e-01
-5.219057405176630304e-01 -1.080354333910289455e-01
-5.210997317724724853e-01 -1.061772897223380585e-01
-5.202880539172967111e-01 -1.043332245130217939e-01
-5.194709293427304253e-01 -1.025031746048122028e-01
-5.186485786377128537e-01 -1.006870751111346163e-01
-5.178212205763925713e-01 -9.888485945644312491e-02
-5.169890721056397132e-01 -9.709645941527747515e-02
-5.161523483331895701e-01 -9.532180515102031682e-02
-5.153112625164164573e-01 -9.356082525435432951e-02
-5.144660260517274208e-01 -9.181344678140967996e-02
-5.136168484645604604e-01 -9.007959529158571232e-02
-5.127639373999854921e-01 -8.835919488504656583e-02
-5.119074986138929528e-01 -8.665216823987414996e-02
-5.110477359647630502e-01 -8.495843664887836599e-02
-5.101848514060081108e-01 -8.327792005605377801e-02
-5.093190449788720375e-01 -8.161053709267296341e-02
-5.084505148058841018e-01 -7.995620511301315680e-02
-5.075794570848518594e-01 -7.831484022970836012e-02
-5.067060660833857533e-01 -7.668635734871936949e-02
-5.058305341339446315e-01 -7.507067020391666734e-02
-5.049530516293951887e-01 -7.346769139127440340e-02
-5.040738070190693421e-01 -7.187733240266186430e-02
-5.031929868053126587e-01 -7.029950365923243183e-02
-5.023107755405165076e-01 -6.873411454440742085e-02
-5.014273558246197249e-01 -6.718107343644741380e-02
-5.005429083030707993e-01 -6.564028774060437499e-02
-4.996576116652400867e-01 -6.411166392085648758e-02
-4.987716426432757255e-01 -6.259510753122005111e-02
-4.978851760113839342e-01 -6.109052324662966882e-02
-4.969983845855376892e-01 -5.959781489339549543e-02
-4.961114392235885240e-01 -5.811688547922327919e-02
-4.952245088257852812e-01 -5.664763722280291569e-02
-4.943377603356758909e-01 -5.518997158295613215e-02
-4.934513587413965063e-01 -5.374378928734985239e-02
-4.925654670773265686e-01 -5.230899036076536168e-02
-4.916802464261074701e-01 -5.088547415293032117e-02
-4.907958559210114369e-01 -4.947313936590458372e-02
-4.899124527486496405e-01 -4.807188408102341937e-02
-4.890301921520140427e-01 -4.668160578539698458e-02
-4.881492274338425919e-01 -4.530220139796731216e-02
-4.872697099602933957e-01 -4.393356729511777026e-02
-4.863917891649233161e-01 -4.257559933583882072e-02
-4.855156125529614952e-01 -4.122819288645196423e-02
-4.846413257058681534e-01 -3.989124284488987371e-02
-4.837690722861641146e-01 -3.856464366453099535e-02
-4.828989940425310046e-01 -3.724828937759488978e-02
-4.820312308151672442e-01 -3.594207361809775847e-02
-4.811659205413910678e-01 -3.464588964436632335e-02
-4.803031992614845702e-01 -3.335963036111599944e-02
-4.794432011247695136e-01 -3.208318834109430417e-02
-4.785860583959022918e-01 -3.081645584628744938e-02
-4.777319014613835013e-01 -2.955932484869555621e-02
-4.768808588362737355e-01 -2.831168705067987901e-02
-4.760330571711057779e-01 -2.707343390488198276e-02
-4.751886212589870873e-01 -2.584445663371903734e-02
-4.743476740428794747e-01 -2.462464624845467354e-02
-4.735103366230517530e-01 -2.341389356785134046e-02
-4.726767282647045265e-01 -2.221208923641110333e-02
-4.718469664057404200e-01 -2.101912374219516710e-02
-4.710211666646934026e-01 -1.983488743424066669e-02
-4.701994428487942801e-01 -1.865927053956650816e-02
-4.693819069621744111e-01 -1.749216317977886348e-02
-4.685686692141942666e-01 -1.633345538727537516e-02
-4.677598380278927825e-01 -1.518303712105439907e-02
-4.669555200485518975e-01 -1.404079828213355974e-02
-4.661558201523621214e-01 -1.290662872857589738e-02
-4.653608414551927419e-01 -1.178041829013715125e-02
-4.645706853214504051e-01 -1.066205678252829525e-02
-4.637854513730292338e-01 -9.551434021307481093e-03
-4.630052374983339436e-01 -8.448439835394616626e-03
-4.622301398613782863e-01 -7.352964080220403265e-03
-4.614602529109550488e-01 -6.264896650516049714e-03
-4.606956693898603961e-01 -5.184127492738221932e-03
-4.599364803441762795e-01 -4.110546617143939763e-03
-4.591827751326019724e-01 -3.044044109515531282e-03
-4.584346414358277944e-01 -1.984510142538420396e-03
-4.576921652659479145e-01 -9.318349868422948212e-04
-4.569554309759020772e-01 1.140909782985644050e-04
-4.562245212689487461e-01 1.153377254589138534e-03
-4.554995172081527377e-01 2.186133214671537317e-03
-4.547804982258973339e-01 3.212468092395948105e-03
-4.540675421334005035e-01 4.232490973413993718e-03
-4.533607251302393948e-01 5.246310786081787025e-03
-4.526601218138764926e-01 6.254036292668851971e-03
-4.519658051891835560e-01 7.255776080868692191e-03
-4.512778466779520103e-01 8.251638555608842296e-03
-4.505963161283964014e-01 9.241731931149022028e-03
-4.499212818246387524e-01 1.022616422346783738e-02
-4.492528104961693858e-01 1.120504324293175591e-02
-4.485909673272849840e-01 1.217847658723969495e-02
-4.479358159664916794e-01 1.314657163464233447e-02
-4.472874185358820531e-01 1.410943553742310952e-02
-4.466458356404653385e-01 1.506717521564687745e-02
-4.460111263774649282e-01 1.601989735115960656e-02
-4.453833483455625908e-01 1.696770838184491481e-02
-4.447625576540972792e-01 1.791071449612507971e-02
-4.441488089322120358e-01 1.884902162770329959e-02
-4.435421553379430004e-01 1.978273545054409777e-02
-4.429426485672501856e-01 2.071196137408470861e-02
-4.423503388629858035e-01 2.163680453867378173e-02
-4.417652750237942572e-01 2.255736981123235285e-02
-4.411875044129500711e-01 2.347376178112958733e-02
-4.406170729671147202e-01 2.438608475627412897e-02
-4.400540252050259005e-01 2.529444275941045150e-02
-4.394984042361075316e-01 2.619893952461693765e-02
-4.389502517689965466e-01 2.709967849400385376e-02
-4.384096081199924111e-01 2.799676281460139471e-02
-4.378765122214175465e-01 2.889029533543630013e-02
-4.373510016298913783e-01 2.978037860479204602e-02
-4.368331125345138455e-01 3.066711486764711614e-02
-4.363228797649576496e-01 3.155060606328530248e-02
-4.358203367994625266e-01 3.243095382307875640e-02
-4.353255157727381475e-01 3.330825946842957963e-02
-4.348384474837665992e-01 3.418262400887456254e-02
-4.343591614035000048e-01 3.505414814034463200e-02
-4.338876856824607775e-01 3.592293224357401282e-02
-4.334240471582377907e-01 3.678907638265266344e-02
-4.329682713628722479e-01 3.765268030372437291e-02
-4.325203825301388028e-01 3.851384343381847319e-02
-4.320804036027201533e-01 3.937266487981294638e-02
-4.316483562392631201e-01 4.022924342752898230e-02
-4.312242608213320283e-01 4.108367754094499613e-02
-4.308081364602400765e-01 4.193606536153249298e-02
-4.304000010037739576e-01 4.278650470770378744e-02
-4.299998710427966886e-01 4.363509307437224427e-02
-4.296077619177338658e-01 4.448192763261937799e-02
-4.292236877249470117e-01 4.532710522945959664e-02
-4.288476613229809109e-01 4.617072238770786319e-02
-4.284796943386972590e-01 4.701287530593589725e-02
-4.281197971732793595e-01 4.785365985852318982e-02
-4.277679790081276301e-01 4.869317159578639975e-02
-4.274242478106164422e-01 4.953150574419801222e-02
-4.270886103397456557e-01 5.036875720667333134e-02
-4.267610721516518213e-01 5.120502056293968485e-02
-4.264416376050066404e-01 5.204039006996769023e-02
-4.261303098662879152e-01 5.287495966247052204e-02
-4.258270909149228789e-01 5.370882295346579571e-02
-4.255319815483070145e-01 5.454207323489346226e-02
-4.252449813867005268e-01 5.537480347828693805e-02
-4.249660888779931422e-01 5.620710633549669266e-02
-4.246953013023482271e-01 5.703907413945696891e-02
-4.244326147767188973e-01 5.787079890499646773e-02
-4.241780242592364525e-01 5.870237232968805730e-02
-4.239315235534724668e-01 5.953388579473400943e-02
-4.236931053125785329e-01 6.036543036588037925e-02
-4.234627610432962208e-01 6.119709679436213801e-02
-4.232404811098403608e-01 6.202897551787150965e-02
-4.230262547376631432e-01 6.286115666154551418e-02
-4.228200700170858251e-01 6.369373003897393914e-02
-4.226219139068093655e-01 6.452678515321796926e-02
-4.224317722372977757e-01 6.536041119784263831e-02
-4.222496297140403976e-01 6.619469705795305581e-02
-4.220754699206908378e-01 6.702973131123513006e-02
-4.219092753220805569e-01 6.786560222899767902e-02
-4.217510272671116112e-01 6.870239777721010022e-02
-4.216007059915259370e-01 6.954020561753510021e-02
-4.214582906205578405e-01 7.037911310834976675e-02
-4.213237591714613650e-01 7.121920730575576064e-02
-4.211970885559219169e-01 7.206057496457191069e-02
-4.210782545823510969e-01 7.290330253930737969e-02
-4.209672319580569644e-01 7.374747618511445779e-02
-4.208639942913075527e-01 7.459318175871204604e-02
-4.207685140932689860e-01 7.544050481928527008e-02
-4.206807627798391236e-01 7.628953062934779039e-02
-4.206007106733599121e-01 7.714034415557380342e-02
-4.205283270042228239e-01 7.799303006958940854e-02
-4.204635799123642714e-01 7.884767274872300780e-02
-4.204064364486448380e-01 7.970435627671401679e-02
-4.203568625761306965e-01 8.056316444437139346e-02
-4.203148231712580118e-01 8.142418075018520440e-02
-4.202802820249001425e-01 8.228748840088334626e-02
-4.202532018433269290e-01 8.315317031193331099e-02
-4.202335442490635620e-01 8.402130910798494279e-02
-4.202212697816490872e-01 8.489198712325191076e-02
-4.202163378982947117e-01 8.576528640182840002e-02
-4.202187069744451886e-01 8.664128869793963350e-02
-4.202283343042454433e-01 8.752007547612106197e-02
-4.202451761009111664e-01 8.840172791132611119e-02
-4.202691874970146957e-01 8.928632688895599134e-02
-4.203003225446685920e-01 9.017395300481451104e-02
-4.203385342156327198e-01 9.106468656497929137e-02
-4.203837744013282363e-01 9.195860758558999093e-02
-4.204359939127721990e-01 9.285579579254954474e-02
-4.204951424804251880e-01 9.375633062113780669e-02
-4.205611687539603794e-01 9.466029121553176662e-02
-4.206340203019586776e-01 9.556775642823223116e-02
-4.207136436115219702e-01 9.647880481939274944e-02
-4.207999840878186015e-01 9.739351465604917379e-02
-4.208929860535527423e-01 9.831196391124796818e-02
-4.209925927483684216e-01 9.923423026306771311e-02
-4.210987463281853360e-01 1.001603910935350839e-01
-4.212113878644701548e-01 1.010905234874303615e-01
-4.213304573434484834e-01 1.020247042309798680e-01
-4.214558936652550991e-01 1.029630098104341585e-01
-4.215876346430283972e-01 1.039055164105293638e-01
-4.217256170019497707e-01 1.048522999128280730e-01
-4.218697763782352506e-01 1.058034358939375918e-01
-4.220200473180737433e-01 1.067589996236041894e-01
-4.221763632765212493e-01 1.077190660626807794e-01
-4.223386566163519484e-01 1.086837098609635399e-01
-4.225068586068675414e-01 1.096530053548991357e-01
-4.226808994226690652e-01 1.106270265651557727e-01
-4.228607081423966241e-01 1.116058471940584718e-01
-4.230462127474328149e-01 1.125895406228858420e-01
-4.232373401205794528e-01 1.135781799090261890e-01
-4.234340160447085388e-01 1.145718377829896828e-01
-4.236361652013894141e-01 1.155705866452753083e-01
-4.238437111694947634e-01 1.165744985630909891e-01
-4.240565764237937407e-01 1.175836452669221655e-01
-4.242746823335271644e-01 1.185980981469504369e-01
-4.244979491609731093e-01 1.196179282493166074e-01
-4.247262960600100556e-01 1.206432062722274101e-01
-4.249596410746669939e-01 1.216740025619060250e-01
-4.251979011376815776e-01 1.227103871083796149e-01
-4.254409920690567781e-01 1.237524295411061570e-01
-4.256888285746222578e-01 1.248001991244366837e-01
-4.259413242446083991e-01 1.258537647529110459e-01
-4.261983915522346011e-01 1.269131949463846998e-01
-4.264599418523062901e-01 1.279785578449875172e-01
-4.267258853798421292e-01 1.290499212039080690e-01
-4.269961312487181582e-01 1.301273523880054905e-01
-4.272705874503399670e-01 1.312109183662459322e-01
-4.275491608523460663e-01 1.323006857059612074e-01
-4.278317571973486166e-01 1.333967205669277512e-01
-4.281182811017085199e-01 1.344990886952657227e-01
-4.284086360543557515e-01 1.356078554171550321e-01
-4.287027244156517702e-01 1.367230856323677912e-01
-4.290004474163036652e-01 1.378448438076153582e-01
-4.293017051563330355e-01 1.389731939697071428e-01
-4.296063966041024362e-01 1.401081996985210354e-01
-4.299144195953972791e-01 1.412499241197855693e-01
-4.302256708325825074e-01 1.423984298976676555e-01
-4.305400458838196665e-01 1.435537792271703583e-01
-4.308574391823625782e-01 1.447160338263346058e-01
-4.311777440259296768e-01 1.458852549282462496e-01
-4.315008525761567793e-01 1.470615032728466165e-01
-4.318266558581325687e-01 1.482448390985463549e-01
-4.321550437600313876e-01 1.494353221336380266e-01
-4.324859050328342391e-01 1.506330115875110787e-01
-4.328191272901464326e-01 1.518379661416660587e-01
-4.331545970081212560e-01 1.530502439405266868e-01
-4.334921995254936156e-01 1.542699025820474246e-01
-4.338318190437119304e-01 1.554969991081226466e-01
-4.341733386272016992e-01 1.567315899947861191e-01
-4.345166402037333730e-01 1.579737311422109158e-01
-4.348616045649253414e-01 1.592234778645003623e-01
-4.352081113668687662e-01 1.604808848792753095e-01
-4.355560391308881951e-01 1.617460062970544898e-01
-4.359052652444375675e-01 1.630188956104284548e-01
-4.362556659621379396e-01 1.642996056830269835e-01
-4.366071164069617039e-01 1.655881887382791851e-01
-4.369594905715670219e-01 1.668846963479660439e-01
-4.373126613197881873e-01 1.681891794205665480e-01
-4.376665003882821980e-01 1.695016881893961769e-01
-4.380208783883453028e-01 1.708222722005376393e-01
-4.383756648078913631e-01 1.721509803005660810e-01
-4.387307280136060750e-01 1.734878606240669585e-01
-4.390859352532817117e-01 1.748329605809469667e-01
-4.394411526583280048e-01 1.761863268435406304e-01
-4.397962452464757033e-01 1.775480053335104225e-01
-4.401510769246679833e-01 1.789180412085425442e-01
-4.405055104921472564e-01 1.802964788488399250e-01
-4.408594076437446496e-01 1.816833618434109121e-01
-4.412126289733746543e-01 1.830787329761562887e-01
-4.415650339777382749e-01 1.844826342117550366e-01
-4.419164810602391191e-01 1.858951066813515351e-01
-4.422668275351203104e-01 1.873161906680424482e-01
-4.426159296318259995e-01 1.887459255921672407e-01
-4.429636424995860300e-01 1.901843499964031015e-01
-4.433098202122398579e-01 1.916315015306648550e-01
-4.436543157732895093e-01 1.930874169368132220e-01
-4.439969811212002848e-01 1.945521320331720927e-01
-4.443376671349491547e-01 1.960256816988553974e-01
-4.446762236398123513e-01 1.975080998579110680e-01
-4.450124994134241896e-01 1.989994194632752345e-01
-4.453463421920814125e-01 2.004996724805487573e-01
-4.456775986773185427e-01 2.020088898715906855e-01
-4.460061145427518525e-01 2.035271015779348547e-01
-4.463317344411901200e-01 2.050543365040328747e-01
-4.466543020120309904e-01 2.065906225003229790e-01
-4.469736598889324508e-01 2.081359863461306192e-01
-4.472896497077695765e-01 2.096904537324034423e-01
-4.476021121148870408e-01 2.112540492442810391e-01
-4.479108867756385060e-01 2.128267963435068744e-01
-4.482158123832293839e-01 2.144087173506820099e-01
-4.485167266678573572e-01 2.159998334273667830e-01
-4.488134664061644852e-01 2.176001645580319666e-01
-4.491058674309962306e-01 2.192097295318646555e-01
-4.493937646414736253e-01 2.208285459244328508e-01
-4.496769920133864007e-01 2.224566300792107099e-01
-4.499553826099068066e-01 2.240939970889714583e-01
-4.502287685926293359e-01 2.257406607770490459e-01
-4.504969812329389089e-01 2.273966336784769837e-01
-4.507598509237134010e-01 2.290619270210038916e-01
-4.510172071913621239e-01 2.307365507059951082e-01
-4.512688787082052566e-01 2.324205132892214198e-01
-4.515146933051932265e-01 2.341138219615433169e-01
-4.517544779849784753e-01 2.358164825294915001e-01
-4.519880589353318934e-01 2.375284993957531010e-01
-4.522152615429164135e-01 2.392498755395660592e-01
-4.524359104074133775e-01 2.409806124970277075e-01
-4.526498293560123898e-01 2.427207103413238087e-01
-4.528568414582588852e-01 2.444701676628827369e-01
-4.530567690412689585e-01 2.462289815494611289e-01
-4.532494337053102895e-01 2.479971475661666980e-01
-4.534346563397560481e-01 2.497746597354238152e-01
-4.536122571394072267e-01 2.515615105168887422e-01
-4.537820556211946688e-01 2.533576907873196227e-01
-4.539438706412520785e-01 2.551631898204095306e-01
-4.540975204123761100e-01 2.569779952665858236e-01
-4.542428225218607118e-01 2.588020931327855712e-01
-4.543795939497197733e-01 2.606354677622116367e-01
-4.545076510872913533e-01 2.624781018140771027e-01
-4.546268097562299326e-01 2.643299762433446443e-01
-4.547368852278900753e-01 2.661910702804668460e-01
-4.548376922430951708e-01 2.680613614111358456e-01
-4.549290450322952539e-01 2.699408253560505733e-01
-4.550107573361253932e-01 2.718294360507038099e-01
-4.550826424263508252e-01 2.737271656252017182e-01
-4.551445131272047750e-01 2.756339843841214554e-01
-4.551961818371256241e-01 2.775498607864124168e-01
-4.552374605508885397e-01 2.794747614253513812e-01
-4.552681608821283477e-01 2.814086510085571646e-01
-4.552880940862635284e-01 2.833514923380734962e-01
-4.552970710838147306e-01 2.853032462905274458e-01
-4.552949024841181913e-01 2.872638717973708955e-01
-4.552813986094369492e-01 2.892333258252129946e-01
-4.552563695194666860e-01 2.912115633562524786e-01
-4.552196250362348096e-01 2.931985373688155705e-01
-4.551709747694023811e-01 2.951941988180089571e-01
-4.551102281419486806e-01 2.971984966164960551e-01
-4.550371944162582838e-01 2.992113776154028959e-01
-4.549516827205943859e-01 3.012327865853638431e-01
-4.548535020759674197e-01 3.032626661977124716e-01
-4.547424614233885887e-01 3.053009570058285993e-01
-4.546183696515135875e-01 3.073475974266474120e-01
-4.544810356246751781e-01 3.094025237223390068e-01
-4.543302682112958513e-01 3.114656699821671815e-01
-4.541658763126871223e-01 3.135369681045342416e-01
-4.539876688922260262e-01 3.156163477792223171e-01
-4.537954550049116964e-01 3.177037364698350741e-01
-4.535890438272992542e-01 3.197990593964519235e-01
-4.533682446878029015e-01 3.219022395185000551e-01
-4.531328670973739925e-01 3.240131975178535129e-01
-4.528827207805437016e-01 3.261318517821659713e-01
-4.526176157068329542e-01 3.282581183884460962e-01
-4.523373621225235675e-01 3.303919110868824838e-01
-4.520417705827875499e-01 3.325331412849262813e-01
-4.517306519841715051e-01 3.346817180316388196e-01
-4.514038175974308120e-01 3.368375480023129143e-01
-4.510610791007182430e-01 3.390005354833720563e-01
-4.507022486131083694e-01 3.411705823575595931e-01
-4.503271387284719096e-01 3.433475880894204524e-01
-4.499355625496758160e-01 3.455314497110870686e-01
-4.495273337231261990e-01 3.477220618083726178e-01
-4.491022664736346592e-01 3.499193165071804446e-01
-4.486601756396052521e-01 3.521231034602380072e-01
-4.482008767085500223e-01 3.543333098341581167e-01
-4.477241858529096841e-01 3.565498202968389596e-01
-4.472299199661960434e-01 3.587725170052044055e-01
-4.467178966994276856e-01 3.610012795932961982e-01
-4.461879344978800233e-01 3.632359851607191992e-01
-4.456398526381207259e-01 3.654765082614503946e-01
-4.450734712653444114e-01 3.677227208930136659e-01
-4.444886114309933856e-01 3.699744924860292050e-01
-4.438850951306549941e-01 3.722316898941419039e-01
-4.432627453422436359e-01 3.744941773843337152e-01
-4.426213860644495068e-01 3.767618166276267000e-01
-4.419608423554569065e-01 3.790344666901815929e-01
-4.412809403719246681e-01 3.813119840247957137e-01
-4.405815074082204408e-01 3.835942224628073327e-01
-4.398623719359104345e-01 3.858810332064093185e-01
-4.391233636434999643e-01 3.881722648213774551e-01
-4.383643134764027560e-01 3.904677632302180346e-01
-4.375850536771633270e-01 3.927673717057384994e-01
-4.367854178259014120e-01 3.950709308650454110e-01
-4.359652408809834290e-01 3.973782786639739051e-01
-4.351243592199230403e-01 3.996892503919520223e-01
-4.342626106804919339e-01 4.020036786673032991e-01
-4.333798346020494296e-01 4.043213934329918935e-01
-4.324758718670752011e-01 4.066422219528125770e-01
-4.315505649429070556e-01 4.089659888080289796e-01
-4.306037579236801083e-01 4.112925158944635284e-01
-4.296352965724585249e-01 4.136216224200405800e-01
-4.286450283635555580e-01 4.159531249027874078e-01
-4.276328025250457077e-01 4.182868371692925469e-01
-4.265984700814535735e-01 4.206225703536268234e-01
-4.255418838966215089e-01 4.229601328967277918e-01
-4.244628987167572420e-01 4.252993305462485774e-01
-4.233613712136452545e-01 4.276399663568755671e-01
-4.222371600280335757e-01 4.299818406911140034e-01
-4.210901258131762859e-01 4.323247512205454779e-01
-4.199201312785449391e-01 4.346684929275566045e-01
-4.187270412336953074e-01 4.370128581075424790e-01
-4.175107226322869458e-01 4.393576363715841482e-01
-4.162710446162661837e-01 4.417026146496030314e-01
-4.150078785601862830e-01 4.440475771939921823e-01
-4.137210981156882461e-01 4.463923055837262788e-01
-4.124105792561251760e-01 4.487365787289506747e-01
-4.110762003213322413e-01 4.510801728760509000e-01
-4.097178420625403050e-01 4.534228616132032208e-01
-4.083353876874337152e-01 4.557644158764074804e-01
-4.069287229053537569e-01 4.581046039560023875e-01
-4.054977359726389396e-01 4.604431915036646950e-01
-4.040423177381135544e-01 4.627799415398927696e-01
-4.025623616887137879e-01 4.651146144619756617e-01
-4.010577639952564444e-01 4.674469680524478976e-01
-3.995284235583534960e-01 4.697767574880317154e-01
-3.979742420544656323e-01 4.721037353490674660e-01
-3.963951239821070227e-01 4.744276516294325674e-01
-3.947909767081914101e-01 4.767482537469512893e-01
-3.931617105145297497e-01 4.790652865542956995e-01
-3.915072386444717334e-01 4.813784923503789948e-01
-3.898274773497091283e-01 4.836876108922442130e-01
-3.881223459372273865e-01 4.859923794074479386e-01
-3.863917668164156827e-01 4.882925326069420535e-01
-3.846356655463443741e-01 4.905878026984559770e-01
-3.828539708831955601e-01 4.928779194003798381e-01
-3.810466148278748855e-01 4.951626099561531325e-01
-3.792135326737864354e-01 4.974415991491601963e-01
-3.773546630547876535e-01 4.997146093181360493e-01
-3.754699479933285011e-01 5.019813603730856055e-01
-3.735593329487716385e-01 5.042415698117201917e-01
-3.716227668659063399e-01 5.064949527364150939e-01
-3.696602022236601393e-01 5.087412218716921286e-01
-3.676715950840116487e-01 5.109800875822325672e-01
-3.656569051411116544e-01 5.132112578914244105e-01
-3.636160957706203178e-01 5.154344385004512308e-01
-3.615491340792593156e-01 5.176493328079259104e-01
-3.594559909545965160e-01 5.198556419300779385e-01
-3.573366411150631361e-01 5.220530647215002595e-01
-3.551910631602097079e-01 5.242412977964628906e-01
-3.530192396212063488e-01 5.264200355508003026e-01
-3.508211570116065992e-01 5.285889701843832222e-01
-3.485968058783608936e-01 5.307477917241819609e-01
-3.463461808531070329e-01 5.328961880479311519e-01
-3.440692807037336598e-01 5.350338449084064418e-01
-3.417661083862271187e-01 5.371604459583237956e-01
-3.394366710968072520e-01 5.392756727758728497e-01
-3.370809803243638991e-01 5.413792048908965260e-01
-3.346990519031942113e-01 5.434707198117292304e-01
-3.322909060660584335e-01 5.455498930527079571e-01
-3.298565674975486028e-01 5.476163981623702881e-01
-3.273960653877897586e-01 5.496699067523536097e-01
-3.249094334864673361e-01 5.517100885270127542e-01
-3.223967101571996174e-01 5.537366113137710544e-01
-3.198579384322546293e-01 5.557491410942234644e-01
-3.172931660676169274e-01 5.577473420360087308e-01
-3.147024455984188118e-01 5.597308765254725982e-01
-3.120858343947263691e-01 5.616994052011360372e-01
-3.094433947176982169e-01 5.636525869879964734e-01
-3.067751937761180603e-01 5.655900791326784471e-01
-3.040813037833003940e-01 5.675115372394580193e-01
-3.013618020143805087e-01 5.694166153071851255e-01
-2.986167708639843599e-01 5.713049657671266379e-01
-2.958462979042872365e-01 5.731762395217567807e-01
-2.930504759434554574e-01 5.750300859845196566e-01
-2.902294030844789208e-01 5.768661531205939719e-01
-2.873831827843919551e-01 5.786840874886832742e-01
-2.845119239138795830e-01 5.804835342838656764e-01
-2.816157408172691445e-01 5.822641373815293786e-01
-2.786947533729047244e-01 5.840255393824276275e-01
-2.757490870539015537e-01 5.857673816588819804e-01
-2.727788729892716146e-01 5.874893044021690658e-01
-2.697842480254217246e-01 5.891909466711251486e-01
-2.667653547880054488e-01 5.908719464419986966e-01
-2.637223417441290074e-01 5.925319406595909166e-01
-2.606553632649059593e-01 5.941705652897204537e-01
-2.575645796883302419e-01 5.957874553730451161e-01
-2.544501573824754503e-01 5.973822450802847017e-01
-2.513122688089899359e-01 5.989545677688776770e-01
-2.481510925868835593e-01 6.005040560411170070e-01
-2.449668135565814531e-01 6.020303418038017718e-01
-2.417596228442232265e-01 6.035330563294473150e-01
-2.385297179261899603e-01 6.050118303190950009e-01
-2.352773026938364820e-01 6.064662939667655461e-01
-2.320025875183953923e-01 6.078960770255961155e-01
-2.287057893160328037e-01 6.093008088757082552e-01
-2.253871316130224844e-01 6.106801185938490750e-01
-2.220468446110040461e-01 6.120336350248489765e-01
-2.186851652522950051e-01 6.133609868549452226e-01
-2.153023372852093109e-01 6.146618026870095397e-01
-2.118986113293613305e-01 6.159357111177354849e-01
-2.084742449408840126e-01 6.171823408168191083e-01
-2.050295026775453833e-01 6.184013206081891978e-01
-2.015646561636987855e-01 6.195922795533286287e-01
-1.980799841550128226e-01 6.207548470367307836e-01
-1.945757726029381796e-01 6.218886528535401137e-01
-1.910523147188513959e-01 6.229933272994215843e-01
-1.875099110378023459e-01 6.240685012627003037e-01
-1.839488694818246783e-01 6.251138063188226290e-01
-1.803695054227206496e-01 6.261288748271756077e-01
-1.767721417442635612e-01 6.271133400303121608e-01
-1.731571089037424460e-01 6.280668361556243084e-01
-1.695247449927608230e-01 6.289889985195018518e-01
-1.658753957972314008e-01 6.298794636340230291e-01
-1.622094148564578731e-01 6.307378693162106753e-01
-1.585271635212299746e-01 6.315638547998929653e-01
-1.548290110108433704e-01 6.323570608502069312e-01
-1.511153344689346034e-01 6.331171298807755088e-01
-1.473865190180492224e-01 6.338437060735937489e-01
-1.436429578128212980e-01 6.345364355016493985e-01
-1.398850520916816442e-01 6.351949662543150410e-01
-1.361132112269568539e-01 6.358189485655239004e-01
-1.323278527732714704e-01 6.364080349447678309e-01
-1.285294025141099916e-01 6.369618803109209360e-01
-1.247182945064389259e-01 6.374801421289215675e-01
-1.208949711232455704e-01 6.379624805493148143e-01
-1.170598830938724411e-01 6.384085585506699134e-01
-1.132134895420126575e-01 6.388180420848805774e-01
-1.093562580212282531e-01 6.391906002253494590e-01
-1.054886645478464446e-01 6.395259053180533115e-01
-1.016111936310949981e-01 6.398236331354858475e-01
-9.772433830032611901e-02 6.400834630334673037e-01
-9.382860012917176862e-02 6.403050781108028389e-01
-8.992448925648346969e-02 6.404881653717726664e-01
-8.601252440389078879e-02 6.406324158914249445e-01
-8.209323288981901223e-02 6.407375249836420039e-01
-7.816715063980617106e-02 6.408031923719448297e-01
-7.423482219293767170e-02 6.408291223629838385e-01
-7.029680070424612626e-02 6.408150240226794248e-01
-6.635364794288539647e-02 6.407606113549422222e-01
-6.240593428591673097e-02 6.406656034829207869e-01
-5.845423870752591844e-02 6.405297248327030957e-01
-5.449914876348221915e-02 6.403527053193882601e-01
-5.054126057067626077e-02 6.401342805354570675e-01
-4.658117878153542057e-02 6.398741919413333257e-01
-4.261951655314397125e-02 6.395721870580453050e-01
-3.865689551088344333e-02 6.392280196618771448e-01
-3.469394570640477182e-02 6.388414499808906521e-01
-3.073130556974293381e-02 6.384122448931878191e-01
-2.676962185540340822e-02 6.379401781267912686e-01
-2.280954958221734219e-02 6.374250304609836437e-01
-1.885175196680113907e-02 6.368665899289672749e-01
-1.489690035042007255e-02 6.362646520216697077e-01
-1.094567411909302956e-02 6.356190198925334434e-01
-6.998760616745702823e-03 6.349295045630997114e-01
-3.056855051246754051e-03 6.341959251292039745e-01
8.793396068437486779e-04 6.334181089675789966e-01
4.809112732995279860e-03 6.325958919426492022e-01
8.731746165043935415e-03 6.317291186133063841e-01
1.264651432731378478e-02 6.308176424394331683e-01
1.655268436267814947e-02 6.298613259879283222e-01
2.044951627270635841e-02 6.288600411379895450e-01
2.433626306603145495e-02 6.278136692853990564e-01
2.821217091508745889e-02 6.267221015455297639e-01
3.207647932132628998e-02 6.255852389548089976e-01
3.592842128905077148e-02 6.244029926703357214e-01
3.976722350796002559e-02 6.231752841673680043e-01
4.359210654451223244e-02 6.219020454343677784e-01
4.740228504220078687e-02 6.205832191652871366e-01
5.119696793081615627e-02 6.192187589487760935e-01
5.497535864476843503e-02 6.178086294539776313e-01
5.873665535052088882e-02 6.163528066125769644e-01
6.248005118319094331e-02 6.148512777967465315e-01
6.620473449233615915e-02 6.133040419926463205e-01
6.990988909695075582e-02 6.117111099691165954e-01
7.359469454968139979e-02 6.100725044411863252e-01
7.725832641023783198e-02 6.083882602280464846e-01
8.089995652798837034e-02 6.066584244050928776e-01
8.451875333368208398e-02 6.048830564496745499e-01
8.811388214025334120e-02 6.030622283801534422e-01
9.168450545262457618e-02 6.011960248878980284e-01
9.522978328641890089e-02 5.992845434618159217e-01
9.874887349547095683e-02 5.973278945050459754e-01
1.022409321080071098e-01 5.953262014434133054e-01
1.057051136713528239e-01 5.932796008252609887e-01
1.091405716049914376e-01 5.911882424122805180e-01
1.125464585618065616e-01 5.890522892609375560e-01
1.159219267972841361e-01 5.868719177941394971e-01
1.192661285464703957e-01 5.846473178627400458e-01
1.225782164084260328e-01 5.823786927965393101e-01
1.258573437379297555e-01 5.800662594443873887e-01
1.291026650441335910e-01 5.777102482030616049e-01
1.323133363958802489e-01 5.753109030345517905e-01
1.354885158333569428e-01 5.728684814714217755e-01
1.386273637857405316e-01 5.703832546099276701e-01
1.417290434944809274e-01 5.678555070905692004e-01
1.447927214418383568e-01 5.652855370657794420e-01
1.478175677842794022e-01 5.626736561544660731e-01
1.508027567903143795e-01 5.600201893831322497e-01
1.537474672823419541e-01 5.573254751133276397e-01
1.566508830820526610e-01 5.545898649551876947e-01
1.595121934589185386e-01 5.518137236668553269e-01
1.623305935812902612e-01 5.489974290395772671e-01
1.651052849696005298e-01 5.461413717683085700e-01
1.678354759511598293e-01 5.432459553076727232e-01
1.705203821160192479e-01 5.403115957131423563e-01
1.731592267733580159e-01 5.373387214673481793e-01
1.757512414078508112e-01 5.343277732914206712e-01
1.782956661354454797e-01 5.312792039413281042e-01
1.807917501579827946e-01 5.281934779891810372e-01
1.832387522160847937e-01 5.250710715894952862e-01
1.856359410397160625e-01 5.219124722304598896e-01
1.879825957958302651e-01 5.187181784702672438e-01
1.902780065325087866e-01 5.154886996585834602e-01
1.925214746189853610e-01 5.122245556433016045e-01
1.947123131809598839e-01 5.089262764627122682e-01
1.968498475305990036e-01 5.055944020232878700e-01
1.989334155906236079e-01 5.022294817632886321e-01
2.009623683118860749e-01 4.988320743024404202e-01
2.029360700838434284e-01 4.954027470779689413e-01
2.048538991373410056e-01 4.919420759672938903e-01
2.067152479391246855e-01 4.884506448977395943e-01
2.085195235775129663e-01 4.849290454436257503e-01
2.102661481386676745e-01 4.813778764111564246e-01
2.119545590729136064e-01 4.777977434115467936e-01
2.135842095505748051e-01 4.741892584228492580e-01
2.151545688068048912e-01 4.705530393409962930e-01
2.166651224749084892e-01 4.668897095205817860e-01
2.181153729076690251e-01 4.631998973059441860e-01
2.195048394862143259e-01 4.594842355531426614e-01
2.208330589159744339e-01 4.557433611434507092e-01
2.220995855093088611e-01 4.519779144889981559e-01
2.233039914543983318e-01 4.481885390312489448e-01
2.244458670700262837e-01 4.443758807329988847e-01
2.255248210458969671e-01 4.405405875646177249e-01
2.265404806681641514e-01 4.366833089852779626e-01
2.274924920298699027e-01 4.328046954199346041e-01
2.283805202260248690e-01 4.289053977328320388e-01
2.292042495330860463e-01 4.249860666983450996e-01
2.299633835726168918e-01 4.210473524699753778e-01
2.306576454589497893e-01 4.170899040483257436e-01
2.312867779306952698e-01 4.131143687489068350e-01
2.318505434659744457e-01 4.091213916706350484e-01
2.323487243812850100e-01 4.051116151658887832e-01
2.327811229139372107e-01 4.010856783130032910e-01
2.331475612880314074e-01 3.970442163920843703e-01
2.334478817639765724e-01 3.929878603650424074e-01
2.336819466715814864e-01 3.889172363607250604e-01
2.338496384267800821e-01 3.848329651660667428e-01
2.339508595320820838e-01 3.807356617241274832e-01
2.339855325608696801e-01 3.766259346399377095e-01
2.339536001256899977e-01 3.725043856950344123e-01
2.338550248307203483e-01 3.683716093715695417e-01
2.336897892086118034e-01 3.642281923868866400e-01
2.334578956419404716e-01 3.600747132394361838e-01
2.331593662695245484e-01 3.559117417668838379e-01
2.327942428778860817e-01 3.517398387172893104e-01
2.323625867781614618e-01 3.475595553341801480e-01
2.318644786687867054e-01 3.433714329563628542e-01
2.313000184843011509e-01 3.391760026332800160e-01
2.306693252306366015e-01 3.349737847567263449e-01
2.299725368072731979e-01 3.307652887096893535e-01
2.292098098166618914e-01 3.265510125331083646e-01
2.283813193613251080e-01 3.223314426112690589e-01
2.274872588290659525e-01 3.181070533765960606e-01
2.265278396667199101e-01 3.138783070345239623e-01
2.255032911429025733e-01 3.096456533091610508e-01
2.244138601002068079e-01 3.054095292103974346e-01
2.232598106973148200e-01 3.011703588231066098e-01
2.220414241414954970e-01 2.969285531190756222e-01
2.207589984119593951e-01 2.926845097922545769e-01
2.194128479745482696e-01 2.884386131179166868e-01
2.180033034882337961e-01 2.841912338362735380e-01
2.165307115039039054e-01 2.799427290610955743e-01
2.149954341559094650e-01 2.756934422138435092e-01
2.133978488468427637e-01 2.714437029838038806e-01
2.117383479260136203e-01 2.671938273146988729e-01
2.100173383620829448e-01 2.629441174182164942e-01
2.082352414103084970e-01 2.586948618148933732e-01
2.063924922748469060e-01 2.544463354027487467e-01
2.044895397665482950e-01 2.501987995540618792e-01
2.025268459566712809e-01 2.459525022406593986e-01
2.005048858269325718e-01 2.417076781880548864e-01
1.984241469162947857e-01 2.374645490587766195e-01
1.962851289648854247e-01 2.332233236651838348e-01
1.940883435554253689e-01 2.289841982120782160e-01
1.918343137525334863e-01 2.247473565693762776e-01
1.895235737402561627e-01 2.205129705751044389e-01
1.871566684581639217e-01 2.162812003689656981e-01
1.847341532363312167e-01 2.120521947566910703e-01
1.822565934295143908e-01 2.078260916054046059e-01
1.797245640508142450e-01 2.036030182701805136e-01
1.771386494051024330e-01 1.993830920519782945e-01
1.744994427224681455e-01 1.951664206871087104e-01
1.718075457919327476e-01 1.909531028683780773e-01
1.690635685956524137e-01 1.867432287980245742e-01
1.662681289438177612e-01 1.825368807725459286e-01
1.634218521104364996e-01 1.783341337994886755e-01
1.605253704701658235e-01 1.741350562462481155e-01
1.575793231363352143e-01 1.699397105208781678e-01
1.545843556002826080e-01 1.657481537848981001e-01
1.515411193720929139e-01 1.615604386980200313e-01
1.484502716227992514e-01 1.573766141946710828e-01
1.453124748280837097e-01 1.531967262921525297e-01
1.421283964134626154e-01 1.490208189301746866e-01
1.388987084009107864e-01 1.448489348414578604e-01
1.356240870568325430e-01 1.406811164529921665e-01
1.323052125412314262e-01 1.365174068174486444e-01
1.289427685578766747e-01 1.323578505741209999e-01
1.255374420051986462e-01 1.282024949386458001e-01
1.220899226275752869e-01 1.240513907206043931e-01
1.186009026665945654e-01 1.199045933679480092e-01
1.150710765117892997e-01 1.157621640369967397e-01
1.115011403502522147e-01 1.116241706865696015e-01
1.078917918144346177e-01 1.074906891945727749e-01
1.042437296273340808e-01 1.033618044951390424e-01
1.005576532441563586e-01 9.923761173413636616e-02
9.683426248943657888e-02 9.511821744060089401e-02
9.307425718847833762e-02 9.100374071133177090e-02
8.927833679186533700e-02 8.689431440558867403e-02
8.544719999169822500e-02 8.279008634650697473e-02
8.158154432810515999e-02 7.869122052551286162e-02
7.768206578450317923e-02 7.459789830569238389e-02
7.374945837002966353e-02 7.051031961975340323e-02
6.978441368752369423e-02 6.642870415789048355e-02
6.578762048545544472e-02 6.235329254059457371e-02
6.175976419223627722e-02 5.828434747117650083e-02
5.770152643144196847e-02 5.422215486256337647e-02
5.361358451662640023e-02 5.016702493275265740e-02
4.949661092462126488e-02 4.611929326321112521e-02
4.535127274648620421e-02 4.207932181446139008e-02
4.117823111562185501e-02 3.804749989313777059e-02
3.697814061298509980e-02 3.402424506493395562e-02
3.275164864981716661e-02 3.001000400805892143e-02
2.849939482886248987e-02 2.600525330214642494e-02
2.422201028566978165e-02 2.201050014795857823e-02
1.992011701222129449e-02 1.802628301371128616e-02
1.559432716584535639e-02 1.405317220442814374e-02
1.124524236709018021e-02 1.009177035137859280e-02
6.873452990956652187e-03 6.142712819358131515e-03
2.479537456605729329e-03 2.206668030327874064e-03
-1.935938478686172193e-03 -1.715662297299913597e-03
-6.372422414915479560e-03 -5.623542993638430687e-03
-1.082937598717820249e-02 -9.516205365726559950e-03
-1.530627551856028612e-02 -1.339284720774208681e-02
-1.980261264042665337e-02 -1.725263289074591144e-02
-2.431789487224061963e-02 -2.109469352904319583e-02
-2.885164615300744861e-02 -2.491812721971364830e-02
-3.340340731650043304e-02 -2.872199935139702065e-02
-3.797273650269189504e-02 -3.250534297810009354e-02
-4.255920949814459564e-02 -3.626715925352025360e-02
-4.716241999862649803e-02 -4.000641792125858576e-02
-5.178197978781556854e-02 -4.372205785625687957e-02
-5.641751882664319817e-02 -4.741298765283485928e-02
-6.106868524862119063e-02 -5.107808625486665033e-02
-6.573514525730470015e-02 -5.471620362382867420e-02
-7.041658292293914712e-02 -5.832616144075081221e-02
-7.511269987618146571e-02 -6.190675383840060775e-02
-7.982321489771856959e-02 -6.545674816042590383e-02
-8.454786340340600392e-02 -6.897488574452775856e-02
-8.928639682543287881e-02 -7.245988272716907819e-02
-9.403858189075153806e-02 -7.591043086769383441e-02
-9.880419979875867953e-02 -7.932519839013890683e-02
-1.035830453008553254e-01 -8.270283084138646545e-02
-1.083749256851179732e-01 -8.604195196467107065e-02
-1.131796596698184665e-01 -8.934116458777613401e-02
-1.179970762099905868e-01 -9.259905152556618946e-02
-1.228270132216190413e-01 -9.581417649677465009e-02
-1.276693162283386584e-01 -9.898508505520497991e-02
-1.325238369358043289e-01 -1.021103055357348577e-01
-1.373904317390799434e-01 -1.051883500156853279e-01
-1.422689601685535044e-01 -1.082177152922855212e-01
-1.471592832800006634e-01 -1.111968838771005275e-01
-1.520612619944728683e-01 -1.141243250083894822e-01
-1.569747553937579920e-01 -1.169984956824715039e-01
-1.618996189771337857e-01 -1.198178417052204736e-01
-1.668357028851595592e-01 -1.225807987648822039e-01
-1.717828500962012561e-01 -1.252857935274239165e-01
-1.767408946013645787e-01 -1.279312447556590904e-01
-1.817096595634299649e-01 -1.305155644533739223e-01
-1.866889554653559380e-01 -1.330371590356876632e-01
-1.916785782538253657e-01 -1.354944305268420690e-01
-1.966783074832645362e-01 -1.378857777865860612e-01
-2.016879044656675335e-01 -1.402095977662632664e-01
-2.067071104315089114e-01 -1.424642867956553149e-01
-2.117356447069422831e-01 -1.446482419015575893e-01
-2.167732029124135318e-01 -1.467598621589774610e-01
-2.218194551877428478e-01 -1.487975500757524605e-01
-2.268740444486607721e-01 -1.507597130112751649e-01
-2.319365846797000752e-01 -1.526447646298937089e-01
-2.370066592682814055e-01 -1.544511263894262632e-01
-2.420838193847477116e-01 -1.561772290650897399e-01
-2.471675824130263321e-01 -1.578215143089891082e-01
-2.522574304365147735e-01 -1.593824362451532473e-01
-2.573528087836992606e-01 -1.608584630999306819e-01
-2.624531246379301352e-01 -1.622480788673824892e-01
-2.675577457156793626e-01 -1.635497850091113814e-01
-2.726659990175003823e-01 -1.647621021877780367e-01
-2.777771696558011816e-01 -1.658835720333402541e-01
-2.828904997634372198e-01 -1.669127589408476164e-01
-2.880051874869781203e-01 -1.678482518983977767e-01
-2.931203860683985751e-01 -1.686886663436442391e-01
-2.982352030187568892e-01 -1.694326460470128304e-01
-3.033486993873161230e-01 -1.700788650195615981e-01
-3.084598891293465761e-01 -1.706260294431796443e-01
-3.135677385756992508e-01 -1.710728796205978619e-01
-3.186711660070312702e-01 -1.714181919424482836e-01
-3.237690413353605523e-01 -1.716607808683862646e-01
-3.288601858954193768e-01 -1.717995009190644573e-01
-3.339433723480179084e-01 -1.718332486755324573e-01
-3.390173246974241272e-01 -1.717609647824226149e-01
-3.440807184244676353e-01 -1.715816359510866085e-01
-3.491321807368339414e-01 -1.712942969586500608e-01
-3.541702909377295594e-01 -1.708980326387783133e-01
-3.591935809137942748e-01 -1.703919798597767765e-01
-3.642005357428502732e-01 -1.697753294854996986e-01
-3.691895944217450376e-01 -1.690473283144053873e-01
-3.741591507142532080e-01 -1.682072809919764322e-01
-3.791075541186375575e-01 -1.672545518916253304e-01
-3.840331109541607058e-01 -1.661885669591270653e-01
-3.889340855654925821e-01 -1.650088155155574055e-01
-3.938087016435907195e-01 -1.637148520136846030e-01
-3.986551436613257060e-01 -1.623062977427413289e-01
-4.034715584217333229e-01 -1.607828424765177511e-01
-4.082560567164577603e-01 -1.591442460597453645e-01
-4.130067150915759377e-01 -1.573903399278034076e-01
-4.177215777176906952e-01 -1.555210285548518367e-01
-4.223986583608048129e-01 -1.535362908256124037e-01
-4.270359424501884438e-01 -1.514361813261400902e-01
-4.316313892391270834e-01 -1.492208315490854420e-01
-4.361829340541254485e-01 -1.468904510091263160e-01
-4.406884906278552005e-01 -1.444453282644488079e-01
-4.451459535108606702e-01 -1.418858318403766750e-01
-4.495532005567666189e-01 -1.392124110514970092e-01
-4.539080954754950437e-01 -1.364255967188919283e-01
-4.582084904487720989e-01 -1.335260017793670206e-01
-4.624522288020052052e-01 -1.305143217838724279e-01
-4.666371477264368295e-01 -1.273913352826182011e-01
-4.707610810453050632e-01 -1.241579040947280721e-01
-4.748218620176382077e-01 -1.208149734606034642e-01
-4.788173261731852870e-01 -1.173635720755270562e-01
-4.827453141719030283e-01 -1.138048120033973432e-01
-4.866036746813773295e-01 -1.101398884698434888e-01
-4.903902672655248707e-01 -1.063700795343400785e-01
-4.941029652779131420e-01 -1.024967456413181655e-01
-4.977396587530852345e-01 -9.852132905062421786e-02
-5.012982572893001088e-01 -9.444535314806024040e-02
-5.047766929161985328e-01 -9.027042163709336764e-02
-5.081729229410123505e-01 -8.599821761316928104e-02
-5.114849327670452084e-01 -8.163050252242526339e-02
-5.147107386783258409e-01 -7.716911500692108516e-02
-5.178483905845000512e-01 -7.261596963882793743e-02
-5.208959747202276391e-01 -6.797305554632809832e-02
-5.238516162935720200e-01 -6.324243493425957263e-02
-5.267134820780954296e-01 -5.842624150282205164e-02
-5.294797829436335146e-01 -5.352667876790284662e-02
-5.321487763209867827e-01 -4.854601828682408859e-02
-5.347187685960426151e-01 -4.348659779351954358e-02
-5.371881174291388561e-01 -3.835081924733807490e-02
-5.395552339957729870e-01 -3.314114679984170309e-02
-5.418185851450729729e-01 -2.786010468410776708e-02
-5.439766954727522918e-01 -2.251027503116448392e-02
-5.460281493055940683e-01 -1.709429561829062250e-02
-5.479715925948136501e-01 -1.161485755398272701e-02
-5.498057347159781560e-01 -6.074702904442508267e-03
-5.515293501734623849e-01 -4.766222664667196796e-04
-5.531412802077424473e-01 5.176547708370282663e-03
-5.546404343041064777e-01 1.088192683335986732e-02
-5.560257916016888569e-01 1.663659394529404256e-02
-5.572964022019915031e-01 2.243758949729840468e-02
-5.584513883763442266e-01 2.828191818114283995e-02
-5.594899456720232589e-01 3.416655157440956492e-02
-5.604113439169786659e-01 4.008843080797991343e-02
-5.612149281233840270e-01 4.604446924944072261e-02
-5.619001192904151676e-01 5.203155519812102670e-02
-5.624664151068974327e-01 5.804655458762664200e-02
-5.629133905546321870e-01 6.408631369187925420e-02
-5.632406984133988548e-01 7.014766183082787876e-02
-5.634480696687826917e-01 7.622741407216682141e-02
-5.635353138241161464e-01 8.232237392555197264e-02
-5.635023191179642232e-01 8.842933602600364096e-02
-5.633490526486641947e-01 9.454508880331879972e-02
-5.630755604075534659e-01 1.006664171345297287e-01
-5.626819672225797930e-01 1.067901049765927757e-01
-5.621684766140528922e-01 1.129129379766641017e-01
-5.615353705643528759e-01 1.190317060574982988e-01
-5.607830092034362668e-01 1.251432059756469595e-01
-5.599118304120156431e-01 1.312442438503133302e-01
-5.589223493442914137e-01 1.373316376608497980e-01
-5.578151578721123327e-01 1.434022197110259023e-01
-5.565909239524480245e-01 1.494528390583460542e-01
-5.552503909200208199e-01 1.554803639067978693e-01
-5.537943767069356538e-01 1.614816839615419997e-01
-5.522237729911001480e-01 1.674537127441425577e-01
-5.505395442752097912e-01 1.733933898670549090e-01
-5.487427268980173967e-01 1.792976832661520581e-01
-5.468344279795686047e-01 1.851635913901430175e-01
-5.448158243020445601e-01 1.909881453458200928e-01
-5.426881611278043804e-01 1.967684109981037432e-01
-5.404527509561773968e-01 2.025014910239127386e-01
-5.381109722205059676e-01 2.081845269189012970e-01
-5.356642679269131291e-01 2.138147009561584266e-01
-5.331141442362151706e-01 2.193892380959485133e-01
-5.304621689903815662e-01 2.249054078456080852e-01
-5.277099701849050639e-01 2.303605260686936995e-01
-5.248592343884329603e-01 2.357519567424875284e-01
-5.219117051109820604e-01 2.410771136629318578e-01
-5.188691811220675909e-01 2.463334620960840882e-01
-5.157335147200561298e-01 2.515185203751207355e-01
-5.125066099540735998e-01 2.566298614419291191e-01
-5.091904207998031451e-01 2.616651143322813455e-01
-5.057869492905376907e-01 2.666219656035695440e-01
-5.022982436048717414e-01 2.714981607040426459e-01
-4.987263961124650535e-01 2.762915052824680417e-01
-4.950735413793523887e-01 2.809998664371161636e-01
-4.913418541343242962e-01 2.856211739029393959e-01
-4.875335471979720392e-01 2.901534211758020620e-01
-4.836508693760510624e-01 2.945946665726049130e-01
-4.796961033188982815e-01 2.989430342261363283e-01
-4.756715633487156314e-01 3.031967150134823874e-01
-4.715795932566202442e-01 3.073539674168370706e-01
-4.674225640714529950e-01 3.114131183155502969e-01
-4.632028718024336356e-01 3.153725637082962496e-01
-4.589229351578454352e-01 3.192307693642463251e-01
-4.545851932420392760e-01 3.229862714021911607e-01
-4.501921032331447359e-01 3.266376767965967209e-01
-4.457461380439791676e-01 3.301836638096209975e-01
-4.412497839687534729e-01 3.336229823482187440e-01
-4.367055383182654182e-01 3.369544542455007452e-01
-4.321159070463816976e-01 3.401769734656369115e-01
-4.274834023706950425e-01 3.432895062316604906e-01
-4.228105403903396065e-01 3.462910910756518690e-01
-4.180998387040343323e-01 3.491808388109058359e-01
-4.133538140315004550e-01 3.519579324257850472e-01
-4.085749798414756717e-01 3.546216268991332354e-01
-4.037658439896091855e-01 3.571712489372258492e-01
-3.989289063695811155e-01 3.596061966324173853e-01
-3.940666565808332300e-01 3.619259390437842838e-01
-3.891815716163376515e-01 3.641300157002314020e-01
-3.842761135738539946e-01 3.662180360267024981e-01
-3.793527273941379452e-01 3.681896786942853161e-01
-3.744138386295730037e-01 3.700446908952187419e-01
-3.694618512466803506e-01 3.717828875439495584e-01
-3.644991454659453067e-01 3.734041504055790051e-01
-3.595280756423613333e-01 3.749084271532374113e-01
-3.545509681900468890e-01 3.762957303560633959e-01
-3.495701195542295636e-01 3.775661363996929420e-01
-3.445877942338207989e-01 3.787197843412976050e-01
-3.396062228577164110e-01 3.797568747013950752e-01
-3.346276003178671465e-01 3.806776681948333407e-01
-3.296540839620456520e-01 3.814824844034910845e-01
-3.246877918491263282e-01 3.821717003933979284e-01
-3.197308010695545377e-01 3.827457492791243587e-01
-3.147851461335453016e-01 3.832051187384343804e-01
-3.098528174294009063e-01 3.835503494802912638e-01
-3.049357597541749176e-01 3.837820336694671153e-01
-3.000358709187439521e-01 3.839008133110782817e-01
-2.951550004291743634e-01 3.839073785984648546e-01
-2.902949482460892572e-01 3.838024662279407861e-01
-2.854574636235546747e-01 3.835868576839750466e-01
-2.806442440288156037e-01 3.832613774984384714e-01
-2.758569341440136879e-01 3.828268914875958551e-01
-2.710971249508287162e-01 3.822843049705434426e-01
-2.663663528987811890e-01 3.816345609728014066e-01
-2.616660991577411943e-01 3.808786384187916596e-01
-2.569977889549853733e-01 3.800175503168941593e-01
-2.523627909969536898e-01 3.790523419407786920e-01
-2.477624169756568739e-01 3.779840890106344609e-01
-2.431979211595020063e-01 3.768138958779032599e-01
-2.386705000681112188e-01 3.755428937170202652e-01
-2.341812922305307465e-01 3.741722387276329997e-01
-2.297313780260507587e-01 3.727031103506396881e-01
-2.253217796066849798e-01 3.711367095013050621e-01
-2.209534609002019589e-01 3.694742568226172530e-01
-2.166273276924380875e-01 3.677169909618951404e-01
-2.123442277874812989e-01 3.658661668735562200e-01
-2.081049512441743854e-01 3.639230541508061689e-01
-2.039102306872563053e-01 3.618889353888599114e-01
-1.997607416913425027e-01 3.597651045821617655e-01
-1.956571032358332407e-01 3.575528655579126580e-01
-1.915998782287379743e-01 3.552535304480444744e-01
-1.875895740973128056e-01 3.528684182016212367e-01
-1.836266434433284911e-01 3.503988531394600647e-01
-1.797114847607123034e-01 3.478461635526224338e-01
-1.758444432132464375e-01 3.452116803462121908e-01
-1.720258114699548535e-01 3.424967357297695747e-01
-1.682558305957634892e-01 3.397026619553648596e-01
-1.645346909949903791e-01 3.368307901043165464e-01
-1.608625334051915767e-01 3.338824489232758430e-01
-1.572394499388768407e-01 3.308589637102786196e-01
-1.536654851705963332e-01 3.277616552511549153e-01
-1.501406372669036038e-01 3.245918388065503479e-01
-1.466648591567007442e-01 3.213508231496312595e-01
-1.432380597394902755e-01 3.180399096544123672e-01
-1.398601051290749853e-01 3.146603914344614505e-01
-1.365308199302709413e-01 3.112135525316162554e-01
-1.332499885462338773e-01 3.077006671542005800e-01
-1.300173565140295695e-01 3.041229989640831244e-01
-1.268326318661224250e-01 3.004818004118178787e-01
-1.236954865154978878e-01 2.967783121189606632e-01
-1.206055576621808401e-01 2.930137623065767749e-01
-1.175624492189626946e-01 2.891893662688282407e-01
-1.145657332542014961e-01 2.853063258904466881e-01
-1.116149514496111439e-01 2.813658292068233480e-01
-1.087096165710124684e-01 2.773690500053562769e-01
-1.058492139500741280e-01 2.733171474666521439e-01
-1.030332029751271916e-01 2.692112658441095374e-01
-1.002610185891921191e-01 2.650525341803797175e-01
-9.753207279341635783e-02 2.608420660591578844e-01
-9.484575615417201178e-02 2.565809593907513175e-01
-9.220143931212049226e-02 2.522702962298527529e-01
-8.959847449160079913e-02 2.479111426239388460e-01
-8.703619700875497855e-02 2.435045484907502611e-01
-8.451392677684715915e-02 2.390515475233130904e-01
-8.203096980728646903e-02 2.345531571210058286e-01
-7.958661970490682469e-02 2.300103783452313033e-01
-7.718015915610032529e-02 2.254241958982974858e-01
-7.481086140844250831e-02 2.207955781241957294e-01
-7.247799174048497051e-02 2.161254770300442274e-01
-7.018080892042838359e-02 2.114148283270665396e-01
-6.791856665241990942e-02 2.066645514900620484e-01
-6.569051500924832920e-02 2.018755498344738109e-01
-6.349590185023945565e-02 1.970487106102551678e-01
-6.133397422317748982e-02 1.921849051119019491e-01
-5.920397974909469285e-02 1.872849888041416833e-01
-5.710516798879544664e-02 1.823498014629464092e-01
-5.503679178998932553e-02 1.773801673316753869e-01
-5.299810861392084682e-02 1.723768952923421804e-01
-5.098838184038861909e-02 1.673407790521445337e-01
-4.900688205005043763e-02 1.622725973455849124e-01
-4.705288828291148695e-02 1.571731141526755415e-01
-4.512568927188409518e-02 1.520430789338590438e-01
-4.322458465030215580e-02 1.468832268824650233e-01
-4.134888613225662368e-02 1.416942791956329883e-01
-3.949791866460483636e-02 1.364769433647730346e-01
-3.767102154947893355e-02 1.312319134867295789e-01
-3.586754953609705421e-02 1.259598705969021959e-01
-3.408687388064773893e-02 1.206614830256059756e-01
-3.232838337298149511e-02 1.153374067789810636e-01
-3.059148532880906490e-02 1.099882859457216311e-01
-2.887560654605952903e-02 1.046147531308214002e-01
-2.718019422400957952e-02 9.921742991741058781e-02
-2.550471684374716608e-02 9.379692735757250155e-02
-2.384866500849142090e-02 8.835384649281852187e-02
-2.221155224223814173e-02 8.288877890458073994e-02
-2.059291574516547429e-02 7.740230729476541005e-02
-1.899231710419196917e-02 7.189500609599239200e-02
-1.740934295705409696e-02 6.636744211071235466e-02
-1.584360560824987774e-02 6.082017517790856698e-02
-1.429474359518789761e-02 5.525375886554102778e-02
-1.276242220289247609e-02 4.966874118637061575e-02
-1.124633392564572398e-02 4.406566533423421361e-02
-9.746198873995304268e-03 3.844507043727277140e-02
-8.261765125633258045e-03 3.280749232410175298e-02
-6.792809018757117734e-03 2.715346429840626019e-02
-5.339135386645099679e-03 2.148351791698345503e-02
-3.900577732347976223e-03 1.579818376590833018e-02
-2.476998342584524337e-03 1.009799222920289286e-02
-1.068288340140999271e-03 4.383474244174692669e-03
3.256323256696780355e-04 -1.344837962436257195e-03
1.704814950673372298e-03 -7.086410163369930015e-03
3.069282209514967441e-03 -1.284070545049913192e-02
4.419028350939879779e-03 -1.860718359062524252e-02
5.754019453945657947e-03 -2.438530042242670337e-02
7.074193743754952912e-03 -3.017450729905560292e-02
8.379461966246504190e-03 -3.597425058031129830e-02
9.669707819163542162e-03 -4.178397117759678758e-02
1.094478843813712077e-02 -4.760310415418926577e-02
1.220453493528239619e-02 -5.343107838255490433e-02
1.344875298788467122e-02 -5.926731625966823874e-02
1.467722347447580900e-02 -6.511123348052449966e-02
1.588970315542570511e-02 -7.096223886928251789e-02
1.708592539502995500e-02 -7.681973426678188888e-02
1.826560092196810592e-02 -8.268311447251086577e-02
1.942841862494959493e-02 -8.855176723857210996e-02
2.057404638032628297e-02 -9.442507331266666859e-02
2.170213190846936868e-02 -1.003024065267524162e-01
2.281230365573544416e-02 -1.061831339276970709e-01
2.390417169892788962e-02 -1.120666159460545486e-01
2.497732866924667894e-02 -1.179522065989534324e-01
2.603135069283424308e-02 -1.238392537230312423e-01
2.706579834516537053e-02 -1.297270992334076944e-01
2.808021761666007476e-02 -1.356150794047409069e-01
2.907414088706217203e-02 -1.415025251706022724e-01
3.004708790627930171e-02 -1.473887624375848637e-01
3.099856677953399808e-02 -1.532731124107909737e-01
3.192807495483940272e-02 -1.591548919276281338e-01
3.283510021095698006e-02 -1.650334137971028459e-01
3.371912164414209157e-02 -1.709079871421090024e-01
3.457961065212233898e-02 -1.767779177424974035e-01
3.541603191387632243e-02 -1.826425083770128743e-01
3.622784436390180662e-02 -1.885010591624625698e-01
3.701450215976603841e-02 -1.943528678887570804e-01
3.777545564183248938e-02 -2.001972303487311866e-01
3.851015228413934288e-02 -2.060334406618812564e-01
3.921803763548253885e-02 -2.118607915913798267e-01
3.989855624982929783e-02 -2.176785748539455945e-01
4.055115260523162179e-02 -2.234860814222961733e-01
4.117527201047793683e-02 -2.292826018201077898e-01
4.177036149874774340e-02 -2.350674264095184429e-01
4.233587070757788284e-02 -2.408398456713454205e-01
4.287125274447789458e-02 -2.465991504782847066e-01
4.337596503756285804e-02 -2.523446323614580988e-01
4.384947017057932994e-02 -2.580755837707177647e-01
4.429123670173917837e-02 -2.637912983292051150e-01
4.470073996577050846e-02 -2.694910710826698419e-01
4.507746285862490598e-02 -2.751741987441114201e-01
4.542089660428239029e-02 -2.808399799343029857e-01
4.573054150311317567e-02 -2.864877154187827624e-01
4.600590766125395303e-02 -2.921167083418756416e-01
4.624651570048865512e-02 -2.977262644583305029e-01
4.645189744810734878e-02 -3.033156923631160629e-01
4.662159660624792812e-02 -3.088843037199066055e-01
4.675516940022883539e-02 -3.144314134887780110e-01
4.685218520539552456e-02 -3.199563401535828744e-01
4.691222715201071036e-02 -3.254584059494490811e-01
4.693489270774653388e-02 -3.309369370908258889e-01
4.691979423733932952e-02 -3.363912640004325660e-01
4.686655953899226956e-02 -3.418207215394550857e-01
4.677483235712848186e-02 -3.472246492392764283e-01
4.664427287111855280e-02 -3.526023915349875137e-01
4.647455815962692194e-02 -3.579532980008930942e-01
4.626538264024149250e-02 -3.632767235881604884e-01
4.601645848408741912e-02 -3.685720288647514331e-01
4.572751600513336179e-02 -3.738385802576903449e-01
4.539830402394678943e-02 -3.790757502977242788e-01
4.502859020566790660e-02 -3.842829178663563217e-01
4.461816137200402821e-02 -3.894594684452014066e-01
4.416682378708891576e-02 -3.946047943675874414e-01
4.367440341706524398e-02 -3.997182950722644179e-01
4.314074616329954814e-02 -4.047993773590666811e-01
4.256571806916153999e-02 -4.098474556463258534e-01
4.194920550033348627e-02 -4.148619522298003792e-01
4.129111529865825414e-02 -4.198422975428562909e-01
4.059137490956993277e-02 -4.247879304176125914e-01
3.984993248317675318e-02 -4.296982983467148021e-01
3.906675694911715402e-02 -4.345728577453991104e-01
3.824183806533087981e-02 -4.394110742134604841e-01
3.737518644094384168e-02 -4.442124227967421124e-01
3.646683353348384449e-02 -4.489763882477221246e-01
3.551683162068813848e-02 -4.537024652847593265e-01
3.452525374720671891e-02 -4.583901588495630230e-01
3.349219364652972208e-02 -4.630389843624066470e-01
3.241776563851411774e-02 -4.676484679746270579e-01
3.130210450291026625e-02 -4.722181468179118546e-01
3.014536532933492774e-02 -4.767475692499032469e-01
2.894772334415923742e-02 -4.812362950956083907e-01
2.770937371482079525e-02 -4.856838958841310783e-01
2.643053133210165884e-02 -4.900899550802285676e-01
2.511143057093501163e-02 -4.944540683101946166e-01
2.375232503034796494e-02 -4.987758435815889402e-01
2.235348725316621543e-02 -5.030549014963279220e-01
2.091520842613037168e-02 -5.072908754566567424e-01
1.943779806111439745e-02 -5.114834118635518401e-01
1.792158365814433552e-02 -5.156321703070938511e-01
1.636691035094822722e-02 -5.197368237483792619e-01
1.477414053578290920e-02 -5.237970586925426719e-01
1.314365348430968083e-02 -5.278125753524958164e-01
1.147584494130343691e-02 -5.317830878029904396e-01
9.771126707994570726e-03 -5.357083241246438643e-01
8.029926211859161889e-03 -5.395880265375776474e-01
6.252686063692114438e-03 -5.434219515243627896e-01
4.439863602787530450e-03 -5.472098699419508661e-01
2.591930431087352549e-03 -5.509515671223437216e-01
7.093719371391027373e-04 -5.546468429617347207e-01
-1.207313189272862797e-03 -5.582955119979102765e-01
-3.157613450967267088e-03 -5.618974034757142633e-01
-5.141005044812851921e-03 -5.654523614004086651e-01
-7.156952369926694590e-03 -5.689602445787893537e-01
-9.204908541761036567e-03 -5.724209266479505231e-01
-1.128431591123701949e-02 -5.758342960916043030e-01
-1.339460658807151150e-02 -5.792002562439106939e-01
-1.553520296746352392e-02 -5.825187252807817462e-01
-1.770551825931360179e-02 -5.857896361986654199e-01
-1.990495701915900861e-02 -5.890129367808363270e-01
-2.213291568002856424e-02 -5.921885895512433162e-01
-2.438878308442371523e-02 -5.953165717160017190e-01
-2.667194101565867337e-02 -5.983968750926326186e-01
-2.898176472780072954e-02 -6.014295060271903637e-01
-3.131762347349037467e-02 -6.044144852994219885e-01
-3.367888102890675972e-02 -6.073518480161572697e-01
-3.606489621520339584e-02 -6.102416434931214884e-01
-3.847502341573577622e-02 -6.130839351254029346e-01
-4.090861308843096733e-02 -6.158788002468235101e-01
-4.336501227268613201e-02 -6.186263299784779957e-01
-4.584356509018408521e-02 -6.213266290667350811e-01
-4.834361323906841146e-02 -6.239798157109958110e-01
-5.086449648092009057e-02 -6.265860213815409585e-01
-5.340555312002778776e-02 -6.291453906277961750e-01
-5.596612047444926574e-02 -6.316580808773742950e-01
-5.854553533840903268e-02 -6.341242622262529549e-01
-6.114313443559471484e-02 -6.365441172204650000e-01
-6.375825486293940081e-02 -6.389178406296932566e-01
-6.639023452451861540e-02 -6.412456392131602456e-01
-6.903841255520748454e-02 -6.435277314782189562e-01
-7.170212973377315668e-02 -6.457643474320551302e-01
-7.438072888511437775e-02 -6.479557283269217205e-01
-7.707355527137862983e-02 -6.501021263993165267e-01
-7.977995697171777478e-02 -6.522038046035378844e-01
-8.249928525047139916e-02 -6.542610363400376272e-01
-8.523089491359703285e-02 -6.562741051790002000e-01
-8.797414465318434407e-02 -6.582433045795750282e-01
-9.072839737992766107e-02 -6.601689376051844693e-01
-9.349302054344729718e-02 -6.620513166353327872e-01
-9.626738644037624582e-02 -6.638907630743371424e-01
-9.905087251016353456e-02 -6.656876070573893855e-01
-1.018428616185483304e-01 -6.674421871543683160e-01
-1.046427423287063507e-01 -6.691548500717969805e-01
-1.074499091600737977e-01 -6.708259503533453572e-01
-1.102637628348753229e-01 -6.724558500792754412e-01
-1.130837105124223585e-01 -6.740449185651941066e-01
-1.159091660112387123e-01 -6.755935320605048755e-01
-1.187395500191154030e-01 -6.771020734469053171e-01
-1.215742902911964574e-01 -6.785709319372938975e-01
-1.244128218362221816e-01 -6.800005027754216780e-01
-1.272545870910723464e-01 -6.813911869366238161e-01
-1.300990360837633308e-01 -6.827433908299489485e-01
-1.329456265850668950e-01 -6.840575260019965409e-01
-1.357938242489403202e-01 -6.853340088427533061e-01
-1.386431027419555151e-01 -6.865732602937166806e-01
-1.414929438619362267e-01 -6.877757055585775881e-01
-1.443428376460277607e-01 -6.889417738167118443e-01
-1.471922824684072650e-01 -6.900718979397393316e-01
-1.500407851278939275e-01 -6.911665142113698757e-01
-1.528878609256807686e-01 -6.922260620507643125e-01
-1.557330337334542625e-01 -6.932509837396128027e-01
-1.585758360521447030e-01 -6.942417241531275707e-01
-1.614158090615810948e-01 -6.951987304951283697e-01
-1.642525026613063099e-01 -6.961224520373887614e-01
-1.670854755028356453e-01 -6.970133398633973076e-01
-1.699142950136173225e-01 -6.978718466166820011e-01
-1.727385374129812856e-01 -6.986984262538239454e-01
-1.755577877203575721e-01 -6.994935338022754134e-01
-1.783716397560285438e-01 -7.002576251231000803e-01
-1.811796961347102441e-01 -7.009911566787196957e-01
-1.839815682522350504e-01 -7.016945853057556803e-01
-1.867768762656177861e-01 -7.023683679930379231e-01
-1.895652490667781298e-01 -7.030129616648455038e-01
-1.923463242502084503e-01 -7.036288229694231955e-01
-1.951197480748470547e-01 -7.042164080728250397e-01
-1.978851754204406510e-01 -7.047761724581094178e-01
-2.006422697386584797e-01 -7.053085707299128204e-01
-2.033907029992279847e-01 -7.058140564244139714e-01
-2.061301556313581418e-01 -7.062930818246901943e-01
-2.088603164606990803e-01 -7.067460977814690182e-01
-2.115808826421025635e-01 -7.071735535392594807e-01
-2.142915595884309632e-01 -7.075758965678414780e-01
-2.169920608956566743e-01 -7.079535723990950657e-01
-2.196821082644939416e-01 -7.083070244691297424e-01
-2.223614314188053775e-01 -7.086366939656749686e-01
-2.250297680209989992e-01 -7.089430196806926210e-01
-2.276868635846569233e-01 -7.092264378681509829e-01
-2.303324713845983363e-01 -7.094873821069132003e-01
-2.329663523646041678e-01 -7.097262831686697027e-01
-2.355882750429977301e-01 -7.099435688908578568e-01
-2.381980154162948449e-01 -7.101396640544890282e-01
-2.407953568611082562e-01 -7.103149902668164373e-01
-2.433800900345008400e-01 -7.104699658487610980e-01
-2.459520127729699079e-01 -7.106050057270165698e-01
-2.485109299902408531e-01 -7.107205213307452585e-01
-2.510566535740365035e-01 -7.108169204927843321e-01
-2.535890022819888845e-01 -7.108946073552682154e-01
-2.561078016368549259e-01 -7.109539822795740704e-01
-2.586128838211855796e-01 -7.109954417605017785e-01
-2.611040875715942566e-01 -7.110193783445883930e-01
-2.635812580727654453e-01 -7.110261805524651368e-01
-2.660442468513410375e-01 -7.110162328051522485e-01
-2.684929116698062668e-01 -7.109899153542046379e-01
-2.709271164205083737e-01 -7.109476042155933317e-01
-2.733467310199123590e-01 -7.108896711072383301e-01
-2.757516313032152278e-01 -7.108164833900845192e-01
-2.781416989194211431e-01 -7.107284040126207181e-01
-2.805168212269781303e-01 -7.106257914587437163e-01
-2.828768911900704230e-01 -7.105089996988700474e-01
-2.852218072756583234e-01 -7.103783781441899148e-01
-2.875514733513510612e-01 -7.102342716039693471e-01
-2.898657985841861517e-01 -7.100770202458042135e-01
-2.921646973403979608e-01 -7.099069595587248482e-01
-2.944480890862431477e-01 -7.097244203190542500e-01
-2.967158982899433806e-01 -7.095297285589337033e-01
-2.989680543248142697e-01 -7.093232055374107947e-01
-3.012044913736287022e-01 -7.091051677140061127e-01
-3.034251483342721434e-01 -7.088759267246642626e-01
-3.056299687267365339e-01 -7.086357893599977142e-01
-3.078189006014917517e-01 -7.083850575457421028e-01
-3.099918964492789919e-01 -7.081240283253320555e-01
-3.121489131123637573e-01 -7.078529938445105030e-01
-3.142899116972708851e-01 -7.075722413378979780e-01
-3.164148574890378596e-01 -7.072820531174323078e-01
-3.185237198670092806e-01 -7.069827065626043128e-01
-3.206164722221870322e-01 -7.066744741124149076e-01
-3.226930918761666267e-01 -7.063576232589685588e-01
-3.247535600016596136e-01 -7.060324165426441478e-01
-3.267978615446196500e-01 -7.056991115487631916e-01
-3.288259851479828355e-01 -7.053579609056888078e-01
-3.308379230770220336e-01 -7.050092122842874787e-01
-3.328336711463170117e-01 -7.046531083986939947e-01
-3.348132286483438413e-01 -7.042898870083107443e-01
-3.367765982836735672e-01 -7.039197809209856160e-01
-3.387237860927805322e-01 -7.035430179973070075e-01
-3.406548013894449833e-01 -7.031598211559613176e-01
-3.425696566957385780e-01 -7.027704083801018520e-01
-3.444683676785870730e-01 -7.023749927246674130e-01
-3.463509530878787768e-01 -7.019737823246162689e-01
-3.482174346961124933e-01 -7.015669804040118862e-01
-3.500678372395618076e-01 -7.011547852859227881e-01
-3.519021883609214640e-01 -7.007373904030963496e-01
-3.537205185534273433e-01 -7.003149843093534610e-01
-3.555228611064025213e-01 -6.998877506916794111e-01
-3.573092520522227478e-01 -6.994558683829560364e-01
-3.590797301146457787e-01 -6.990195113753172595e-01
-3.608343366584899625e-01 -6.985788488340791691e-01
-3.625731156406114541e-01 -6.981340451122255431e-01
-3.642961135621585189e-01 -6.976852597654051857e-01
-3.660033794220466929e-01 -6.972326475674283097e-01
-3.676949646716274889e-01 -6.967763585262227721e-01
-3.693709231705024076e-01 -6.963165379002309585e-01
-3.710313111434355715e-01 -6.958533262152287735e-01
-3.726761871383261204e-01 -6.953868592815360961e-01
-3.743056119851891350e-01 -6.949172682116063759e-01
-3.759196487560922950e-01 -6.944446794379787180e-01
-3.775183627260094155e-01 -6.939692147315683624e-01
-3.791018213345289656e-01 -6.934909912202888993e-01
-3.806700941483665002e-01 -6.930101214079922300e-01
-3.822232528246344296e-01 -6.925267131937085097e-01
-3.837613710748044582e-01 -6.920408698911835188e-01
-3.852845246293127857e-01 -6.915526902487005856e-01
-3.867927912027486759e-01 -6.910622684691785089e-01
-3.882862504595658848e-01 -6.905696942305441510e-01
-3.897649839802596050e-01 -6.900750527063725936e-01
-3.912290752279509176e-01 -6.895784245867859763e-01
-3.926786095153137479e-01 -6.890798860996181219e-01
-3.941136739717835402e-01 -6.885795090318349576e-01
-3.955343575109864229e-01 -6.880773607512153944e-01
-3.969407507983221395e-01 -6.875735042282932197e-01
-3.983329462186423475e-01 -6.870679980585565616e-01
-3.997110378439546197e-01 -6.865608964849141405e-01
-4.010751214010930266e-01 -6.860522494204250865e-01
-4.024252942392800847e-01 -6.855421024713038713e-01
-4.037616552975279438e-01 -6.850304969601983540e-01
-4.050843050718030414e-01 -6.845174699497480475e-01
-4.063933455818961038e-01 -6.840030542664303770e-01
-4.076888803379207782e-01 -6.834872785247027016e-01
-4.089710143063914338e-01 -6.829701671514410988e-01
-4.102398538757954238e-01 -6.824517404106926755e-01
-4.114955068216164524e-01 -6.819320144287375207e-01
-4.127380822707215069e-01 -6.814110012194816157e-01
-4.139676906650672228e-01 -6.808887087101763713e-01
-4.151844437246462460e-01 -6.803651407674844442e-01
-4.163884544096190243e-01 -6.798402972238937192e-01
-4.175798368815707429e-01 -6.793141739044865623e-01
-4.187587064638210732e-01 -6.787867626540815547e-01
-4.199251796007356652e-01 -6.782580513647493703e-01
-4.210793738159820387e-01 -6.777280240037086845e-01
-4.222214076696578222e-01 -6.771966606416217616e-01
-4.233514007142482605e-01 -6.766639374812863927e-01
-4.244694734493528188e-01 -6.761298268867345085e-01
-4.255757472751257597e-01 -6.755942974127486789e-01
-4.266703444443756821e-01 -6.750573138347997215e-01
-4.277533880132818878e-01 -6.745188371794106352e-01
-4.288250017906657940e-01 -6.739788247549570732e-01
-4.298853102857860264e-01 -6.734372301829014695e-01
-4.309344386545944094e-01 -6.728940034294752515e-01
-4.319725126444282082e-01 -6.723490908378002562e-01
-4.329996585370790019e-01 -6.718024351604654498e-01
-4.340160030902207033e-01 -6.712539755925455154e-01
-4.350216734771392701e-01 -6.707036478050768524e-01
-4.360167972247473989e-01 -6.701513839789783322e-01
-4.370015021498400709e-01 -6.695971128394260230e-01
-4.379759162935779049e-01 -6.690407596906673415e-01
-4.389401678541555718e-01 -6.684822464512820694e-01
-4.398943851176434494e-01 -6.679214916898800203e-01
-4.408386963869770359e-01 -6.673584106612315825e-01
-4.417732299090852410e-01 -6.667929153428168165e-01
-4.426981138001279126e-01 -6.662249144717984350e-01
-4.436134759688451501e-01 -6.656543135823949076e-01
-4.445194440380049183e-01 -6.650810150436512469e-01
-4.454161452639424645e-01 -6.645049180975890479e-01
-4.463037064541898746e-01 -6.639259188977292281e-01
-4.471822538831968230e-01 -6.633439105479659315e-01
-4.480519132061461240e-01 -6.627587831417783848e-01
-4.489128093708686373e-01 -6.621704238017633859e-01
-4.497650665278747351e-01 -6.615787167194649987e-01
-4.506088079385021095e-01 -6.609835431954906859e-01
-4.514441558812076760e-01 -6.603847816798815717e-01
-4.522712315560202256e-01 -6.597823078127191820e-01
-4.530901549871643175e-01 -6.591759944649504543e-01
-4.539010449238979894e-01 -6.585657117793928261e-01
-4.547040187395723909e-01 -6.579513272119087430e-01
-4.554991923289653522e-01 -6.573327055727067325e-01
-4.562866800038933301e-01 -6.567097090677593840e-01
-4.570665943871663472e-01 -6.560821973402898299e-01
-4.578390463049024084e-01 -6.554500275123134045e-01
-4.586041446772506358e-01 -6.548130542261949572e-01
-4.593619964075644213e-01 -6.541711296861945080e-01
-4.601127062700685610e-01 -6.535241036999679398e-01
-4.608563767960667246e-01 -6.528718237199933050e-01
-4.615931081587349993e-01 -6.522141348848897735e-01
-4.623229980565631836e-01 -6.515508800605934736e-01
-4.630461415954811311e-01 -6.508818998813623580e-01
-4.637626311697322090e-01 -6.502070327905781211e-01
-4.644725563415510461e-01 -6.495261150813058659e-01
-4.651760037196958630e-01 -6.488389809365884275e-01
-4.658730568369008340e-01 -6.481454624694367173e-01
-4.665637960262961070e-01 -6.474453897624901089e-01
-4.672482982968704790e-01 -6.467385909073123385e-01
-4.679266372080277403e-01 -6.460248920432934971e-01
-4.685988827432983062e-01 -6.453041173961330257e-01
-4.692651011832693064e-01 -6.445760893158742899e-01
-4.699253549778032446e-01 -6.438406283144575415e-01
-4.705797026175929099e-01 -6.430975531027797176e-01
-4.712281985051327560e-01 -6.423466806272216667e-01
-4.718708928251578172e-01 -6.415878261056315868e-01
-4.725078314146141656e-01 -6.408208030627415841e-01
-4.731390556322354057e-01 -6.400454233649937041e-01
-4.737646022277750557e-01 -6.392614972547636665e-01
-4.743845032109640369e-01 -6.384688333839660945e-01
-4.749987857202538910e-01 -6.376672388470288055e-01
-4.756074718914118926e-01 -6.368565192132227271e-01
-4.762105787260231260e-01 -6.360364785583434433e-01
-4.768081179599653052e-01 -6.352069194957373766e-01
-4.774000959319155690e-01 -6.343676432066672755e-01
-4.779865134519497016e-01 -6.335184494700205615e-01
-4.785673656702924550e-01 -6.326591366913578707e-01
-4.791426419462799791e-01 -6.317895019313113369e-01
-4.797123257175861522e-01 -6.309093409333388358e-01
-4.802763943697791471e-01 -6.300184481508439571e-01
-4.808348191062619681e-01 -6.291166167736752524e-01
-4.813875648186478617e-01 -6.282036387540237410e-01
-4.819345899576386039e-01 -6.272793048317355513e-01
-4.824758464044445194e-01 -6.263434045590663413e-01
-4.830112793428241735e-01 -6.253957263248952625e-01
-4.835408271317743201e-01 -6.244360573784374369e-01
-4.840644211789410511e-01 -6.234641838524811464e-01
-4.845819858148066039e-01 -6.224798907861810449e-01
-4.850934381676959006e-01 -6.214829621474546872e-01
-4.855986880396701011e-01 -6.204731808550141281e-01
-4.860976377833532425e-01 -6.194503288000818841e-01
-4.865901821797595228e-01 -6.184141868678338927e-01
-4.870762083171595869e-01 -6.173645349586247555e-01
-4.875555954710665274e-01 -6.163011520090377893e-01
-4.880282149853790719e-01 -6.152238160128269406e-01
-4.884939301547536195e-01 -6.141323040417978607e-01
-4.889525961082680783e-01 -6.130263922666915333e-01
-4.894040596944280730e-01 -6.119058559781367368e-01
-4.898481593675970691e-01 -6.107704696077282946e-01
-4.902847250758993747e-01 -6.096200067493073860e-01
-4.907135781506837269e-01 -6.084542401805026479e-01
-4.911345311976053618e-01 -6.072729418846131155e-01
-4.915473879894033393e-01 -6.060758830728997237e-01
-4.919519433604626069e-01 -6.048628342073584241e-01
-4.923479831032246401e-01 -6.036335650240594042e-01
-4.927352838665460810e-01 -6.023878445571195783e-01
-4.931136130560844766e-01 -6.011254411633949468e-01
-4.934827287368105386e-01 -5.998461225479680969e-01
-4.938423795377410164e-01 -5.985496557905140014e-01
-4.941923045589933783e-01 -5.972358073726254934e-01
-4.945322332812718269e-01 -5.959043432061778001e-01
-4.948618854779017751e-01 -5.945550286628165093e-01
-4.951809711295144245e-01 -5.931876286046551261e-01
-4.954891903415256094e-01 -5.918019074162571558e-01
-4.957862332645274206e-01 -5.903976290379908676e-01
-4.960717800177252279e-01 -5.889745570008391162e-01
-4.963455006155779170e-01 -5.875324544627403833e-01
-4.966070548977724597e-01 -5.860710842465484127e-01
-4.968560924627064557e-01 -5.845902088796849361e-01
-4.970922526046311907e-01 -5.830895906355662017e-01
-4.973151642546310702e-01 -5.815689915768820217e-01
-4.975244459256197849e-01 -5.800281736007973921e-01
-4.977197056615429993e-01 -5.784668984861556229e-01
-4.979005409909756930e-01 -5.768849279427511467e-01
-4.980665388853251496e-01 -5.752820236627433914e-01
-4.982172757218484849e-01 -5.736579473742757784e-01
-4.983523172517099198e-01 -5.720124608973640168e-01
-4.984712185733044532e-01 -5.703453262021155323e-01
-4.985735241110848537e-01 -5.686563054693380970e-01
-4.986587676001483782e-01 -5.669451611535863966e-01
-4.987264720768288528e-01 -5.652116560487059349e-01
-4.987761498755723943e-01 -5.634555533559093554e-01
-4.988073026323568415e-01 -5.616766167544381405e-01
-4.988194212949580431e-01 -5.598746104748375529e-01
-4.988119861403357280e-01 -5.580492993748866759e-01
-4.987844667994607573e-01 -5.562004490182040906e-01
-4.987363222898746340e-01 -5.543278257555583899e-01
-4.986670010563238886e-01 -5.524311968088952973e-01
-4.985759410197725394e-01 -5.505103303581008189e-01
-4.984625696351536739e-01 -5.485649956304992081e-01
-4.983263039581827814e-01 -5.465949629930932918e-01
-4.981665507216009869e-01 -5.446000040475382775e-01
-4.979827064212006826e-01 -5.425798917278360500e-01
-4.977741574119994850e-01 -5.405344004007370806e-01
-4.975402800149414384e-01 -5.384633059688179735e-01
-4.972804406344983885e-01 -5.363663859762120012e-01
-4.969939958875585484e-01 -5.342434197169464438e-01
-4.966802927439994964e-01 -5.320941883458458754e-01
-4.963386686793241909e-01 -5.299184749919496618e-01
-4.959684518397767805e-01 -5.277160648743808302e-01
-4.955689612203229566e-01 -5.254867454206051391e-01
-4.951395068559086843e-01 -5.232303063870027415e-01
-4.946793900264017663e-01 -5.209465399816699538e-01
-4.941879034756085920e-01 -5.186352409893725257e-01
-4.936643316447900665e-01 -5.162962068985428310e-01
-4.931079509210643530e-01 -5.139292380302278307e-01
-4.925180299011015506e-01 -5.115341376688763431e-01
-4.918938296705076541e-01 -5.091107121948496017e-01
-4.912346040992899843e-01 -5.066587712185305348e-01
-4.905396001537837281e-01 -5.041781277159088637e-01
-4.898080582254233373e-01 -5.016685981655004678e-01
-4.890392124767246051e-01 -4.991300026864642914e-01
-4.882322912048309149e-01 -4.965621651777705203e-01
-4.873865172229766562e-01 -4.939649134582664303e-01
-4.865011082601960468e-01 -4.913380794074844737e-01
-4.855752773795916077e-01 -4.886814991070344005e-01
-4.846082334154661053e-01 -4.859950129824113230e-01
-4.835991814295964586e-01 -4.832784659450555798e-01
-4.825473231869102375e-01 -4.805317075344920363e-01
-4.814518576508025616e-01 -4.777545920603778473e-01
-4.803119814983121127e-01 -4.749469787442835989e-01
-4.791268896553274592e-01 -4.721087318610362460e-01
-4.778957758520058774e-01 -4.692397208794457653e-01
-4.766178331985129746e-01 -4.663398206022466574e-01
-4.752922547811863074e-01 -4.634089113050808839e-01
-4.739182342791931069e-01 -4.604468788743517060e-01
-4.724949666016888816e-01 -4.574536149437879451e-01
-4.710216485454806756e-01 -4.544290170295527398e-01
-4.694974794731309187e-01 -4.513729886637458666e-01
-4.679216620114043934e-01 -4.482854395261503533e-01
-4.662934027699189299e-01 -4.451662855740798341e-01
-4.646119130798073149e-01 -4.420154491701990818e-01
-4.628764097521509413e-01 -4.388328592081915946e-01
-4.610861158558969830e-01 -4.356184512361637173e-01
-4.592402615149038247e-01 -4.323721675776886486e-01
-4.573380847237348834e-01 -4.290939574503964682e-01
-4.553788321817169860e-01 -4.257837770820472323e-01
-4.533617601447722523e-01 -4.224415898240210243e-01
-4.512861352944238513e-01 -4.190673662621901552e-01
-4.491512356233489101e-01 -4.156610843251451470e-01
-4.469563513367671437e-01 -4.122227293897717249e-01
-4.447007857688884402e-01 -4.087522943841891410e-01
-4.423838563135951141e-01 -4.052497798880858593e-01
-4.400048953684344566e-01 -4.017151942305028922e-01
-4.375632512909531924e-01 -3.981485535851416735e-01
-4.350582893663276773e-01 -3.945498820632928894e-01
-4.324893927851591879e-01 -3.909192118045048958e-01
-4.298559636302581866e-01 -3.872565830651333862e-01
-4.271574238711330906e-01 -3.835620443049372885e-01
-4.243932163648669875e-01 -3.798356522719075201e-01
-4.215628058619538265e-01 -3.760774720855413200e-01
-4.186656800156188796e-01 -3.722875773187934723e-01
-4.157013503930733767e-01 -3.684660500789611604e-01
-4.126693534870610192e-01 -3.646129810877795085e-01
-4.095692517260115517e-01 -3.607284697610255164e-01
-4.064006344810263682e-01 -3.568126242879522403e-01
-4.031631190678623411e-01 -3.528655617108867326e-01
-3.998563517420116176e-01 -3.488874080053484539e-01
-3.964800086849039618e-01 -3.448782981610605258e-01
-3.930337969792107033e-01 -3.408383762642355763e-01
-3.895174555711515829e-01 -3.367677955815384649e-01
-3.859307562176599316e-01 -3.326667186461258474e-01
-3.822735044162050011e-01 -3.285353173461835752e-01
-3.785455403150179143e-01 -3.243737730163761546e-01
-3.747467396014154128e-01 -3.201822765326317599e-01
-3.708770143658832730e-01 -3.159610284106773026e-01
-3.669363139395350748e-01 -3.117102389087407222e-01
-3.629246257025137146e-01 -3.074301281348224002e-01
-3.588419758609043275e-01 -3.031209261589296045e-01
-3.546884301896606750e-01 -2.987828731306484409e-01
-3.504640947390542660e-01 -2.944162194024062540e-01
-3.461691165021348882e-01 -2.900212256587569315e-01
-3.418036840406574184e-01 -2.855981630519830450e-01
-3.373680280669547615e-01 -2.811473133442823347e-01
-3.328624219792135630e-01 -2.766689690567668558e-01
-3.282871823476088968e-01 -2.721634336254435960e-01
-3.236426693487896578e-01 -2.676310215643233903e-01
-3.189292871461925083e-01 -2.630720586357244706e-01
-3.141474842136868229e-01 -2.584868820277894663e-01
-3.092977536000897643e-01 -2.538758405391734474e-01
-3.043806331321002867e-01 -2.492392947707844919e-01
-2.993967055532472665e-01 -2.445776173243874863e-01
-2.943465985964768272e-01 -2.398911930078033716e-01
-2.892309849880340122e-01 -2.351804190463537281e-01
-2.840505823803687879e-01 -2.304457053001124356e-01
-2.788061532117961372e-01 -2.256874744864341698e-01
-2.734985044907332075e-01 -2.209061624071435581e-01
-2.681284875023605130e-01 -2.161022181796573016e-01
-2.626969974356201942e-01 -2.112761044712311853e-01
-2.572049729285120212e-01 -2.064282977354074400e-01
-2.516533955297144409e-01 -2.015592884496485160e-01
-2.460432890746152568e-01 -1.966695813530430215e-01
-2.403757189738944811e-01 -1.917596956828647170e-01
-2.346517914128757321e-01 -1.868301654086836627e-01
-2.288726524599347667e-01 -1.818815394626344395e-01
-2.230394870823188547e-01 -1.769143819643652915e-01
-2.171535180678477173e-01 -1.719292724391411897e-01
-2.112160048510285659e-01 -1.669268060274905763e-01
-2.052282422422812280e-01 -1.619075936847861885e-01
-1.991915590590619123e-01 -1.568722623691058138e-01
-1.931073166578940181e-01 -1.518214552157577946e-01
-1.869769073664859227e-01 -1.467558316968902987e-01
-1.808017528153866016e-01 -1.416760677646973776e-01
-1.745833021689628117e-01 -1.365828559768723915e-01
-1.683230302558356151e-01 -1.314769056031407923e-01
-1.620224355994219489e-01 -1.263589427119586883e-01
-1.556830383497992965e-01 -1.212297102367920765e-01
-1.493063781187993211e-01 -1.160899680217707397e-01
-1.428940117210827365e-01 -1.109404928469994167e-01
-1.364475108249401381e-01 -1.057820784343775355e-01
-1.299684595176914259e-01 -1.006155354354115183e-01
-1.234584517919007918e-01 -9.544169140325020617e-02
-1.169190889601045558e-01 -9.026139075196920603e-02
-1.103519770073932427e-01 -8.507549470698377858e-02
-1.037587238930228473e-01 -7.988488125137305218e-02
-9.714093681408741965e-02 -7.469044507375338648e-02
-9.050021944630518012e-02 -6.949309752419891018e-02
-8.383816917886408038e-02 -6.429376658539154299e-02
-7.715637436217459566e-02 -5.909339686675829650e-02
-7.045641158900348144e-02 -5.389294962964058522e-02
-6.373984303078450431e-02 -4.869340285150836056e-02
-5.700821385181958911e-02 -4.349575133683897254e-02
-5.026304972439848973e-02 -3.830100688140203324e-02
-4.350585446752130991e-02 -3.311019849532131909e-02
-3.673810783086955967e-02 -2.792437268844155662e-02
-2.996126344377261774e-02 -2.274459381914023526e-02
-2.317674694631291499e-02 -1.757194450495758176e-02
-1.638595431634778943e-02 -1.240752609028705766e-02
-9.590250402299244081e-03 -7.252459163079427729e-03
-2.790967667201077473e-03 -2.107884109187330157e-03
4.010594855066440534e-03 3.025038310151828558e-03
1.081317239495013793e-02 8.145126374968614247e-03
1.761553508163080095e-02 1.325117683680770986e-02
2.441648838824345136e-02 1.834196438354807057e-02
3.121487340249293196e-02 2.341624116041907122e-02
3.800956693948692733e-02 2.847273636868363766e-02
4.479948151488938324e-02 3.351015596239464989e-02
5.158356519691648101e-02 3.852718246181457973e-02
5.836080135527707546e-02 4.352247489959948368e-02
6.513020832403101923e-02 4.849466891285114656e-02
7.189083899362003205e-02 5.344237699079201764e-02
7.864178034526017602e-02 5.836418888434080632e-02
8.538215293857509547e-02 6.325867218038344619e-02
9.211111036099142724e-02 6.812437304022389561e-02
9.882783864516300754e-02 7.295981709867727094e-02
1.055315556586237935e-01 7.776351051761581923e-02
1.122215104680769349e-01 8.253394118554674419e-02
1.188969826792632967e-01 8.726958005302726251e-02
1.255572817522281059e-01 9.196888259238500396e-02
1.322017462909995111e-01 9.663029036929132731e-02
1.388297433062293806e-01 1.012522327132186484e-01
1.454406674491063312e-01 1.058331284735830602e-01
1.520339402149000763e-01 1.103713878484761102e-01
1.586090091146745151e-01 1.148654142731700412e-01
1.651653468140837633e-01 1.193136063560816806e-01
1.717024502385772478e-01 1.237143598504626962e-01
1.782198396448765043e-01 1.280660696508031937e-01
1.847170576591121993e-01 1.323671318036722944e-01
1.911936682825594036e-01 1.366159455235156639e-01
1.976492558664388333e-01 1.408109152046957413e-01
2.040834240577469039e-01 1.449504524218482859e-01
2.104957947185488176e-01 1.490329779113805375e-01
2.168860068215561210e-01 1.530569235276348916e-01
2.232537153251862305e-01 1.570207341679391577e-01
2.295985900315822281e-01 1.609228696613853038e-01
2.359203144313301026e-01 1.647618066167779449e-01
2.422185845387852254e-01 1.685360402257359280e-01
2.484931077220632889e-01 1.722440860174326849e-01
2.547436015318397251e-01 1.758844815619369228e-01
2.609697925331376789e-01 1.794557881195179561e-01
2.671714151442792784e-01 1.829565922336800210e-01
2.733482104871549634e-01 1.863855072660431378e-01
2.794999252528658218e-01 1.897411748714964153e-01
2.856263105867122842e-01 1.930222664123504017e-01
2.917271209963477885e-01 1.962274843104629962e-01
2.978021132867866849e-01 1.993555633365705626e-01
3.038510455257565912e-01 2.024052718362508441e-01
3.098736760427003301e-01 2.053754128921417565e-01
3.158697624645240287e-01 2.082648254222171369e-01
3.218390607909646373e-01 2.110723852140704015e-01
3.277813245122151442e-01 2.137970058952938790e-01
3.336963037712139535e-01 2.164376398401702262e-01
3.395837445727554194e-01 2.189932790129993367e-01
3.454433880413255165e-01 2.214629557484822930e-01
3.512749697293211515e-01 2.238457434696640436e-01
3.570782189770644877e-01 2.261407573440276930e-01
3.628528583257591422e-01 2.283471548783900795e-01
3.685986029842979739e-01 2.304641364533031866e-01
3.743151603505883163e-01 2.324909457977384353e-01
3.800022295878148215e-01 2.344268704048579066e-01
3.856595012558250990e-01 2.362712418897307542e-01
3.912866569976030107e-01 2.380234362898766276e-01
3.968833692805699975e-01 2.396828743095741343e-01
4.024493011922368746e-01 2.412490215088749224e-01
4.079841062895427362e-01 2.427213884383157549e-01
4.134874285010026740e-01 2.440995307203239761e-01
4.189589020806151476e-01 2.453830490783587281e-01
4.243981516123065401e-01 2.465715893148331950e-01
4.298047920635250652e-01 2.476648422388962600e-01
4.351784288864408712e-01 2.486625435451741695e-01
4.405186581650757938e-01 2.495644736445786216e-01
4.458250668065585898e-01 2.503704574483378575e-01
4.510972327745731980e-01 2.510803641063995006e-01
4.563347253629781997e-01 2.516941067013980238e-01
4.615371055074643514e-01 2.522116418993834430e-01
4.667039261330570010e-01 2.526329695585527446e-01
4.718347325351798238e-01 2.529581322972326296e-01
4.769290627919439141e-01 2.531872150223927198e-01
4.819864482052885757e-01 2.533203444199917387e-01
4.870064137685518046e-01 2.533576884084873804e-01
4.919884786580264735e-01 2.532994555568705008e-01
4.969321567460470712e-01 2.531458944685884838e-01
5.018369571331480206e-01 2.528972931327861384e-01
5.067023846968297107e-01 2.525539782442766112e-01
5.115279406544998020e-01 2.521163144937098033e-01
5.163131231381716812e-01 2.515847038294203308e-01
5.210574277785350317e-01 2.509595846924568829e-01
5.257603482960599983e-01 2.502414312263223084e-01
5.304213770968448927e-01 2.494307524629782447e-01
5.350400058709683382e-01 2.485280914866736524e-01
5.396157261911824765e-01 2.475340245771929237e-01
5.441480301098386985e-01 2.464491603341204540e-01
5.486364107520339539e-01 2.452741387837478193e-01
5.530803629030233148e-01 2.440096304702328578e-01
5.574793835880498261e-01 2.426563355326669669e-01
5.618329726428266113e-01 2.412149827696779547e-01
5.661406332729966850e-01 2.396863286932167936e-01
5.704018726010011697e-01 2.380711565731799539e-01
5.746162021988819868e-01 2.363702754744962387e-01
5.787831386056482286e-01 2.345845192883192210e-01
5.829022038279417783e-01 2.327147457589436863e-01
5.869729258228399971e-01 2.307618355080690298e-01
5.909948389617425413e-01 2.287266910579792423e-01
5.949674844743919611e-01 2.266102358552393448e-01
5.988904108721904151e-01 2.244134132964357708e-01
6.027631743500680983e-01 2.221371857574903075e-01
6.065853391662796579e-01 2.197825336280391229e-01
6.103564779995891421e-01 2.173504543523242516e-01
6.140761722834242597e-01 2.148419614780368303e-01
6.177440125166603346e-01 2.122580837144599220e-01
6.213595985508044706e-01 2.095998640012781411e-01
6.249225398534401510e-01 2.068683585893268950e-01
6.284324557478744300e-01 2.040646361345202497e-01
6.318889756290291260e-01 2.011897768061653435e-01
6.352917391556934801e-01 1.982448714107755694e-01
6.386403964193323457e-01 1.952310205324933878e-01
6.419346080897283535e-01 1.921493336911249683e-01
6.451740455377987793e-01 1.890009285187685684e-01
6.483583909359991182e-01 1.857869299559365972e-01
6.514873373367848775e-01 1.825084694680241815e-01
6.545605887296706005e-01 1.791666842829024997e-01
6.575778600774622173e-01 1.757627166503674954e-01
6.605388773323073170e-01 1.722977131240996107e-01
6.634433774322336941e-01 1.687728238667277891e-01
6.662911082789069184e-01 1.651892019785417554e-01
6.690818286973541085e-01 1.615480028503147036e-01
6.718153083784468294e-01 1.578503835406530054e-01
6.744913278049584626e-01 1.540975021782101662e-01
6.771096781620330463e-01 1.502905173890673463e-01
6.796701612329250075e-01 1.464305877494909980e-01
6.821725892808820912e-01 1.425188712642495581e-01
6.846167849180557763e-01 1.385565248705926122e-01
6.870025809623361290e-01 1.345447039679535384e-01
6.893298202830004939e-01 1.304845619733772943e-01
6.915983556360825180e-01 1.263772499026151186e-01
6.938080494903507978e-01 1.222239159768026551e-01
6.959587738447922112e-01 1.180257052545595209e-01
6.980504100384840038e-01 1.137837592893185257e-01
7.000828485537216039e-01 1.094992158116489811e-01
7.020559888132705817e-01 1.051732084362969888e-01
7.039697389725823040e-01 1.008068663936156351e-01
7.058240157078025101e-01 9.640131428503345701e-02
7.076187440003838258e-01 9.195767186217365663e-02
7.093538569190883658e-01 8.747705382918680161e-02
7.110292954001511401e-01 8.296056966786161113e-02
7.126450080263420084e-01 7.840932348502169247e-02
7.142009508056517131e-01 7.382441388169541652e-02
7.156970869502907728e-01 6.920693384354814626e-02
7.171333866566735882e-01 6.455797065200533091e-02
7.185098268870211413e-01 5.987860581550757955e-02
7.198263911532065684e-01 5.516991502031032280e-02
7.210830693034198102e-01 5.043296810022537824e-02
7.222798573122155563e-01 4.566882902469199257e-02
7.234167570744709508e-01 4.087855590455052868e-02
7.244937762037604312e-01 3.606320101489204899e-02
7.255109278356152158e-01 3.122381083433511950e-02
7.264682304361222975e-01 2.636142610009523102e-02
7.273657076162745039e-01 2.147708187818367365e-02
7.282033879524767439e-01 1.657180764810226026e-02
7.289813048135568296e-01 1.164662740136127028e-02
7.296994961946448033e-01 6.702559753185260982e-03
7.303580045582154234e-01 1.740618066750326820e-03
7.309568766825992325e-01 -3.238189410703778970e-03
7.314961635182234412e-01 -8.232859400513992121e-03
7.319759200518284326e-01 -1.324239343464331253e-02
7.323962051788821537e-01 -1.826579768776620538e-02
7.327570815843948981e-01 -2.330208280001480614e-02
7.330586156323093405e-01 -2.835026369102297550e-02
7.333008772636313566e-01 -3.340935936586217347e-02
7.334839399034392970e-01 -3.847839271350128598e-02
7.336078803768939505e-01 -4.355639029836849696e-02
7.336727788343566647e-01 -4.864238214561861229e-02
7.336787186857008924e-01 -5.373540152069447573e-02
7.336257865438908787e-01 -5.883448470373950356e-02
7.335140721778851125e-01 -6.393867075944437151e-02
7.333436684749035095e-01 -6.904700130288521365e-02
7.331146714120901908e-01 -7.415852026189104218e-02
7.328271800375889544e-01 -7.927227363649287650e-02
7.324812964610243338e-01 -8.438730925598778021e-02
7.320771258533913528e-01 -8.950267653413737645e-02
7.316147764563230016e-01 -9.461742622302440897e-02
7.310943596007082323e-01 -9.973061016607824569e-02
7.305159897346176212e-01 -1.048412810507667603e-01
7.298797844604821838e-01 -1.099484921614617555e-01
7.291858645814596196e-01 -1.150512971329640810e-01
7.284343541569235914e-01 -1.201487497051731274e-01
7.276253805669837815e-01 -1.252399034793847121e-01
7.267590745859530132e-01 -1.303238116766949062e-01
7.258355704646610729e-01 -1.353995268989683087e-01
7.248550060214966617e-01 -1.404661008928631549e-01
7.238175227420726721e-01 -1.455225843173456046e-01
7.227232658873752325e-01 -1.505680265151864150e-01
7.215723846102695127e-01 -1.556014752888730257e-01
7.203650320802068574e-01 -1.606219766814127592e-01
7.191013656159896961e-01 -1.656285747624644533e-01
7.177815468264153731e-01 -1.706203114202723692e-01
7.164057417586386922e-01 -1.755962261598377760e-01
7.149741210540557779e-01 -1.805553559077875958e-01
7.134868601115182951e-01 -1.854967348243997116e-01
7.119441392576757455e-01 -1.904193941232168730e-01
7.103461439242154674e-01 -1.953223618987290355e-01
7.086930648317856241e-01 -2.002046629625470475e-01
7.069850981803397216e-01 -2.050653186885503243e-01
7.052224458456641809e-01 -2.099033468674384728e-01
7.034053155818090763e-01 -2.147177615711517995e-01
7.015339212291349380e-01 -2.195075730276209169e-01
6.996084829276886241e-01 -2.242717875062866795e-01
6.976292273355817475e-01 -2.290094072148595727e-01
6.955963878520434740e-01 -2.337194302077675034e-01
6.935102048448050782e-01 -2.384008503067473195e-01
6.913709258814446645e-01 -2.430526570340341974e-01
6.891788059643093600e-01 -2.476738355586081408e-01
6.869341077686136332e-01 -2.522633666559415122e-01
6.846371018832935196e-01 -2.568202266816960178e-01
6.822880670541650039e-01 -2.613433875598261125e-01
6.798872904289371411e-01 -2.658318167855147074e-01
6.774350678035836459e-01 -2.702844774433907915e-01
6.749317038695732407e-01 -2.747003282414519076e-01
6.723775124614286280e-01 -2.790783235611174473e-01
6.697728168040606445e-01 -2.834174135238332060e-01
6.671179497593116015e-01 -2.877165440746197733e-01
6.644132540710983026e-01 -2.919746570829768739e-01
6.616590826085486654e-01 -2.961906904615145275e-01
6.588557986064765837e-01 -3.003635783026816219e-01
6.560037759025375559e-01 -3.044922510339516664e-01
6.531033991703649733e-01 -3.085756355917986249e-01
6.501550641479916237e-01 -3.126126556147726387e-01
6.471591778608000167e-01 -3.166022316559921612e-01
6.441161588382627867e-01 -3.205432814153089116e-01
6.410264373236873592e-01 -3.244347199914046076e-01
6.378904554761654078e-01 -3.282754601540489037e-01
6.347086675639189712e-01 -3.320644126367025550e-01
6.314815401481976842e-01 -3.358004864496475506e-01
6.282095522568830193e-01 -3.394825892137647294e-01
6.248931955469281263e-01 -3.431096275150702923e-01
6.215329744547541946e-01 -3.466805072800718812e-01
6.181294063337173794e-01 -3.501941341719672085e-01
6.146830215777338013e-01 -3.536494140076809067e-01
6.111943637301611165e-01 -3.570452531956810893e-01
6.076639895770282740e-01 -3.603805591944717057e-01
6.040924692236869786e-01 -3.636542409916303509e-01
6.004803861539764753e-01 -3.668652096031917997e-01
5.968283372709940471e-01 -3.700123785931442311e-01
5.931369329185597339e-01 -3.730946646127525357e-01
5.894067968824884263e-01 -3.761109879593660388e-01
5.856385663707852629e-01 -3.790602731543258330e-01
5.818328919719053527e-01 -3.819414495395300202e-01
5.779904375902276126e-01 -3.847534518921578162e-01
5.741118803579450258e-01 -3.874952210570055122e-01
5.701979105225654099e-01 -3.901657045958301651e-01
5.662492313092788443e-01 -3.927638574530477045e-01
5.622665587574768864e-01 -3.952886426370661455e-01
5.582506215307446729e-01 -3.977390319164944565e-01
5.542021606997057370e-01 -4.001140065304062965e-01
5.501219294971340101e-01 -4.024125579117894813e-01
5.460106930448211937e-01 -4.046336884232564768e-01
5.418692280517282134e-01 -4.067764121040502445e-01
5.376983224830346186e-01 -4.088397554273167644e-01
5.334987751997393168e-01 -4.108227580665921863e-01
5.292713955685725002e-01 -4.127244736703848393e-01
5.250170030420269196e-01 -4.145439706437041849e-01
5.207364267084128029e-01 -4.162803329353550463e-01
5.164305048119136599e-01 -4.179326608297648238e-01
5.121000842427233524e-01 -4.195000717420925840e-01
5.077460199974184185e-01 -4.209817010153341643e-01
5.033691746098293285e-01 -4.223767027181117295e-01
4.989704175527607810e-01 -4.236842504418207866e-01
4.945506246110100701e-01 -4.249035380957859598e-01
4.901106772262495137e-01 -4.260337806990620035e-01
4.856514618144229245e-01 -4.270742151675135378e-01
4.811738690564268950e-01 -4.280241010948046543e-01
4.766787931629411501e-01 -4.288827215259216064e-01
4.721671311143971206e-01 -4.296493837218628986e-01
4.676397818771574344e-01 -4.303234199141470762e-01
4.630976455971138050e-01 -4.309041880477901820e-01
4.585416227719927851e-01 -4.313910725114358247e-01
4.539726134037866956e-01 -4.317834848533420034e-01
4.493915161328078112e-01 -4.320808644819519317e-01
4.447992273550020470e-01 -4.322826793498243392e-01
4.401966403242096870e-01 -4.323884266197131065e-01
4.355846442412120711e-01 -4.323976333116573700e-01
4.309641233314491782e-01 -4.323098569299577698e-01
4.263359559134234922e-01 -4.321246860689937352e-01
4.217010134598582205e-01 -4.318417409968623999e-01
4.170601596537885092e-01 -4.314606742159002306e-01
4.124142494418134297e-01 -4.309811709991847040e-01
4.077641280868384843e-01 -4.304029499021977956e-01
4.031106302226621918e-01 -4.297257632488733492e-01
3.984545789128717264e-01 -4.289493975913301060e-01
3.937967847165042556e-01 -4.280736741426606207e-01
3.891380447630311545e-01 -4.270984491821945839e-01
3.844791418392215498e-01 -4.260236144327482766e-01
3.798208434904891684e-01 -4.248490974094193962e-01
3.751639011393348988e-01 -4.235748617395636573e-01
3.705090492235357247e-01 -4.222009074536486883e-01
3.658570043567008212e-01 -4.207272712467567399e-01
3.612084645138354255e-01 -4.191540267105570705e-01
3.565641082445489274e-01 -4.174812845356408175e-01
3.519245939164811210e-01 -4.157091926841594010e-01
3.472905589915404878e-01 -4.138379365327760628e-01
3.426626193374761598e-01 -4.118677389859750071e-01
3.380413685772597487e-01 -4.097988605598341660e-01
3.334273774787113176e-01 -4.076315994364054784e-01
3.288211933867117853e-01 -4.053662914888832569e-01
3.242233397003037587e-01 -4.030033102777880183e-01
3.196343153968433937e-01 -4.005430670183982023e-01
3.150545946053395774e-01 -3.979860105197232101e-01
3.104846262309434723e-01 -3.953326270952891019e-01
3.059248336324986162e-01 -3.925834404460591398e-01
3.013756143549020106e-01 -3.897390115157945978e-01
2.968373399179197181e-01 -3.867999383191748630e-01
2.923103556629523814e-01 -3.837668557429920746e-01
2.877949806591101889e-01 -3.806404353207289981e-01
2.832915076697894996e-01 -3.774213849808076282e-01
2.788002031808111125e-01 -3.741104487687889057e-01
2.743213074909821581e-01 -3.707084065437715736e-01
2.698550348657977049e-01 -3.672160736492155464e-01
2.654015737547927301e-01 -3.636343005583723142e-01
2.609610870729015542e-01 -3.599639724944874164e-01
2.565337125459534739e-01 -3.562060090258760692e-01
2.521195631202735044e-01 -3.523613636359445578e-01
2.477187274361225544e-01 -3.484310232681758768e-01
2.433312703645357511e-01 -3.444160078460515306e-01
2.389572336068787606e-01 -3.403173697678216758e-01
2.345966363562518864e-01 -3.361361933759948739e-01
2.302494760196410473e-01 -3.318735944013478933e-01
2.259157289994942475e-01 -3.275307193812104223e-01
2.215953515331898771e-01 -3.231087450517236559e-01
2.172882805886253987e-01 -3.186088777137014993e-01
2.129944348139334864e-01 -3.140323525716912645e-01
2.087137155391132759e-01 -3.093804330457502472e-01
2.044460078271226333e-01 -3.046544100554284817e-01
2.001911815717535847e-01 -2.998556012753719191e-01
1.959490926393917254e-01 -2.949853503619346284e-01
1.917195840515243943e-01 -2.900450261501352212e-01
1.875024872046380520e-01 -2.850360218202498963e-01
1.832976231239333287e-01 -2.799597540333115808e-01
1.791048037470424903e-01 -2.748176620347429489e-01
1.749238332337365032e-01 -2.696112067253287337e-01
1.707545092973974110e-01 -2.643418696987372418e-01
1.665966245538038903e-01 -2.590111522447556824e-01
1.624499678825978566e-01 -2.536205743174418936e-01
1.583143257965964890e-01 -2.481716734673838631e-01
1.541894838139323543e-01 -2.426660037372907197e-01
1.500752278278325580e-01 -2.371051345201815042e-01
1.459713454686771827e-01 -2.314906493794773312e-01
1.418776274528479320e-01 -2.258241448303978660e-01
1.377938689127281569e-01 -2.201072290821374233e-01
1.337198707021298172e-01 -2.143415207404388845e-01
1.296554406713141816e-01 -2.085286474703175186e-01
1.256003949057270530e-01 -2.026702446188818896e-01
1.215545589225481837e-01 -1.967679537984286520e-01
1.175177688191478831e-01 -1.908234214302553244e-01
1.134898723676106558e-01 -1.848382972499642840e-01
1.094707300495787461e-01 -1.788142327754142780e-01
1.054602160258272248e-01 -1.727528797389332738e-01
1.014582190351811519e-01 -1.666558884859137279e-01
9.746464321769482408e-02 -1.605249063425400746e-01
9.347940885734051797e-02 -1.543615759560608147e-01
8.950245303991566370e-02 -1.481675336118144226e-01
8.553373022237131806e-02 -1.419444075320580312e-01
8.157321271041323429e-02 -1.356938161626324024e-01
7.762089104189351385e-02 -1.294173664544933655e-01
7.367677427432223203e-02 -1.231166521482546794e-01
6.974089017571200033e-02 -1.167932520710335820e-01
6.581328531891700306e-02 -1.104487284560634885e-01
6.189402508064911768e-02 -1.040846252966741436e-01
5.798319354743519671e-02 -9.770246674737639858e-02
5.408089333186016923e-02 -9.130375558575665185e-02
5.018724530354073954e-02 -8.488997174975121407e-02
4.630238824030169509e-02 -7.846257096544906329e-02
4.242647840602403742e-02 -7.202298348092289748e-02
3.855968906246481920e-02 -6.557261292152585797e-02
3.470220992305556029e-02 -5.911283528164262835e-02
3.085424655719359865e-02 -5.264499806697350848e-02
2.701601975380157894e-02 -4.617041959998419154e-02
2.318776485297002754e-02 -3.969038849924380608e-02
1.936973105426376129e-02 -3.320616334094769750e-02
1.556218070976056467e-02 -2.671897250801830159e-02
1.176538860916881424e-02 -2.023001422894760148e-02
7.979641263391401562e-03 -1.374045680497956723e-02
4.205236191792527389e-03 -7.251439020560773718e-03
4.424812171659464610e-04 -7.640707282757230878e-04
-3.308306228888224787e-03 5.720566404062071841e-03
-7.046799788757551752e-03 1.220141799975951735e-02
-1.077266484956279635e-02 1.867745595143951998e-02
-1.448555920269900543e-02 2.514767729175348965e-02
-1.818513369390178935e-02 3.161110297890934451e-02
-2.187103286622149589e-02 3.806677662022728281e-02
-2.554289559870814852e-02 4.451376315714516974e-02
-2.920035574379503673e-02 5.095114753462459678e-02
-3.284304276630845010e-02 5.737803337678737403e-02
-3.647058238679268261e-02 6.379354168897222177e-02
-4.008259723140694675e-02 7.019680960429386385e-02
-4.367870749011321108e-02 7.658698919038225972e-02
-4.725853158424941913e-02 8.296324632937243648e-02
-5.082168684390359070e-02 8.932475968149924950e-02
-5.436779019485449282e-02 9.567071974000346257e-02
-5.789645885420124927e-02 1.020003279824789888e-01
-6.140731103323537887e-02 1.083127961214202239e-01
-6.489996664562242001e-02 1.146073454545994130e-01
-6.837404801855528902e-02 1.208832063140315438e-01
-7.182918060423582052e-02 1.271396176107021658e-01
-7.526499368884609353e-02 1.333758264709717367e-01
-7.868112109605102100e-02 1.395910879595502752e-01
-8.207720188203654343e-02 1.457846648831957193e-01
-8.545288101914311207e-02 1.519558276687977827e-01
-8.880781006525428900e-02 1.581038543092187498e-01
-9.214164781624156753e-02 1.642280303701208477e-01
-9.545406093898095579e-02 1.703276490510811370e-01
-9.874472458265720620e-02 1.764020112944260088e-01
-1.020133229663107710e-01 1.824504259354496893e-01
-1.052595499408421342e-01 1.884722098880294849e-01
-1.084831095239123799e-01 1.944666883599753260e-01
-1.116837164064459209e-01 2.004331950928550654e-01
-1.148610964296618575e-01 2.063710726214563473e-01
-1.180149870317956928e-01 2.122796725484233926e-01
-1.211451376638753574e-01 2.181583558300371484e-01
-1.242513101741252735e-01 2.240064930694884160e-01
-1.273332791607387215e-01 2.298234648143622494e-01
-1.303908322929399066e-01 2.356086618554175116e-01
-1.334237706003884028e-01 2.413614855240456269e-01
-1.364319087311339773e-01 2.470813479861422579e-01
-1.394150751784321574e-01 2.527676725303633076e-01
-1.423731124768470857e-01 2.584198938490123720e-01
-1.453058773681561444e-01 2.640374583100439931e-01
-1.482132409376611393e-01 2.696198242188680982e-01
-1.510950887215711524e-01 2.751664620688414331e-01
-1.539513207861908650e-01 2.806768547794917246e-01
-1.567818517796983058e-01 2.861504979216812350e-01
-1.595866109573417235e-01 2.915868999290645025e-01
-1.623655421809208355e-01 2.969855822952924274e-01
-1.651186038934507050e-01 3.023460797565523661e-01
-1.678457690699256544e-01 3.076679404591122768e-01
-1.705470251451333963e-01 3.129507261116410421e-01
-1.732223739194674872e-01 3.181940121221372153e-01
-1.758718314437087427e-01 3.233973877193810909e-01
-1.784954278837541652e-01 3.285604560588863965e-01
-1.810932073662627206e-01 3.336828343133741992e-01
-1.836652278062069210e-01 3.387641537478561227e-01
-1.862115607172999399e-01 3.438040597794377873e-01
-1.887322910062689818e-01 3.488022120220126698e-01
-1.912275167519455754e-01 3.537582843160399504e-01
-1.936973489701228901e-01 3.586719647436354408e-01
-1.961419113651263202e-01 3.635429556292331665e-01
-1.985613400690276198e-01 3.683709735260992102e-01
-2.009557833694222972e-01 3.731557491889977429e-01
-2.033254014266674403e-01 3.778970275333436990e-01
-2.056703659814678731e-01 3.825945675811713298e-01
-2.079908600536736485e-01 3.872481423942925050e-01
-2.102870776331367542e-01 3.918575389950020305e-01
-2.125592233634508443e-01 3.964225582747241683e-01
-2.148075122193811026e-01 4.009430148909939318e-01
-2.170321691787666929e-01 4.054187371531760564e-01
-2.192334288896489181e-01 4.098495668973375361e-01
-2.214115353333738212e-01 4.142353593506911680e-01
-2.235667414843667544e-01 4.185759829860328241e-01
-2.256993089672787167e-01 4.228713193666136516e-01
-2.278095077121608525e-01 4.271212629818620377e-01
-2.298976156083074318e-01 4.313257210744081416e-01
-2.319639181573780184e-01 4.354846134588380435e-01
-2.340087081263888813e-01 4.395978723326136040e-01
-2.360322852011299821e-01 4.436654420796047882e-01
-2.380349556405500777e-01 4.476872790666573954e-01
-2.400170319326137558e-01 4.516633514336420019e-01
-2.419788324521169598e-01 4.555936388774030621e-01
-2.439206811209233550e-01 4.594781324300468706e-01
-2.458429070710474451e-01 4.633168342319845534e-01
-2.477458443110048258e-01 4.671097573001479764e-01
-2.496298313957981130e-01 4.708569252918000103e-01
-2.514952111009151614e-01 4.745583722643332836e-01
-2.533423301006634265e-01 4.782141424314683698e-01
-2.551715386511564376e-01 4.818242899162437642e-01
-2.569831902782402366e-01 4.853888785011744589e-01
-2.587776414706282613e-01 4.889079813759716342e-01
-2.605552513784876734e-01 4.923816808831781300e-01
-2.623163815176990377e-01 4.958100682620956712e-01
-2.640613954799896912e-01 4.991932433913409684e-01
-2.657906586491267653e-01 5.025313145303805795e-01
-2.675045379233256804e-01 5.058243980603802648e-01
-2.692034014440217171e-01 5.090726182246874121e-01
-2.708876183311202945e-01 5.122761068692582853e-01
-2.725575584248430827e-01 5.154350031833347945e-01
-2.742135920342489985e-01 5.185494534406606126e-01
-2.758560896925046357e-01 5.216196107415274064e-01
-2.774854219189681892e-01 5.246456347559034228e-01
-2.791019589881132412e-01 5.276276914679234320e-01
-2.807060707053353199e-01 5.305659529219777237e-01
-2.822981261896423955e-01 5.334605969706432971e-01
-2.838784936632377520e-01 5.363118070246827296e-01
-2.854475402479763058e-01 5.391197718053284405e-01
-2.870056317686749403e-01 5.418846850990608477e-01
-2.885531325632421096e-01 5.446067455150703784e-01
-2.900904052995781912e-01 5.472861562455935136e-01
-2.916178107991949653e-01 5.499231248292925089e-01
-2.931357078674882155e-01 5.525178629178515433e-01
-2.946444531305932313e-01 5.550705860459289598e-01
-2.961444008787418869e-01 5.575815134046238075e-01
-2.976359029160327019e-01 5.600508676185833590e-01
-2.991193084165201799e-01 5.624788745268800572e-01
-3.005949637865297230e-01 5.648657629677620307e-01
-3.020632125330815487e-01 5.672117645673990793e-01
-3.035243951383211902e-01 5.695171135327129486e-01
-3.049788489398407854e-01 5.717820464483692744e-01
-3.064269080167682513e-01 5.740068020780348945e-01
-3.078689030815081606e-01 5.761916211699434909e-01
-3.093051613770022024e-01 5.783367462668558279e-01
-3.107360065793869364e-01 5.804424215204496695e-01
-3.121617587059156151e-01 5.825088925102055448e-01
-3.135827340280136766e-01 5.845364060668118977e-01
-3.149992449893344038e-01 5.865252101001314777e-01
-3.164116001286778612e-01 5.884755534317523962e-01
-3.178201040076467088e-01 5.903876856321432776e-01
-3.192250571428913442e-01 5.922618568624238300e-01
-3.206267559428225278e-01 5.940983177207596055e-01
-3.220254926486462166e-01 5.958973190933822828e-01
-3.234215552795903781e-01 5.976591120102279220e-01
-3.248152275821937218e-01 5.993839475051883081e-01
-3.262067889835167378e-01 6.010720764809529548e-01
-3.275965145481534724e-01 6.027237495784274479e-01
-3.289846749389053193e-01 6.043392170507043692e-01
-3.303715363809935912e-01 6.059187286415543827e-01
-3.317573606296876920e-01 6.074625334684000677e-01
-3.331424049412207711e-01 6.089708799097511838e-01
-3.345269220468704563e-01 6.104440154970435239e-01
-3.359111601300931449e-01 6.118821868108406115e-01
-3.372953628065835652e-01 6.132856393813651552e-01
-3.386797691071577465e-01 6.146546175932871003e-01
-3.400646134633388828e-01 6.159893645947311924e-01
-3.414501256955421171e-01 6.172901222104413277e-01
-3.428365310037506108e-01 6.185571308590418482e-01
-3.442240499605788151e-01 6.197906294743443789e-01
-3.456128985066293513e-01 6.209908554306144968e-01
-3.470032879480378640e-01 6.221580444717608183e-01
-3.483954249561186378e-01 6.232924306443589080e-01
-3.497895115690169421e-01 6.243942462344456157e-01
-3.511857451952812292e-01 6.254637217080203371e-01
-3.525843186192715861e-01 6.265010856551718188e-01
-3.539854200083238922e-01 6.275065647377576772e-01
-3.553892329215853629e-01 6.284803836405726818e-01
-3.567959363204544765e-01 6.294227650259156537e-01
-3.582057045805474016e-01 6.303339294914886981e-01
-3.596187075051244242e-01 6.312140955315446167e-01
-3.610351103399095929e-01 6.320634795012083362e-01
-3.624550737892393570e-01 6.328822955838906417e-01
-3.638787540334788018e-01 6.336707557617203834e-01
-3.653063027476525781e-01 6.344290697889058972e-01
-3.667378671212326857e-01 6.351574451679511402e-01
-3.681735898790303718e-01 6.358560871286488281e-01
-3.696136093031449077e-01 6.365251986097617554e-01
-3.710580592559191704e-01 6.371649802433193566e-01
-3.725070692038675579e-01 6.377756303414392480e-01
-3.739607642425172851e-01 6.383573448856072474e-01
-3.754192651221439081e-01 6.389103175183177274e-01
-3.768826882743469553e-01 6.394347395370069131e-01
-3.783511458394418492e-01 6.399307998901928585e-01
-3.798247456946321488e-01 6.403986851757412779e-01
-3.813035914829301376e-01 6.408385796411792956e-01
-3.827877826427992791e-01 6.412506651859766205e-01
-3.842774144384882851e-01 6.416351213657189856e-01
-3.857725779910394781e-01 6.419921253980843678e-01
-3.872733603099397515e-01 6.423218521705561512e-01
-3.887798443253942526e-01 6.426244742497914109e-01
-3.902921089212075811e-01 6.429001618925637151e-01
-3.918102289682513506e-01 6.431490830582047291e-01
-3.933342753584960771e-01 6.433714034224777834e-01
-3.948643150395959589e-01 6.435672863927961451e-01
-3.964004110500106148e-01 6.437368931247238191e-01
-3.979426225546509044e-01 6.438803825396715030e-01
-3.994910048810284553e-01 6.439979113437348524e-01
-4.010456095559090661e-01 6.440896340475813497e-01
-4.026064843424442818e-01 6.441557029873383744e-01
-4.041736732777833074e-01 6.441962683463910988e-01
-4.057472167111424999e-01 6.442114781780404753e-01
-4.073271513423336043e-01 6.442014784289427087e-01
-4.089135102607329708e-01 6.441664129632681535e-01
-4.105063229846851458e-01 6.441064235875166855e-01
-4.121056155013332889e-01 6.440216500759206042e-01
-4.137114103068679771e-01 6.439122301963779993e-01
-4.153237264471785206e-01 6.437782997368541871e-01
-4.169425795589081774e-01 6.436199925321899329e-01
-4.185679819108966138e-01 6.434374404912593937e-01
-4.201999424460031718e-01 6.432307736244221585e-01
-4.218384668233029489e-01 6.430001200712103238e-01
-4.234835574606429787e-01 6.427456061282006416e-01
-4.251352135775508523e-01 6.424673562770180091e-01
-4.267934312384851214e-01 6.421654932124197801e-01
-4.284582033964146608e-01 6.418401378704098326e-01
-4.301295199367217714e-01 6.414914094563359814e-01
-4.318073677214085970e-01 6.411194254729266628e-01
-4.334917306336000808e-01 6.407243017482211478e-01
-4.351825896223315282e-01 6.403061524633486545e-01
-4.368799227476019009e-01 6.398650901801208324e-01
-4.385837052256842394e-01 6.394012258683930972e-01
-4.402939094746787241e-01 6.389146689331570705e-01
-4.420105051602833957e-01 6.384055272413385884e-01
-4.437334592417793155e-01 6.378739071482558698e-01
-4.454627360182079610e-01 6.373199135237073154e-01
-4.471982971747142099e-01 6.367436497776721716e-01
-4.489401018290580248e-01 6.361452178855730999e-01
-4.506881065782534224e-01 6.355247184130975446e-01
-4.524422655453252395e-01 6.348822505405398164e-01
-4.542025304261707030e-01 6.342179120866386910e-01
-4.559688505364880573e-01 6.335317995319044160e-01
-4.577411728587669204e-01 6.328240080413995994e-01
-4.595194420893043419e-01 6.320946314869699822e-01
-4.613036006852377913e-01 6.313437624688982286e-01
-4.630935889115600501e-01 6.305714923369760694e-01
-4.648893448880968560e-01 6.297779112109798128e-01
-4.666908046364260931e-01 6.289631080005373409e-01
-4.684979021267092203e-01 6.281271704243798215e-01
-4.703105693244101770e-01 6.272701850289723602e-01
-4.721287362368825069e-01 6.263922372065133803e-01
-4.739523309597858947e-01 6.254934112123112788e-01
-4.757812797233240132e-01 6.245737901815195947e-01
-4.776155069382625462e-01 6.236334561452430147e-01
-4.794549352417079024e-01 6.226724900460105516e-01
-4.812994855426179219e-01 6.216909717526204471e-01
-4.831490770670218704e-01 6.206889800743572438e-01
-4.850036274029180250e-01 6.196665927745890201e-01
-4.868630525448268687e-01 6.186238865837516698e-01
-4.887272669379733037e-01 6.175609372117221163e-01
-4.905961835220625789e-01 6.164778193596045508e-01
-4.924697137746456010e-01 6.153746067309159296e-01
-4.943477677540178972e-01 6.142513720422091428e-01
-4.962302541416597768e-01 6.131081870331186456e-01
-4.981170802841623502e-01 6.119451224758665209e-01
-5.000081522346391250e-01 6.107622481842241990e-01
-5.019033747935830458e-01 6.095596330219550385e-01
-5.038026515491529356e-01 6.083373449107507547e-01
-5.057058849168653003e-01 6.070954508376746883e-01
-5.076129761786702943e-01 6.058340168621338950e-01
-5.095238255213849765e-01 6.045531081223933789e-01
-5.114383320744659844e-01 6.032527888416558959e-01
-5.133563939471088577e-01 6.019331223337154313e-01
-5.152779082646373743e-01 6.005941710082161045e-01
-5.172027712041786796e-01 5.992359963755287122e-01
-5.191308780296011172e-01 5.978586590512623422e-01
-5.210621231256982178e-01 5.964622187604347037e-01
-5.229964000315983075e-01 5.950467343413241572e-01
-5.249336014733932965e-01 5.936122637490116594e-01
-5.268736193959594472e-01 5.921588640586499253e-01
-5.288163449939690119e-01 5.906865914684654717e-01
-5.307616687420740886e-01 5.891955013025172994e-01
-5.327094804242447079e-01 5.876856480132417460e-01
-5.346596691622637065e-01 5.861570851837890617e-01
-5.366121234433540721e-01 5.846098655301836811e-01
-5.385667311469427565e-01 5.830440409033198490e-01
-5.405233795705401967e-01 5.814596622908179135e-01
-5.424819554547375411e-01 5.798567798187581612e-01
-5.444423450073078152e-01 5.782354427533140662e-01
-5.464044339264166883e-01 5.765956995022933906e-01
-5.483681074229210806e-01 5.749375976166264390e-01
-5.503332502417688232e-01 5.732611837917968023e-01
-5.522997466824852708e-01 5.715665038692483435e-01
-5.542674806187496417e-01 5.698536028377788609e-01
-5.562363355170583112e-01 5.681225248349419665e-01
-5.582061944544747245e-01 5.663733131484687267e-01
-5.601769401354674827e-01 5.646060102177290485e-01
-5.621484549078341608e-01 5.628206576352523527e-01
-5.641206207777180737e-01 5.610172961483119725e-01
-5.660933194237164345e-01 5.591959656606007023e-01
-5.680664322100819064e-01 5.573567052340068217e-01
-5.700398401990305342e-01 5.554995530904999201e-01
-5.720134241621436244e-01 5.536245466141562765e-01
-5.739870645908894398e-01 5.517317223533144688e-01
-5.759606417062520523e-01 5.498211160228964056e-01
-5.779340354674871172e-01 5.478927625068901186e-01
-5.799071255800029023e-01 5.459466958610157405e-01
-5.818797915023751210e-01 5.439829493155863283e-01
-5.838519124525101134e-01 5.420015552785666380e-01
-5.858233674129569302e-01 5.400025453388492824e-01
-5.877940351353773130e-01 5.379859502697587059e-01
-5.897637941441883358e-01 5.359518000327873066e-01
-5.917325227393808174e-01 5.339001237815804712e-01
-5.937000989985286026e-01 5.318309498661722978e-01
-5.956664007779934877e-01 5.297443058374913250e-01
-5.976313057133411100e-01 5.276402184521347127e-01
-5.995946912189724642e-01 5.255187136774281953e-01
-6.015564344869884783e-01 5.233798166967746912e-01
-6.035164124852924195e-01 5.212235519153024521e-01
-6.054745019549443441e-01 5.190499429658198549e-01
-6.074305794067804687e-01 5.168590127150822777e-01
-6.093845211173034571e-01 5.146507832703840490e-01
-6.113362031238613881e-01 5.124252759864731388e-01
-6.132855012191196220e-01 5.101825114728100186e-01
-6.152322909448425525e-01 5.079225096011643625e-01
-6.171764475850001208e-01 5.056452895135564729e-01
-6.191178461581965387e-01 5.033508696305643015e-01
-6.210563614094500862e-01 5.010392676599855211e-01
-6.229918678013209865e-01 4.987105006058724643e-01
-6.249242395044097842e-01 4.963645847779394327e-01
-6.268533503872302237e-01 4.940015358013518654e-01
-6.287790740054712835e-01 4.916213686269024774e-01
-6.307012835906564696e-01 4.892240975415844684e-01
-6.326198520382178003e-01 4.868097361795573619e-01
-6.345346518949847026e-01 4.843782975335280128e-01
-6.364455553461119131e-01 4.819297939665331265e-01
-6.383524342014423869e-01 4.794642372241501582e-01
-6.402551598813286393e-01 4.769816384471252668e-01
-6.421536034019129646e-01 4.744820081844363102e-01
-6.440476353598834081e-01 4.719653564067902152e-01
-6.459371259167092649e-01 4.694316925205658242e-01
-6.478219447823700960e-01 4.668810253822079925e-01
-6.497019611985850318e-01 4.643133633130773763e-01
-6.515770439215531340e-01 4.617287141147622953e-01
-6.534470612042087012e-01 4.591270850848703233e-01
-6.553118807780103916e-01 4.565084830332856169e-01
-6.571713698342593890e-01 4.538729142989221810e-01
-6.590253950049616005e-01 4.512203847669709056e-01
-6.608738223432450987e-01 4.485508998866389874e-01
-6.627165173033290335e-01 4.458644646894110997e-01
-6.645533447200624444e-01 4.431610838078190451e-01
-6.663841687880314169e-01 4.404407614947444261e-01
-6.682088530402463533e-01 4.377035016432543890e-01
-6.700272603264094684e-01 4.349493078069850416e-01
-6.718392527907772749e-01 4.321781832210745966e-01
-6.736446918496103997e-01 4.293901308236700576e-01
-6.754434381682312694e-01 4.265851532779968425e-01
-6.772353516376780069e-01 4.237632529950267068e-01
-6.790202913509724159e-01 4.209244321567334746e-01
-6.807981155789974981e-01 4.180686927399610564e-01
-6.825686817459909461e-01 4.151960365409100850e-01
-6.843318464046590499e-01 4.123064652002556008e-01
-6.860874652109093530e-01 4.093999802289132184e-01
-6.878353928982092746e-01 4.064765830344606590e-01
-6.895754832515701427e-01 4.035362749482305778e-01
-6.913075890811566371e-01 4.005790572530933957e-01
-6.930315621955274175e-01 3.976049312119345203e-01
-6.947472533745031598e-01 3.946138980968518783e-01
-6.964545123416641115e-01 3.916059592190833105e-01
-6.981531877364758332e-01 3.885811159596830322e-01
-6.998431270860450137e-01 3.855393698009617065e-01
-7.015241767765028058e-01 3.824807223587063376e-01
-7.031961820240107963e-01 3.794051754152104605e-01
-7.048589868453949414e-01 3.763127309531109077e-01
-7.065124340284014703e-01 3.732033911900669576e-01
-7.081563651015645444e-01 3.700771586143090097e-01
-7.097906203036991046e-01 3.669340360210510132e-01
-7.114150385529969256e-01 3.637740265498154435e-01
-7.130294574157327592e-01 3.605971337226801521e-01
-7.146337130745727961e-01 3.574033614834719041e-01
-7.162276402964811162e-01 3.541927142379269755e-01
-7.178110724002111365e-01 3.509651968948596656e-01
-7.193838412233888313e-01 3.477208149083401700e-01
-7.209457770891669615e-01 3.444595743209308836e-01
-7.224967087724520898e-01 3.411814818079954570e-01
-7.240364634656925036e-01 3.378865447231141905e-01
-7.255648667442180511e-01 3.345747711446339090e-01
-7.270817425311228988e-01 3.312461699233887336e-01
-7.285869130616823286e-01 3.279007507316137326e-01
-7.300801988472935822e-01 3.245385241130896992e-01
-7.315614186389257645e-01 3.211595015345583004e-01
-7.330303893900702583e-01 3.177636954384349677e-01
-7.344869262191784376e-01 3.143511192968606038e-01
-7.359308423715754666e-01 3.109217876671246938e-01
-7.373619491808314219e-01 3.074757162485096673e-01
-7.387800560295791907e-01 3.040129219405887095e-01
-7.401849703097629352e-01 3.005334229030207083e-01
-7.415764973823008033e-01 2.970372386168887990e-01
-7.429544405361477866e-01 2.935243899476215335e-01
-7.443186009467367414e-01 2.899948992095511269e-01
-7.456687776337814766e-01 2.864487902321579682e-01
-7.470047674184265851e-01 2.828860884280369747e-01
-7.483263648797180423e-01 2.793068208626602877e-01
-7.496333623103800248e-01 2.757110163259673952e-01
-7.509255496718719725e-01 2.720987054058588428e-01
-7.522027145487089062e-01 2.684699205636323915e-01
-7.534646421020179119e-01 2.648246962114359504e-01
-7.547111150223082543e-01 2.611630687917960159e-01
-7.559419134814350238e-01 2.574850768592709671e-01
-7.571568150837240108e-01 2.537907611643241412e-01
-7.583555948162390425e-01 2.500801647394514937e-01
-7.595380249981610321e-01 2.463533329876620992e-01
-7.607038752292510919e-01 2.426103137733734705e-01
-7.618529123373734002e-01 2.388511575157920563e-01
-7.629849003250459560e-01 2.350759172848657375e-01
-7.640996003149886917e-01 2.312846488998896166e-01
-7.651967704946431859e-01 2.274774110308437902e-01
-7.662761660596277835e-01 2.236542653025520577e-01
-7.673375391561014780e-01 2.198152764017473615e-01
-7.683806388220004724e-01 2.159605121871500666e-01
-7.694052109271176665e-01 2.120900438026337709e-01
-7.704109981119897643e-01 2.082039457935983828e-01
-7.713977397255614710e-01 2.043022962266337617e-01
-7.723651717615888090e-01 2.003851768125978206e-01
-7.733130267937511348e-01 1.964526730332011029e-01
-7.742410339094353278e-01 1.925048742712221761e-01
-7.751489186421580690e-01 1.885418739444667535e-01
-7.760364029025923482e-01 1.845637696435865338e-01
-7.769032049081636693e-01 1.805706632738831308e-01
-7.777490391111796519e-01 1.765626612012322072e-01
-7.785736161254637189e-01 1.725398744022446640e-01
-7.793766426514561196e-01 1.685024186188115725e-01
-7.801578213997496514e-01 1.644504145171671039e-01
-7.809168510130302110e-01 1.603839878516203354e-01
-7.816534259863916478e-01 1.563032696330901861e-01
-7.823672365859943856e-01 1.522083963026040210e-01
-7.830579687660408350e-01 1.480995099099197965e-01
-7.837253040840409524e-01 1.439767582974255666e-01
-7.843689196143462938e-01 1.398402952894806650e-01
-7.849884878599286964e-01 1.356902808873754196e-01
-7.855836766623871537e-01 1.315268814700712718e-01
-7.861541491101655676e-01 1.273502700009100652e-01
-7.866995634449703845e-01 1.231606262404698754e-01
-7.872195729663807873e-01 1.189581369657500554e-01
-7.877138259346450067e-01 1.147429961958854605e-01
-7.881819654716661905e-01 1.105154054245750112e-01
-7.886236294601842722e-01 1.062755738594291233e-01
-7.890384504411632749e-01 1.020237186684292557e-01
-7.894260555094063658e-01 9.776006523372166024e-02
-7.897860662074209781e-01 9.348484741293931755e-02
-7.901180984175688593e-01 8.919830780826829009e-02
-7.904217622525441245e-01 8.490069804347802340e-02
-7.906966619442257205e-01 8.059227904912968921e-02
-7.909423957309704711e-01 7.627332135618403175e-02
-7.911585557434117622e-01 7.194410539822836126e-02
-7.913447278888532388e-01 6.760492182254435045e-02
-7.915004917343465562e-01 6.325607181024053838e-02
-7.916254203885650931e-01 5.889786740567877488e-02
-7.917190803825946421e-01 5.453063185540771990e-02
-7.917810315497788576e-01 5.015469995682812765e-02
-7.918108269047761105e-01 4.577041841680715151e-02
-7.918080125219931764e-01 4.137814622045854485e-02
-7.917721274135924858e-01 3.697825501030269774e-02
-7.917027034072767755e-01 3.257112947599319352e-02
-7.915992650240848416e-01 2.815716775483979861e-02
-7.914613293564469743e-01 2.373678184327949331e-02
-7.912884059467784059e-01 1.931039801950812373e-02
-7.910799966669066485e-01 1.487845727741422125e-02
-7.908355955986594577e-01 1.044141577198848952e-02
-7.905546889159646984e-01 5.999745276333276478e-03
-7.902367547688391447e-01 1.553933650399325073e-03
-7.898812631696758846e-01 -2.895514678447529133e-03
-7.894876758822686469e-01 -7.348078222965417905e-03
-7.890554463140417862e-01 -1.180321793160888505e-02
-7.885840194119868585e-01 -1.626037667213274529e-02
-7.880728315628413583e-01 -2.071897870321901675e-02
-7.875213104980784973e-01 -2.517842913418184142e-02
-7.869288752043117618e-01 -2.963811337282128144e-02
-7.862949358397522959e-01 -3.409739656156541426e-02
-7.856188936573946791e-01 -3.855562300205821191e-02
-7.849001409356424208e-01 -4.301211556842697570e-02
-7.841380609171229032e-01 -4.746617510949655699e-02
-7.833320277564735923e-01 -5.191707984029613615e-02
-7.824814064779211931e-01 -5.636408472326678853e-02
-7.815855529435127291e-01 -6.080642083962976147e-02
-7.806438138328861687e-01 -6.524329475148697710e-02
-7.796555266355111868e-01 -6.967388785526454353e-02
-7.786200196563555220e-01 -7.409735572724202024e-02
-7.775366120359672450e-01 -7.851282746196693030e-02
-7.764046137859943464e-01 -8.291940500447808615e-02
-7.752233258411844741e-01 -8.731616247735862757e-02
-7.739920401289367424e-01 -9.170214550374901352e-02
-7.727100396574948515e-01 -9.607637052758934149e-02
-7.713765986238890759e-01 -1.004378241324570264e-01
-7.699909825427505572e-01 -1.047854623605224411e-01
-7.685524483971220011e-01 -1.091182100332824256e-01
-7.670602448124019812e-01 -1.134349600758656484e-01
-7.655136122545511679e-01 -1.177345728468665309e-01
-7.639117832536823638e-01 -1.220158754758225994e-01
-7.622539826541450125e-01 -1.262776612106076002e-01
-7.605394278921846496e-01 -1.305186887771957460e-01
-7.587673293022387799e-01 -1.347376817544191085e-01
-7.569368904528894770e-01 -1.389333279665082577e-01
-7.550473085134425943e-01 -1.431042788964244916e-01
-7.530977746520549632e-01 -1.472491491231414096e-01
-7.510874744662716651e-01 -1.513665157862445765e-01
-7.490155884467470937e-01 -1.554549180814079334e-01
-7.468812924748574611e-01 -1.595128567904924577e-01
-7.446837583548142625e-01 -1.635387938502022576e-01
-7.424221543807709711e-01 -1.675311519634418989e-01
-7.400956459393311926e-01 -1.714883142576800745e-01
-7.377033961477114099e-01 -1.754086239948313697e-01
-7.352445665276985398e-01 -1.792903843373357398e-01
-7.327183177153864246e-01 -1.831318581752943431e-01
-7.301238102065339408e-01 -1.869312680196709153e-01
-7.274602051372036637e-01 -1.906867959667400969e-01
-7.247266650991880388e-01 -1.943965837390984053e-01
-7.219223549895388281e-01 -1.980587328086666488e-01
-7.190464428933259766e-01 -2.016713046072548532e-01
-7.160981009985603052e-01 -2.052323208303321045e-01
-7.130765065420122673e-01 -2.087397638397297528e-01
-7.099808427844549463e-01 -2.121915771710606302e-01
-7.068103000136493064e-01 -2.155856661516598050e-01
-7.035640765731784319e-01 -2.189198986348776521e-01
-7.002413799150302154e-01 -2.221921058565095863e-01
-6.968414276736210056e-01 -2.254000834191107749e-01
-6.933634487587408968e-01 -2.285415924098588292e-01
-6.898066844647183782e-01 -2.316143606575026270e-01
-6.861703895928844554e-01 -2.346160841338040814e-01
-6.824538335842731396e-01 -2.375444285046550141e-01
-6.786563016592968012e-01 -2.403970308358610031e-01
-6.747770959609977748e-01 -2.431715014582948864e-01
-6.708155366983460377e-01 -2.458654259968081068e-01
-6.667709632859306623e-01 -2.484763675669543481e-01
-6.626427354763171351e-01 -2.510018691431584736e-01
-6.584302344812700269e-01 -2.534394561015395619e-01
-6.541328640780035286e-01 -2.557866389401005081e-01
-6.497500516966412398e-01 -2.580409161784539274e-01
-6.452812494850637126e-01 -2.601997774386960449e-01
-6.407259353474314967e-01 -2.622607067083778665e-01
-6.360836139527414890e-01 -2.642211857858848267e-01
-6.313538177099440318e-01 -2.660786979077940373e-01
-6.265361077063346107e-01 -2.678307315570200298e-01
-6.216300746061600435e-01 -2.694747844497601408e-01
-6.166353395066607179e-01 -2.710083676983927603e-01
-6.115515547491010562e-01 -2.724290101466091407e-01
-6.063784046826901086e-01 -2.737342628721158855e-01
-6.011156063797251647e-01 -2.749217038513110944e-01
-5.957629103007402449e-01 -2.759889427793165706e-01
-5.903201009089389384e-01 -2.769336260377644465e-01
-5.847869972337211841e-01 -2.777534418016684992e-01
-5.791634533837038967e-01 -2.784461252756601501e-01
-5.734493590102331950e-01 -2.790094640487844613e-01
-5.676446397230103802e-01 -2.794413035559665803e-01
-5.617492574601308242e-01 -2.797395526331549198e-01
-5.557632108154935136e-01 -2.799021891520610539e-01
-5.496865353272240018e-01 -2.799272657193015990e-01
-5.435193037314500764e-01 -2.798129154236863037e-01
-5.372616261864258114e-01 -2.795573576143084438e-01
-5.309136504726814643e-01 -2.791589036910575583e-01
-5.244755621754991770e-01 -2.786159628881500483e-01
-5.179475848566216234e-01 -2.779270480302834523e-01
-5.113299802226459745e-01 -2.770907812400895676e-01
-5.046230482980382792e-01 -2.761058995746508149e-01
-4.978271276111542187e-01 -2.749712605680078026e-01
-4.909425954019381866e-01 -2.736858476558048925e-01
-4.839698678602543658e-01 -2.722487754575094732e-01
-4.769094004039172718e-01 -2.706592948909944396e-01
-4.697616880054866773e-01 -2.689167980937298696e-01
-4.625272655767854735e-01 -2.670208231243488828e-01
-4.552067084198140878e-01 -2.649710584179881812e-01
-4.478006327523221808e-01 -2.627673469685298802e-01
-4.403096963156973298e-01 -2.604096902107098099e-01
-4.327345990720606883e-01 -2.578982515750028459e-01
-4.250760839965223581e-01 -2.552333596882721545e-01
-4.173349379693988004e-01 -2.524155111933613638e-01
-4.095119927718586239e-01 -2.494453731611269987e-01
-4.016081261869421382e-01 -2.463237850688741459e-01
-3.936242632061487390e-01 -2.430517603197440146e-01
-3.855613773398693933e-01 -2.396304872783329154e-01
-3.774204920278021458e-01 -2.360613297987029791e-01
-3.692026821431600991e-01 -2.323458272219455500e-01
-3.609090755819869822e-01 -2.284856938216212607e-01
-3.525408549261918600e-01 -2.244828176766885952e-01
-3.440992591660900213e-01 -2.203392589529623025e-01
-3.355855854652084469e-01 -2.160572475757095989e-01
-3.270011909470390554e-01 -2.116391802776879383e-01
-3.183474944801627515e-01 -2.070876170087482537e-01
-3.096259784349022492e-01 -2.024052766950839854e-01
-3.008381903813262537e-01 -1.975950323382782703e-01
-2.919857446951302782e-01 -1.926599054465174543e-01
-2.830703240346680305e-01 -1.876030597926853227e-01
-2.740936806493456390e-01 -1.824277944965626563e-01
-2.650576374767104615e-01 -1.771375364310571188e-01
-2.559640889830726573e-01 -1.717358319553118351e-01
-2.468150017005076025e-01 -1.662263379807802643e-01
-2.376124144117044423e-01 -1.606128123799609453e-01
-2.283584379337222081e-01 -1.548991037516133096e-01
-2.190552544524030365e-01 -1.490891405610771658e-01
-2.097051163614243041e-01 -1.431869196799801514e-01
-2.003103445640353475e-01 -1.371964943563977191e-01
-1.908733262020062271e-01 -1.311219616547517064e-01
-1.813965117855397824e-01 -1.249674494146668646e-01
-1.718824117105971216e-01 -1.187371027900855358e-01
-1.623335921666674841e-01 -1.124350704444834204e-01
-1.527526704589539930e-01 -1.060654904953316491e-01
-1.431423097946202538e-01 -9.963247632122845809e-02
-1.335052136130999989e-01 -9.314010236832787060e-02
-1.238441195750677182e-01 -8.659239011840785816e-02
-1.141617933625076742e-01 -7.999329440837171790e-02
-1.044610224814043198e-01 -7.334669031859497590e-02
-9.474461029608211016e-02 -6.665636087313814295e-02
-8.501537055626962047e-02 -5.992598581546909609e-02
-7.527612269965419656e-02 -5.315913173522807122e-02
-6.552968821867610760e-02 -4.635924382062672766e-02
-5.577888836523070548e-02 -3.952963949321930404e-02
-4.602654342650364105e-02 -3.267350414368208611e-02
-3.627547373705483635e-02 -2.579388912714353221e-02
-2.652850249754895584e-02 -1.889371209524903783e-02
-1.678846035412473459e-02 -1.197575964328745357e-02
-7.058191563526022838e-03 -5.042692141370652692e-03
2.659438559594134999e-03 1.902949491401406679e-03
1.236153533083939049e-02 8.858735410393614451e-03
2.204516602260664371e-02 1.582233728495902048e-02
3.170735137744087884e-02 2.279151801983458903e-02
4.134505785646902520e-02 2.976412123584809555e-02
5.095519112566099240e-02 3.673806096297788093e-02
6.053459119834356250e-02 4.371131194274391341e-02
7.008002954042197308e-02 5.068190085725482463e-02
7.958820831891388892e-02 5.764789870927616855e-02
8.905576184845659382e-02 6.460741448194179393e-02
9.847926017611877136e-02 7.155859011739806874e-02
1.078552146505169229e-01 7.849959677758999721e-02
1.171800852513243674e-01 8.542863229145869486e-02
1.264502894106298847e-01 9.234391965227817245e-02
1.356622120362583062e-01 9.924370640569440960e-02
1.448122164453686245e-01 1.061262647608519627e-01
1.538966559296937597e-01 1.129898922605078737e-01
1.629118856970563078e-01 1.198329128579494474e-01
1.718542749630684041e-01 1.266536782657103899e-01
1.807202189987173746e-01 1.334505694608711102e-01
1.895061509713778791e-01 1.402219982522290853e-01
1.982085534468108201e-01 1.469664088342854114e-01
2.068239694469344303e-01 1.536822792710005325e-01
2.153490129820414545e-01 1.603681228680886028e-01
2.237803789965571444e-01 1.670224894060457488e-01
2.321148526845541182e-01 1.736439662172000464e-01
2.403493181453484895e-01 1.802311790989533091e-01
2.484807663609623074e-01 1.867827930623079113e-01
2.565063024864631669e-01 1.932975129199879516e-01
2.644231524515539000e-01 1.997740837222592991e-01
2.722286688776155428e-01 2.062112910511448294e-01
2.799203363190365668e-01 2.126079611853651796e-01
2.874957758413034803e-01 2.189629611492288630e-01
2.949527489512334677e-01 2.252751986589686950e-01
3.022891608970187383e-01 2.315436219798666373e-01
3.095030633576074663e-01 2.377672197070069549e-01
3.165926565424094230e-01 2.439450204817474599e-01
3.235562907235164931e-01 2.500760926551020003e-01
3.303924672236022708e-01 2.561595439082275383e-01
3.370998388834304249e-01 2.621945208391107118e-01
3.436772100335475644e-01 2.681802085235044375e-01
3.501235359952058479e-01 2.741158300570517570e-01
3.564379221359574301e-01 2.800006460845227974e-01
3.626196225055968170e-01 2.858339543210694500e-01
3.686680380783141087e-01 2.916150890694894637e-01
3.745827146269667951e-01 2.973434207366112969e-01
3.803633402553477372e-01 3.030183553511253680e-01
3.860097426142147237e-01 3.086393340844777455e-01
3.915218858266295010e-01 3.142058327758038838e-01
3.968998671478546347e-01 3.197173614613272319e-01
4.021439133846971270e-01 3.251734639081625966e-01
4.072543770987213096e-01 3.305737171520756190e-01
4.122317326172331153e-01 3.359177310384036108e-01
4.170765718753422502e-01 3.412051477650834275e-01
4.217896001117571458e-01 3.464356414265377659e-01
4.263716314402353214e-01 3.516089175570264458e-01
4.308235843178634950e-01 3.567247126719604866e-01
4.351464769305128932e-01 3.617827938056742410e-01
4.393414225149562258e-01 3.667829580441298032e-01
4.434096246362528859e-01 3.717250320510538941e-01
4.473523724380834565e-01 3.766088715861303782e-01
4.511710358827624168e-01 3.814343610139160901e-01
4.548670609967137568e-01 3.862014128023152360e-01
4.584419651362134918e-01 3.909099670095740886e-01
4.618973322872305665e-01 3.955599907589125164e-01
4.652348084122125416e-01 4.001514777000964029e-01
4.684560968557055505e-01 4.046844474574090023e-01
4.715629538197211867e-01 4.091589450636681780e-01
4.745571839188189589e-01 4.135750403801272679e-01
4.774406358239450254e-01 4.179328275022475836e-01
4.802151980031489353e-01 4.222324241515346133e-01
4.828827945664255772e-01 4.264739710537729933e-01
4.854453812210608454e-01 4.306576313041562409e-01
4.879049413430390780e-01 4.347835897199670008e-01
4.902634821692727352e-01 4.388520521815770237e-01
4.925230311146479023e-01 4.428632449626910272e-01
4.946856322171606646e-01 4.468174140508272552e-01
4.967533427137263979e-01 4.507148244591645536e-01
4.987282297485894911e-01 4.545557595309436816e-01
5.006123672156523874e-01 4.583405202376921173e-01
5.024078327354658535e-01 4.620694244725966349e-01
5.041167047670821466e-01 4.657428063403754037e-01
5.057410598544817004e-01 4.693610154450664762e-01
5.072829700068169911e-01 4.729244161771270494e-01
5.087445002112981340e-01 4.764333870012689154e-01
5.101277060771612915e-01 4.798883197464428041e-01
5.114346316088036470e-01 4.832896188993729969e-01
5.126673071058562847e-01 4.866377009030111722e-01
5.138277471876958602e-01 4.899329934612479120e-01
5.149179489396240594e-01 4.931759348511805530e-01
5.159398901777445534e-01 4.963669732441893245e-01
5.168955278293756450e-01 4.995065660370077709e-01
5.177867964256648303e-01 5.025951791939244906e-01
5.186156067029579209e-01 5.056332866011785665e-01
5.193838443093415913e-01 5.086213694345588232e-01
5.200933686127251487e-01 5.115599155411075794e-01
5.207460116067317291e-01 5.144494188358105236e-01
5.213435769106586903e-01 5.172903787140132881e-01
5.218878388597182338e-01 5.200832994802861986e-01
5.223805416817877134e-01 5.228286897943394962e-01
5.228233987568913221e-01 5.255270621345282667e-01
5.232180919556808085e-01 5.281789322794061547e-01
5.235662710532035247e-01 5.307848188077175511e-01
5.238695532143186062e-01 5.333452426171165772e-01
5.241295225471724883e-01 5.358607264618583388e-01
5.243477297212184585e-01 5.383317945096139923e-01
5.245256916463618690e-01 5.407589719174930032e-01
5.246648912098855755e-01 5.431427844272893601e-01
5.247667770679098620e-01 5.454837579799163283e-01
5.248327634882579140e-01 5.477824183488990695e-01
5.248642302416790528e-01 5.500392907927720287e-01
5.248625225385147308e-01 5.522548997261407244e-01
5.248289510079953146e-01 5.544297684091279432e-01
5.247647917174632637e-01 5.565644186548787120e-01
5.246712862289525381e-01 5.586593705547300281e-01
5.245496416906533232e-01 5.607151422206346769e-01
5.244010309609181686e-01 5.627322495443604078e-01
5.242265927625819888e-01 5.647112059729668676e-01
5.240274318654708496e-01 5.666525223000256073e-01
5.238046192951124613e-01 5.685567064720031816e-01
5.235591925657470114e-01 5.704242634092160369e-01
5.232921559358618691e-01 5.722556948407371280e-01
5.230044806845763894e-01 5.740514991526035615e-01
5.226971054073105138e-01 5.758121712486627963e-01
5.223709363292590169e-01 5.775382024233821632e-01
5.220268476353056020e-01 5.792300802459264819e-01
5.216656818150950947e-01 5.808882884548003389e-01
5.212882500220684667e-01 5.825133068623513655e-01
5.208953324453614586e-01 5.841056112684140933e-01
5.204876786935378474e-01 5.856656733823799588e-01
5.200660081892057862e-01 5.871939607529867988e-01
5.196310105736468010e-01 5.886909367051036401e-01
5.191833461206469824e-01 5.901570602828110079e-01
5.187236461587787506e-01 5.915927861980833091e-01
5.182525135014546258e-01 5.929985647843767360e-01
5.177705228841207319e-01 5.943748419544534478e-01
5.172782214080002827e-01 5.957220591617803374e-01
5.167761289898606947e-01 5.970406533648585645e-01
5.162647388173069452e-01 5.983310569938566914e-01
5.157445178091473181e-01 5.995936979189435689e-01
5.152159070804054330e-01 6.008289994197384409e-01
5.146793224115937537e-01 6.020373801553147164e-01
5.141351547218727669e-01 6.032192541342340508e-01
5.135837705457733104e-01 6.043750306840793840e-01
5.130255125131335525e-01 6.055051144200342961e-01
5.124606998319664042e-01 6.066099052120361712e-01
5.118896287739514994e-01 6.076897981500903878e-01
5.113125731622785164e-01 6.087451835073504069e-01
5.107297848615641733e-01 6.097764467006006051e-01
5.101414942695703392e-01 6.107839682478252152e-01
5.095479108104740140e-01 6.117681237225465196e-01
5.089492234294109574e-01 6.127292837046869334e-01
5.083456010880371689e-01 6.136678137277146172e-01
5.077371932608496508e-01 6.145840742218722230e-01
5.071241304319923371e-01 6.154784204533250147e-01
5.065065245922837356e-01 6.163512024590920291e-01
5.058844697361845055e-01 6.172027649776598013e-01
5.052580423584347447e-01 6.180334473751996072e-01
5.046273019500668866e-01 6.188435835673529173e-01
5.039922914935105469e-01 6.196335019365657448e-01
5.033530379564890023e-01 6.204035252449888738e-01
5.027095527843981060e-01 6.211539705429927061e-01
5.020618323908765390e-01 6.218851490733483534e-01
5.014098586462351070e-01 6.225973661711846630e-01
5.007535993634378846e-01 6.232909211598267607e-01
5.000930087813171276e-01 6.239661072426512245e-01
4.994280280446852238e-01 6.246232113911242001e-01
4.987585856810303753e-01 6.252625142291878824e-01
4.980845980734611156e-01 6.258842899141925376e-01
4.974059699295815817e-01 6.264888060145770154e-01
4.967225947459604773e-01 6.270763233845235707e-01
4.960343552678813106e-01 6.276470960358144779e-01
4.953411239440549396e-01 6.282013710071301382e-01
4.946427633759790110e-01 6.287393882310422510e-01
4.939391267616364267e-01 6.292613803989580701e-01
4.932300583332387411e-01 6.297675728242753124e-01
4.925153937887261080e-01 6.302581833040095116e-01
4.917949607167427795e-01 6.307334219791647101e-01
4.910685790148212604e-01 6.311934911941121662e-01
4.903360613005228741e-01 6.316385853552426433e-01
4.895972133153003725e-01 6.320688907891516273e-01
4.888518343208447803e-01 6.324845856006268141e-01
4.880997174877232947e-01 6.328858395306826701e-01
4.873406502761055137e-01 6.332728138148988606e-01
4.865744148084124587e-01 6.336456610423017999e-01
4.858007882337243566e-01 6.340045250150294631e-01
4.850195430838212807e-01 6.343495406090029487e-01
4.842304476207293096e-01 6.346808336358296110e-01
4.834332661756812755e-01 6.349985207061472625e-01
4.826277594794162185e-01 6.353027090946073985e-01
4.818136849837553748e-01 6.355934966066967284e-01
4.809907971744250554e-01 6.358709714475729857e-01
4.801588478751057654e-01 6.361352120930932053e-01
4.793175865427208304e-01 6.363862871631900120e-01
4.784667605539698054e-01 6.366242552977641189e-01
4.776061154831784394e-01 6.368491650352166022e-01
4.767353953715068871e-01 6.370610546937742757e-01
4.758543429876084252e-01 6.372599522557240714e-01
4.749627000798407050e-01 6.374458752546749984e-01
4.740602076201436144e-01 6.376188306659607008e-01
4.731466060397229723e-01 6.377788148002825341e-01
4.722216354566904362e-01 6.379258132006870863e-01
4.712850358958291519e-01 6.380598005429678476e-01
4.703365475006640040e-01 6.381807405395748534e-01
4.693759107380338635e-01 6.382885858471084584e-01
4.684028665953757775e-01 6.383832779774700761e-01
4.674171567709367592e-01 6.384647472127421564e-01
4.664185238571466607e-01 6.385329125238604631e-01
4.654067115173941005e-01 6.385876814931439327e-01
4.643814646564494719e-01 6.386289502407468399e-01
4.633425295847947711e-01 6.386566033550894472e-01
4.622896541771267520e-01 6.386705138273324200e-01
4.612225880252929233e-01 6.386705429899561803e-01
4.601410825859422737e-01 6.386565404595045958e-01
4.590448913231609529e-01 6.386283440835636149e-01
4.579337698463763484e-01 6.385857798920331341e-01
4.568074760438058934e-01 6.385286620527699242e-01
4.556657702117341557e-01 6.384567928316711161e-01
4.545084151798943206e-01 6.383699625572754055e-01
4.533351764332412825e-01 6.382679495899645783e-01
4.521458222303749164e-01 6.381505202958599465e-01
4.509401237189091249e-01 6.380174290254914116e-01
4.497178550480377401e-01 6.378684180973557272e-01
4.484787934785625096e-01 6.377032177864617735e-01
4.472227194906559511e-01 6.375215463179728648e-01
4.459494168895870025e-01 6.373231098660752103e-01
4.446586729096753121e-01 6.371076025581933200e-01
4.433502783166939354e-01 6.368747064846912442e-01
4.420240275089589721e-01 6.366240917142046429e-01
4.406797186173157521e-01 6.363554163147537857e-01
4.393171536042352332e-01 6.360683263807997978e-01
4.379361383622154547e-01 6.357624560664141278e-01
4.365364828116803375e-01 6.354374276247356512e-01
4.351180009985419206e-01 6.350928514539091463e-01
4.336805111915969513e-01 6.347283261496921014e-01
4.322238359799054352e-01 6.343434385649417973e-01
4.307478023702965841e-01 6.339377638761874989e-01
4.292522418851116850e-01 6.335108656575162422e-01
4.277369906603148419e-01 6.330622959619960355e-01
4.262018895440553012e-01 6.325915954108743966e-01
4.246467841957721756e-01 6.320982932907989182e-01
4.230715251859126225e-01 6.315819076593082171e-01
4.214759680963057198e-01 6.310419454588588328e-01
4.198599736212550448e-01 6.304779026396436503e-01
4.182234076693515101e-01 6.298892642914843965e-01
4.165661414660294937e-01 6.292755047850689953e-01
4.148880516568620447e-01 6.286360879228167775e-01
4.131890204115690746e-01 6.279704670996597571e-01
4.114689355287011185e-01 6.272780854740327428e-01
4.097276905409588665e-01 6.265583761493620507e-01
4.079651848210639198e-01 6.258107623663524688e-01
4.061813236881149369e-01 6.250346577063685682e-01
4.043760185143209784e-01 6.242294663062116777e-01
4.025491868320072997e-01 6.233945830845879499e-01
4.007007524407504850e-01 6.225293939805685017e-01
3.988306455145210760e-01 6.216332762043363935e-01
3.969388027086563908e-01 6.207055985005106580e-01
3.950251672664981117e-01 6.197457214243424772e-01
3.930896891255094006e-01 6.187529976310606195e-01
3.911323250226703685e-01 6.177267721786454668e-01
3.891530385989269147e-01 6.166663828443033069e-01
3.871518005024782161e-01 6.155711604549003457e-01
3.851285884906507917e-01 6.144404292316072436e-01
3.830833875301106195e-01 6.132735071489929801e-01
3.810161898951480719e-01 6.120697063087949807e-01
3.789269952637504546e-01 6.108283333285808858e-01
3.768158108111834270e-01 6.095486897454927000e-01
3.746826513007829873e-01 6.082300724352602828e-01
3.725275391716374451e-01 6.068717740466378352e-01
3.703505046228642295e-01 6.054730834514117088e-01
3.681515856941378617e-01 6.040332862100932232e-01
3.659308283421502939e-01 6.025516650533954133e-01
3.636882865126681574e-01 6.010275003795652049e-01
3.614240222078353715e-01 5.994600707676130957e-01
3.591381055483865992e-01 5.978486535064613250e-01
3.568306148304173919e-01 5.961925251399957659e-01
3.545016365763665189e-01 5.944909620279760221e-01
3.521512655798548219e-01 5.927432409227311183e-01
3.497796049440411448e-01 5.909486395615254350e-01
3.473867661131416207e-01 5.891064372744517774e-01
3.449728688967684254e-01 5.872159156076663944e-01
3.425380414867662537e-01 5.852763589617389073e-01
3.400824204661901939e-01 5.832870552448610191e-01
3.376061508101277364e-01 5.812472965406014769e-01
3.351093858780414547e-01 5.791563797898628962e-01
3.325922873973239380e-01 5.770136074866479836e-01
3.300550254377955794e-01 5.748182883871943982e-01
3.274977783768498463e-01 5.725697382319933082e-01
3.249207328550028362e-01 5.702672804801600659e-01
3.223240837216069243e-01 5.679102470555739135e-01
3.197080339704988505e-01 5.654979791041562232e-01
3.170727946653895124e-01 5.630298277616020419e-01
3.144185848548210482e-01 5.605051549308331937e-01
3.117456314765326142e-01 5.579233340683890097e-01
3.090541692511138971e-01 5.552837509789114723e-01
3.063444405648463320e-01 5.525858046168424798e-01
3.036166953416531422e-01 5.498289078943795483e-01
3.008711909041368870e-01 5.470124884947042965e-01
2.981081918236774264e-01 5.441359896894258918e-01
2.953279697596234432e-01 5.411988711591397827e-01
2.925308032876342001e-01 5.382006098159528573e-01
2.897169777172681204e-01 5.351407006267590027e-01
2.868867848989389291e-01 5.320186574360158405e-01
2.840405230204077203e-01 5.288340137867109103e-01
2.811784963930221704e-01 5.255863237381597219e-01
2.783010152279292160e-01 5.222751626792316859e-01
2.754083954025426384e-01 5.189001281355474227e-01
2.725009582175909051e-01 5.154608405691555317e-01
2.695790301450864956e-01 5.119569441691348421e-01
2.666429425676123954e-01 5.083881076315488468e-01
2.636930315093543031e-01 5.047540249271127433e-01
2.607296373593423477e-01 5.010544160549189607e-01
2.577531045874014715e-01 4.972890277805115944e-01
2.547637814533469935e-01 4.934576343565736933e-01
2.517620197099829094e-01 4.895600382244577053e-01
2.487481743005137136e-01 4.855960706947605732e-01
2.457226030509857273e-01 4.815655926051110036e-01
2.426856663584113782e-01 4.774684949533188894e-01
2.396377268752684919e-01 4.733046995040097737e-01
2.365791491910515798e-01 4.690741593668411591e-01
2.335102995116160596e-01 4.647768595443946271e-01
2.304315453370318068e-01 4.604128174478034907e-01
2.273432551387088718e-01 4.559820833781780269e-01
2.242457980365405723e-01 4.514847409718711901e-01
2.211395434768236024e-01 4.469209076076168241e-01
2.180248609117293457e-01 4.422907347735809402e-01
2.149021194810701862e-01 4.375944083923434258e-01
2.117716876971158513e-01 4.328321491018372047e-01
2.086339331332055236e-01 4.280042124902764811e-01
2.054892221168676258e-01 4.231108892830891532e-01
2.023379194281545168e-01 4.181525054798960195e-01
1.991803880038575947e-01 4.131294224395624104e-01
1.960169886482554802e-01 4.080420369113715306e-01
1.928480797509960765e-01 4.028907810103680154e-01
1.896740170126763880e-01 3.976761221349227604e-01
1.864951531786460670e-01 3.923985628246024482e-01
1.833118377815061706e-01 3.870586405564084287e-01
1.801244168927116640e-01 3.816569274774844756e-01
1.769332328836499824e-01 3.761940300723925490e-01
1.737386241964805622e-01 3.706705887630737939e-01
1.705409251249834224e-01 3.650872774396327625e-01
1.673404656055668960e-01 3.594448029200771333e-01
1.641375710185501435e-01 3.537439043371962688e-01
1.609325619997375167e-01 3.479853524507550699e-01
1.577257542622512720e-01 3.421699488832161129e-01
1.545174584285109176e-01 3.362985252772375255e-01
1.513079798721829183e-01 3.303719423732131011e-01
1.480976185698713588e-01 3.243910890051875384e-01
