# x2 y2
7.999847692256685239e-01 3.490614199349574565e-03
7.999848119911169286e-01 3.485711065654439628e-03
7.999849399267369154e-01 3.471001651997864153e-03
7.999851519503523578e-01 3.446485920790586573e-03
7.999854462583345649e-01 3.412163809796224610e-03
7.999858203255993949e-01 3.368035232750567209e-03
7.999862709056035914e-01 3.314100080227855120e-03
7.999867940303392322e-01 3.250358220755297789e-03
7.999873850103274009e-01 3.176809502174480875e-03
7.999880384346100826e-01 3.093453753251020934e-03
7.999887481707406156e-01 3.000290785531739123e-03
7.999895073647723676e-01 2.897320395449001773e-03
7.999903084412448573e-01 2.784542366673754387e-03
7.999911431031689890e-01 2.661956472715459703e-03
7.999920023320086226e-01 2.529562479770106845e-03
7.999928763876607007e-01 2.387360149816030071e-03
7.999937548084312677e-01 2.235349243957540991e-03
7.999946264110089356e-01 2.073529526016383399e-03
7.999954792904355738e-01 1.901900766370842859e-03
7.999963008200714487e-01 1.720462746043591564e-03
7.999970776515581417e-01 1.529215261036321032e-03
7.999977957147759167e-01 1.328158126913140226e-03
7.999984402177955367e-01 1.117291183631866948e-03
7.999989956468260832e-01 8.966143006230596537e-04
7.999994457661565583e-01 6.661273821173416482e-04
7.999997736180904928e-01 4.258303727207914937e-04
7.999999615228750027e-01 1.757232632383347467e-04
7.999999910786215196e-01 -8.419390325535183294e-05
7.999998431612198591e-01 -3.539210250955181539e-04
7.999994979242434079e-01 -6.334579354605701478e-04
7.999989347988449850e-01 -9.228043955562224843e-04
7.999981324936447091e-01 -1.221960087551755359e-03
7.999970689946060975e-01 -1.530924607268755377e-03
7.999957215649029507e-01 -1.849697456621908660e-03
7.999940667447744680e-01 -2.178278035811407297e-03
7.999920803513673739e-01 -2.516665635268221235e-03
7.999897374785671644e-01 -2.864859427351231207e-03
7.999870124968144758e-01 -3.222858457797465621e-03
7.999838790529085752e-01 -3.590661636923979903e-03
7.999803100697944203e-01 -3.968267730583474942e-03
7.999762777463348407e-01 -4.355675350872001417e-03
7.999717535570676219e-01 -4.752882946590122198e-03
7.999667082519422712e-01 -5.159888793457436534e-03
7.999611118560413514e-01 -5.576690984080321170e-03
7.999549336692813872e-01 -6.003287417673642580e-03
7.999481422660943419e-01 -6.439675789536794190e-03
7.999407054950877782e-01 -6.885853580283311792e-03
7.999325904786842578e-01 -7.341818044826377808e-03
7.999237636127366491e-01 -7.807566201118047722e-03
7.999141905661205643e-01 -8.283094818645203236e-03
7.999038362803019275e-01 -8.768400406680877321e-03
7.998926649688786750e-01 -9.263479202291979853e-03
7.998806401170958091e-01 -9.768327158103665836e-03
7.998677244813316989e-01 -1.028293992982199159e-02
7.998538800885567346e-01 -1.080731286351402365e-02
7.998390682357603421e-01 -1.134144098264648799e-02
7.998232494893477984e-01 -1.188531897488434227e-02
7.998063836845037411e-01 -1.243894117864901595e-02
7.997884299245228146e-01 -1.300230156943756044e-02
7.997693465801039014e-01 -1.357539374590401894e-02
7.997490912886091596e-01 -1.415821091570219036e-02
7.997276209532859781e-01 -1.475074588109282284e-02
7.997048917424485204e-01 -1.535299102431509494e-02
7.996808590886195223e-01 -1.596493829272313536e-02
7.996554776876321213e-01 -1.658657918368941497e-02
7.996287014976855012e-01 -1.721790472927580556e-02
7.996004837383592356e-01 -1.785890548067343639e-02
7.995707768895792267e-01 -1.850957149241253333e-02
7.995395326905375688e-01 -1.916989230634440905e-02
7.995067021385626749e-01 -1.983985693539543765e-02
7.994722354879391091e-01 -2.051945384709615017e-02
7.994360822486752394e-01 -2.120867094688557580e-02
7.993981911852160449e-01 -2.190749556119384045e-02
7.993585103151021887e-01 -2.261591442030284199e-02
7.993169869075703593e-01 -2.333391364098930110e-02
7.992735674820946601e-01 -2.406147870894905297e-02
7.992281978068678239e-01 -2.479859446100687523e-02
7.991808228972191452e-01 -2.554524506711302809e-02
7.991313870139682418e-01 -2.630141401212782518e-02
7.990798336617126463e-01 -2.706708407739755878e-02
7.990261055870450102e-01 -2.784223732212365299e-02
7.989701447767032505e-01 -2.862685506452628675e-02
7.989118924556453116e-01 -2.942091786280689319e-02
7.988512890850500980e-01 -3.022440549591033296e-02
7.987882743602428004e-01 -3.103729694408977405e-02
7.987227872085399527e-01 -3.185957036927723057e-02
7.986547657870142203e-01 -3.269120309526243190e-02
7.985841474801751438e-01 -3.353217158768267286e-02
7.985108688975645075e-01 -3.438245143382635122e-02
7.984348658712641100e-01 -3.524201732225396705e-02
7.983560734533114989e-01 -3.611084302223863118e-02
7.982744259130243325e-01 -3.698890136303051301e-02
7.981898567342275985e-01 -3.787616421294758007e-02
7.981022986123846863e-01 -3.877260245829573099e-02
7.980116834516248758e-01 -3.967818598212351916e-02
7.979179423616695743e-01 -4.059288364281288253e-02
7.978210056546516382e-01 -4.151666325251098660e-02
7.977208028418244501e-01 -4.244949155540598401e-02
7.976172626301607504e-01 -4.339133420585195716e-02
7.975103129188347850e-01 -4.434215574634475104e-02
7.973998807955874346e-01 -4.530191958535478847e-02
7.972858925329701085e-01 -4.627058797501979598e-02
7.971682735844642931e-01 -4.724812198870229074e-02
7.970469485804735355e-01 -4.823448149841487453e-02
7.969218413241849763e-01 -4.922962515211975337e-02
7.967928747872967676e-01 -5.023351035090448807e-02
7.966599711056079336e-01 -5.124609322604037343e-02
7.965230515744673445e-01 -5.226732861592724155e-02
7.963820366440790277e-01 -5.329717004292895688e-02
7.962368459146578203e-01 -5.433556969010534116e-02
7.960873981314349201e-01 -5.538247837784385230e-02
7.959336111795074498e-01 -5.643784554039738693e-02
7.957754020785281490e-01 -5.750161920233202995e-02
7.956126869772333077e-01 -5.857374595489006630e-02
7.954453811478021663e-01 -5.965417093227326495e-02
7.952733989800471193e-01 -6.074283778785089655e-02
7.950966539754269480e-01 -6.183968867029888961e-02
7.949150587408821966e-01 -6.294466419967330306e-02
7.947285249824866948e-01 -6.405770344342516520e-02
7.945369634989118968e-01 -6.517874389236014143e-02
7.943402841746983745e-01 -6.630772143654954653e-02
7.941383959733324671e-01 -6.744457034119673289e-02
7.939312069301210917e-01 -6.858922322246506498e-02
7.937186241448619395e-01 -6.974161102327162964e-02
7.935005537743045068e-01 -7.090166298905217768e-02
7.932769010243958530e-01 -7.206930664350337523e-02
7.930475701423088664e-01 -7.324446776430555694e-02
7.928124644082463757e-01 -7.442707035883254496e-02
7.925714861270178879e-01 -7.561703663985300250e-02
7.923245366193825134e-01 -7.681428700122848452e-02
7.920715162131557463e-01 -7.801873999361257084e-02
7.918123242340737722e-01 -7.923031230015641080e-02
7.915468589964098634e-01 -8.044891871222549506e-02
7.912750177933406404e-01 -8.167447210513160971e-02
7.909966968870549842e-01 -8.290688341388564864e-02
7.907117914986020457e-01 -8.414606160897421250e-02
7.904201957974736903e-01 -8.539191367216629469e-02
7.901218028909156033e-01 -8.664434457235206666e-02
7.898165048129646149e-01 -8.790325724141971608e-02
7.895041925132035843e-01 -8.916855255017375192e-02
7.891847558452351752e-01 -9.044012928429741305e-02
7.888580835548635317e-01 -9.171788412036474547e-02
7.885240632679841877e-01 -9.300171160190441599e-02
7.881825814781762141e-01 -9.429150411551893984e-02
7.878335235339906095e-01 -9.558715186706294442e-02
7.874767736259344897e-01 -9.688854285788274512e-02
7.871122147731434149e-01 -9.819556286111996712e-02
7.867397288097395247e-01 -9.950809539808264104e-02
7.863591963708720378e-01 -1.008260217146851739e-01
7.859704968784355650e-01 -1.021492207579598188e-01
7.855735085264630158e-01 -1.034775691526413355e-01
7.851681082661907674e-01 -1.048109411778267164e-01
7.847541717907907666e-01 -1.061492087437118231e-01
7.843315735197694538e-01 -1.074922413684053363e-01
7.839001865830290683e-01 -1.088399061548220859e-01
7.834598828045890029e-01 -1.101920677676560545e-01
7.830105326859667647e-01 -1.115485884104336911e-01
7.825520053892141004e-01 -1.129093278026484515e-01
7.820841687196093961e-01 -1.142741431569765653e-01
7.816068891080039105e-01 -1.156428891565740719e-01
7.811200315928208404e-01 -1.170154179324548460e-01
7.806234598017067761e-01 -1.183915790409500457e-01
7.801170359328375437e-01 -1.197712194412474812e-01
7.796006207358754381e-01 -1.211541834730115591e-01
7.790740734925813982e-01 -1.225403128340822462e-01
7.785372519970823468e-01 -1.239294465582523874e-01
7.779900125357958052e-01 -1.253214209931233225e-01
7.774322098670134462e-01 -1.267160697780363443e-01
7.768636972001469188e-01 -1.281132238220807074e-01
7.762843261746408263e-01 -1.295127112821762572e-01
7.756939468385524172e-01 -1.309143575412299310e-01
7.750924076268090879e-01 -1.323179851863653944e-01
7.744795553391424781e-01 -1.337234139872254812e-01
7.738552351177092614e-01 -1.351304608743454927e-01
7.732192904244041820e-01 -1.365389399175988006e-01
7.725715630178717763e-01 -1.379486623047129212e-01
7.719118929302263288e-01 -1.393594363198575881e-01
7.712401184434860557e-01 -1.407710673223037667e-01
7.705560760657359509e-01 -1.421833577251554737e-01
7.698596005070243997e-01 -1.435961069741555907e-01
7.691505246550081054e-01 -1.450091115265669250e-01
7.684286795503574297e-01 -1.464221648301310130e-01
7.676938943619329159e-01 -1.478350573021079695e-01
7.669459963617488718e-01 -1.492475763084002982e-01
7.661848108997397766e-01 -1.506595061427660198e-01
7.654101613783413915e-01 -1.520706280061255022e-01
7.646218692269084460e-01 -1.534807199859682392e-01
7.638197538759832206e-01 -1.548895570358678475e-01
7.630036327314348998e-01 -1.562969109551117231e-01
7.621733211484904569e-01 -1.577025503684563179e-01
7.613286324056773857e-01 -1.591062407060175321e-01
7.604693776786998205e-01 -1.605077441833094865e-01
7.595953660142733543e-01 -1.619068197814432231e-01
7.587064043039404293e-01 -1.633032232275029305e-01
7.578022972578940530e-01 -1.646967069751128221e-01
7.568828473788349331e-01 -1.660870201852160943e-01
7.559478549358917832e-01 -1.674739087070843679e-01
7.549971179386326670e-01 -1.688571150595793435e-01
7.540304321111973573e-01 -1.702363784126917357e-01
7.530475908665852369e-01 -1.716114345693824927e-01
7.520483852811274961e-01 -1.729820159477548913e-01
7.510326040691825966e-01 -1.743478515635882853e-01
7.500000335580861988e-01 -1.757086670132659012e-01
7.489504576633952970e-01 -1.770641844571321788e-01
7.478836578644642019e-01 -1.784141226033181260e-01
7.467994131803911140e-01 -1.797581966920747676e-01
7.456975001463767017e-01 -1.810961184806579027e-01
7.445776927905380926e-01 -1.824275962288110509e-01
7.434397626112193569e-01 -1.837523346848958516e-01
7.422834785548456660e-01 -1.850700350727213228e-01
7.411086069943674248e-01 -1.863803950791283193e-01
7.399149117083410054e-01 -1.876831088423870364e-01
7.387021538606963755e-01 -1.889778669414697021e-01
7.374700919812416933e-01 -1.902643563862648490e-01
7.362184819469572705e-01 -1.915422606087988922e-01
7.349470769641324175e-01 -1.928112594555409509e-01
7.336556275514003467e-01 -1.940710291808633303e-01
7.323438815237265365e-01 -1.953212424417392901e-01
7.310115839774098401e-01 -1.965615682937597586e-01
7.296584772761546267e-01 -1.977916721885561724e-01
7.282843010382746840e-01 -1.990112159727201180e-01
7.268887921250923867e-01 -2.002198578883140345e-01
7.254716846305957478e-01 -2.014172525750699827e-01
7.240327098724177457e-01 -2.026030510743794810e-01
7.225715963842074263e-01 -2.037769008351801581e-01
7.210880699094579516e-01 -2.049384457218474953e-01
7.195818533968636466e-01 -2.060873260242062077e-01
7.180526669972748799e-01 -2.072231784697776136e-01
7.165002280623269382e-01 -2.083456362383844240e-01
7.149242511448129500e-01 -2.094543289792369645e-01
7.133244480008804622e-01 -2.105488828306295856e-01
7.117005275941264975e-01 -2.116289204423790482e-01
7.100521961016721395e-01 -2.126940610011399946e-01
7.083791569222943618e-01 -2.137439202587368414e-01
7.066811106866994763e-01 -2.147781105636545063e-01
7.049577552700219130e-01 -2.157962408958329359e-01
7.032087858066310426e-01 -2.167979169049145116e-01
7.014338947073357478e-01 -2.177827409520964319e-01
6.996327716790743390e-01 -2.187503121557416441e-01
6.978051037471780793e-01 -2.197002264409064765e-01
6.959505752803027967e-01 -2.206320765929448979e-01
6.940688680181206216e-01 -2.215454523153508881e-01
6.921596611018661083e-01 -2.224399402920027025e-01
6.902226311078349941e-01 -2.233151242539777592e-01
6.882574520839334076e-01 -2.241705850511024056e-01
6.862637955893762243e-01 -2.250059007284087031e-01
6.842413307376389309e-01 -2.258206466076670138e-01
6.821897242427641395e-01 -2.266143953741662498e-01
6.801086404691294440e-01 -2.273867171689132605e-01
6.779977414847819794e-01 -2.281371796864230805e-01
6.758566871184501501e-01 -2.288653482782728177e-01
6.736851350203413302e-01 -2.295707860625884056e-01
6.714827407268378900e-01 -2.302530540396372227e-01
6.692491577292059013e-01 -2.309117112136928884e-01
6.669840375464315407e-01 -2.315463147213417949e-01
6.646870298023010992e-01 -2.321564199663945227e-01
6.623577823068458326e-01 -2.327415807615664245e-01
6.599959411422701150e-01 -2.333013494770846408e-01
6.576011507534844647e-01 -2.338352771963791710e-01
6.551730540433695626e-01 -2.343429138790076027e-01
6.527112924728930565e-01 -2.348238085309613532e-01
6.502155061662082680e-01 -2.352775093824943098e-01
6.476853340208614807e-01 -2.357035640736092619e-01
6.451204138232369267e-01 -2.361015198473310761e-01
6.425203823693708127e-01 -2.364709237508883510e-01
6.398848755912662778e-01 -2.368113228449177377e-01
6.372135286888401806e-01 -2.371222644207952590e-01
6.345059762676376058e-01 -2.374032962261927171e-01
6.317618524824480941e-01 -2.376539666989437305e-01
6.289807911869581547e-01 -2.378738252092957584e-01
6.261624260895760630e-01 -2.380624223106130588e-01
6.233063909155655002e-01 -2.382193099985816798e-01
6.204123195756241493e-01 -2.383440419789568665e-01
6.174798463410435811e-01 -2.384361739438771721e-01
6.145086060255848803e-01 -2.384952638567580108e-01
6.114982341742085659e-01 -2.385208722457589359e-01
6.084483672587894798e-01 -2.385125625058054921e-01
6.053586428809528686e-01 -2.384699012091275327e-01
6.022286999821628850e-01 -2.383924584242595179e-01
5.990581790611924085e-01 -2.382798080434292420e-01
5.958467223991043005e-01 -2.381315281182418975e-01
5.925939742918673314e-01 -2.379472012035453998e-01
5.892995812907301234e-01 -2.377264147093445246e-01
5.859631924504722367e-01 -2.374687612606056764e-01
5.825844595856456420e-01 -2.371738390647752381e-01
5.791630375349188231e-01 -2.368412522868076908e-01
5.756985844336268698e-01 -2.364706114314790164e-01
5.721907619946272616e-01 -2.360615337327318097e-01
5.686392357975554868e-01 -2.356136435497775405e-01
5.650436755865647642e-01 -2.351265727696510988e-01
5.614037555766295817e-01 -2.345999612158887193e-01
5.577191547684807738e-01 -2.340334570629710453e-01
5.539895572722352002e-01 -2.334267172561463044e-01
5.502146526397678761e-01 -2.327794079362194013e-01
5.463941362058670759e-01 -2.320912048688643647e-01
5.425277094381995013e-01 -2.313617938779871375e-01
5.386150802961005013e-01 -2.305908712826382767e-01
5.346559635981895653e-01 -2.297781443369427135e-01
5.306500813987979903e-01 -2.289233316724860468e-01
5.265971633731780788e-01 -2.280261637425655963e-01
5.224969472114485702e-01 -2.270863832676852101e-01
5.183491790212098049e-01 -2.261037456816420710e-01
5.141536137387474614e-01 -2.250780195775261561e-01
5.099100155487195085e-01 -2.240089871529208354e-01
5.056181583122010270e-01 -2.228964446535681154e-01
5.012778260029403521e-01 -2.217402028147303916e-01
4.968888131516537854e-01 -2.205400872994559835e-01
4.924509252981635887e-01 -2.192959391329274421e-01
4.879639794511564932e-01 -2.180076151320470834e-01
4.834278045553110359e-01 -2.166749883293896117e-01
4.788422419655186113e-01 -2.152979483906279634e-01
4.742071459278872081e-01 -2.138764020245187414e-01
4.695223840671899906e-01 -2.124102733845115720e-01
4.647878378803871890e-01 -2.108995044610288694e-01
4.600034032358175651e-01 -2.093440554634471984e-01
4.551689908776206384e-01 -2.077439051907974954e-01
4.502845269349148305e-01 -2.060990513901853338e-01
4.453499534352234335e-01 -2.044095111019297029e-01
4.403652288215995081e-01 -2.026753209904047781e-01
4.353303284728640143e-01 -2.008965376595701624e-01
4.302452452263347271e-01 -1.990732379521690798e-01
4.251099899023793593e-01 -1.972055192315810557e-01
4.199245918300905100e-01 -1.952934996453141725e-01
4.146890993733363118e-01 -1.933373183691350083e-01
4.094035804564002401e-01 -1.913371358308441628e-01
4.040681230883812480e-01 -1.892931339127193191e-01
3.986828358854845877e-01 -1.872055161316694694e-01
3.932478485902897170e-01 -1.850745077961636897e-01
3.877633125870393327e-01 -1.829003561390262766e-01
3.822294014119530514e-01 -1.806833304252206673e-01
3.766463112575234584e-01 -1.784237220337784313e-01
3.710142614697128360e-01 -1.761218445130691423e-01
3.653334950369256373e-01 -1.737780336086494348e-01
3.596042790695873625e-01 -1.713926472629770381e-01
3.538269052691235261e-01 -1.689660655863267358e-01
3.480016903850859933e-01 -1.664986907983003472e-01
3.421289766591352199e-01 -1.639909471393828921e-01
3.362091322545460725e-01 -1.614432807520587987e-01
3.302425516698614949e-01 -1.588561595310725993e-01
3.242296561352799311e-01 -1.562300729424849211e-01
3.181708939903198363e-01 -1.535655318112536805e-01
3.120667410412640841e-01 -1.508630680771454180e-01
3.059177008968438360e-01 -1.481232345188636113e-01
2.997243052805800834e-01 -1.453466044463646578e-01
2.934871143181575492e-01 -1.425337713614197033e-01
2.872067167981590119e-01 -1.396853485865695021e-01
2.808837304044429217e-01 -1.368019688627072905e-01
2.745188019183967265e-01 -1.338842839156238473e-01
2.681126073892487471e-01 -1.309329639919373234e-01
2.616658522705637147e-01 -1.279486973649280324e-01
2.551792715209942886e-01 -1.249321898108958773e-01
2.486536296672948732e-01 -1.218841640567521756e-01
2.420897208275414325e-01 -1.188053591996554026e-01
2.354883686924344743e-01 -1.156965300995987378e-01
2.288504264624875717e-01 -1.125584467459511129e-01
2.221767767388320713e-01 -1.093918935990529362e-01
2.154683313652930865e-01 -1.061976689080608716e-01
2.087260312193164324e-01 -1.029765840063375237e-01
2.019508459492550534e-01 -9.972946258577336520e-02
1.951437736554557378e-01 -9.645713995153271103e-02
1.883058405125344337e-01 -9.316046225881147169e-02
1.814381003301843709e-01 -8.984028573330293810e-02
1.745416340498500418e-01 -8.649747587717332431e-02
1.676175491746074719e-01 -8.313290666246730964e-02
1.606669791296513883e-01 -7.974745971398450317e-02
1.536910825508912837e-01 -7.634202348380558778e-02
1.466910424993314588e-01 -7.291749241979011975e-02
1.396680655991554831e-01 -6.947476613053060746e-02
1.326233810977734962e-01 -6.601474854942374071e-02
1.255582398465345806e-01 -6.253834710071021208e-02
1.184739132013665486e-01 -5.904647187054745672e-02
1.113716918432909320e-01 -5.554003478639724101e-02
1.042528845195846987e-01 -5.201994880824628575e-02
9.711881670731142835e-02 -4.848712713541059038e-02
8.997082920203358647e-02 -4.494248243290754896e-02
8.281027663570769692e-02 -4.138692608158900388e-02
7.563852592905540018e-02 -3.782136745640463094e-02
6.845695468503804060e-02 -3.424671323729172601e-02
6.126694953140965350e-02 -3.066386675723486999e-02
5.406990442161926924e-02 -2.707372739199404021e-02
4.686721890451933659e-02 -2.347718999583398025e-02
3.966029637434342892e-02 -1.987514438728571475e-02
3.245054231317995308e-02 -1.626847488851634882e-02
2.523936253862668622e-02 -1.265805992126678436e-02
1.802816146941735309e-02 -9.044771661539718899e-03
1.081834042153939635e-02 -5.429475754299417645e-03
3.611295946690434855e-03 -1.813031088390149037e-03
-3.591581776114322055e-03 1.803710369257971458e-03
-1.078891048635313710e-02 5.419903682259641364e-03
-1.797931731744212280e-02 9.034710999551776034e-03
-2.516144019586724623e-02 1.264730156075993817e-02
-3.233392915999658279e-02 1.625685165762008610e-02
-3.949544759649994963e-02 1.986254455778435624e-02
-4.664467339414984925e-02 2.346357039800961442e-02
-5.378030001644254487e-02 2.705912605417087891e-02
-6.090103749591094240e-02 3.064841499574455508e-02
-6.800561335413643493e-02 3.423064713237705670e-02
-7.509277345230475076e-02 3.780503865988976697e-02
-8.216128277767215105e-02 4.137081191261965385e-02
-8.920992617153639115e-02 4.492719522836041701e-02
-9.623750900428076904e-02 4.847342283142247465e-02
-1.032428578028063981e-01 5.200873473848166562e-02
-1.102248208352545056e-01 5.553237669100097307e-02
-1.171822686573789074e-01 5.904360011710890754e-02
-1.241140946243185494e-01 6.254166212493966759e-02
-1.310192153708774898e-01 6.602582552861169241e-02
-1.378965712627821527e-01 6.949535890726110665e-02
-1.447451268207790576e-01 7.294953669686310427e-02
-1.515638711188849741e-01 7.638763931398806495e-02
-1.583518181576153705e-01 7.980895331013954097e-02
-1.651080072126066556e-01 8.321277155491346722e-02
-1.718315031587127617e-01 8.659839344589881360e-02
-1.785213967693919934e-01 8.996512514299870311e-02
-1.851768049910191005e-01 9.331227982468331961e-02
-1.917968711916190339e-01 9.663917796357945900e-02
-1.983807653834573914e-01 9.994514761875367137e-02
-2.049276844188935298e-01 1.032295247420366158e-01
-2.114368521589199967e-01 1.064916534957746075e-01
-2.179075196138594295e-01 1.097308865794522359e-01
-2.243389650557634230e-01 1.129465855627216353e-01
-2.307304941021456612e-01 1.161381212224755766e-01
-2.370814397707873833e-01 1.193048738817205634e-01
-2.433911625054657746e-01 1.224462337481356244e-01
-2.496590501725651501e-01 1.255616012503323331e-01
-2.558845180286560272e-01 1.286503873699691436e-01
-2.620670086592336023e-01 1.317120139680100777e-01
-2.682059918889223571e-01 1.347459141035519115e-01
-2.743009646635591325e-01 1.377515323437801809e-01
-2.803514509046641789e-01 1.407283250637412220e-01
-2.863570013369039491e-01 1.436757607347451393e-01
-2.923171932892318359e-01 1.465933202003377178e-01
-2.982316304704732413e-01 1.494804969388933147e-01
-3.040999427201868111e-01 1.523367973119941210e-01
-3.099217857356954542e-01 1.551617407978682639e-01
-3.156968407762363871e-01 1.579548602092594733e-01
-3.214248143452205775e-01 1.607157018951984317e-01
-3.271054378516362604e-01 1.634438259262375737e-01
-3.327384672516566222e-01 1.661388062627964790e-01
-3.383236826715421142e-01 1.688002309063468265e-01
-3.438608880129434553e-01 1.714277020332451162e-01
-3.493499105417259831e-01 1.740208361110895663e-01
-3.547906004614431730e-01 1.765792639975501954e-01
-3.601828304725906982e-01 1.791026310216808082e-01
-3.655264953187702393e-01 1.815905970477848796e-01
-3.708215113208837010e-01 1.840428365219594631e-01
-3.760678159004740007e-01 1.864590385014953666e-01
-3.812653670933084937e-01 1.888389066673596961e-01
-3.864141430542876732e-01 1.911821593200284386e-01
-3.915141415547429560e-01 1.934885293589819200e-01
-3.965653794731599513e-01 1.957577642462097200e-01
-4.015678922803455619e-01 1.979896259541068515e-01
-4.065217335200220217e-01 2.001838908981752874e-01
-4.114269742858102097e-01 2.023403498549702639e-01
-4.162837026955281683e-01 2.044588078657579855e-01
-4.210920233637012178e-01 2.065390841263713417e-01
-4.258520568731476441e-01 2.085810118637721478e-01
-4.305639392464666870e-01 2.105844381998424886e-01
-4.352278214182271343e-01 2.125492240029420721e-01
-4.398438687086114185e-01 2.144752437277840373e-01
-4.444122602992408577e-01 2.163623852441844964e-01
-4.489331887118686026e-01 2.182105496552552704e-01
-4.534068592905912687e-01 2.200196511056087267e-01
-4.578334896881955385e-01 2.217896165801499231e-01
-4.622133093572179940e-01 2.235203856940329858e-01
-4.665465590462620771e-01 2.252119104743548206e-01
-4.708334903020813256e-01 2.268641551341608054e-01
-4.750743649779023414e-01 2.284770958393310958e-01
-4.792694547484274148e-01 2.300507204689120067e-01
-4.834190406319240352e-01 2.315850283694502465e-01
-4.875234125197721036e-01 2.330800301038787326e-01
-4.915828687138151798e-01 2.345357471954969686e-01
-4.955977154718214095e-01 2.359522118675748403e-01
-4.995682665613387918e-01 2.373294667791009671e-01
-5.034948428221930339e-01 2.386675647571833425e-01
-5.073777717378530339e-01 2.399665685265975068e-01
-5.112173870158583933e-01 2.412265504369649205e-01
-5.150140281774792106e-01 2.424475921880290263e-01
-5.187680401567520416e-01 2.436297845534832751e-01
-5.224797729090128184e-01 2.447732271037894869e-01
-5.261495810290234276e-01 2.458780279284097092e-01
-5.297778233787674429e-01 2.469443033578601898e-01
-5.333648627249688579e-01 2.479721776859774018e-01
-5.369110653863692351e-01 2.489617828927739862e-01
-5.404168008907772602e-01 2.499132583682425468e-01
-5.438824416418905905e-01 2.508267506374503575e-01
-5.473083625958699017e-01 2.517024130872525522e-01
-5.506949409476296076e-01 2.525404056949337450e-01
-5.540425558267993988e-01 2.533408947590716220e-01
-5.573515880032899883e-01 2.541040526329023108e-01
-5.606224196023882334e-01 2.548300574604467350e-01
-5.638554338292958157e-01 2.555190929156473945e-01
-5.670510147030091153e-01 2.561713479447443875e-01
-5.702095467994358069e-01 2.567870165121061699e-01
-5.733314150036261658e-01 2.573662973497159445e-01
-5.764170042709940711e-01 2.579093937104996459e-01
-5.794666993973945912e-01 2.584165131256662140e-01
-5.824808847979137116e-01 2.588878671662177000e-01
-5.854599442942269860e-01 2.593236712087726992e-01
-5.884042609103683485e-01 2.597241442058342842e-01
-5.913142166767578756e-01 2.600895084606188457e-01
-5.941901924423199643e-01 2.604199894065517551e-01
-5.970325676945299476e-01 2.607158153915223320e-01
-5.998417203872183912e-01 2.609772174669793832e-01
-6.026180267759626563e-01 2.612044291819379804e-01
-6.053618612608895333e-01 2.613976863819566510e-01
-6.080735962367166403e-01 2.615572270131334420e-01
-6.107536019498545077e-01 2.616832909311610500e-01
-6.134022463623913790e-01 2.617761197154689357e-01
-6.160198950227848691e-01 2.618359564884750190e-01
-6.186069109430816226e-01 2.618630457399570566e-01
-6.211636544824882256e-01 2.618576331565483639e-01
-6.236904832371163998e-01 2.618199654563535539e-01
-6.261877519357280653e-01 2.617502902286722999e-01
-6.286558123413045207e-01 2.616488557788132496e-01
-6.310950131582673261e-01 2.615159109779726099e-01
-6.335056999451800230e-01 2.613517051181457607e-01
-6.358882150327623828e-01 2.611564877720349287e-01
-6.382428974470470973e-01 2.609305086579106203e-01
-6.405700828375184841e-01 2.606740175093781864e-01
-6.428701034100667844e-01 2.603872639499973940e-01
-6.451432878646001789e-01 2.600704973726972735e-01
-6.473899613371580930e-01 2.597239668239263444e-01
-6.496104453463706907e-01 2.593479208924724388e-01
-6.518050577441115712e-01 2.589426076028823465e-01
-6.539741126701985596e-01 2.585082743134126670e-01
-6.561179205109954893e-01 2.580451676184339904e-01
-6.582367878617705337e-01 2.575535332552133516e-01
-6.603310174926775300e-01 2.570336160149945259e-01
-6.624009083182182955e-01 2.564856596582941184e-01
-6.644467553700565965e-01 2.559099068343294592e-01
-6.664688497730540950e-01 2.553065990044948164e-01
-6.684674787244005989e-01 2.546759763697968859e-01
-6.704429254757160450e-01 2.540182778021621846e-01
-6.723954693180052011e-01 2.533337407795287488e-01
-6.743253855693469578e-01 2.526226013246294366e-01
-6.762329455652047461e-01 2.518850939473792350e-01
-6.781184166512501665e-01 2.511214515907729261e-01
-6.799820621785879204e-01 2.503319055802041282e-01
-6.818241415012828988e-01 2.495166855761118130e-01
-6.836449099760836257e-01 2.486760195298644560e-01
-6.854446189642477982e-01 2.478101336427901424e-01
-6.872235158353714457e-01 2.469192523282602858e-01
-6.889818439731314470e-01 2.460035981767376145e-01
-6.907198427828513676e-01 2.450633919236971936e-01
-6.924377477008030191e-01 2.440988524203309418e-01
-6.941357902051610296e-01 2.431101966069469100e-01
-6.958141978285277141e-01 2.420976394889745031e-01
-6.974731941719510830e-01 2.410613941154896023e-01
-6.991129989203583861e-01 2.400016715601712147e-01
-7.007338278593320258e-01 2.389186809046063287e-01
-7.023358928931573431e-01 2.378126292238578188e-01
-7.039194020640715532e-01 2.366837215742131073e-01
-7.054845595726499941e-01 2.355321609830297591e-01
-7.070315657992617409e-01 2.343581484406018489e-01
-7.085606173265361907e-01 2.331618828939637789e-01
-7.100719069627776658e-01 2.319435612425564119e-01
-7.115656237662726369e-01 2.307033783356782497e-01
-7.130419530704301678e-01 2.294415269716487682e-01
-7.145010765097055128e-01 2.281581978986083614e-01
-7.159431720462514637e-01 2.268535798168857531e-01
-7.173684139972499318e-01 2.255278593828613509e-01
-7.187769730628722487e-01 2.241812212142601790e-01
-7.201690163548238877e-01 2.228138478968055836e-01
-7.215447074254277560e-01 2.214259199921700672e-01
-7.229042062972015348e-01 2.200176160471607745e-01
-7.242476694928886571e-01 2.185891126040764298e-01
-7.255752500659007342e-01 2.171405842121788554e-01
-7.268870976311350152e-01 2.156722034402165089e-01
-7.281833583961268008e-01 2.141841408899486932e-01
-7.294641751925010631e-01 2.126765652106133719e-01
-7.307296875076910725e-01 2.111496431142856345e-01
-7.319800315168861760e-01 2.096035393920770706e-01
-7.332153401151808580e-01 2.080384169311261799e-01
-7.344357429498906686e-01 2.064544367323320750e-01
-7.356413664530065954e-01 2.048517579287873480e-01
-7.368323338737603478e-01 2.032305378048620270e-01
-7.380087653112700208e-01 2.015909318159019581e-01
-7.391707777472428242e-01 1.999330936084965371e-01
-7.403184850787066784e-01 1.982571750412793765e-01
-7.414519981507489144e-01 1.965633262062222997e-01
-7.425714247892361008e-01 1.948516954503903276e-01
-7.436768698334947914e-01 1.931224293981208540e-01
-7.447684351689297655e-01 1.913756729735962558e-01
-7.458462197595601140e-01 1.896115694237787697e-01
-7.469103196804549594e-01 1.878302603416786565e-01
-7.479608281500464972e-01 1.860318856899270956e-01
-7.489978355623060358e-01 1.842165838246296039e-01
-7.500214295187637159e-01 1.823844915194741956e-01
-7.510316948603557030e-01 1.805357439900719674e-01
-7.520287136990853050e-01 1.786704749185059615e-01
-7.530125654494808085e-01 1.767888164780728744e-01
-7.539833268598382654e-01 1.748908993581932136e-01
-7.549410720432342403e-01 1.729768527894770258e-01
-7.558858725082968633e-01 1.710468045689268468e-01
-7.568177971897247502e-01 1.691008810852622779e-01
-7.577369124785400256e-01 1.671392073443540849e-01
-7.586432822520678965e-01 1.651619069947546370e-01
-7.595369679036312327e-01 1.631691023533140827e-01
-7.604180283719528255e-01 1.611609144308706332e-01
-7.612865201702543327e-01 1.591374629580077360e-01
-7.621424974150490250e-01 1.570988664108681487e-01
-7.629860118546152314e-01 1.550452420370202478e-01
-7.638171128971498192e-01 1.529767058813698566e-01
-7.646358476385918257e-01 1.508933728121097384e-01
-7.654422608901136904e-01 1.487953565467084183e-01
-7.662363952052735350e-01 1.466827696779298973e-01
-7.670182909068267163e-01 1.445557236998832040e-01
-7.677879861131911010e-01 1.424143290341035595e-01
-7.685455167645638408e-01 1.402586950556590217e-01
-7.692909166486887607e-01 1.380889301192869678e-01
-7.700242174262706962e-01 1.359051415855574152e-01
-7.707454486560365581e-01 1.337074358470681512e-01
-7.714546378194411247e-01 1.314959183546705879e-01
-7.721518103450206727e-01 1.292706936437300058e-01
-7.728369896323897814e-01 1.270318653604237125e-01
-7.735101970758864187e-01 1.247795362880786962e-01
-7.741714520878641981e-01 1.225138083735552719e-01
-7.748207721216340271e-01 1.202347827536797281e-01
-7.754581726940578124e-01 1.179425597817304605e-01
-7.760836674077957742e-01 1.156372390539834316e-01
-7.766972679732109253e-01 1.133189194363237173e-01
-7.772989842299349306e-01 1.109876990909262062e-01
-7.778888241680970150e-01 1.086436755030141393e-01
-7.784667939492226907e-01 1.062869455077006670e-01
-7.790328979268048570e-01 1.039176053169202918e-01
-7.795871386665526037e-01 1.015357505464582338e-01
-7.801295169663240436e-01 9.914147624308254636e-02
-7.806600318757478396e-01 9.673487691178746239e-02
-7.811786807155387535e-01 9.431604654315633995e-02
-7.816854590965154337e-01 9.188507864084945187e-02
-7.821803609383244371e-01 8.944206624922559912e-02
-7.826633784878793687e-01 8.698710198110520819e-02
-7.831345023375214653e-01 8.452027804568172653e-02
-7.835937214429082864e-01 8.204168627658917079e-02
-7.840410231406391706e-01 7.955141816013419631e-02
-7.844763931656242306e-01 7.704956486370018176e-02
-7.848998156682061023e-01 7.453621726432994865e-02
-7.853112732310411070e-01 7.201146597749616407e-02
-7.857107468857498223e-01 6.947540138606586591e-02
-7.860982161293442738e-01 6.692811366946735396e-02
-7.864736589404410783e-01 6.436969283306653855e-02
-7.868370517952698595e-01 6.180022873776030989e-02
-7.871883696834843791e-01 5.921981112979320810e-02
-7.875275861237880370e-01 5.662852967080653221e-02
-7.878546731793798497e-01 5.402647396812407937e-02
-7.881696014732333389e-01 5.141373360528434661e-02
-7.884723402032148831e-01 4.879039817282387198e-02
-7.887628571570537428e-01 4.615655729931894546e-02
-7.890411187271708648e-01 4.351230068269337781e-02
-7.893070899253773476e-01 4.085771812179525564e-02
-7.895607343974522241e-01 3.819289954825276501e-02
-7.898020144376086682e-01 3.551793505861371159e-02
-7.900308910028586151e-01 3.283291494677258171e-02
-7.902473237272851225e-01 3.013792973669456726e-02
-7.904512709362327971e-01 2.743307021543749114e-02
-7.906426896604239474e-01 2.471842746648213879e-02
-7.908215356500143400e-01 2.199409290337164119e-02
-7.909877633885913362e-01 1.926015830366801379e-02
-7.911413261071316150e-01 1.651671584322813441e-02
-7.912821757979210391e-01 1.376385813080681364e-02
-7.914102632284505390e-01 1.100167824298815822e-02
-7.915255379552956772e-01 8.230269759451826206e-03
-7.916279483379884407e-01 5.449726798577379794e-03
-7.917174415528909215e-01 2.660144053392418662e-03
-7.917939636070807641e-01 -1.383831721359016220e-04
-7.918574593522547111e-01 -2.945758926457653359e-03
-7.919078724986621243e-01 -5.761886573444056914e-03
-7.919451456290742541e-01 -8.586668755035553602e-03
-7.919692202127983638e-01 -1.142000735352943080e-02
-7.919800366197471408e-01 -1.426180345350543111e-02
-7.919775341345672848e-01 -1.711195730338618826e-02
-7.919616509708395924e-01 -1.997036827662954095e-02
-7.919323242853542055e-01 -2.283693483254975454e-02
-7.918894901924729002e-01 -2.571155447676686662e-02
-7.918330837785805265e-01 -2.859412372128111030e-02
-7.917630391166385895e-01 -3.148453804416934121e-02
-7.916792892808419690e-01 -3.438269184890362790e-02
-7.915817663613913258e-01 -3.728847842329001405e-02
-7.914704014793816356e-01 -4.020178989802397629e-02
-7.913451248018196216e-01 -4.312251720486284801e-02
-7.912058655567699716e-01 -4.605055003441409917e-02
-7.910525520486406670e-01 -4.898577679353796621e-02
-7.908851116736100861e-01 -5.192808456236319703e-02
-7.907034709352036561e-01 -5.487735905091516847e-02
-7.905075554600223819e-01 -5.783348455535707033e-02
-7.902972900136306933e-01 -6.079634391384141495e-02
-7.900725985166061616e-01 -6.376581846197330872e-02
-7.898334040607561946e-01 -6.674178798788500677e-02
-7.895796289255063716e-01 -6.972413068692089044e-02
-7.893111945944624175e-01 -7.271272311593390825e-02
-7.890280217721501455e-01 -7.570744014719424375e-02
-7.887300304009383645e-01 -7.870815492190855189e-02
-7.884171396781431973e-01 -8.171473880335289319e-02
-7.880892680733215805e-01 -8.472706132961811687e-02
-7.877463333457515038e-01 -8.774499016597009371e-02
-7.873882525621053174e-01 -9.076839105682510400e-02
-7.870149421143137758e-01 -9.379712777734165730e-02
-7.866263177376257021e-01 -9.683106208463078401e-02
-7.862222945288610543e-01 -9.987005366858540956e-02
-7.858027869648618324e-01 -1.029139601023321415e-01
-7.853677089211382745e-01 -1.059626367923059420e-01
-7.849169736907118944e-01 -1.090159369279497664e-01
-7.844504940031550300e-01 -1.120737114310438459e-01
-7.839681820438269000e-01 -1.151358089046638777e-01
-7.834699494733048386e-01 -1.182020755817733970e-01
-7.829557074470097078e-01 -1.212723552734526061e-01
-7.824253666350258207e-01 -1.243464893167651325e-01
-7.818788372421101585e-01 -1.274243165222698759e-01
-7.813160290278942099e-01 -1.305056731211775845e-01
-7.807368513272708865e-01 -1.335903927121571688e-01
-7.801412130709683979e-01 -1.366783062077976119e-01
-7.795290228063056492e-01 -1.397692417807282761e-01
-7.789001887181286055e-01 -1.428630248094018285e-01
-7.782546186499210705e-01 -1.459594778235437929e-01
-7.775922201250897725e-01 -1.490584204492775289e-01
-7.769129003684194235e-01 -1.521596693539250811e-01
-7.762165663276908711e-01 -1.552630381904925860e-01
-7.755031246954635638e-01 -1.583683375418457329e-01
-7.747724819310115585e-01 -1.614753748645797182e-01
-7.740245442824155164e-01 -1.645839544325912729e-01
-7.732592178087993595e-01 -1.676938772803606981e-01
-7.724764084027118116e-01 -1.708049411459482969e-01
-7.716760218126452742e-01 -1.739169404137140273e-01
-7.708579636656872625e-01 -1.770296660567675096e-01
-7.700221394902997396e-01 -1.801429055791578526e-01
-7.691684547392205751e-01 -1.832564429578087961e-01
-7.682968148124824648e-01 -1.863700585842100743e-01
-7.674071250805422073e-01 -1.894835292058729692e-01
-7.664992909075174499e-01 -1.925966278675593779e-01
-7.655732176745229101e-01 -1.957091238522955801e-01
-7.646288108031034092e-01 -1.988207826221780328e-01
-7.636659757787548353e-01 -2.019313657589843214e-01
-7.626846181745312592e-01 -2.050406309045991471e-01
-7.616846436747326532e-01 -2.081483317012658707e-01
-7.606659580986638858e-01 -2.112542177316774350e-01
-7.596284674244684343e-01 -2.143580344589172126e-01
-7.585720778130230491e-01 -2.174595231662627692e-01
-7.574966956318960332e-01 -2.205584208968660032e-01
-7.564022274793629208e-01 -2.236544603933247888e-01
-7.552885802084730038e-01 -2.267473700371577527e-01
-7.541556609511697040e-01 -2.298368737881973933e-01
-7.530033771424542444e-01 -2.329226911239215547e-01
-7.518316365445969485e-01 -2.360045369787321379e-01
-7.506403472713899516e-01 -2.390821216832029195e-01
-7.494294178124408790e-01 -2.421551509033120775e-01
-7.481987570575071578e-01 -2.452233255796784361e-01
-7.469482743208699649e-01 -2.482863418668193600e-01
-7.456778793657479198e-01 -2.513438910724498099e-01
-7.443874824287518566e-01 -2.543956595968446255e-01
-7.430769942443820053e-01 -2.574413288722851578e-01
-7.417463260695694727e-01 -2.604805753026104842e-01
-7.403953897082655722e-01 -2.635130702029007121e-01
-7.390240975360824471e-01 -2.665384797393139382e-01
-7.376323625249897598e-01 -2.695564648691025633e-01
-7.362200982680726646e-01 -2.725666812808397177e-01
-7.347872190043563956e-01 -2.755687793348794434e-01
-7.333336396437070137e-01 -2.785624040040829974e-01
-7.318592757918129799e-01 -2.815471948148438597e-01
-7.303640437752585424e-01 -2.845227857884409239e-01
-7.288478606666974891e-01 -2.874888053827592826e-01
-7.273106443101381435e-01 -2.904448764344103040e-01
-7.257523133463508191e-01 -2.933906161012929670e-01
-7.241727872384096099e-01 -2.963256358056370332e-01
-7.225719862973807306e-01 -2.992495411775700775e-01
-7.209498317081728391e-01 -3.021619319992524533e-01
-7.193062455555621071e-01 -3.050624021496324279e-01
-7.176411508504062509e-01 -3.079505395498670639e-01
-7.159544715560659522e-01 -3.108259261094663550e-01
-7.142461326150464362e-01 -3.136881376732149063e-01
-7.125160599758781910e-01 -3.165367439689326101e-01
-7.107641806202511514e-01 -3.193713085561357135e-01
-7.089904225904232193e-01 -3.221913887756663319e-01
-7.071947150169157759e-01 -3.249965357003616884e-01
-7.053769881465168368e-01 -3.277862940868354058e-01
-7.035371733706072828e-01 -3.305602023284533453e-01
-7.016752032538275952e-01 -3.333177924095825917e-01
-6.997910115631015282e-01 -3.360585898612069022e-01
-6.978845332970312620e-01 -3.387821137179954367e-01
-6.959557047156816889e-01 -3.414878764769282427e-01
-6.940044633707656008e-01 -3.441753840575769163e-01
-6.920307481362413249e-01 -3.468441357641530720e-01
-6.900344992393409038e-01 -3.494936242494343093e-01
-6.880156582920287089e-01 -3.521233354806924121e-01
-6.859741683229079179e-01 -3.547327487077465147e-01
-6.839099738095753001e-01 -3.573213364332750164e-01
-6.818230207114290842e-01 -3.598885643855251337e-01
-6.797132565029321283e-01 -3.624338914935670286e-01
-6.775806302073279497e-01 -3.649567698652400605e-01
-6.754250924308038417e-01 -3.674566447679578074e-01
-6.732465953970945272e-01 -3.699329546125313950e-01
-6.710450929825133581e-01 -3.723851309401892684e-01
-6.688205407513942991e-01 -3.748125984129716537e-01
-6.665728959919283714e-01 -3.772147748076895013e-01
-6.643021177523643628e-01 -3.795910710136430888e-01
-6.620081668775502637e-01 -3.819408910343038421e-01
-6.596910060457770175e-01 -3.842636319931700406e-01
-6.573505998058877253e-01 -3.865586841440138977e-01
-6.549869146146054533e-01 -3.888254308857473363e-01
-6.525999188740307932e-01 -3.910632487821380510e-01
-6.501895829692507789e-01 -3.932715075866172194e-01
-6.477558793059967623e-01 -3.954495702724261097e-01
-6.452987823482843055e-01 -3.975967930683573237e-01
-6.428182686559548165e-01 -3.997125255003498578e-01
-6.403143169220421038e-01 -4.017961104392082650e-01
-6.377869080098697019e-01 -4.038468841547206423e-01
-6.352360249897872624e-01 -4.058641763764530008e-01
-6.326616531754402084e-01 -4.078473103615102291e-01
-6.300637801594652920e-01 -4.097956029695518643e-01
-6.274423958484924846e-01 -4.117083647453634310e-01
-6.247974924973322963e-01 -4.135849000092791106e-01
-6.221290647422175191e-01 -4.154245069557662151e-01
-6.194371096329610582e-01 -4.172264777604775543e-01
-6.167216266638875233e-01 -4.189900986960836682e-01
-6.139826178033886972e-01 -4.207146502571999513e-01
-6.112200875219461205e-01 -4.223994072947243050e-01
-6.084340428184598082e-01 -4.240436391599037291e-01
-6.056244932447165663e-01 -4.256466098584443802e-01
-6.027914509278241573e-01 -4.272075782149881706e-01
-5.999349305904370100e-01 -4.287257980482669373e-01
-5.970549495685906205e-01 -4.302005183572519820e-01
-5.941515278269638989e-01 -4.316309835186107335e-01
-5.912246879713787262e-01 -4.330164334957798400e-01
-5.882744552583513142e-01 -4.343561040599588363e-01
-5.853008576015038544e-01 -4.356492270233234265e-01
-5.823039255746449427e-01 -4.368950304847545318e-01
-5.792836924113300423e-01 -4.380927390883651018e-01
-5.762401940007105816e-01 -4.392415742951092383e-01
-5.731734688794869470e-01 -4.403407546677388096e-01
-5.700835582197787410e-01 -4.413894961693696772e-01
-5.669705058127352260e-01 -4.423870124759073930e-01
-5.638343580477093164e-01 -4.433325153025688414e-01
-5.606751638868285870e-01 -4.442252147447235400e-01
-5.574929748348029790e-01 -4.450643196332690898e-01
-5.542878449038183275e-01 -4.458490379047315710e-01
-5.510598305733740432e-01 -4.465785769862758436e-01
-5.478089907449376073e-01 -4.472521441957844623e-01
-5.445353866912976404e-01 -4.478689471571545289e-01
-5.412390820005172909e-01 -4.484281942309338298e-01
-5.379201425143986803e-01 -4.489290949604054504e-01
-5.345786362613926812e-01 -4.493708605332056849e-01
-5.312146333839039558e-01 -4.497527042585344748e-01
-5.278282060599623904e-01 -4.500738420600006728e-01
-5.244194284192534861e-01 -4.503334929841157352e-01
-5.209883764535231387e-01 -4.505308797244268471e-01
-5.175351279213996625e-01 -4.506652291612494587e-01
-5.140597622476985595e-01 -4.507357729169392258e-01
-5.105623604173045171e-01 -4.507417479266082050e-01
-5.070430048637568632e-01 -4.506823970241640165e-01
-5.035017793526900265e-01 -4.505569695435202582e-01
-4.999387688603180724e-01 -4.503647219347923780e-01
-4.963540594471794187e-01 -4.501049183952686716e-01
-4.927477381273985824e-01 -4.497768315148982232e-01
-4.891198927337507274e-01 -4.493797429360228968e-01
-4.854706117788564201e-01 -4.489129440270253624e-01
-4.817999843128674686e-01 -4.483757365695440478e-01
-4.781080997780458031e-01 -4.477674334588622185e-01
-4.743950478606725474e-01 -4.470873594170420851e-01
-4.706609183407690078e-01 -4.463348517183338693e-01
-4.669058009401442222e-01 -4.455092609263547332e-01
-4.631297851693304546e-01 -4.446099516424878439e-01
-4.593329601740033796e-01 -4.436363032649145999e-01
-4.555154145815248357e-01 -4.425877107576458025e-01
-4.516772363482877140e-01 -4.414635854288814221e-01
-4.478185126085781342e-01 -4.402633557179806423e-01
-4.439393295257116345e-01 -4.389864679902808486e-01
-4.400397721462359080e-01 -4.376323873389615926e-01
-4.361199242580294233e-01 -4.362005983931000475e-01
-4.321798682531596825e-01 -4.346906061310266134e-01
-4.282196849963992302e-01 -4.331019366980330965e-01
-4.242394537003271182e-01 -4.314341382274460290e-01
-4.202392518079746675e-01 -4.296867816640317361e-01
-4.162191548839980770e-01 -4.278594615886445185e-01
-4.121792365153871818e-01 -4.259517970429937961e-01
-4.081195682227381494e-01 -4.239634323533455484e-01
-4.040402193831360012e-01 -4.218940379519374173e-01
-3.999412571657066096e-01 -4.197433111948299378e-01
-3.958227464809064844e-01 -4.175109771748777288e-01
-3.916847499446247660e-01 -4.151967895284483512e-01
-3.875273278581725656e-01 -4.128005312344784627e-01
-3.833505382052295740e-01 -4.103220154044055490e-01
-3.791544366668096466e-01 -4.077610860614696575e-01
-3.749390766552910259e-01 -4.051176189078362078e-01
-3.707045093685365500e-01 -4.023915220779470947e-01
-3.664507838651034910e-01 -3.995827368764637844e-01
-3.621779471615071411e-01 -3.966912384991281293e-01
-3.578860443524650714e-01 -3.937170367348269973e-01
-3.535751187550009722e-01 -3.906601766471056725e-01
-3.492452120772342461e-01 -3.875207392333495093e-01
-3.448963646126209648e-01 -3.842988420598070221e-01
-3.405286154603424098e-01 -3.809946398706104964e-01
-3.361420027724648651e-01 -3.776083251689152931e-01
-3.317365640284060113e-01 -3.741401287682554200e-01
-3.273123363371593930e-01 -3.705903203121930223e-01
-3.228693567676216847e-01 -3.669592087603227304e-01
-3.184076627072676691e-01 -3.632471428386756518e-01
-3.139272922492987172e-01 -3.594545114525568019e-01
-3.094282846082708205e-01 -3.555817440598492141e-01
-3.049106805640760531e-01 -3.516293110028109181e-01
-3.003745229340153977e-01 -3.475977237963974176e-01
-2.958198570725543708e-01 -3.434875353711489554e-01
-2.912467313981985106e-01 -3.392993402686963478e-01
-2.866551979467695799e-01 -3.350337747879558736e-01
-2.820453129501918066e-01 -3.306915170801072446e-01
-2.774171374397260692e-01 -3.262732871904802101e-01
-2.727707378724095744e-01 -3.217798470455056625e-01
-2.681061867792696729e-01 -3.172120003829288493e-01
-2.634235634336922760e-01 -3.125705926235289311e-01
-2.587229545381216633e-01 -3.078565106826352538e-01
-2.540044549270731311e-01 -3.030706827197948150e-01
-2.492681682842241564e-01 -2.982140778249956492e-01
-2.445142078711462219e-01 -2.932877056399290638e-01
-2.397426972650184840e-01 -2.882926159128367249e-01
-2.349537711024507480e-01 -2.832298979855699672e-01
-2.301475758263200055e-01 -2.781006802115701948e-01
-2.253242704323058232e-01 -2.729061293035652813e-01
-2.204840272115851096e-01 -2.676474496098683042e-01
-2.156270324859259624e-01 -2.623258823182638699e-01
-2.107534873311994739e-01 -2.569427045865719239e-01
-2.058636082851094951e-01 -2.514992285990826915e-01
-2.009576280347266097e-01 -2.459968005481792119e-01
-1.960357960792049048e-01 -2.404367995405861380e-01
-1.910983793628606986e-01 -2.348206364278192793e-01
-1.861456628736018470e-01 -2.291497525605558361e-01
-1.811779502015246623e-01 -2.234256184668135248e-01
-1.761955640523364675e-01 -2.176497324540037359e-01
-1.711988467101307476e-01 -2.118236191351346720e-01
-1.661881604439347515e-01 -2.059488278796718641e-01
-1.611638878523818930e-01 -2.000269311898409397e-01
-1.561264321408346589e-01 -1.940595230034709573e-01
-1.510762173253090979e-01 -1.880482169248510194e-01
-1.460136883576420297e-01 -1.819946443855098017e-01
-1.409393111665074860e-01 -1.759004527373395632e-01
-1.358535726091403550e-01 -1.697673032810985139e-01
-1.307569803289833354e-01 -1.635968692340284136e-01
-1.256500625149472028e-01 -1.573908336411602993e-01
-1.205333675585848197e-01 -1.511508872358373612e-01
-1.154074636062383807e-01 -1.448787262560951583e-01
-1.102729380041443386e-01 -1.385760502247921633e-01
-1.051303966355803254e-01 -1.322445597027997466e-01
-9.998046315041836385e-02 -1.258859540261222376e-01
-9.482377808891861992e-02 -1.195019290395188116e-01
-8.966099790323606156e-02 -1.130941748410104475e-01
-8.449279388190922280e-02 -1.066643735535300064e-01
-7.931985098452948302e-02 -1.002141971418679112e-01
-7.414286659578334104e-02 -9.374530529488150910e-02
-6.896254921008304617e-02 -8.725934339459029410e-02
-6.377961705995210950e-02 -8.075794059515442602e-02
-5.859479670312900401e-02 -7.424270803568808197e-02
-5.340882158488768905e-02 -6.771523721127137296e-02
-4.822243059322955938e-02 -6.117709852623345879e-02
-4.303636662528248502e-02 -5.462984005268084475e-02
-3.785137518332903905e-02 -4.807498651520647481e-02
-3.266820301831752094e-02 -4.151403851969692749e-02
-2.748759683743423610e-02 -3.494847204013981634e-02
-2.231030209032552891e-02 -2.837973817235875384e-02
-1.713706184590224613e-02 -2.180926315781894775e-02
-1.196861576844171493e-02 -1.523844867424356542e-02
-6.805699198050851884e-03 -8.668672383015191274e-03
-1.649042336680339726e-03 -2.101288716546884094e-03
3.500630463023346461e-03 4.462370117686575988e-03
8.642601312425779447e-03 1.102099294557692954e-02
1.377615931484515999e-02 1.757328828125342968e-02
1.890060101904594836e-02 2.411798286596628094e-02
2.401523081251877301e-02 3.065382013074147149e-02
2.911936126985126272e-02 3.717955862322847027e-02
3.421231347171793669e-02 4.369397043833189720e-02
3.929341730943225475e-02 5.019583969000199208e-02
4.436201178871196360e-02 5.668396105814638153e-02
4.941744534444347803e-02 6.315713844026801804e-02
5.445907617595885375e-02 6.961418373242195257e-02
5.948627260983146980e-02 7.605391575870765197e-02
6.449841349462032136e-02 8.247515936305666040e-02
6.949488862949532164e-02 8.887674467178716120e-02
7.447509922637879365e-02 9.525750653048134509e-02
7.943845840322416585e-02 1.016162841143423701e-01
8.438439170439221426e-02 1.079519207074165488e-01
8.931233764278767584e-02 1.142632636429529447e-01
9.422174825749779492e-02 1.205491643947435576e-01
9.911208968010326581e-02 1.268084788074935187e-01
1.039828427025781821e-01 1.330400674530720639e-01
1.088335033397143659e-01 1.392427960988222024e-01
1.136635833792477568e-01 1.454155362738655533e-01
1.184726109132827887e-01 1.515571659194721588e-01
1.232601308451557742e-01 1.576665701099755346e-01
1.280257053665140310e-01 1.637426418313416843e-01
1.327689144000677723e-01 1.697842828052770203e-01
1.374893560041757778e-01 1.757904043476351819e-01
1.421866467361247166e-01 1.817599282508103042e-01
1.468604219716392323e-01 1.876917876807483454e-01
1.515103361787938641e-01 1.935849280801399119e-01
1.561360631450991743e-01 1.994383080702651634e-01
1.607372961570683323e-01 2.052509003448162450e-01
1.653137481320657021e-01 2.110216925498302198e-01
1.698651517026673885e-01 2.167496881446127899e-01
1.743912592541496664e-01 2.224339072392168826e-01
1.788918429160445966e-01 2.280733874046673160e-01
1.833666945089893752e-01 2.336671844526885256e-01
1.878156254483321908e-01 2.392143731822052310e-01
1.922384666061524583e-01 2.447140480903430282e-01
1.966350681335168327e-01 2.501653240460686711e-01
2.010052992449188891e-01 2.555673369249777394e-01
2.053490479669490831e-01 2.609192442040645377e-01
2.096662208533147109e-01 2.662202255156033148e-01
2.139567426683789408e-01 2.714694831595291236e-01
2.182205560414179901e-01 2.766662425739407905e-01
2.224576210938089271e-01 2.818097527635537447e-01
2.266679150413549448e-01 2.868992866861174718e-01
2.308514317739411292e-01 2.919341415969746167e-01
2.350081814146874337e-01 2.969136393520893091e-01
2.391381898607233270e-01 3.018371266699979572e-01
2.432414983076692239e-01 3.067039753532602164e-01
2.473181627598515231e-01 3.115135824700845379e-01
2.513682535282234509e-01 3.162653704969007884e-01
2.553918547178972154e-01 3.209587874227339821e-01
2.593890637071266658e-01 3.255933068163042177e-01
2.633599906195074336e-01 3.301684278568454145e-01
2.673047577910878103e-01 3.346836753296896227e-01
2.712234992340074591e-01 3.391385995877157500e-01
2.751163600982035051e-01 3.435327764798014605e-01
2.789834961326441154e-01 3.478658072474570262e-01
2.828250731474706292e-01 3.521373183908459437e-01
2.866412664783516417e-01 3.563469615054282169e-01
2.904322604542688424e-01 3.604944130904765287e-01
2.941982478698799142e-01 3.645793743307352286e-01
2.979394294635230311e-01 3.686015708525010037e-01
3.016560134018518857e-01 3.725607524554109817e-01
3.053482147720129047e-01 3.764566928212265684e-01
3.090162550822028176e-01 3.802891892008997687e-01
3.126603617713729633e-01 3.840580620812061863e-01
3.162807677287733932e-01 3.877631548322179600e-01
3.198777108239655442e-01 3.914043333368809052e-01
3.234514334478587605e-01 3.949814856039451372e-01
3.270021820652694311e-01 3.984945213654833562e-01
3.305302067794318455e-01 4.019433716602092699e-01
3.340357609088376312e-01 4.053279884037910286e-01
3.375191005767160801e-01 4.086483439473266865e-01
3.409804843134175978e-01 4.119044306251282150e-01
3.444201726719114953e-01 4.150962602929288425e-01
3.478384278565536669e-01 4.182238638576041279e-01
3.512355133652402261e-01 4.212872907994636984e-01
3.546116936450119383e-01 4.242866086881427745e-01
3.579672337611398136e-01 4.272219026930868524e-01
3.613023990796748186e-01 4.300932750895939960e-01
3.646174549634158546e-01 4.329008447613408861e-01
3.679126664812096270e-01 4.356447467002892981e-01
3.711882981304693296e-01 4.383251315048298236e-01
3.744446135727664271e-01 4.409421648769890067e-01
3.776818753823237285e-01 4.434960271194877679e-01
3.809003448072154074e-01 4.459869126334054523e-01
3.841002815430533124e-01 4.484150294171665441e-01
3.872819435189224224e-01 4.507805985675338856e-01
3.904455866953081000e-01 4.530838537832561630e-01
3.935914648737419697e-01 4.553250408719830000e-01
3.967198295178793743e-01 4.575044172610265303e-01
3.998309295857085388e-01 4.596222515125142905e-01
4.029250113725816318e-01 4.616788228434463015e-01
4.060023183647477607e-01 4.636744206511351218e-01
4.090630911030617711e-01 4.656093440444762921e-01
4.121075670565374494e-01 4.674839013814654498e-01
4.151359805054050667e-01 4.692984098133472504e-01
4.181485624333373119e-01 4.710531948357531418e-01
4.211455404284993320e-01 4.727485898471533443e-01
4.241271385930807658e-01 4.743849357149242385e-01
4.270935774609674329e-01 4.759625803493007790e-01
4.300450739232145048e-01 4.774818782854614585e-01
4.329818411609787088e-01 4.789431902739657576e-01
4.359040885855790526e-01 4.803468828797386458e-01
4.388120217853520022e-01 4.816933280897771619e-01
4.417058424789767068e-01 4.829829029297271759e-01
4.445857484749484723e-01 4.842159890894591201e-01
4.474519336368877331e-01 4.853929725577509346e-01
4.503045878543741054e-01 4.865142432661657135e-01
4.531438970190055371e-01 4.875801947421933846e-01
4.559700430053902909e-01 4.885912237717072171e-01
4.587832036567828786e-01 4.895477300707702373e-01
4.615835527750898892e-01 4.904501159668079868e-01
4.643712601149730945e-01 4.912987860891518954e-01
4.671464913817917619e-01 4.920941470689397801e-01
4.699094082331306543e-01 4.928366072483493232e-01
4.726601682836709117e-01 4.935265763991245613e-01
4.753989251131707228e-01 4.941644654503458134e-01
4.781258282773289681e-01 4.947506862253807092e-01
4.808410233213183393e-01 4.952856511879439871e-01
4.835446517957780466e-01 4.957697731971822397e-01
4.862368512750708804e-01 4.962034652716933447e-01
4.889177553776142826e-01 4.965871403623794977e-01
4.915874937881054563e-01 4.969212111340242100e-01
4.942461922814697095e-01 4.972060897554793080e-01
4.968939727483695501e-01 4.974421876983380897e-01
4.995309532221186566e-01 4.976299155439656841e-01
5.021572479068572292e-01 4.977696827987529438e-01
5.047729672068486106e-01 4.978618977174531501e-01
5.073782177567701668e-01 4.979069671344568127e-01
5.099731024528726397e-01 4.979052963028578471e-01
5.125577204848970059e-01 4.978572887411563674e-01
5.151321673686383162e-01 4.977633460874427707e-01
5.176965349790602078e-01 4.976238679609057414e-01
5.202509115838613862e-01 4.974392518305016386e-01
5.227953818774122574e-01 4.972098928906220072e-01
5.253300270149771078e-01 4.969361839435939565e-01
5.278549246471508916e-01 4.966185152888470955e-01
5.303701489544380143e-01 4.962572746185784922e-01
5.328757706819134965e-01 4.958528469197470701e-01
5.353718571739058962e-01 4.954056143822288538e-01
5.378584724086508118e-01 4.949159563129615913e-01
5.403356770328655578e-01 4.943842490559112179e-01
5.428035283962018287e-01 4.938108659176894122e-01
5.452620805855374897e-01 4.931961770986539317e-01
5.477113844590709713e-01 4.925405496293215335e-01
5.501514876801874010e-01 4.918443473119299969e-01
5.525824347510682744e-01 4.911079306669783873e-01
5.550042670460186844e-01 4.903316568845835777e-01
5.574170228444919051e-01 4.895158797804882167e-01
5.598207373637911211e-01 4.886609497565586047e-01
5.622154427914320962e-01 4.877672137656117179e-01
5.646011683171515694e-01 4.868350152804145625e-01
5.669779401645529404e-01 4.858646942666976498e-01
5.693457816223737034e-01 4.848565871600312160e-01
5.717047130753710737e-01 4.838110268464115293e-01
5.740547520348168176e-01 4.827283426464076266e-01
5.763959131685963966e-01 4.816088603027236514e-01
5.787282083309082115e-01 4.804529019710336302e-01
5.810516465915595008e-01 4.792607862139455777e-01
5.833662342648577859e-01 4.780328279979602080e-01
5.856719749380945306e-01 4.767693386932875255e-01
5.879688694996214604e-01 4.754706260763915671e-01
5.902569161665189856e-01 4.741369943351332328e-01
5.925361105118561733e-01 4.727687440763875815e-01
5.948064454915416022e-01 4.713661723360140776e-01
5.970679114707669877e-01 4.699295725910610511e-01
5.993204962500424671e-01 4.684592347740897944e-01
6.015641850908235444e-01 4.669554452895084973e-01
6.037989607407308057e-01 4.654184870318068268e-01
6.060248034583605170e-01 4.638486394055891804e-01
6.082416910376864383e-01 4.622461783473048591e-01
6.104495988320516320e-01 4.606113763485807366e-01
6.126484997777489339e-01 4.589445024810617779e-01
6.148383644171875329e-01 4.572458224226726986e-01
6.170191609216444384e-01 4.555155984852138351e-01
6.191908551135961725e-01 4.537540896432112891e-01
6.213534104886295761e-01 4.519615515639432979e-01
6.235067882369251802e-01 4.501382366385695555e-01
6.256509472643101422e-01 4.482843940142930972e-01
6.277858442128754213e-01 4.464002696274884663e-01
6.299114334811498628e-01 4.444861062377348238e-01
6.320276672438286392e-01 4.425421434626938266e-01
6.341344954710435022e-01 4.405686178137779851e-01
6.362318659471724036e-01 4.385657627325583174e-01
6.383197242891787138e-01 4.365338086278629515e-01
6.403980139644710468e-01 4.344729829135215438e-01
6.424666763082758081e-01 4.323835100467167125e-01
6.445256505405121406e-01 4.302656115669034609e-01
6.465748737821618297e-01 4.281195061352620623e-01
6.486142810711201800e-01 4.259454095746554314e-01
6.506438053775225328e-01 4.237435349100615589e-01
6.526633776185317704e-01 4.215140924094572528e-01
6.546729266725779262e-01 4.192572896251318681e-01
6.566723793930382413e-01 4.169733314354121534e-01
6.586616606213481218e-01 4.146624200867823351e-01
6.606406931995294496e-01 4.123247552363877855e-01
6.626093979821261470e-01 4.099605339949107252e-01
6.645676938475372220e-01 4.075699509698108569e-01
6.665154977087330845e-01 4.051531983089267097e-01
6.684527245233473636e-01 4.027104657444339209e-01
6.703792873031310107e-01 4.002419406371611199e-01
6.722950971227585892e-01 3.977478080212640821e-01
6.742000631279773115e-01 3.952282506492639791e-01
6.760940925430865001e-01 3.926834490374542241e-01
6.779770906777400352e-01 3.901135815116850702e-01
6.798489609330600203e-01 3.875188242535349548e-01
6.817096048070530045e-01 3.848993513468811356e-01
6.835589218993214367e-01 3.822553348248817762e-01
6.853968099150598015e-01 3.795869447173857436e-01
6.872231646683273354e-01 3.768943490987855527e-01
6.890378800845933238e-01 3.741777141363311077e-01
6.908408482025418795e-01 3.714372041389242263e-01
6.926319591751364246e-01 3.686729816064133192e-01
6.944111012699316632e-01 3.658852072794107069e-01
6.961781608686318235e-01 3.630740401896543901e-01
6.979330224658883974e-01 3.602396377109378101e-01
6.996755686673319374e-01 3.573821556106340780e-01
7.014056801868369107e-01 3.545017481018367111e-01
7.031232358430127283e-01 3.515985678961477401e-01
7.048281125549199500e-01 3.486727662571358355e-01
7.065201853370102203e-01 3.457244930544959849e-01
7.081993272932851635e-01 3.427538968189373647e-01
7.098654096106756795e-01 3.397611247978289395e-01
7.115183015516395315e-01 3.367463230116343187e-01
7.131578704459768936e-01 3.337096363111632935e-01
7.147839816818643000e-01 3.306512084356744707e-01
7.163964986961073311e-01 3.275711820718586464e-01
7.179952829636138123e-01 3.244696989137352827e-01
7.195801939860868579e-01 3.213468997234953384e-01
7.211510892799435357e-01 3.182029243933230944e-01
7.227078243634564858e-01 3.150379120082307249e-01
7.242502527431252668e-01 3.118520009099398083e-01
7.257782258992782065e-01 3.086453287618434183e-01
7.272915932709087539e-01 3.054180326150863767e-01
7.287902022397494406e-01 3.021702489757949195e-01
7.302738981135885599e-01 2.989021138734957450e-01
7.317425241088307830e-01 2.956137629307589165e-01
7.331959213323113733e-01 2.923053314341014230e-01
7.346339287623619985e-01 2.889769544061895901e-01
7.360563832291379116e-01 2.856287666793779767e-01
7.374631193942102758e-01 2.822609029706229511e-01
7.388539697294274067e-01 2.788734979578100237e-01
7.402287644950505952e-01 2.754666863575360725e-01
7.415873317171721713e-01 2.720406030043840406e-01
7.429294971644186951e-01 2.685953829317327957e-01
7.442550843239453817e-01 2.651311614541440043e-01
7.455639143767287536e-01 2.616480742513667690e-01
7.468558061721621844e-01 2.581462574540047128e-01
7.481305762019603289e-01 2.546258477308875889e-01
7.493880385733791005e-01 2.510869823781932686e-01
7.506280049817570799e-01 2.475297994103646815e-01
7.518502846823824637e-01 2.439544376528686720e-01
7.530546844616956559e-01 2.403610368368425398e-01
7.542410086078292775e-01 2.367497376956781419e-01
7.554090588804966977e-01 2.331206820635906840e-01
7.565586344802301966e-01 2.294740129762231629e-01
7.576895320169800829e-01 2.258098747733375544e-01
7.588015454780794311e-01 2.221284132036439873e-01
7.598944661955802093e-01 2.184297755318217460e-01
7.609680828129699037e-01 2.147141106477864214e-01
7.620221812512750770e-01 2.109815691782570002e-01
7.630565446745596336e-01 2.072323036006816221e-01
7.640709534548237869e-01 2.034664683595786838e-01
7.650651851363154954e-01 1.996842199853512967e-01
7.660390143992603651e-01 1.958857172156369675e-01
7.669922130230186763e-01 1.920711211192528967e-01
7.679245498486811927e-01 1.882405952227994006e-01
7.688357907411120795e-01 1.843943056399862390e-01
7.697256985504510318e-01 1.805324212037461296e-01
7.705940330730844945e-01 1.766551136012023959e-01
7.714405510121011833e-01 1.727625575115590006e-01
7.722650059372411224e-01 1.688549307469811578e-01
7.730671482443562947e-01 1.649324143965373857e-01
7.738467251143970049e-01 1.609951929732748310e-01
7.746034804719394984e-01 1.570434545644999458e-01
7.753371549432754861e-01 1.530773909853394288e-01
7.760474858140800070e-01 1.490971979356561505e-01
7.767342069866824961e-01 1.451030751603963331e-01
7.773970489369610437e-01 1.410952266134460342e-01
7.780357386708871559e-01 1.370738606250743175e-01
7.786499996807472179e-01 1.330391900730436006e-01
7.792395519010699712e-01 1.289914325574670062e-01
7.798041116642935311e-01 1.249308105794929985e-01
7.803433916562054762e-01 1.208575517239000446e-01
7.808571008711948647e-01 1.167718888456832221e-01
7.813449445673563698e-01 1.126740602607146646e-01
7.818066242214911643e-01 1.085643099405619177e-01
7.822418374840540700e-01 1.044428877115461118e-01
7.826502781340964887e-01 1.003100494581229962e-01
7.830316360342638449e-01 9.616605733067054573e-02
7.833855970859067153e-01 9.201117995776363079e-02
7.837118431843725919e-01 8.784569266301783808e-02
7.840100521745470008e-01 8.366987768658322444e-02
7.842798978067215820e-01 7.948402441136558083e-02
7.845210496928718413e-01 7.528842959405404600e-02
7.847331732634287293e-01 7.108339760102971860e-02
7.849159297246426359e-01 6.686924064922822319e-02
7.850689760166383868e-01 6.264627905202611868e-02
7.851919647722700457e-01 5.841484147021941409e-02
7.852845442768905393e-01 5.417526516815603099e-02
7.853463584291626720e-01 4.992789627508194966e-02
7.853770467030378732e-01 4.567309005175580749e-02
7.853762441110493375e-01 4.141121116237997390e-02
7.853435811690645529e-01 3.714263395189158767e-02
7.852786838626587551e-01 3.286774272864956270e-02
7.851811736152758403e-01 2.858693205254676795e-02
7.850506672583589252e-01 2.430060702856674804e-02
7.848867770036356273e-01 2.000918360579757860e-02
7.846891104177617926e-01 1.571308888190395270e-02
7.844572703995345009e-01 1.141276141304678471e-02
7.841908551598953947e-01 7.108651529230389232e-03
7.838894582049610316e-01 2.801221655040792013e-03
7.835526683223270616e-01 -1.509053364272275322e-03
7.831800695709041360e-01 -5.821685931435505168e-03
7.827712412745586601e-01 -1.013617536059498170e-02
7.823257580198412775e-01 -1.445200753566121266e-02
7.818431896581019558e-01 -1.876865456367601825e-02
7.813231013122989843e-01 -2.308557442334105425e-02
7.807650533888281785e-01 -2.740221060887006177e-02
7.801686015947051356e-01 -3.171799176935424791e-02
7.795332969604477080e-01 -3.603233134385139258e-02
7.788586858690236259e-01 -4.034462719244197304e-02
7.781443100912309729e-01 -4.465426122352215976e-02
7.773897068278983191e-01 -4.896059901763701039e-02
7.765944087593004141e-01 -5.326298944819013448e-02
7.757579441021924538e-01 -5.756076429940094885e-02
7.748798366748828048e-01 -6.185323788192201300e-02
7.739596059707658515e-01 -6.613970664656390608e-02
7.729967672407491719e-01 -7.041944879662201395e-02
7.719908315850150249e-01 -7.469172389934110312e-02
7.709413060545599050e-01 -7.895577249710269974e-02
7.698476937629648020e-01 -8.321081571896726814e-02
7.687094940088452510e-01 -8.745605489325586346e-02
7.675262024094362534e-01 -9.169067116190955657e-02
7.662973110457647063e-01 -9.591382509742107931e-02
7.650223086198565392e-01 -1.001246563231903142e-01
7.637006806244261981e-01 -1.043222831382169535e-01
7.623319095254803557e-01 -1.085058021471060064e-01
7.609154749582660582e-01 -1.126742878964251821e-01
7.594508539369747568e-01 -1.168267925185210998e-01
7.579375210785989081e-01 -1.209623453839689944e-01
7.563749488413213928e-01 -1.250799527638995212e-01
7.547626077777922493e-01 -1.291785975035198153e-01
7.530999668036226780e-01 -1.332572387082158194e-01
7.513864934814005192e-01 -1.373148114436976708e-01
7.496216543204916594e-01 -1.413502264517250417e-01
7.478049150928613997e-01 -1.453623698830225075e-01
7.459357411651064140e-01 -1.493501030490702319e-01
7.440135978468436218e-01 -1.533122621945305630e-01
7.420379507555531218e-01 -1.572476582921446264e-01
7.400082661979219267e-01 -1.611550768620056140e-01
7.379240115676752865e-01 -1.650332778171879067e-01
7.357846557598235471e-01 -1.688809953377808926e-01
7.335896696011869889e-01 -1.726969377754424273e-01
7.313385262969935852e-01 -1.764797875906525260e-01
7.290307018932680183e-01 -1.802282013249092429e-01
7.266656757546585688e-01 -1.839408096101646795e-01
7.242429310572660039e-01 -1.876162172178513221e-01
7.217619552959568807e-01 -1.912530031498984318e-01
7.192222408055550797e-01 -1.948497207741770321e-01
7.166232852952201249e-01 -1.984048980068489620e-01
7.139645923952292472e-01 -2.019170375441232401e-01
7.112456722152837862e-01 -2.053846171459428882e-01
7.084660419133732567e-01 -2.088060899741375764e-01
7.056252262741298242e-01 -2.121798849875811688e-01
7.027227582955131169e-01 -2.155044073968860330e-01
6.997581797825727090e-01 -2.187780391811490754e-01
6.967310419469405769e-01 -2.219991396692369556e-01
6.936409060106113467e-01 -2.251660461880587716e-01
6.904873438124893292e-01 -2.282770747802230771e-01
6.872699384160818603e-01 -2.313305209934112538e-01
6.839882847166525170e-01 -2.343246607437241003e-01
6.806419900460594086e-01 -2.372577512551649059e-01
6.772306747734448962e-01 -2.401280320773211963e-01
6.737539728998731547e-01 -2.429337261831825967e-01
6.702115326449620269e-01 -2.456730411489045363e-01
6.666030170235113239e-01 -2.483441704171725495e-01
6.629281044100935327e-01 -2.509452946456610656e-01
6.591864890895480222e-01 -2.534745831418993012e-01
6.553778817913151755e-01 -2.559301953856606415e-01
6.515020102055395501e-01 -2.583102826397827845e-01
6.475586194788989225e-01 -2.606129896500979370e-01
6.435474726881337260e-01 -2.628364564349104926e-01
6.394683512893132304e-01 -2.649788201642041541e-01
6.353210555409275484e-01 -2.670382171284879091e-01
6.311054048989818144e-01 -2.690127847969051023e-01
6.268212383823655864e-01 -2.709006639639288117e-01
6.224684149068921979e-01 -2.727000009836564320e-01
6.180468135865355706e-01 -2.744089500903897916e-01
6.135563340005505406e-01 -2.760256758038476810e-01
6.089968964253398287e-01 -2.775483554170151135e-01
6.043684420301214111e-01 -2.789751815642702581e-01
5.996709330356697620e-01 -2.803043648670665577e-01
5.949043528356321442e-01 -2.815341366540705104e-01
5.900687060801754757e-01 -2.826627517522758426e-01
5.851640187219856459e-01 -2.836884913452264456e-01
5.801903380249258113e-01 -2.846096658940893143e-01
5.751477325359619641e-01 -2.854246181169250440e-01
5.700362920212709295e-01 -2.861317260211070357e-01
5.648561273677802363e-01 -2.867294059834447073e-01
5.596073704517136038e-01 -2.872161158721721064e-01
5.542901739760650592e-01 -2.875903582045704621e-01
5.489047112792700966e-01 -2.878506833336071380e-01
5.434511761176891165e-01 -2.879956926565903630e-01
5.379297824248733262e-01 -2.880240418384672485e-01
5.323407640509227878e-01 -2.879344440420250062e-01
5.266843744855881360e-01 -2.877256731569021730e-01
5.209608865690961155e-01 -2.873965670189743138e-01
5.151705921949887301e-01 -2.869460306113493231e-01
5.093138020095658858e-01 -2.863730392378924794e-01
5.033908451127904193e-01 -2.856766416599075820e-01
4.974020687657624284e-01 -2.848559631863181174e-01
4.913478381100861436e-01 -2.839102087074359404e-01
4.852285359046318858e-01 -2.828386656621661999e-01
4.790445622853372609e-01 -2.816407069282811926e-01
4.727963345537911088e-01 -2.803157936252074767e-01
4.664842870003919062e-01 -2.788634778186027119e-01
4.601088707678706591e-01 -2.772834051158621915e-01
4.536705537609125871e-01 -2.755753171415849523e-01
4.471698206074926629e-01 -2.737390538819505226e-01
4.406071726773602149e-01 -2.717745558869090194e-01
4.339831281628629966e-01 -2.696818663190713172e-01
4.272982222269830488e-01 -2.674611328382067166e-01
4.205530072230713734e-01 -2.651126093103097769e-01
4.137480529903059812e-01 -2.626366573302871266e-01
4.068839472283630188e-01 -2.600337475474487903e-01
3.999612959541755108e-01 -2.573044607831539432e-01
3.929807240429663562e-01 -2.544494889301716078e-01
3.859428758549734439e-01 -2.514696356235679442e-01
3.788484159484418745e-01 -2.483658166732224948e-01
3.716980298785378389e-01 -2.451390602484144754e-01
3.644924250808476707e-01 -2.417905068052963458e-01
3.572323318370607126e-01 -2.383214087484973875e-01
3.499185043193041578e-01 -2.347331298185656723e-01
3.425517217084030341e-01 -2.310271441974687257e-01
3.351327893800859492e-01 -2.272050353249290000e-01
3.276625401518527547e-01 -2.232684944189702314e-01
3.201418355818662631e-01 -2.192193186946912453e-01
3.125715673098460878e-01 -2.150594092759766374e-01
3.049526584285225939e-01 -2.107907687955771214e-01
2.972860648727782551e-01 -2.064154986797748781e-01
2.895727768121666990e-01 -2.019357961146659997e-01
2.818138200310742469e-01 -1.973539506919653186e-01
2.740102572793954860e-01 -1.926723407331603910e-01
2.661631895752526455e-01 -1.878934292918261750e-01
2.582737574400253422e-01 -1.830197598349630472e-01
2.503431420448096745e-01 -1.780539516053587790e-01
2.423725662464215058e-01 -1.729986946682111892e-01
2.343632954902633014e-01 -1.678567446466151247e-01
2.263166385568272654e-01 -1.626309171520457231e-01
2.182339481283883109e-01 -1.573240819176950356e-01
2.101166211526301342e-01 -1.519391566445049968e-01
2.019660989806419948e-01 -1.464791005720409156e-01
1.937838672580323163e-01 -1.409469077890449784e-01
1.855714555499602403e-01 -1.353456003016821341e-01
1.773304366838185653e-01 -1.296782208812418680e-01
1.690624257972692668e-01 -1.239478257174848330e-01
1.607690790844665540e-01 -1.181574769090166233e-01
1.524520922397509248e-01 -1.123102348281323493e-01
1.441131986059480674e-01 -1.064091504045420189e-01
1.357541670437107939e-01 -1.004572573802790525e-01
1.273767995490482641e-01 -9.445756459683940509e-02
1.189829286581328138e-01 -8.841304838502567209e-02
1.105744146913125170e-01 -8.232664513776816184e-02
1.021531429014655434e-01 -7.620124415588647171e-02
9.372102060462611517e-02 -7.003968086568457263e-02
8.527997438219583892e-02 -6.384473051456651671e-02
7.683194745280561011e-02 -5.761910245551343790e-02
6.837889731664703596e-02 -5.136543513211350165e-02
5.992279377445933197e-02 -4.508629187175466901e-02
5.146561741609825824e-02 -3.878415758454550888e-02
4.300935865884963905e-02 -3.246143644882221180e-02
3.455601739309815956e-02 -2.612045064053275523e-02
2.610760326313121826e-02 -1.976344013382935749e-02
1.766613657517801528e-02 -1.339256356509443968e-02
9.233649785612640937e-03 -7.009900114411715677e-03
8.121894826750297725e-04 -6.174523198392289913e-04
-7.596181261350781755e-03 5.782850296183972283e-03
-1.598938032031657630e-02 1.218914693929878945e-02
-2.436530389964161603e-02 1.859964076752218531e-02
-3.272182405825074802e-02 2.501259381207437960e-02
-4.105678654416827777e-02 3.142632178011872668e-02
-4.936800910495650618e-02 3.783918891476800717e-02
-5.765328040824302391e-02 4.424960306842418145e-02
-6.591035967445624255e-02 5.065601111919632027e-02
-7.413697708685626497e-02 5.705689482952713831e-02
-8.233083500632198959e-02 6.345076721402975739e-02
-9.048960998303690051e-02 6.983616945245085805e-02
-9.861095552645587903e-02 7.621166835564185948e-02
-1.066925055701714864e-01 8.257585436883640995e-02
-1.147318785501575955e-01 8.892734007811187169e-02
-1.227266820033033889e-01 9.526475917279658701e-02
-1.306745175875637099e-01 1.015867658084539937e-01
-1.385729864245380250e-01 1.078920343112838021e-01
-1.464196946687487677e-01 1.141792591645368615e-01
-1.542122592142569082e-01 1.204471552199904982e-01
-1.619483134574888628e-01 1.266944580818591404e-01
-1.696255130444134229e-01 1.329199246160192027e-01
-1.772415415398128358e-01 1.391223335435116948e-01
-1.847941159658119392e-01 1.453004860834979650e-01
-1.922809921657289423e-01 1.514532066168579605e-01
-1.996999699574579512e-01 1.575793433472101879e-01
-2.070488980478824292e-01 1.636777689411717529e-01
-2.143256786862086094e-01 1.697473811340948491e-01
-2.215282720396345439e-01 1.757871032913116416e-01
-2.286547002794753480e-01 1.817958849181014469e-01
-2.357030513698350482e-01 1.877727021142184816e-01
-2.426714825542444776e-01 1.937165579709313745e-01
-2.495582235384414538e-01 1.996264829101946081e-01
-2.563615793697557321e-01 2.055015349668578850e-01
-2.630799330154490190e-01 2.113408000157752931e-01
-2.697117476439075401e-01 2.171433919463656714e-01
-2.762555686138636890e-01 2.229084527876372956e-01
-2.827100251778759121e-01 2.286351527869736056e-01
-2.890738319071601836e-01 2.343226904461133131e-01
-2.953457898455862374e-01 2.399702925177849000e-01
-3.015247874012417784e-01 2.455772139663905951e-01
-3.076098009844600023e-01 2.511427378960091605e-01
-3.135998954016100959e-01 2.566661754488109293e-01
-3.194942240142843448e-01 2.621468656767714789e-01
-3.252920286737867595e-01 2.675841753893402064e-01
-3.309926394410432904e-01 2.729774989794835904e-01
-3.365954741022275654e-01 2.783262582302786781e-01
-3.421000374905186492e-01 2.836299021039919155e-01
-3.475059206244930921e-01 2.888879065153487358e-01
-3.528127996737058791e-01 2.940997740904739977e-01
-3.580204347620242755e-01 2.992650339127788106e-01
-3.631286686192616853e-01 3.043832412568740486e-01
-3.681374250916082946e-01 3.094539773114172165e-01
-3.730467075212701156e-01 3.144768488916384608e-01
-3.778565970056214640e-01 3.194514881421511299e-01
-3.825672505460378514e-01 3.243775522305309966e-01
-3.871788990964081245e-01 3.292547230320366225e-01
-3.916918455211428896e-01 3.340827068057603544e-01
-3.961064624722786531e-01 3.388612338624191755e-01
-4.004231901950469630e-01 3.435900582239400647e-01
-4.046425342710243678e-01 3.482689572749484430e-01
-4.087650633077067885e-01 3.528977314062347048e-01
-4.127914065830639578e-01 3.574762036502566187e-01
-4.167222516533288235e-01 3.620042193087232296e-01
-4.205583419319590122e-01 3.664816455723083899e-01
-4.243004742473816537e-01 3.709083711325482091e-01
-4.279494963867988555e-01 3.752843057859945874e-01
-4.315063046329826735e-01 3.796093800307181465e-01
-4.349718413006447570e-01 3.838835446552798514e-01
-4.383470922786097401e-01 3.881067703203242014e-01
-4.416330845836632379e-01 3.922790471329789530e-01
-4.448308839315927576e-01 3.964003842142839185e-01
-4.479415923305814506e-01 4.004708092599099656e-01
-4.509663457017581423e-01 4.044903680944667568e-01
-4.539063115313596297e-01 4.084591242197369576e-01
-4.567626865586134066e-01 4.123771583572139465e-01
-4.595366945031077455e-01 4.162445679853545855e-01
-4.622295838350819475e-01 4.200614668719953038e-01
-4.648426255917460503e-01 4.238279846024126662e-01
-4.673771112424180418e-01 4.275442661035392389e-01
-4.698343506049615370e-01 4.312104711648740984e-01
-4.722156698157092269e-01 4.348267739566514245e-01
-4.745224093547672495e-01 4.383933625458538152e-01
-4.767559221283236837e-01 4.419104384106708472e-01
-4.789175716093174162e-01 4.453782159540249364e-01
-4.810087300375721631e-01 4.487969220167906670e-01
-4.830307766802608427e-01 4.521667953913470206e-01
-4.849850961533380134e-01 4.554880863361033816e-01
-4.868730768043615376e-01 4.587610560916420277e-01
-4.886961091569239635e-01 4.619859763991190360e-01
-4.904555844167237111e-01 4.651631290215577641e-01
-4.921528930391267931e-01 4.682928052686623488e-01
-4.937894233579080971e-01 4.713753055257682290e-01
-4.953665602747040486e-01 4.744109387875304895e-01
-4.968856840085719151e-01 4.774000221969380564e-01
-4.983481689049162888e-01 4.803428805902195675e-01
-4.997553823029314835e-01 4.832398460481905911e-01
-5.011086834605941176e-01 4.860912574545638853e-01
-5.024094225361506183e-01 4.888974600617272404e-01
-5.036589396249548933e-01 4.916588050644615793e-01
-5.048585638504342610e-01 4.943756491820489596e-01
-5.060096125078974438e-01 4.970483542491926365e-01
-5.071133902598405907e-01 4.996772868161390990e-01
-5.081711883813563313e-01 5.022628177583673414e-01
-5.091842840542112336e-01 5.048053218961783273e-01
-5.101539397081265026e-01 5.073051776244861255e-01
-5.110814024077658946e-01 5.097627665530856111e-01
-5.119679032839208332e-01 5.121784731576376481e-01
-5.128146570073692789e-01 5.145526844415843071e-01
-5.136228613038760216e-01 5.168857896091763049e-01
-5.143936965088061752e-01 5.191781797497648787e-01
-5.151283251598237634e-01 5.214302475334808840e-01
-5.158278916261597180e-01 5.236423869183954860e-01
-5.164935217729469397e-01 5.258149928692283925e-01
-5.171263226591366058e-01 5.279484610876425954e-01
-5.177273822675325654e-01 5.300431877541380565e-01
-5.182977692655070800e-01 5.320995692815285727e-01
-5.188385327949843751e-01 5.341180020799652928e-01
-5.193507022903167680e-01 5.360988823334428277e-01
-5.198352873227012338e-01 5.380426057877012447e-01
-5.202932774698284524e-01 5.399495675494180302e-01
-5.207256422094885817e-01 5.418201618965569066e-01
-5.211333308358936378e-01 5.436547820997275071e-01
-5.215172723975232127e-01 5.454538202543859349e-01
-5.218783756553341258e-01 5.472176671236879120e-01
-5.222175290602186770e-01 5.489467119917927906e-01
-5.225356007486375853e-01 5.506413425273966045e-01
-5.228334385553965458e-01 5.523019446572615676e-01
-5.231118700425753110e-01 5.539289024494883362e-01
-5.233717025436650516e-01 5.555225980062743485e-01
-5.236137232220055004e-01 5.570834113658797992e-01
-5.238386991426631223e-01 5.586117204135176983e-01
-5.240473773569253035e-01 5.601079008008720272e-01
-5.242404849986318505e-01 5.615723258739404589e-01
-5.244187293916036108e-01 5.630053666088856712e-01
-5.245827981674644480e-01 5.644073915555787302e-01
-5.247333593931986506e-01 5.657787667885062488e-01
-5.248710617078145013e-01 5.671198558647074783e-01
-5.249965344675268097e-01 5.684310197884069327e-01
-5.251103878989051843e-01 5.697126169820008190e-01
-5.252132132594686809e-01 5.709650032630528838e-01
-5.253055830052404396e-01 5.721885318269547271e-01
-5.253880509648047870e-01 5.733835532349020880e-01
-5.254611525194474719e-01 5.745504154068410418e-01
-5.255254047889769131e-01 5.756894636190349468e-01
-5.255813068228605278e-01 5.768010405059057488e-01
-5.256293397963344161e-01 5.778854860658060311e-01
-5.256699672111657673e-01 5.789431376703779719e-01
-5.257036351007747799e-01 5.799743300771607046e-01
-5.257307722394413130e-01 5.809793954451114573e-01
-5.257517903553442506e-01 5.819586633527082942e-01
-5.257670843471973221e-01 5.829124608183121614e-01
-5.257770325042659953e-01 5.838411123224667154e-01
-5.257819967295636054e-01 5.847449398318227409e-01
-5.257823227660396448e-01 5.856242628243868431e-01
-5.257783404255865767e-01 5.864793983157902124e-01
-5.257703638207064101e-01 5.873106608862954658e-01
-5.257586915986814935e-01 5.881183627082572363e-01
-5.257436071781126374e-01 5.889028135737695013e-01
-5.257253789876894512e-01 5.896643209222380833e-01
-5.257042607070671059e-01 5.904031898676305179e-01
-5.256804915097281761e-01 5.911197232251648170e-01
-5.256542963077173169e-01 5.918142215372113046e-01
-5.256258859981348674e-01 5.924869830981920327e-01
-5.255954577112832427e-01 5.931383039782782696e-01
-5.255631950603577573e-01 5.937684780456925493e-01
-5.255292683925810726e-01 5.943777969874433076e-01
-5.254938350416723525e-01 5.949665503283263490e-01
-5.254570395815527650e-01 5.955350254480430428e-01
-5.254190140811768606e-01 5.960835075963004659e-01
-5.253798783603891298e-01 5.966122799057697046e-01
-5.253397402466937205e-01 5.971216234027929559e-01
-5.252986958328317302e-01 5.976118170157445064e-01
-5.252568297350497240e-01 5.980831375809645412e-01
-5.252142153519494538e-01 5.985358598461945068e-01
-5.251709151237948792e-01 5.989702564714651789e-01
-5.251269807921625787e-01 5.993865980273869187e-01
-5.250824536598041048e-01 5.997851529908229118e-01
-5.250373648505984869e-01 6.001661877379225185e-01
-5.249917355694615484e-01 6.005299665345138482e-01
-5.249455773620788079e-01 6.008767515238635504e-01
-5.248988923743238555e-01 6.012068027118235847e-01
-5.248516736112240899e-01 6.015203779493956127e-01
-5.248039051953297118e-01 6.018177329127556430e-01
-5.247555626243425309e-01 6.020991210807891125e-01
-5.247066130278552620e-01 6.023647937101981320e-01
-5.246570154230542071e-01 6.026149998082528381e-01
-5.246067209692338862e-01 6.028499861032621254e-01
-5.245556732209719630e-01 6.030699970128527987e-01
-5.245038083798116979e-01 6.032752746101491814e-01
-5.244510555443011590e-01 6.034660585879534356e-01
-5.243973369582325406e-01 6.036425862210326176e-01
-5.243425682569351487e-01 6.038050923266216063e-01
-5.242866587114658472e-01 6.039538092232592525e-01
-5.242295114705500803e-01 6.040889666880759901e-01
-5.241710238001252575e-01 6.042107919126538107e-01
-5.241110873203411735e-01 6.043195094575852799e-01
-5.240495882398747973e-01 6.044153412058563823e-01
-5.239864075874199889e-01 6.044985063151828708e-01
-5.239214214402159175e-01 6.045692211694267959e-01
-5.238545011494841752e-01 6.046276993292227786e-01
-5.237855135626451331e-01 6.046741514819420349e-01
-5.237143212421926375e-01 6.047087853911210509e-01
-5.236407826811084743e-01 6.047318058454809186e-01
-5.235647525147066883e-01 6.047434146076597905e-01
-5.234860817287976253e-01 6.047438103627831296e-01
-5.234046178640763269e-01 6.047331886669859990e-01
-5.233202052166370244e-01 6.047117418960052948e-01
-5.232326850345303537e-01 6.046796591939542775e-01
-5.231418957102786926e-01 6.046371264223866504e-01
-5.230476729692774551e-01 6.045843261097536558e-01
-5.229498500540155081e-01 6.045214374013572201e-01
-5.228482579040549805e-01 6.044486360098890732e-01
-5.227427253317153966e-01 6.043660941666528785e-01
-5.226330791934202802e-01 6.042739805735517500e-01
-5.225191445566637061e-01 6.041724603559217588e-01
-5.224007448625693772e-01 6.040616950162907006e-01
-5.222777020840156936e-01 6.039418423891305121e-01
-5.221498368793104916e-01 6.038130565966706165e-01
-5.220169687414065729e-01 6.036754880058348149e-01
-5.218789161426546919e-01 6.035292831863536822e-01
-5.217354966750973322e-01 6.033745848701104197e-01
-5.215865271863153740e-01 6.032115319117599128e-01
-5.214318239108441944e-01 6.030402592506665105e-01
-5.212712025971825147e-01 6.028608978741977209e-01
-5.211044786304250831e-01 6.026735747824041312e-01
-5.209314671505547167e-01 6.024784129541159716e-01
-5.207519831664344512e-01 6.022755313144785294e-01
-5.205658416655486453e-01 6.020650447039487263e-01
-5.203728577195443350e-01 6.018470638487649627e-01
-5.201728465856330086e-01 6.016216953329069916e-01
-5.199656238039100931e-01 6.013890415715514859e-01
-5.197510052906668676e-01 6.011492007860306241e-01
-5.195288074277594204e-01 6.009022669802935868e-01
-5.192988471481139179e-01 6.006483299188745129e-01
-5.190609420174472355e-01 6.003874751063591475e-01
-5.188149103122841055e-01 6.001197837683475145e-01
-5.185605710943577140e-01 5.998453328339024004e-01
-5.182977442814852287e-01 5.995641949194756570e-01
-5.180262507150050766e-01 5.992764383142972218e-01
-5.177459122238743383e-01 5.989821269672153115e-01
-5.174565516855209601e-01 5.986813204749719119e-01
-5.171579930835493721e-01 5.983740740718948015e-01
-5.168500615623990990e-01 5.980604386209914525e-01
-5.165325834790586157e-01 5.977404606064216086e-01
-5.162053864519358104e-01 5.974141821273329933e-01
-5.158682994069893057e-01 5.970816408930366137e-01
-5.155211526212251094e-01 5.967428702195003432e-01
-5.151637777636616233e-01 5.963978990271441294e-01
-5.147960079338700368e-01 5.960467518399068521e-01
-5.144176776981932431e-01 5.956894487855721732e-01
-5.140286231237493064e-01 5.953260055973246256e-01
-5.136286818103228402e-01 5.949564336165185097e-01
-5.132176929202488802e-01 5.945807397966371699e-01
-5.127954972063929473e-01 5.941989267084215598e-01
-5.123619370383266647e-01 5.938109925461485528e-01
-5.119168564268055110e-01 5.934169311350383502e-01
-5.114601010466434117e-01 5.930167319397726677e-01
-5.109915182580855308e-01 5.926103800741063798e-01
-5.105109571267768542e-01 5.921978563115521954e-01
-5.100182684424210411e-01 5.917791370971253739e-01
-5.095133047362239154e-01 5.913541945601320515e-01
-5.089959202972140773e-01 5.909229965279846342e-01
-5.084659711875301191e-01 5.904855065410341552e-01
-5.079233152567643739e-01 5.900416838684034992e-01
-5.073678121554472398e-01 5.895914835248157182e-01
-5.067993233477566806e-01 5.891348562884020090e-01
-5.062177121235352795e-01 5.886717487194853549e-01
-5.056228436096951162e-01 5.882021031803277289e-01
-5.050145847810830757e-01 5.877258578558411939e-01
-5.043928044708885228e-01 5.872429467752506849e-01
-5.037573733806570697e-01 5.867532998347122497e-01
-5.031081640899881524e-01 5.862568428208793092e-01
-5.024450510659768110e-01 5.857534974354173807e-01
-5.017679106724692861e-01 5.852431813204703737e-01
-5.010766211791908287e-01 5.847258080850766815e-01
-5.003710627708071179e-01 5.842012873325406197e-01
-4.996511175559755769e-01 5.836695246887619870e-01
-4.989166695764394310e-01 5.831304218315308541e-01
-4.981676048162184678e-01 5.825838765207929093e-01
-4.974038112109433474e-01 5.820297826298949095e-01
-4.966251786573790405e-01 5.814680301778185623e-01
-4.958315990231834669e-01 5.808985053624141637e-01
-4.950229661569400808e-01 5.803210905946443177e-01
-4.941991758985035954e-01 5.797356645338518355e-01
-4.933601260896931517e-01 5.791421021240652500e-01
-4.925057165853695684e-01 5.785402746313559330e-01
-4.916358492649213208e-01 5.779300496822639133e-01
-4.907504280441934430e-01 5.773112913033076055e-01
-4.898493588878801708e-01 5.766838599615971006e-01
-4.889325498224060818e-01 5.760476126065670055e-01
-4.879999109493162179e-01 5.754024027128508134e-01
-4.870513544591915656e-01 5.747480803243147918e-01
-4.860867946461076006e-01 5.740844920992734801e-01
-4.851061479226467799e-01 5.734114813569061164e-01
-4.841093328354769687e-01 5.727288881248991936e-01
-4.830962700815031319e-01 5.720365491883347975e-01
-4.820668825245987277e-01 5.713342981398483733e-01
-4.810210952129204687e-01 5.706219654310810130e-01
-4.799588353968072263e-01 5.698993784254460238e-01
-4.788800325472625241e-01 5.691663614522388670e-01
-4.777846183750180664e-01 5.684227358621088966e-01
-4.766725268501710855e-01 5.676683200839225396e-01
-4.755436942223906227e-01 5.669029296830384590e-01
-4.743980590416809751e-01 5.661263774210206767e-01
-4.732355621796923151e-01 5.653384733168120846e-01
-4.720561468515627745e-01 5.645390247093966529e-01
-4.708597586382790023e-01 5.637278363219675459e-01
-4.696463455095349349e-01 5.629047103276316744e-01
-4.684158578470705159e-01 5.620694464166671178e-01
-4.671682484684693271e-01 5.612218418653618368e-01
-4.659034726513894276e-01 5.603616916064517728e-01
-4.646214881582061973e-01 5.594887883011806506e-01
-4.633222552610354872e-01 5.586029224130042437e-01
-4.620057367671121518e-01 5.577038822829556430e-01
-4.606718980444917122e-01 5.567914542066936257e-01
-4.593207070480442855e-01 5.558654225132485527e-01
-4.579521343457051419e-01 5.549255696454880038e-01
-4.565661531449486943e-01 5.539716762423124718e-01
-4.551627393194486171e-01 5.530035212225984376e-01
-4.537418714358857907e-01 5.520208818709027021e-01
-4.523035307808627725e-01 5.510235339249383024e-01
-4.508477013878877671e-01 5.500112516648327787e-01
-4.493743700643816896e-01 5.489838080041784529e-01
-4.478835264186668552e-01 5.479409745828798250e-01
-4.463751628868921073e-01 5.468825218618063033e-01
-4.448492747598490338e-01 5.458082192192510451e-01
-4.433058602096300871e-01 5.447178350491992394e-01
-4.417449203160829785e-01 5.436111368614042760e-01
-4.401664590930114973e-01 5.424878913832709149e-01
-4.385704835140722402e-01 5.413478646635375702e-01
-4.369570035383165685e-01 5.401908221777547148e-01
-4.353260321353262796e-01 5.390165289355474121e-01
-4.336775853098916444e-01 5.378247495896499863e-01
-4.320116821261769102e-01 5.366152485466998412e-01
-4.303283447313209775e-01 5.353877900797743283e-01
-4.286275983784196830e-01 5.341421384426470187e-01
-4.269094714488341769e-01 5.328780579857461674e-01
-4.251739954737703275e-01 5.315953132737869513e-01
-4.234212051550759193e-01 5.302936692050504996e-01
-4.216511383851986317e-01 5.289728911322786331e-01
-4.198638362662497348e-01 5.276327449851501150e-01
-4.180593431281196537e-01 5.262729973943010009e-01
-4.162377065455881708e-01 5.248934158168506725e-01
-4.143989773543749200e-01 5.234937686633883702e-01
-4.125432096660758829e-01 5.220738254263732614e-01
-4.106704608819313762e-01 5.206333568098989728e-01
-4.087807917053694062e-01 5.191721348607709619e-01
-4.068742661532745442e-01 5.176899331008352201e-01
-4.049509515659258652e-01 5.161865266605051294e-01
-4.030109186155546031e-01 5.146616924134151949e-01
-4.010542413134677853e-01 5.131152091121415904e-01
-3.990809970156884989e-01 5.115468575249142447e-01
-3.970912664270651038e-01 5.099564205732498579e-01
-3.950851336037969341e-01 5.083436834704253560e-01
-3.930626859543336349e-01 5.067084338607125149e-01
-3.910240142385996709e-01 5.050504619592894873e-01
-3.889692125655007660e-01 5.033695606927404143e-01
-3.868983783886690286e-01 5.016655258400505302e-01
-3.848116125004054089e-01 4.999381561740043334e-01
-3.827090190237794620e-01 4.981872536028859044e-01
-3.805907054028500602e-01 4.964126233123800080e-01
-3.784567823909691930e-01 4.946140739075691184e-01
-3.763073640371359385e-01 4.927914175549171771e-01
-3.741425676703685199e-01 4.909444701241275077e-01
-3.719625138820630283e-01 4.890730513297614768e-01
-3.697673265063150527e-01 4.871769848724957774e-01
-3.675571325981740745e-01 4.852560985798999305e-01
-3.653320624098096436e-01 4.833102245466076030e-01
-3.630922493645707405e-01 4.813391992737549585e-01
-3.608378300289162288e-01 4.793428638075527548e-01
-3.585689440822040774e-01 4.773210638768620728e-01
-3.562857342843244735e-01 4.752736500296356192e-01
-3.539883464411675562e-01 4.732004777680850482e-01
-3.516769293679174457e-01 4.711014076824340258e-01
-3.493516348501682911e-01 4.689763055831127625e-01
-3.470126176028593967e-01 4.668250426312477996e-01
-3.446600352270311474e-01 4.646474954672986657e-01
-3.422940481644050070e-01 4.624435463376912470e-01
-3.399148196497923102e-01 4.602130832192949939e-01
-3.375225156613446131e-01 4.579559999415902527e-01
-3.351173048686535982e-01 4.556721963063697922e-01
-3.326993585787185181e-01 4.533615782048182608e-01
-3.302688506797973877e-01 4.510240577318092026e-01
-3.278259575831625749e-01 4.486595532972603717e-01
-3.253708581627856589e-01 4.462679897343873603e-01
-3.229037336929747593e-01 4.438492984046925049e-01
-3.204247677839960895e-01 4.414034172995277561e-01
-3.179341463157089320e-01 4.389302911380659200e-01
-3.154320573692499519e-01 4.364298714615204022e-01
-3.129186911568012652e-01 4.339021167234457521e-01
-3.103942399494826754e-01 4.313469923759564728e-01
-3.078588980034095979e-01 4.287644709517009489e-01
-3.053128614839581423e-01 4.261545321414251242e-01
-3.027563283882859779e-01 4.235171628669617272e-01
-3.001894984661539478e-01 4.208523573494855619e-01
-2.976125731390994456e-01 4.181601171728662747e-01
-2.950257554180125696e-01 4.154404513419638345e-01
-2.924292498191688461e-01 4.126933763356989693e-01
-2.898232622787706436e-01 4.099189161547430738e-01
-2.872080000660565124e-01 4.071171023636686037e-01
-2.845836716950319589e-01 4.042879741273989747e-01
-2.819504868348829407e-01 4.014315782418064193e-01
-2.793086562191282596e-01 3.985479691583001527e-01
-2.766583915535719695e-01 3.956372090022520216e-01
-2.739999054231158082e-01 3.926993675851092047e-01
-2.713334111974904928e-01 3.897345224100451366e-01
-2.686591229359689414e-01 3.867427586709976661e-01
-2.659772552911191523e-01 3.837241692449530617e-01
-2.632880234116588003e-01 3.806788546773274273e-01
-2.605916428444705057e-01 3.776069231603093601e-01
-2.578883294358363942e-01 3.745084905040186318e-01
-2.551782992319511223e-01 3.713836801003461141e-01
-2.524617683787702127e-01 3.682326228793427192e-01
-2.497389530212488495e-01 3.650554572580171353e-01
-2.470100692020268940e-01 3.618523290814189552e-01
-2.442753327596133284e-01 3.586233915558754148e-01
-2.415349592261189504e-01 3.553688051742547316e-01
-2.387891637245905807e-01 3.520887376331360841e-01
-2.360381608659910535e-01 3.487833637417598887e-01
-2.332821646458710652e-01 3.454528653226445201e-01
-2.305213883407776498e-01 3.420974311037491833e-01
-2.277560444044364196e-01 3.387172566020706377e-01
-2.249863443637495908e-01 3.353125439985621403e-01
-2.222124987146423813e-01 3.318835020042646966e-01
-2.194347168177930019e-01 3.284303457175439811e-01
-2.166532067942763262e-01 3.249532964723312323e-01
-2.138681754211493036e-01 3.214525816772642042e-01
-2.110798280270047289e-01 3.179284346456332511e-01
-2.082883683875166592e-01 3.143810944160334575e-01
-2.054939986209989577e-01 3.108108055636354394e-01
-2.026969190839981727e-01 3.072178180019843885e-01
-1.998973282669370688e-01 3.036023867752431493e-01
-1.970954226898282979e-01 2.999647718407997266e-01
-1.942913967980719470e-01 2.963052378421662247e-01
-1.914854428583564194e-01 2.926240538720938922e-01
-1.886777508546753357e-01 2.889214932258450386e-01
-1.858685083844816288e-01 2.851978331445639281e-01
-1.830579005549943794e-01 2.814533545486934685e-01
-1.802461098796828143e-01 2.776883417613979499e-01
-1.774333161749512278e-01 2.739030822219613026e-01
-1.746196964570560783e-01 2.700978661891362820e-01
-1.718054248392883454e-01 2.662729864344370312e-01
-1.689906724294683027e-01 2.624287379253804620e-01
-1.661756072278015584e-01 2.585654174986969922e-01
-1.633603940251593944e-01 2.546833235235460013e-01
-1.605451943018598726e-01 2.507827555547990639e-01
-1.577301661270365807e-01 2.468640139764686214e-01
-1.549154640587028509e-01 2.429273996353902287e-01
-1.521012390446362106e-01 2.389732134652945705e-01
-1.492876383242283389e-01 2.350017561014363932e-01
-1.464748053314741671e-01 2.310133274859830221e-01
-1.436628795992977436e-01 2.270082264644103787e-01
-1.408519966654453726e-01 2.229867503731921274e-01
-1.380422879802105651e-01 2.189491946191219340e-01
-1.352338808162940609e-01 2.148958522506643765e-01
-1.324268981811434487e-01 2.108270135217857888e-01
-1.296214587321639078e-01 2.067429654487905610e-01
-1.268176766952428536e-01 2.026439913607545329e-01
-1.240156617870841749e-01 1.985303704442292205e-01
-1.212155191419114209e-01 1.944023772829822083e-01
-1.184173492431594976e-01 1.902602813936234982e-01
-1.156212478608461547e-01 1.861043467580781319e-01
-1.128273059953887603e-01 1.819348313539698170e-01
-1.100356098287077478e-01 1.777519866840950868e-01
-1.072462406835444915e-01 1.735560573062971401e-01
-1.044592749920048025e-01 1.693472803651725478e-01
-1.016747842744321617e-01 1.651258851271836248e-01
-9.889283512980795443e-02 1.608920925208962849e-01
-9.611348923897100605e-02 1.566461146842045571e-01
-9.333680338204847216e-02 1.523881545205593713e-01
-9.056282947158417196e-02 1.481184052663731265e-01
-8.779161460295348274e-02 1.438370500719261535e-01
-8.502320112374317507e-02 1.395442615982542545e-01
-8.225762672386799368e-02 1.352402016326498813e-01
-7.949492454828099852e-02 1.309250207255491794e-01
-7.673512333421095288e-02 1.265988578517139862e-01
-7.397824757492454939e-02 1.222618400987383891e-01
-7.122431771206749751e-02 1.179140823860118925e-01
-6.847335035867363473e-02 1.135556872173581477e-01
-6.572535855494787693e-02 1.091867444706196566e-01
-6.298035205892948962e-02 1.048073312274920843e-01
-6.023833767410680107e-02 1.004175116468964124e-01
-5.749931961600518449e-02 9.601733688514091369e-02
-5.476329991967232580e-02 9.160684506601923793e-02
-5.203027888987038496e-02 8.718606130385869735e-02
-4.930025559561840298e-02 8.275499778233605386e-02
-4.657322841053646023e-02 7.831365389162878166e-02
-4.384919560019728824e-02 7.386201642615547458e-02
-4.112815595741775576e-02 6.940005984479863388e-02
-3.841010948609646647e-02 6.492774659506075907e-02
-3.569505813384421522e-02 6.044502750212571440e-02
-3.298300657325170526e-02 5.595184222323973389e-02
-3.027396303120444276e-02 5.144811976723301372e-02
-2.756794016518437918e-02 4.693377907835472040e-02
-2.486495598500654269e-02 4.240872968290676503e-02
-2.216503481791959329e-02 3.787287239645029113e-02
-1.946820831447987343e-02 3.332610008862968431e-02
-1.677451649207289952e-02 2.876829850192252902e-02
-1.408400881243604408e-02 2.419934711990640031e-02
-1.139674528902462347e-02 1.961912007992888674e-02
-8.712797619586765130e-03 1.502748712442580903e-02
-6.032250338863676120e-03 1.042431458453024762e-02
-3.355201985936751008e-03 5.809466389098294492e-03
-6.817662803986213049e-04 1.182805091847427548e-03
1.987926698746533827e-03 -3.455807091023360700e-03
4.653729337755319051e-03 -8.106507240578902929e-03
7.315475322817399650e-03 -1.276943070019506687e-02
9.972978491195549910e-03 -1.744471005381453832e-02
1.262603170526727103e-02 -2.213247412514782186e-02
1.527440575577010407e-02 -2.683284700526489264e-02
1.791784830035569875e-02 -3.154594711561189979e-02
2.055608284326837509e-02 -3.627188631294478438e-02
2.318880776161685864e-02 -4.101076904204375984e-02
2.581569538328920554e-02 -4.576269154133993933e-02
2.843639112109314082e-02 -5.052774110578384104e-02
3.105051266719188741e-02 -5.530599541042202638e-02
3.365764925136427443e-02 -6.009752189725570126e-02
3.625736096605147729e-02 -6.490237722702826839e-02
3.884917816058508500e-02 -6.972060679667960170e-02
4.143260090641609494e-02 -7.455224432229481946e-02
4.400709853461182153e-02 -7.939731148651682502e-02
4.657210924635335481e-02 -8.425581764857531519e-02
4.912703979665544729e-02 -8.912775961432808924e-02
5.167126525107257340e-02 -9.401312146304136030e-02
5.420412881472219668e-02 -9.891187442703211485e-02
5.672494173258002537e-02 -1.038239768197928570e-01
5.923298325967274458e-02 -1.087493740078031845e-01
6.172750069951282725e-02 -1.136879984209063221e-01
6.420770950888998740e-02 -1.186397695959040544e-01
6.667279346694959807e-02 -1.236045942478700699e-01
6.912190490635544693e-02 -1.285823663636304626e-01
7.155416500423955606e-02 -1.335729673118742633e-01
7.396866413058977852e-02 -1.385762659644469430e-01
7.636446225170745450e-02 -1.435921188235306789e-01
7.874058938638106575e-02 -1.486203701496267016e-01
8.109604611246773453e-02 -1.536608520855080040e-01
8.342980412163036874e-02 -1.587133847716055701e-01
8.574080682006851584e-02 -1.637777764486217924e-01
8.802796997317496874e-02 -1.688538235435130819e-01
9.029018239215741426e-02 -1.739413107353559029e-01
9.252630666078204280e-02 -1.790400109979875809e-01
9.473517990051533166e-02 -1.841496856167086638e-01
9.691561457246272715e-02 -1.892700841767122055e-01
9.906639931462229987e-02 -1.944009445213019660e-01
1.011862998130909075e-01 -1.995419926783296161e-01
1.032740597059767507e-01 -2.046929427536640089e-01
1.053284015188749589e-01 -2.098534967908495530e-01
1.073480276308709791e-01 -2.150233445964679357e-01
1.093316212701250234e-01 -2.202021635310385805e-01
1.112778475381799859e-01 -2.253896182656123792e-01
1.131853544622111185e-01 -2.305853605045024568e-01
1.150527740745012628e-01 -2.357890286748847430e-01
1.168787235184882145e-01 -2.410002475842544234e-01
1.186618061807774849e-01 -2.462186280469743638e-01
1.204006128485543003e-01 -2.514437664813786721e-01
1.220937228918619888e-01 -2.566752444791036147e-01
1.237397054702330523e-01 -2.619126283485150863e-01
1.253371207631771567e-01 -2.671554686342802465e-01
1.268845212240323206e-01 -2.724032996152941921e-01
1.283804528566864778e-01 -2.776556387833198913e-01
1.298234565146610953e-01 -2.829119863048365491e-01
1.312120692220371532e-01 -2.881718244687087593e-01
1.325448255156743693e-01 -2.934346171224000988e-01
1.338202588081423561e-01 -2.986998090995393040e-01
1.350369027707474801e-01 -3.039668256417396575e-01
1.361932927359888468e-01 -3.092350718176311575e-01
1.372879671187312023e-01 -3.145039319421260582e-01
1.383194688553225915e-01 -3.197727689989788291e-01
1.392863468598238286e-01 -3.250409240697397228e-01
1.401871574964496658e-01 -3.303077157722160151e-01
1.410204660672491062e-01 -3.355724397115654734e-01
1.417848483139804161e-01 -3.408343679471501075e-01
1.424788919330509107e-01 -3.460927484782574393e-01
1.431011981023118107e-01 -3.513468047517779858e-01
1.436503830184157060e-01 -3.565957351948892406e-01
1.441250794433477367e-01 -3.618387127757520250e-01
1.445239382586582799e-01 -3.670748845951654626e-01
1.448456300258308405e-01 -3.723033715120611098e-01
1.450888465511235015e-01 -3.775232678056372748e-01
1.452523024531343909e-01 -3.827336408768425846e-01
1.453347367312425586e-01 -3.879335309918199304e-01
1.453349143329888959e-01 -3.931219510698116260e-01
1.452516277183692195e-01 -3.982978865179024330e-01
1.450836984189231571e-01 -4.034602951148503758e-01
1.448299785894169300e-01 -4.086081069461091619e-01
1.444893525498406051e-01 -4.137402243920039746e-01
1.440607383153558185e-01 -4.188555221708503140e-01
1.435430891117650265e-01 -4.239528474386515255e-01
1.429353948740033908e-01 -4.290310199468237995e-01
1.422366837250954030e-01 -4.340888322592170168e-01
1.414460234329650845e-01 -4.391250500295086345e-01
1.405625228424448592e-01 -4.441384123398463557e-01
1.395853332797921675e-01 -4.491276321014188166e-01
1.385136499269945531e-01 -4.540913965174109279e-01
1.373467131631311289e-01 -4.590283676086010511e-01
1.360838098700426768e-01 -4.639371828016292110e-01
1.347242746995784279e-01 -4.688164555797484367e-01
1.332674912996946182e-01 -4.736647761956503944e-01
1.317128934967103371e-01 -4.784807124457298722e-01
1.300599664310649051e-01 -4.832628105049336376e-01
1.283082476439744990e-01 -4.880095958211121410e-01
1.264573281124469761e-01 -4.927195740675739399e-01
1.245068532301954745e-01 -4.973912321523307201e-01
1.224565237320736910e-01 -5.020230392822999654e-01
1.203060965597682330e-01 -5.066134480805295492e-01
1.180553856665884360e-01 -5.111608957543100074e-01
1.157042627593263262e-01 -5.156638053118396403e-01
1.132526579752992091e-01 -5.201205868249296760e-01
1.107005604928340825e-01 -5.245296387350619760e-01
1.080480190736171908e-01 -5.288893491999362428e-01
1.052951425355028725e-01 -5.331980974775074600e-01
1.024421001545580689e-01 -5.374542553443624193e-01
9.948912199530879352e-02 -5.416561885451551817e-01
9.643649916835320135e-02 -5.458022582697225067e-01
9.328458401471051431e-02 -5.498908226543836042e-01
9.003379021649007830e-02 -5.539202383038623889e-01
8.668459283367585533e-02 -5.578888618301915958e-01
8.323752826704911012e-02 -5.617950514049143695e-01
7.969319414749026498e-02 -5.656371683208665235e-01
7.605224915212577264e-02 -5.694135785598010147e-01
7.231541274801586705e-02 -5.731226543621208425e-01
6.848346486429940372e-02 -5.767627757950058998e-01
6.455724549393371259e-02 -5.803323323152511648e-01
6.053765422638868188e-02 -5.838297243231889144e-01
5.642564971286775921e-02 -5.872533647041373595e-01
5.222224906583611270e-02 -5.906016803538989279e-01
4.792852719483595147e-02 -5.938731136849410008e-01
4.354561608076357171e-02 -5.970661241100005956e-01
3.907470399096635294e-02 -6.001791894999901622e-01
3.451703463769031921e-02 -6.032108076132280949e-01
2.987390628256902936e-02 -6.061594974931689972e-01
2.514667078999582861e-02 -6.090238008319891483e-01
2.033673263235635797e-02 -6.118022832975504866e-01
1.544554785022153598e-02 -6.144935358214713705e-01
1.047462297070811399e-02 -6.170961758462192304e-01
5.425513887306832039e-03 -6.196088485293569370e-01
2.998247045541413414e-04 -6.220302279032798864e-01
-4.900793449011314751e-03 -6.243590179890082803e-01
-1.017464363612777256e-02 -6.265939538628120253e-01
-1.551998435080770289e-02 -6.287338026746769337e-01
-2.093503077953301483e-02 -6.307773646178445048e-01
-2.641795608012204033e-02 -6.327234738488851651e-01
-3.196689267476932050e-02 -6.345709993579842223e-01
-3.757993355378905220e-02 -6.363188457893540484e-01
-4.325513358664709318e-02 -6.379659542118891746e-01
-4.899051083693034547e-02 -6.395113028404104671e-01
-5.478404787798246689e-02 -6.409539077080411706e-01
-6.063369310603045070e-02 -6.422928232904674406e-01
-6.653736204773272322e-02 -6.435271430830240558e-01
-7.249293865919506641e-02 -6.446560001317370725e-01
-7.849827661364222608e-02 -6.456785675196261565e-01
-8.455120057506179676e-02 -6.465940588097398578e-01
-9.064950745530003795e-02 -6.474017284465470867e-01
-9.679096765224476373e-02 -6.481008721174595921e-01
-1.029733262669011995e-01 -6.486908270763847018e-01
-1.091943042973437805e-01 -6.491709724313325935e-01
-1.154515998077100258e-01 -6.495407293982098373e-01
-1.217428890705897493e-01 -6.497995615230214295e-01
-1.280658276813558261e-01 -6.499469748747932485e-01
-1.344180516431855987e-01 -6.499825182115845923e-01
-1.407971784217087741e-01 -6.499057831220302894e-01
-1.472008079684316850e-01 -6.497164041448799665e-01
-1.536265237122823590e-01 -6.494140588690426874e-01
-1.600718935188276404e-01 -6.489984680166551723e-01
-1.665344706169121503e-01 -6.484693955116989095e-01
-1.730117944926708451e-01 -6.478266485366828142e-01
-1.795013917510711599e-01 -6.470700775798838844e-01
-1.860007769453282389e-01 -6.461995764756091054e-01
-1.925074533747352379e-01 -6.452150824398950046e-01
-1.990189138516442469e-01 -6.441165761040046345e-01
-2.055326414385071909e-01 -6.429040815480147053e-01
-2.120461101560816575e-01 -6.415776663367092070e-01
-2.185567856640700524e-01 -6.401374415599009327e-01
-2.250621259156367626e-01 -6.385835618792146118e-01
-2.315595817874136486e-01 -6.369162255832401254e-01
-2.380465976867530142e-01 -6.351356746528655783e-01
-2.445206121381524600e-01 -6.332421948384532318e-01
-2.509790583509083350e-01 -6.312361157504011722e-01
-2.574193647701970566e-01 -6.291178109644757210e-01
-2.638389556139108527e-01 -6.268876981431594775e-01
-2.702352513976996606e-01 -6.245462391740830288e-01
-2.766056694507783020e-01 -6.220939403264558187e-01
-2.829476244251707961e-01 -6.195313524262229254e-01
-2.892585288011495503e-01 -6.168590710504981978e-01
-2.955357933917228674e-01 -6.140777367416307975e-01
-3.017768278490977618e-01 -6.111880352410673511e-01
-3.079790411761107460e-01 -6.081906977429636374e-01
-3.141398422456797013e-01 -6.050865011673007832e-01
-3.202566403313733545e-01 -6.018762684520314599e-01
-3.263268456522324112e-01 -5.985608688635755126e-01
-3.323478699349948773e-01 -5.951412183247486443e-01
-3.383171269968968664e-01 -5.916182797589809583e-01
-3.442320333522100873e-01 -5.879930634494527908e-01
-3.500900088456714854e-01 -5.842666274115250191e-01
-3.558884773159214920e-01 -5.804400777766144381e-01
-3.616248672920338580e-01 -5.765145691854096643e-01
-3.672966127261557689e-01 -5.724913051880813342e-01
-3.729011537652050512e-01 -5.683715386488976673e-01
-3.784359375644835155e-01 -5.641565721523997823e-01
-3.838984191459527961e-01 -5.598477584080553404e-01
-3.892860623038020829e-01 -5.554465006500564073e-01
-3.945963405597912033e-01 -5.509542530286882789e-01
-3.998267381706895329e-01 -5.463725209894593204e-01
-4.049747511899574048e-01 -5.417028616359469417e-01
-4.100378885856157951e-01 -5.369468840720889036e-01
-4.150136734160281282e-01 -5.321062497194328778e-01
-4.198996440650876738e-01 -5.271826726046460188e-01
-4.246933555380384973e-01 -5.221779196123930156e-01
-4.293923808188857549e-01 -5.170938106985064620e-01
-4.339943122900511985e-01 -5.119322190582025200e-01
-4.384967632146135608e-01 -5.066950712439479698e-01
-4.428973692811405960e-01 -5.013843472274501778e-01
-4.471937902107601670e-01 -4.960020804001268324e-01
-4.513837114257525096e-01 -4.905503575063344668e-01
-4.554648457785565596e-01 -4.850313185035590169e-01
-4.594349353396778302e-01 -4.794471563437457950e-01
-4.632917532425741003e-01 -4.738001166699343791e-01
-4.670331055831654643e-01 -4.680924974223932833e-01
-4.706568333711746988e-01 -4.623266483485025669e-01
-4.741608145300655885e-01 -4.565049704107286832e-01
-4.775429659418861106e-01 -4.506299150871654891e-01
-4.808012455328808388e-01 -4.447039835592823120e-01
-4.839336543952763581e-01 -4.387297257817263096e-01
-4.869382389401971656e-01 -4.327097394292777066e-01
-4.898130930762236157e-01 -4.266466687163416038e-01
-4.925563604076750868e-01 -4.205432030846958380e-01
-4.951662364462769972e-01 -4.144020757555840206e-01
-4.976409708294716738e-01 -4.082260621426621050e-01
-4.999788695382503256e-01 -4.020179781227649629e-01
-5.021782971070308799e-01 -3.957806781619551684e-01
-5.042376788177753699e-01 -3.895170532948621367e-01
-5.061555028702494630e-01 -3.832300289558905337e-01
-5.079303225200735294e-01 -3.769225626614973734e-01
-5.095607581759918903e-01 -3.705976415433833160e-01
-5.110454994476216761e-01 -3.642582797331238020e-01
-5.123833071348138368e-01 -3.579075155994790869e-01
-5.135730151496931128e-01 -3.515484088403461049e-01
-5.146135323624148050e-01 -3.451840374320841454e-01
-5.155038443617250277e-01 -3.388174944397012167e-01
-5.162430151215011698e-01 -3.324518846921838966e-01
-5.168301885646039429e-01 -3.260903213280353374e-01
-5.172645900156003229e-01 -3.197359222168814630e-01
-5.175455275341881434e-01 -3.133918062637888191e-01
-5.176723931215019281e-01 -3.070610896037210269e-01
-5.176446637918890037e-01 -3.007468816943195122e-01
-5.174619025032060060e-01 -2.944522813159360930e-01
-5.171237589392188028e-01 -2.881803724885622642e-01
-5.166299701382777165e-01 -2.819342203159818094e-01
-5.159803609630759791e-01 -2.757168667681160756e-01
-5.151748444069934596e-01 -2.695313264131349862e-01
-5.142134217332759993e-01 -2.633805821114549861e-01
-5.130961824440744001e-01 -2.572675806842468216e-01
-5.118233040772002251e-01 -2.511952285695159270e-01
-5.103950518293066674e-01 -2.451663874791941700e-01
-5.088117780050825933e-01 -2.391838700709953136e-01
-5.070739212929580297e-01 -2.332504356490331665e-01
-5.051820058687308546e-01 -2.273687859073671436e-01
-5.031366403294452727e-01 -2.215415607307476831e-01
-5.009385164607829122e-01 -2.157713340668535595e-01
-4.985884078421297660e-01 -2.100606098842658920e-01
-4.960871682943949201e-01 -2.044118182303012177e-01
-4.934357301765159853e-01 -1.988273114026266053e-01
-4.906351025374451891e-01 -1.933093602483092477e-01
-4.876863691312097737e-01 -1.878601506036177149e-01
-4.845906863034044054e-01 -1.824817798874767139e-01
-4.813492807581873922e-01 -1.771762538610157089e-01
-4.779634472155043223e-01 -1.719454835651082203e-01
-4.744345459688577016e-01 -1.667912824472232436e-01
-4.707640003544611984e-01 -1.617153636882591450e-01
-4.669532941430725170e-01 -1.567193377393532039e-01
-4.630039688661714559e-01 -1.518047100779319480e-01
-4.589176210884410856e-01 -1.469728791915031474e-01
-4.546958996387301388e-01 -1.422251347969056834e-01
-4.503405028117953846e-01 -1.375626563019151094e-01
-4.458531755531656704e-01 -1.329865115152732424e-01
-4.412357066394319571e-01 -1.284976556103681333e-01
-4.364899258661317782e-01 -1.240969303469434126e-01
-4.316177012551842829e-01 -1.197850635543621922e-01
-4.266209362935385885e-01 -1.155626688791135948e-01
-4.215015672143194170e-01 -1.114302457984101546e-01
-4.162615603313015167e-01 -1.073881799009068216e-01
-4.109029094370146296e-01 -1.034367434347736037e-01
-4.054276332741900690e-01 -9.957609612256845821e-02
-3.998377730895953941e-01 -9.580628624160919538e-02
-3.941353902785860730e-01 -9.212725196781479386e-02
-3.883225641279345330e-01 -8.853882298029047693e-02
-3.824013896636734300e-01 -8.504072232327014591e-02
-3.763739756098335443e-01 -8.163256852139449959e-02
-3.702424424630700872e-01 -7.831387794370914257e-02
-3.640089206872389460e-01 -7.508406741120438044e-02
-3.576755490310620234e-01 -7.194245704218277249e-02
-3.512444729710580971e-01 -6.888827332924934987e-02
-3.447178432809689386e-01 -6.592065244124650780e-02
-3.380978147279516399e-01 -6.303864374302292628e-02
-3.313865448948700720e-01 -6.024121352551325970e-02
-3.245861931270905831e-01 -5.752724893822297458e-02
-3.176989196012844352e-01 -5.489556211584822876e-02
-3.107268845128702828e-01 -5.234489449042550868e-02
-3.036722473778980524e-01 -4.987392128007278602e-02
-2.965371664443843258e-01 -4.748125614508319492e-02
-2.893237982073754155e-01 -4.516545600182647613e-02
-2.820342970213279843e-01 -4.292502598462588637e-02
-2.746708148027872665e-01 -4.075842454549216676e-02
-2.672355008157827894e-01 -3.866406868130722874e-02
-2.597305015318914223e-01 -3.664033927776788602e-02
-2.521579605565174020e-01 -3.468558655910169986e-02
-2.445200186126201825e-01 -3.279813563226902096e-02
-2.368188135728949983e-01 -3.097629211404445693e-02
-2.290564805312711449e-01 -2.921834782904725314e-02
-2.212351519045480941e-01 -2.752258656642858625e-02
-2.133569575550447739e-01 -2.588728988255672991e-02
-2.054240249252868578e-01 -2.431074293663182395e-02
-1.974384791760162294e-01 -2.279124034572949098e-02
-1.894024433191612011e-01 -2.132709204530247593e-02
-1.813180383378670268e-01 -1.991662914066294476e-02
-1.731873832862548257e-01 -1.855820973441713040e-02
-1.650125953622429975e-01 -1.725022471423770520e-02
-1.567957899475237449e-01 -1.599110348472426724e-02
-1.485390806096568150e-01 -1.477931962643114217e-02
-1.402445790621778265e-01 -1.361339646443421314e-02
-1.319143950796427822e-01 -1.249191252806969299e-02
-1.235506363656160983e-01 -1.141350688273062852e-02
-1.151554083727412553e-01 -1.037688431384947707e-02
-1.067308140751910966e-01 -9.380820342472506734e-03
-9.827895369496567057e-02 -8.424166051153259005e-03
-8.980192438464437710e-02 -7.505852698302728498e-03
-8.130181987030093982e-02 -6.624896098673616063e-03
-7.278073005930338346e-02 -5.780400747368019676e-03
-6.424074061863253859e-02 -4.971563664689981898e-03
-5.568393253012072358e-02 -4.197677939377530976e-03
-4.711238162963028719e-02 -3.458135948273544091e-03
-3.852815813761813202e-02 -2.752432231395207651e-03
-2.993332618878397078e-02 -2.080166002647820811e-03
-2.132994336855361869e-02 -1.441043278143039341e-03
-1.272006026402686465e-02 -8.348786062012947262e-04
-4.105720036738164797e-03 -2.615963856447134361e-04
4.511041975832467271e-03 2.787682381356626493e-04
1.312819862357906403e-02 7.860689066776505030e-04
2.174373126607009182e-02 1.260048015460202286e-03
3.035563004858273309e-02 1.700337114866889987e-03
3.896189412722472073e-02 2.106457742005130029e-03
4.756053183906320397e-02 2.477822676838825622e-03
5.614956081371564461e-02 2.813737612825550904e-03
6.472700802332656544e-02 3.113403229254130267e-03
7.329090976830840432e-02 3.375917649822368638e-03
8.183931159661493593e-02 3.600279269725892295e-03
9.037026815471618790e-02 3.785389931679650211e-03
9.888184296883900659e-02 3.930058429874760950e-03
1.073721081554533940e-01 4.033004319860034048e-03
1.158391440604440992e-01 4.092862011721876137e-03
1.242810388269202648e-01 4.108185123665897276e-03
1.326958878921838392e-01 4.077451073134563675e-03
1.410817934150080943e-01 3.999065882883900969e-03
1.494368636350655311e-01 3.871369179926809068e-03
1.577592121670839675e-01 3.692639365893313208e-03
1.660469572330838250e-01 3.461098938106754730e-03
1.742982208368533126e-01 3.174919941492770903e-03
1.825111278856227925e-01 2.832229532294172625e-03
1.906838052647149007e-01 2.431115635428970911e-03
1.988143808717184047e-01 1.969632678183841357e-03
2.069009826174957323e-01 1.445807383756214648e-03
2.149417374020242688e-01 8.576446089512135273e-04
2.229347700737218108e-01 2.031332110727368523e-04
2.308782023814768547e-01 -5.197480702574530653e-04
2.387701519290995056e-01 -1.313024729988399031e-03
2.466087311423267314e-01 -2.178720626286101414e-03
2.543920462588368236e-01 -3.118852133461413878e-03
2.621181963519683134e-01 -4.135422331221216830e-03
2.697852723989732637e-01 -5.230415241855856934e-03
2.773913564046897040e-01 -6.405790126585264588e-03
2.849345205914646240e-01 -7.663475851943213346e-03
2.924128266660213082e-01 -9.005365336765269735e-03
2.998243251737360837e-01 -1.043331009006798205e-02
3.071670549504626480e-01 -1.194911484986277417e-02
3.144390426816389139e-01 -1.355453233271652902e-02
3.216383025779211979e-01 -1.525125810366900758e-02
3.287628361760220330e-01 -1.704092557592962187e-02
3.358106322727842930e-01 -1.892510114959206069e-02
3.427796669998159351e-01 -2.090527949844095401e-02
3.496679040452327358e-01 -2.298287901374751474e-02
3.564732950282205604e-01 -2.515923741378656153e-02
3.631937800312536879e-01 -2.743560752762175259e-02
3.698272882938588024e-01 -2.981315326152256251e-02
3.763717390708617438e-01 -3.229294575616287188e-02
3.828250426570370957e-01 -3.487595974253443476e-02
3.891851015790616652e-01 -3.756307010425125048e-02
3.954498119546258073e-01 -4.035504865364741844e-02
4.016170650174928358e-01 -4.325256112876363357e-02
4.076847488062474434e-01 -4.625616441797292255e-02
4.136507500134109505e-01 -4.936630401861524797e-02
4.195129559905544925e-01 -5.258331173559838145e-02
4.252692569040290027e-01 -5.590740362545332243e-02
4.309175480349123899e-01 -5.933867819083865625e-02
4.364557322158333363e-01 -6.287711482993690870e-02
4.418817223963862895e-01 -6.652257254460114400e-02
4.471934443279954596e-01 -7.027478891047789222e-02
4.523888393582541356e-01 -7.413337931165880912e-02
4.574658673240100670e-01 -7.809783644170531502e-02
4.624225095317813228e-01 -8.216753007213656312e-02
4.672567718134587600e-01 -8.634170708869198796e-02
4.719666876447181636e-01 -9.061949179486378236e-02
4.765503213130970472e-01 -9.499988648135876401e-02
4.810057711223258425e-01 -9.948177225928234169e-02
4.853311726192074405e-01 -1.040639101539681532e-01
4.895247018291494778e-01 -1.087449424554859934e-01
4.935845784863510666e-01 -1.135233943209685847e-01
4.975090692446306750e-01 -1.183976756230136484e-01
5.012964908549707443e-01 -1.233660830375344630e-01
5.049452132960258188e-01 -1.284268023635686540e-01
5.084536628441105321e-01 -1.335779110667138503e-01
5.118203250695352313e-01 -1.388173810370452177e-01
5.150437477465992231e-01 -1.441430815515939434e-01
5.181225436650713778e-01 -1.495527824307292253e-01
5.210553933315899000e-01 -1.550441573770997838e-01
5.238410475500716590e-01 -1.606147874851608093e-01
5.264783298709732051e-01 -1.662621649087342168e-01
5.289661389000253067e-01 -1.719836966735457662e-01
5.313034504579146056e-01 -1.777767086212377057e-01
5.334893195832846047e-01 -1.836384494709890347e-01
5.355228823723447995e-01 -1.895660949845826837e-01
5.374033576493471021e-01 -1.955567522205373387e-01
5.391300484631631473e-01 -2.016074638627923798e-01
5.407023434061930534e-01 -2.077152126093662343e-01
5.421197177528367384e-01 -2.138769256064382562e-01
5.433817344157532148e-01 -2.200894789134008600e-01
5.444880447191245976e-01 -2.263497019846060498e-01
5.454383889891100123e-01 -2.326543821537861712e-01
5.462325969626200539e-01 -2.390002691074538388e-01
5.468705880164551614e-01 -2.453840793339798765e-01
5.473523712197313484e-01 -2.518025005355115642e-01
5.476780452133431787e-01 -2.582521959904133801e-01
5.478477979210037985e-01 -2.647298088544899342e-01
5.478619060971290367e-01 -2.712319663898797861e-01
5.477207347175094831e-01 -2.777552841111803894e-01
5.474247362193230826e-01 -2.842963698390784111e-01
5.469744495975965570e-01 -2.908518276525035584e-01
5.463704993657045872e-01 -2.974182617310957011e-01
5.456135943879163452e-01 -3.039922800805702208e-01
5.447045265923505797e-01 -3.105704981343698212e-01
5.436441695729878898e-01 -3.171495422258103214e-01
5.424334770895991031e-01 -3.237260529257425246e-01
5.410734814746125387e-01 -3.302966882415706018e-01
5.395652919560236516e-01 -3.368581266742697311e-01
5.379100929054803082e-01 -3.434070701308409856e-01
5.361091420206465230e-01 -3.499402466904129039e-01
5.341637684508611095e-01 -3.564544132229509055e-01
5.320753708749609290e-01 -3.629463578602574736e-01
5.298454155399557886e-01 -3.694129023196408568e-01
5.274754342689996767e-01 -3.758509040812852975e-01
5.249670224468314661e-01 -3.822572584209818491e-01
5.223218369905378022e-01 -3.886289003004569920e-01
5.195415943131450609e-01 -3.949628061180829874e-01
5.166280682871685626e-01 -4.012559953232494037e-01
5.135830882148428866e-01 -4.075055318981358754e-01
5.104085368113332466e-01 -4.137085257110331704e-01
5.071063482067861283e-01 -4.198621337457353331e-01
5.036785059726190950e-01 -4.259635612118404246e-01
5.001270411769903612e-01 -4.320100625410871475e-01
4.964540304739108456e-01 -4.379989422750844019e-01
4.926615942299931161e-01 -4.439275558499901075e-01
4.887518946923529173e-01 -4.497933102838487796e-01
4.847271342007145600e-01 -4.555936647724124211e-01
4.805895534462993890e-01 -4.613261311993457348e-01
4.763414297796269015e-01 -4.669882745667582324e-01
4.719850755689093402e-01 -4.725777133520129292e-01
4.675228366102860966e-01 -4.780921197967335501e-01
4.629570905907296474e-01 -4.835292201338787788e-01
4.582902456040462980e-01 -4.888867947586651441e-01
4.535247387200133651e-01 -4.941626783490127850e-01
4.486630346063209540e-01 -4.993547599410494975e-01
4.437076242026452566e-01 -5.044609829650561483e-01
4.386610234458414026e-01 -5.094793452470559592e-01
4.335257720449420260e-01 -5.144078989810577651e-01
4.283044323043553314e-01 -5.192447506767494669e-01
4.229995879933909908e-01 -5.239880610872162947e-01
4.176138432599927341e-01 -5.286360451210152522e-01
4.121498215863343972e-01 -5.331869717426911404e-01
4.066101647837270794e-01 -5.376391638655615424e-01
4.009975320241062624e-01 -5.419909982403269266e-01
3.953145989051999321e-01 -5.462409053427952355e-01
3.895640565463390215e-01 -5.503873692637278880e-01
3.837486107117459855e-01 -5.544289276035332392e-01
3.778709809580362844e-01 -5.583641713742486523e-01
3.719338998025828458e-01 -5.621917449109669063e-01
3.659401119093265708e-01 -5.659103457945743321e-01
3.598923732885749294e-01 -5.695187247873818581e-01
3.537934505072925506e-01 -5.730156857829453720e-01
3.476461199063901608e-01 -5.764000857710867010e-01
3.414531668215114446e-01 -5.796708348188486237e-01
3.352173848038526027e-01 -5.828268960678391064e-01
3.289415748375794646e-01 -5.858672857481465046e-01
3.226285445504726290e-01 -5.887910732087444643e-01
3.162811074144964429e-01 -5.915973809640382441e-01
3.099020819330772225e-01 -5.942853847559550484e-01
3.034942908119810934e-01 -5.968543136307306041e-01
2.970605601107955684e-01 -5.993034500293028533e-01
2.906037183721536521e-01 -6.016321298900003667e-01
2.841265957259835884e-01 -6.038397427619794922e-01
2.776320229662231354e-01 -6.059257319276656339e-01
2.711228305976186581e-01 -6.078895945322428940e-01
2.646018478504006399e-01 -6.097308817180527862e-01
2.580719016608357674e-01 -6.114491987615831015e-01
2.515358156158572500e-01 -6.130442052105634643e-01
2.449964088601952750e-01 -6.145156150185335786e-01
2.384564949646591492e-01 -6.158631966741132668e-01
2.319188807544616537e-01 -6.170867733220815055e-01
2.253863650967217191e-01 -6.181862228732643016e-01
2.188617376465393782e-01 -6.191614781001431034e-01
2.123477775512960797e-01 -6.200125267150200514e-01
2.058472521131044508e-01 -6.207394114275232022e-01
1.993629154096025480e-01 -6.213422299781932168e-01
1.928975068735659104e-01 -6.218211351448786894e-01
1.864537498320895381e-01 -6.221763347186625159e-01
1.800343500063745494e-01 -6.224080914460626834e-01
1.736419939734309692e-01 -6.225167229342889463e-01
1.672793475912958405e-01 -6.225026015163955817e-01
1.609490543896356374e-01 -6.223661540732476904e-01
1.546537339278786782e-01 -6.221078618093147661e-01
1.483959801232920261e-01 -6.217282599794271558e-01
1.421783595516765974e-01 -6.212279375637639323e-01
1.360034097236060557e-01 -6.206075368884965693e-01
1.298736373393786503e-01 -6.198677531896918946e-01
1.237915165260842221e-01 -6.190093341182654196e-01
1.177594870603994870e-01 -6.180330791839889759e-01
1.117799525809382299e-01 -6.169398391367812984e-01
1.058552787941619278e-01 -6.157305152837535545e-01
9.998779167803295564e-02 -6.144060587407372820e-01
9.417977568774332786e-02 -6.129674696172883186e-01
8.843347196798612142e-02 -6.114157961344471870e-01
8.275107657634689362e-02 -6.097521336748197296e-01
7.713473872248718943e-02 -6.079776237648464310e-01
7.158655902786142944e-02 -6.060934529894342893e-01
6.610858781075193424e-02 -6.041008518394337390e-01
6.070282340143418054e-02 -6.020010934927617630e-01
5.537121049228188596e-02 -5.997954925302841911e-01
5.011563852759520765e-02 -5.974854035878918168e-01
4.493794013789539910e-02 -5.950722199465117157e-01
3.983988962334367168e-02 -5.925573720621091223e-01
3.482320149086187699e-02 -5.899423260380345369e-01
2.988952904940112010e-02 -5.872285820423699398e-01
2.504046306767326868e-02 -5.844176726732038807e-01
2.027753049848962652e-02 -5.815111612750483161e-01
1.560219327367468045e-02 -5.785106402098583178e-01
1.101584717331571817e-02 -5.754177290863671246e-01
6.519820772888429428e-03 -5.722340729516691704e-01
2.115374471562236902e-03 -5.689613404491955517e-01
-2.196300395267136718e-03 -5.656012219474113589e-01
-6.414082356437644794e-03 -5.621554276437322750e-01
-1.053692051597193702e-02 -5.586256856483036159e-01
-1.456383517230874780e-02 -5.550137400524034481e-01
-1.849391834390812228e-02 -5.513213489863317829e-01
-2.232633419962049004e-02 -5.475502826717234539e-01
-2.606031939253322660e-02 -5.437023214732623622e-01
-2.969518329631065656e-02 -5.397792539548105228e-01
-3.323030814336808136e-02 -5.357828749449559114e-01
-3.666514906453099965e-02 -5.317149836169557942e-01
-3.999923403014404855e-02 -5.275773815880078210e-01
-4.323216369290078243e-02 -5.233718710427033294e-01
-4.636361113297238212e-02 -5.191002528854115061e-01
-4.939332150629982543e-02 -5.147643249262348064e-01
-5.232111159720781446e-02 -5.103658801050177107e-01
-5.514686927676715200e-02 -5.059067047577365805e-01
-5.787055286859688064e-02 -5.013885769294095240e-01
-6.049219042404885283e-02 -4.968132647374588484e-01
-6.301187890894821564e-02 -4.921825247892459565e-01
-6.542978330428833589e-02 -4.874981006572510767e-01
-6.774613562347758799e-02 -4.827617214151304070e-01
-6.996123384892732888e-02 -4.779751002376088076e-01
-7.207544079093675116e-02 -4.731399330668986103e-01
-7.408918287198545949e-02 -4.682578973480470141e-01
-7.600294883967678716e-02 -4.633306508353211006e-01
-7.781728841169427424e-02 -4.583598304714404104e-01
-7.953281085623231661e-02 -4.533470513411628766e-01
-8.115018351143871156e-02 -4.482939057004251548e-01
-8.267013024747876804e-02 -4.432019620819221961e-01
-8.409342987487061771e-02 -4.380727644777099306e-01
-8.542091450277361497e-02 -4.329078315991020665e-01
-8.665346785092864490e-02 -4.277086562138266990e-01
-8.779202351894338507e-02 -4.224767045601135473e-01
-8.883756321660668531e-02 -4.172134158370758295e-01
-8.979111495888036920e-02 -4.119202017704760022e-01
-9.065375122918167827e-02 -4.065984462526715526e-01
-9.142658711451240316e-02 -4.012495050552720155e-01
-9.211077841592574256e-02 -3.958747056127749353e-01
-9.270751973775476218e-02 -3.904753468751911982e-01
-9.321804255893423319e-02 -3.850526992274427296e-01
-9.364361328966613884e-02 -3.796080044730708591e-01
-9.398553131657655380e-02 -3.741424758795948158e-01
-9.424512703941162473e-02 -3.686572982826480382e-01
-9.442375990221418824e-02 -3.631536282458367459e-01
-9.452281642180909715e-02 -3.576325942730902985e-01
-9.454370821631546962e-02 -3.520952970701187734e-01
-9.448787003628644765e-02 -3.465428098514443112e-01
-9.435675780096397514e-02 -3.409761786893506508e-01
-9.415184664201786680e-02 -3.353964229009816500e-01
-9.387462895702702870e-02 -3.298045354697233256e-01
-9.352661247484539420e-02 -3.242014834969257908e-01
-9.310931833488539366e-02 -3.185882086799585178e-01
-9.262427918224641621e-02 -3.129656278125452773e-01
-9.207303728050925118e-02 -3.073346333032984656e-01
-9.145714264392185155e-02 -3.016960937083565941e-01
-9.077815119060517191e-02 -2.960508542740379889e-01
-9.003762291832206888e-02 -2.903997374854450086e-01
-8.923712010426765318e-02 -2.847435436169969969e-01
-8.837820553026642934e-02 -2.790830512809278630e-01
-8.746244073469028324e-02 -2.734190179698651191e-01
-8.649138429235286862e-02 -2.677521805897072893e-01
-8.546659012358120977e-02 -2.620832559791372862e-01
-8.438960583362092871e-02 -2.564129414122485739e-01
-8.326197108349503440e-02 -2.507419150809247488e-01
-8.208521599341023212e-02 -2.450708365537996036e-01
-8.086085957978478289e-02 -2.394003472088390150e-01
-7.959040822696683559e-02 -2.337310706368099511e-01
-7.827535419471087774e-02 -2.280636130131761807e-01
-7.691717416249588268e-02 -2.223985634362355968e-01
-7.551732781178782661e-02 -2.167364942296356178e-01
-7.407725644738505366e-02 -2.110779612077432477e-01
-7.259838165902904317e-02 -2.054235039027164922e-01
-7.108210402451453636e-02 -1.997736457525261800e-01
-6.952980185560198034e-02 -1.941288942496042502e-01
-6.794282998810657892e-02 -1.884897410502523463e-01
-6.632251861762322731e-02 -1.828566620454266101e-01
-6.467017218243897858e-02 -1.772301173940273589e-01
-6.298706829528266660e-02 -1.716105515203518450e-01
-6.127445672566689261e-02 -1.659983930779193595e-01
-5.953355843468632891e-02 -1.603940548824471235e-01
-5.776556466424331848e-02 -1.547979338173320618e-01
-5.597163608278199476e-02 -1.492104107155676762e-01
-5.415290198971361990e-02 -1.436318502226046345e-01
-5.231045958080965397e-02 -1.380626006452291832e-01
-5.044537327692116824e-02 -1.325029937920531031e-01
-4.855867411844477788e-02 -1.269533448117304841e-01
-4.665135922799806822e-02 -1.214139520354537011e-01
-4.472439134377642622e-02 -1.158850968306750773e-01
-4.277869842604636874e-02 -1.103670434733205336e-01
-4.081517333916578893e-02 -1.048600390459800830e-01
-3.883467361142090013e-02 -9.936431336968754024e-02
-3.683802127481078381e-02 -9.388007897690039960e-02
-3.482600278670766603e-02 -8.840753113317192935e-02
-3.279936903505248358e-02 -8.294684791474897512e-02
-3.075883542842328122e-02 -7.749819034891307357e-02
-2.870508207193134265e-02 -7.206170262333949639e-02
-2.663875402945148352e-02 -6.663751237003014138e-02
-2.456046167220360399e-02 -6.122573102853955118e-02
-2.247078111314010362e-02 -5.582645429221458344e-02
-2.037025472600911824e-02 -5.043976264006441723e-02
-1.825939174732288395e-02 -4.506572195565614058e-02
-1.613866895881121977e-02 -3.970438423314021081e-02
-1.400853144726282862e-02 -3.435578836913977252e-02
-1.186939343799475743e-02 -2.901996103786766423e-02
-9.721639197532216947e-03 -2.369691764545187040e-02
-7.565624000459847398e-03 -1.838666335810923425e-02
-5.401675154826646175e-03 -1.308919419753981628e-02
-3.230093079971296799e-03 -7.804498195754155931e-03
-1.051152430190716025e-03 -2.532556600514296319e-03
1.134896742689406324e-03 2.726654878303480523e-03
3.327827795040316783e-03 7.973164791795217532e-03
5.527436272823427199e-03 1.320700465543403479e-02
7.733538676078621776e-03 1.842820764394484390e-02
9.945971213893678442e-03 2.363680728887193605e-02
1.216458855709029452e-02 2.883283618992696362e-02
1.438926259562284260e-02 3.401632475087879026e-02
1.661988120734636531e-02 3.918729995022798840e-02
1.885634704440120046e-02 4.434578415623513514e-02
2.109857634297346296e-02 4.949179399505101995e-02
2.334649776165592661e-02 5.462533927976873094e-02
2.560005125305359064e-02 5.974642200720386986e-02
2.785918697266720478e-02 6.485503542812726119e-02
3.012386422847035394e-02 6.995116319558145057e-02
3.239405047396687332e-02 7.503477859479085188e-02
3.466972034690901650e-02 8.010584385710597943e-02
3.695085475525849983e-02 8.516430955935620772e-02
3.923744001141837856e-02 9.021011410901841332e-02
4.152946701523385631e-02 9.524318331468024923e-02
4.382693048578678585e-02 1.002634300404629114e-01
4.612982824157318973e-02 1.052707539423248656e-01
4.843816052826954710e-02 1.102650412835327887e-01
5.075192939297140660e-02 1.152461648260545840e-01
5.307113810349733951e-02 1.202139837941732514e-01
5.539579061113047986e-02 1.251683439062882819e-01
5.772589105498321382e-02 1.301090774706020747e-01
6.006144330603363501e-02 1.350360035402204950e-01
6.240245054878534869e-02 1.399489281230889837e-01
6.474891489844258885e-02 1.448476444421583353e-01
6.710083705146807631e-02 1.497319332411998771e-01
6.945821596738738224e-02 1.546015631317572692e-01
7.182104857973831136e-02 1.594562909768530434e-01
7.418932953410800613e-02 1.642958623072131030e-01
7.656305095126392235e-02 1.691200117659529822e-01
7.894220221346964772e-02 1.739284635778768906e-01
8.132676977216085623e-02 1.787209320397500356e-01
8.371673697526027524e-02 1.834971220281386706e-01
8.611208391250690930e-02 1.882567295216339698e-01
8.851278727728589812e-02 1.929994421345160582e-01
9.091882024355107950e-02 1.977249396591379271e-01
9.333015235653646657e-02 2.024328946145372565e-01
9.574674943606448219e-02 2.071229727990018532e-01
9.816857349135027500e-02 2.117948338445163337e-01
1.005955826463127423e-01 2.164481317712269592e-01
1.030277310744814878e-01 2.210825155402346698e-01
1.054649689426938042e-01 2.256976296032158213e-01
1.079072423628466004e-01 2.302931144475232617e-01
1.103544933510542947e-01 2.348686071355776117e-01
1.128066597936300819e-01 2.394237418374942084e-01
1.152636754193839264e-01 2.439581503560251663e-01
1.177254697777795345e-01 2.484714626430057915e-01
1.201919682225650599e-01 2.529633073066095972e-01
1.226630919005259890e-01 2.574333121088040466e-01
1.251387577450682742e-01 2.618811044524916309e-01
1.276188784743760851e-01 2.663063118579003796e-01
1.301033625939240768e-01 2.707085624278519620e-01
1.325921144031592114e-01 2.750874853016026522e-01
1.350850340061946486e-01 2.794427110970075234e-01
1.375820173263875845e-01 2.837738723408073649e-01
1.400829561246840216e-01 2.880806038868773400e-01
1.425877380216479806e-01 2.923625433223243641e-01
1.450962465230919429e-01 2.966193313613392224e-01
1.476083610492517906e-01 3.008506122267555205e-01
1.501239569674525376e-01 3.050560340192793318e-01
1.526429056282208319e-01 3.092352490743831561e-01
1.551650744048106434e-01 3.133879143068749040e-01
1.576903267361088601e-01 3.175136915431706619e-01
1.602185221728935072e-01 3.216122478413125374e-01
1.627495164274170569e-01 3.256832557987859866e-01
1.652831614262914028e-01 3.297263938482052348e-01
1.678193053666456325e-01 3.337413465409370117e-01
1.703577927755310362e-01 3.377278048187501991e-01
1.728984645725421543e-01 3.416854662735782644e-01
1.754411581356226935e-01 3.456140353954931244e-01
1.779857073700161774e-01 3.495132238089880272e-01
1.805319427803259158e-01 3.533827504976807532e-01
1.830796915456333884e-01 3.572223420175411057e-01
1.856287775976292465e-01 3.610317326987618758e-01
1.881790217017000888e-01 3.648106648363873550e-01
1.907302415409098117e-01 3.685588888698202448e-01
1.932822518028085301e-01 3.722761635513303080e-01
1.958348642690050101e-01 3.759622561036932153e-01
1.983878879074122137e-01 3.796169423670826548e-01
2.009411289670978429e-01 3.832400069353534278e-01
2.034943910756429053e-01 3.868312432818459823e-01
2.060474753389160696e-01 3.903904538748479980e-01
2.086001804431712181e-01 3.939174502828556856e-01
2.111523027593598112e-01 3.974120532697736352e-01
2.137036364495521479e-01 4.008740928801993730e-01
2.162539735753561676e-01 4.043034085149383450e-01
2.188031042082164146e-01 4.076998489969000383e-01
2.213508165414730666e-01 4.110632726275276760e-01
2.238968970040614570e-01 4.143935472339178028e-01
2.264411303757153382e-01 4.176905502067851383e-01
2.289832999035564254e-01 4.209541685294374003e-01
2.315231874199295548e-01 4.241842987979218549e-01
2.340605734613480093e-01 4.273808472325097418e-01
2.365952373884207538e-01 4.305437296806904346e-01
2.391269575066130859e-01 4.336728716118454230e-01
2.416555111877086437e-01 4.367682081037784214e-01
2.441806749918293828e-01 4.398296838212795157e-01
2.467022247898718046e-01 4.428572529869028163e-01
2.492199358862231262e-01 4.458508793441423035e-01
2.517335831416108727e-01 4.488105361131902726e-01
2.542429410959485825e-01 4.517362059394666174e-01
2.567477840910376008e-01 4.546278808351088552e-01
2.592478863929886801e-01 4.574855621136179051e-01
2.617430223142198642e-01 4.603092603178491338e-01
2.642329663349054503e-01 4.630989951415507289e-01
2.667174932237339480e-01 4.658547953446434131e-01
2.691963781578500803e-01 4.685766986624441133e-01
2.716693968418499305e-01 4.712647517090321481e-01
2.741363256257029479e-01 4.739190098749628266e-01
2.765969416214820731e-01 4.765395372195306289e-01
2.790510228187815245e-01 4.791264063577864718e-01
2.814983481987041181e-01 4.816796983425150058e-01
2.839386978463106503e-01 4.841995025413760034e-01
2.863718530614211555e-01 4.866859165094174489e-01
2.887975964676660068e-01 4.891390458571649447e-01
2.912157121196838894e-01 4.915590041144939359e-01
2.936259856083783815e-01 4.939459125904896997e-01
2.960282041641340012e-01 4.962999002295006012e-01
2.984221567579132817e-01 4.986211034635878447e-01
3.008076342001502756e-01 5.009096660615763863e-01
3.031844292373643834e-01 5.031657389749073506e-01
3.055523366464248380e-01 5.053894801804932335e-01
3.079111533263954037e-01 5.075810545207757318e-01
3.102606783879046093e-01 5.097406335411811540e-01
3.126007132399770683e-01 5.118683953251716989e-01
3.149310616742803659e-01 5.139645243270820618e-01
3.172515299467403294e-01 5.160292112029358780e-01
3.195619268564801607e-01 5.180626526394263021e-01
3.218620638220496266e-01 5.200650511812491272e-01
3.241517549549152166e-01 5.220366150569684116e-01
3.264308171301789629e-01 5.239775580035967995e-01
3.286990700545091570e-01 5.258880990900630659e-01
3.309563363312653106e-01 5.277684625397430773e-01
3.332024415228037606e-01 5.296188775522210346e-01
3.354372142099600884e-01 5.314395781244481975e-01
3.376604860486995263e-01 5.332308028714601855e-01
3.398720918239452882e-01 5.349927948468091721e-01
3.420718695005837140e-01 5.367258013628694036e-01
3.442596602716614385e-01 5.384300738111599260e-01
3.464353086037836316e-01 5.401058674828354000e-01
3.485986622797406231e-01 5.417534413894821155e-01
3.507495724383754010e-01 5.433730580843600944e-01
3.528878936117231246e-01 5.449649834842194007e-01
3.550134837594560167e-01 5.465294866918238847e-01
3.571262043006545595e-01 5.480668398193005997e-01
3.592259201429585658e-01 5.495773178124379044e-01
3.613124997091201052e-01 5.510611982760441618e-01
3.633858149610160182e-01 5.525187613004787224e-01
3.654457414211517152e-01 5.539502892894581088e-01
3.674921581917174329e-01 5.553560667892394331e-01
3.695249479712379159e-01 5.567363803192769689e-01
3.715439970688699800e-01 5.580915182044414724e-01
3.735491954164077977e-01 5.594217704088904064e-01
3.755404365780500298e-01 5.607274283716702223e-01
3.775176177579849246e-01 5.620087848441288614e-01
3.794806398058571117e-01 5.632661337292098613e-01
3.814294072201826480e-01 5.644997699226976806e-01
3.833638281497656064e-01 5.657099891564786320e-01
3.852838143931895942e-01 5.668970878438750471e-01
3.871892813964482039e-01 5.680613629271097365e-01
3.890801482487807328e-01 5.692031117269517049e-01
3.909563376767777876e-01 5.703226317945881974e-01
3.928177760368334326e-01 5.714202207657673727e-01
3.946643933060030585e-01 5.724961762172509072e-01
3.964961230713456852e-01 5.735507955256087254e-01
3.983129025178100413e-01 5.745843757283897180e-01
4.001146724147437439e-01 5.755972133876938734e-01
4.019013771010886416e-01 5.765896044561698019e-01
4.036729644693357044e-01 5.775618441454574148e-01
4.054293859483049656e-01 5.785142267970930785e-01
4.071705964848237325e-01 5.794470457558897891e-01
4.088965545243656852e-01 5.803605932458018035e-01
4.106072219907254128e-01 5.812551602482821655e-01
4.123025642647861755e-01 5.821310363831355694e-01
4.139825501624595505e-01 5.829885097918672265e-01
4.156471519118470903e-01 5.838278670235282908e-01
4.172963451297012072e-01 5.846493929230491826e-01
4.189301087972408522e-01 5.854533705220580364e-01
4.205484252353838270e-01 5.862400809321717254e-01
4.221512800794599007e-01 5.870098032407486954e-01
4.237386622534622949e-01 5.877628144090898399e-01
4.253105639438921060e-01 5.884993891730704307e-01
4.268669805732543399e-01 5.892197999461845637e-01
4.284079107732620129e-01 5.899243167249853537e-01
4.299333563577931727e-01 5.906132069968934584e-01
4.314433222956636227e-01 5.912867356503561656e-01
4.329378166832512087e-01 5.919451648873278460e-01
4.344168507170301785e-01 5.925887541380491230e-01
4.358804386660533048e-01 5.932177599780931176e-01
4.373285978444268474e-01 5.938324360476546770e-01
4.387613485838238181e-01 5.944330329730473927e-01
4.401787142060671343e-01 5.950197982903824290e-01
4.415807209958242385e-01 5.955929763713949665e-01
4.429673981734493227e-01 5.961528083513849552e-01
4.443387778679991906e-01 5.966995320592417551e-01
4.456948950904609519e-01 5.972333819495171392e-01
4.470357877072109742e-01 5.977545890365124626e-01
4.483614964137373482e-01 5.982633808303462475e-01
4.496720647086466238e-01 5.987599812749668793e-01
4.509675388679727503e-01 5.992446106880758849e-01
4.522479679198098124e-01 5.997174857029266004e-01
4.535134036192832729e-01 6.001788192119625887e-01
4.547639004238694937e-01 6.006288203122625013e-01
4.559995154690813512e-01 6.010676942527535260e-01
4.572203085445181170e-01 6.014956423831636645e-01
4.584263420702945346e-01 6.019128621046724303e-01
4.596176810738425988e-01 6.023195468222333204e-01
4.607943931670936966e-01 6.027158858985273149e-01
4.619565485240362812e-01 6.031020646095202054e-01
4.631042198586382552e-01 6.034782641015897786e-01
4.642374824031330061e-01 6.038446613501904370e-01
4.653564138866549404e-01 6.042014291200255016e-01
4.664610945142134701e-01 6.045487359266968896e-01
4.675516069459828561e-01 6.048867459998032992e-01
4.686280362768968644e-01 6.052156192474593688e-01
4.696904700165192015e-01 6.055355112222065017e-01
4.707389980691725762e-01 6.058465730882913736e-01
4.717737127142903608e-01 6.061489515902862557e-01
4.727947085869667054e-01 6.064427890230273954e-01
4.738020826586713530e-01 6.067282232028470279e-01
4.747959342180915199e-01 6.070053874400798133e-01
4.757763648520615396e-01 6.072744105128221603e-01
4.767434784265441317e-01 6.075354166419235646e-01
4.776973810676114485e-01 6.077885254671960835e-01
4.786381811423864319e-01 6.080338520248211864e-01
4.795659892398899671e-01 6.082715067259408803e-01
4.804809181517442074e-01 6.085015953364191210e-01
4.813830828526760586e-01 6.087242189577609652e-01
4.822726004807644795e-01 6.089394740091764735e-01
4.831495903173693707e-01 6.091474522107830358e-01
4.840141737666804334e-01 6.093482405679355729e-01
4.848664743348223838e-01 6.095419213566766192e-01
4.857066176084475218e-01 6.097285721103032907e-01
4.865347312327409912e-01 6.099082656070460295e-01
4.873509448887783924e-01 6.100810698588537972e-01
4.881553902701455394e-01 6.102470481012893799e-01
4.889482010587554717e-01 6.104062587845295873e-01
4.897295128997771752e-01 6.105587555654747867e-01
4.904994633755973554e-01 6.107045873009677717e-01
4.912581919787304408e-01 6.108437980421290714e-01
4.920058400835931045e-01 6.109764270298092548e-01
4.927425509170546558e-01 6.111025086911688886e-01
4.934684695276769784e-01 6.112220726373889246e-01
4.941837427535514249e-01 6.113351436625229507e-01
4.948885191886402968e-01 6.114417417435004110e-01
4.955829491475345905e-01 6.115418820412878986e-01
4.962671846285283128e-01 6.116355749032234002e-01
4.969413792749160508e-01 6.117228258665339258e-01
4.976056883344194270e-01 6.118036356630465189e-01
4.982602686166411887e-01 6.118780002251107408e-01
4.989052784484551140e-01 6.119459106927414016e-01
4.995408776272263207e-01 6.120073534219991895e-01
5.001672273717718831e-01 6.120623099946205237e-01
5.007844902709563950e-01 6.121107572289143928e-01
5.013928302298267248e-01 6.121526671919375051e-01
5.019924124131913690e-01 6.121880072129649575e-01
5.025834031865392681e-01 6.122167398982701902e-01
5.031659700542099323e-01 6.122388231472259967e-01
5.037402815947130685e-01 6.122542101697434624e-01
5.043065073931052300e-01 6.122628495050603803e-01
5.048648179703295602e-01 6.122646850418903552e-01
5.054153847094271512e-01 6.122596560399472532e-01
5.059583797785314196e-01 6.122476971528497680e-01
5.064939760505534627e-01 6.122287384524220943e-01
5.070223470194794579e-01 6.122027054543914826e-01
5.075436667131892898e-01 6.121695191454937790e-01
5.080581096027223520e-01 6.121290960119895042e-01
5.085658505079101444e-01 6.120813480695925790e-01
5.090670644993003924e-01 6.120261828948131422e-01
5.095619267963064081e-01 6.119635036577111276e-01
5.100506126615088620e-01 6.118932091560592701e-01
5.105332972910523459e-01 6.118151938509039933e-01
5.110101557010722217e-01 6.117293479035219583e-01
5.114813626101024635e-01 6.116355572137510688e-01
5.119470923174093135e-01 6.115337034596890486e-01
5.124075185772095642e-01 6.114236641387346127e-01
5.128628144687287227e-01 6.113053126099537993e-01
5.133131522620680842e-01 6.111785181377432652e-01
5.137587032798487385e-01 6.110431459367623441e-01
5.141996377546036445e-01 6.108990572181043355e-01
5.146361246819063373e-01 6.107461092366661681e-01
5.150683316692186153e-01 6.105841553396785804e-01
5.154964247804458832e-01 6.104130450163560706e-01
5.159205683762082550e-01 6.102326239486111081e-01
5.163409249498219777e-01 6.100427340627894157e-01
5.167576549590071622e-01 6.098432135823637079e-01
5.171709166533363655e-01 6.096338970815318170e-01
5.175808658974465626e-01 6.094146155396502618e-01
5.179876559900443711e-01 6.091851963964410865e-01
5.183914374787402801e-01 6.089454636078943661e-01
5.187923579707469646e-01 6.086952377028006511e-01
5.191905619394985294e-01 6.084343358398238699e-01
5.195861905272338710e-01 6.081625718650431889e-01
5.199793813436102141e-01 6.078797563698710160e-01
5.203702682604047780e-01 6.075856967492665461e-01
5.207589812023831755e-01 6.072801972601453713e-01
5.211456459344000480e-01 6.069630590799012237e-01
5.215303838448202001e-01 6.066340803649377111e-01
5.219133117253416110e-01 6.062930563091180058e-01
5.222945415473133624e-01 6.059397792020293494e-01
5.226741802346406285e-01 6.055740384869663373e-01
5.230523294333792039e-01 6.051956208185300667e-01
5.234290852781171566e-01 6.048043101197461135e-01
5.238045381552598467e-01 6.043998876385932029e-01
5.241787724633149015e-01 6.039821320038530894e-01
5.245518663703034878e-01 6.035508192801740668e-01
5.249238915684049100e-01 6.031057230222551802e-01
5.252949130259580990e-01 6.026466143280528875e-01
5.256649887369347907e-01 6.021732618909224621e-01
5.260341694680118474e-01 6.016854320505988785e-01
5.264024985033616266e-01 6.011828888429362472e-01
5.267700113872886281e-01 6.006653940483195342e-01
5.271367356648331004e-01 6.001327072386786199e-01
5.275026906204716148e-01 5.995845858230233194e-01
5.278678870150349534e-01 5.990207850914450738e-01
5.282323268209730971e-01 5.984410582575179216e-01
5.285960029560907714e-01 5.978451564990481248e-01
5.289588990158768933e-01 5.972328289971294835e-01
5.293209890045507127e-01 5.966038229734672571e-01
5.296822370649475475e-01 5.959578837259396078e-01
5.300425972073656844e-01 5.952947546623795771e-01
5.304020130374935693e-01 5.946141773325632762e-01
5.307604174835326427e-01 5.939158914584091731e-01
5.311177325226357215e-01 5.931996349623908094e-01
5.314738689067741717e-01 5.924651439941877040e-01
5.318287258881466695e-01 5.917121529556018666e-01
5.321821909442427945e-01 5.909403945237818867e-01
5.325341395026714775e-01 5.901495996728034488e-01
5.328844346658647702e-01 5.893394976936767726e-01
5.332329269357625190e-01 5.885098162128472588e-01
5.335794539385925184e-01 5.876602812092824868e-01
5.339238401498482833e-01 5.867906170302386037e-01
5.342658966195762416e-01 5.859005464058187895e-01
5.346054206980793699e-01 5.849897904624461464e-01
5.349421957621501855e-01 5.840580687353780220e-01
5.352759909419443352e-01 5.831050991804127559e-01
5.356065608486081375e-01 5.821305981849391742e-01
5.359336453027809810e-01 5.811342805784995846e-01
5.362569690640908160e-01 5.801158596430410208e-01
5.365762415617745251e-01 5.790750471230430296e-01
5.368911566265525126e-01 5.780115532357195107e-01
5.372013922238966233e-01 5.769250866815069934e-01
5.375066101888398284e-01 5.758153546550512925e-01
5.378064559624834429e-01 5.746820628569214717e-01
5.381005583303659634e-01 5.735249155062889237e-01
5.383885291628707215e-01 5.723436153548105976e-01
5.386699631578619751e-01 5.711378637019692839e-01
5.389444375857513903e-01 5.699073604121278613e-01
5.392115120372078518e-01 5.686518039335638486e-01
5.394707281737505244e-01 5.673708913197501591e-01
5.397216094814701881e-01 5.660643182531572837e-01
5.399636610281468574e-01 5.647317790718617836e-01
5.401963692240594472e-01 5.633729667992321000e-01
5.404192015867912424e-01 5.619875731769868876e-01
5.406316065103677904e-01 5.605752887019090913e-01
5.408330130390877066e-01 5.591358026665014247e-01
5.410228306464284209e-01 5.576688032038743525e-01
5.412004490194364248e-01 5.561739773371563444e-01
5.413652378490503292e-01 5.546510110337045107e-01
5.415165466268203609e-01 5.530995892644087197e-01
5.416537044485300045e-01 5.515193960683621999e-01
5.417760198252600246e-01 5.499101146231761827e-01
5.418827805024584165e-01 5.482714273212097034e-01
5.419732532876305742e-01 5.466030158519759041e-01
5.420466838872883830e-01 5.449045612909819702e-01
5.421022967538440263e-01 5.431757441952499432e-01
5.421392949431704800e-01 5.414162447057522254e-01
5.421568599835913105e-01 5.396257426569927018e-01
5.421541517571053515e-01 5.378039176939433119e-01
5.421303083936916956e-01 5.359504493965385752e-01
5.420844461795910618e-01 5.340650174119139226e-01
5.420156594804937944e-01 5.321473015945558105e-01
5.419230206806167072e-01 5.301969821545227113e-01
5.418055801386953974e-01 5.282137398138613271e-01
5.416623661619603958e-01 5.261972559713481434e-01
5.414923849992154814e-01 5.241472128756348159e-01
5.412946208541778992e-01 5.220632938068867634e-01
5.410680359202906242e-01 5.199451832669478302e-01
5.408115704382551181e-01 5.177925671780736483e-01
5.405241427775810958e-01 5.156051330902209351e-01
5.402046495434960072e-01 5.133825703968687426e-01
5.398519657105887992e-01 5.111245705593226996e-01
5.394649447846133761e-01 5.088308273394133163e-01
5.390424189939115873e-01 5.065010370404754436e-01
5.385831995119503279e-01 5.041348987564681083e-01
5.380860767125057453e-01 5.017321146290567579e-01
5.375498204590553053e-01 4.992923901124491914e-01
5.369731804299706646e-01 4.968154342457471451e-01
5.363548864811278349e-01 4.943009599325345338e-01
5.356936490475694423e-01 4.917486842273969816e-01
5.349881595858790861e-01 4.891583286290285826e-01
5.342370910589324673e-01 4.865296193795430879e-01
5.334390984647029432e-01 4.838622877695877289e-01
5.325928194107980573e-01 4.811560704487999329e-01
5.316968747364052561e-01 4.784107097411363085e-01
5.307498691833092419e-01 4.756259539645546486e-01
5.297503921176311970e-01 4.728015577545072734e-01
5.286970183039171323e-01 4.699372823906602936e-01
5.275883087331664223e-01 4.670328961262403822e-01
5.264228115063609437e-01 4.640881745193653485e-01
5.251990627749982821e-01 4.611029007657012069e-01
5.239155877400815120e-01 4.580768660317585672e-01
5.225709017109521071e-01 4.550098697881144738e-01
5.211635112252724911e-01 4.519017201418419338e-01
5.196919152313814738e-01 4.487522341673967352e-01
5.181546063341492259e-01 4.455612382352093226e-01
5.165500721053453148e-01 4.423285683372197297e-01
5.148767964594220814e-01 4.390540704085845181e-01
5.131332610954728590e-01 4.357376006447915562e-01
5.113179470059913134e-01 4.323790258134185827e-01
5.094293360528936443e-01 4.289782235597848215e-01
5.074659126111019658e-01 4.255350827057551300e-01
5.054261652798008875e-01 4.220495035409844720e-01
5.033085886612854720e-01 4.185213981059155985e-01
5.011116852071121341e-01 4.149506904658680218e-01
4.988339671310403345e-01 4.113373169756077141e-01
4.964739583880160567e-01 4.076812265338257135e-01
4.940301967182069709e-01 4.039823808270058825e-01
4.915012357548274591e-01 4.002407545622276297e-01
4.888856471942285564e-01 3.964563356885028034e-01
4.861820230264338738e-01 3.926291256063340063e-01
4.833889778240059165e-01 3.887591393652422567e-01
4.805051510868195153e-01 3.848464058491126161e-01
4.775292096399940123e-01 3.808909679492851197e-01
4.744598500819060538e-01 3.768928827254205971e-01
4.712958012788637241e-01 3.728522215542662277e-01
4.680358269026707041e-01 3.687690702665534226e-01
4.646787280069523685e-01 3.646435292723745891e-01
4.612233456377490270e-01 3.604757136754827007e-01
4.576685634735130348e-01 3.562657533770865470e-01
4.540133104892674076e-01 3.520137931698162914e-01
4.502565636393077164e-01 3.477199928226619718e-01
4.463973505524460039e-01 3.433845271577802283e-01
4.424347522334178828e-01 3.390075861202011542e-01
4.383679057636888921e-01 3.345893748415488256e-01
4.341960069945233203e-01 3.301301136990069107e-01
4.299183132248050598e-01 3.256300383708455870e-01
4.255341458557325152e-01 3.210893998899170820e-01
4.210428930141518200e-01 3.165084646965937165e-01
4.164440121359455071e-01 3.118875146926964881e-01
4.117370325005542675e-01 3.072268472979958198e-01
4.069215577073892476e-01 3.025267755109119494e-01
4.019972680845818047e-01 2.977876279750499844e-01
3.969639230202283153e-01 2.930097490531965998e-01
3.918213632060171259e-01 2.881934989103886458e-01
3.865695127828711608e-01 2.833392536076018708e-01
3.812083813780147157e-01 2.784474052075469608e-01
3.757380660226657954e-01 2.735183618939477368e-01
3.701587529393789433e-01 2.685525481055524022e-01
3.644707191879099639e-01 2.635504046859747929e-01
3.586743341583563671e-01 2.585123890502750710e-01
3.527700609002263898e-01 2.534389753689688662e-01
3.467584572760372130e-01 2.483306547699153100e-01
3.406401769280071878e-01 2.431879355582505509e-01
3.344159700464187646e-01 2.380113434542392159e-01
3.280866839282681191e-01 2.328014218485770781e-01
3.216532633148996290e-01 2.275587320743273634e-01
3.151167504974423661e-01 2.222838536942907117e-01
3.084782851790388580e-01 2.169773848022285012e-01
3.017391040830628146e-01 2.116399423359361931e-01
2.949005402968007394e-01 2.062721623997764986e-01
2.879640223403992505e-01 2.008747005938605334e-01
2.809310729512898286e-01 1.954482323466991411e-01
2.738033075747939304e-01 1.899934532477799420e-01
2.665824325522032634e-01 1.845110793762277379e-01
2.592702429983583801e-01 1.790018476214723098e-01
2.518686203616191666e-01 1.734665159917027910e-01
2.443795296601850020e-01 1.679058639058755298e-01
2.368050163900220495e-01 1.623206924651832417e-01
2.291472031012320998e-01 1.567118247002332598e-01
2.214082856416335621e-01 1.510801057907803224e-01
2.135905290686667957e-01 1.454264032557285036e-01
2.056962632336046537e-01 1.397516071123773851e-01
1.977278780455017371e-01 1.340566300055351934e-01
1.896878184264857992e-01 1.283424073092689910e-01
1.815785789749601031e-01 1.226098972067325432e-01
1.734026983591675508e-01 1.168600807567928834e-01
1.651627534704266931e-01 1.110939619600612160e-01
1.568613533732494403e-01 1.053125678414566502e-01
1.485011330984639943e-01 9.951694857153475793e-02
1.400847473353216410e-01 9.370817765440153657e-02
1.316148640891445509e-01 8.788735221591781333e-02
1.230941583820166774e-01 8.205559343179119614e-02
1.145253060848190896e-01 7.621404714064722308e-02
1.059109779788032779e-01 7.036388469172183413e-02
9.725383415296334766e-02 6.450630407975843639e-02
8.855651884854096045e-02 5.864253142022762821e-02
7.982165586285602799e-02 5.277382281530818009e-02
7.105184461996913448e-02 4.690146665431510486e-02
6.224965700432838478e-02 4.102678638078421924e-02
5.341763503470955965e-02 3.515114374180616785e-02
4.455828942918027558e-02 2.927594251346593568e-02
3.567409907803589797e-02 2.340263266999198510e-02
2.676751140214553293e-02 1.753271493469515940e-02
1.784094353131043809e-02 1.166774561987493630e-02
8.896784194392270972e-03 5.809341633074394107e-03
-6.260382614142745439e-05 -4.081449891446542466e-05
-9.034880854040194809e-03 -5.880969756259846193e-03
-1.801772729266643003e-02 -1.170929608098003616e-02
-2.700884061816039017e-02 -1.752388633903628756e-02
-3.600593259119011513e-02 -2.332275095733249426e-02
-4.500672686504220144e-02 -2.910381538232148513e-02
-5.400895713526110420e-02 -3.486491847753819817e-02
-6.301036593537906461e-02 -4.060381194220441525e-02
-7.200870413857493602e-02 -4.631816079516348772e-02
-8.100173118045547738e-02 -5.200554493083148211e-02
-8.998721597721381915e-02 -5.766346171929065401e-02
-9.896293847897785767e-02 -6.328932959313771089e-02
-1.079266917719275132e-01 -6.888049254048639325e-02
-1.168762846253534049e-01 -7.443422540707167467e-02
-1.258095443710059713e-01 -7.994773990054016011e-02
-1.347243200007908759e-01 -8.541819118598092953e-02
-1.436184853737419720e-01 -9.084268496259423342e-02
-1.524899424326436881e-01 -9.621828491592510080e-02
-1.613366243430943148e-01 -1.015420204471998433e-01
-1.701564984818790816e-01 -1.068108945899859941e-01
-1.789475692160247822e-01 -1.120218920338011404e-01
-1.877078804280521429e-01 -1.171719871837900717e-01
-1.964355177560701549e-01 -1.222581521947136429e-01
-2.051286105291112993e-01 -1.272773649259515971e-01
-2.137853333883180662e-01 -1.322266167718531560e-01
-2.224039075931759923e-01 -1.371029203285279441e-01
-2.309826020190338669e-01 -1.419033168640412290e-01
-2.395197338577622070e-01 -1.466248835640588943e-01
-2.480136690377167941e-01 -1.512647405293239822e-01
-2.564628223823604003e-01 -1.558200575050621151e-01
-2.648656575291462589e-01 -1.602880603255912584e-01
-2.732206866316756466e-01 -1.646660370601441548e-01
-2.815264698689151079e-01 -1.689513438482872221e-01
-2.897816147854713753e-01 -1.731414104153979616e-01
-2.979847754866944420e-01 -1.772337452605115549e-01
-3.061346517118243571e-01 -1.812259405105088039e-01
-3.142299878075352493e-01 -1.851156764361348017e-01
-3.222695716231960827e-01 -1.889007256267292434e-01
-3.302522333479371852e-01 -1.925789568218547743e-01
-3.381768443083041920e-01 -1.961483383992269069e-01
-3.460423157438455299e-01 -1.996069415195001473e-01
-3.538475975765418280e-01 -2.029529429295589271e-01
-3.615916771884762904e-01 -2.061846274269897028e-01
-3.692735782206517103e-01 -2.093003899894021469e-01
-3.768923594043686598e-01 -2.122987375731884008e-01
-3.844471134351016284e-01 -2.151782905871935381e-01
-3.919369658973791415e-01 -2.179377840475961725e-01
-3.993610742477737841e-01 -2.205760684210775202e-01
-4.067186268617724032e-01 -2.230921101640780946e-01
-4.140088421490096815e-01 -2.254849919666158664e-01
-4.212309677401372965e-01 -2.277539127097567007e-01
-4.283842797474448627e-01 -2.298981871463965931e-01
-4.354680821002913094e-01 -2.319172453155192160e-01
-4.424817059554025933e-01 -2.338106317005632373e-01
-4.494245091811872594e-01 -2.355780041429282323e-01
-4.562958759143809218e-01 -2.372191325220070202e-01
-4.630952161865956596e-01 -2.387338972134354642e-01
-4.698219656176771397e-01 -2.401222873374977973e-01
-4.764755851722002888e-01 -2.413843988098311744e-01
-4.830555609749241919e-01 -2.425204322067275597e-01
-4.895614041806152228e-01 -2.435306904574334741e-01
-4.959926508933078515e-01 -2.444155763759158217e-01
-5.023488621297924617e-01 -2.451755900445775904e-01
-5.086296238219415455e-01 -2.458113260623838725e-01
-5.148345468523460866e-01 -2.463234706697924603e-01
-5.209632671176781527e-01 -2.467127987627855956e-01
-5.270154456141878940e-01 -2.469801708081558467e-01
-5.329907685398057593e-01 -2.471265296720266402e-01
-5.388889474074137764e-01 -2.471528973733786438e-01
-5.447097191640136726e-01 -2.470603717741201022e-01
-5.504528463107000169e-01 -2.468501232169670878e-01
-5.561181170185920397e-01 -2.465233911221032526e-01
-5.617053452361245869e-01 -2.460814805532772209e-01
-5.672143707834008675e-01 -2.455257587636446304e-01
-5.726450594296208507e-01 -2.448576517313020839e-01
-5.779973029499240189e-01 -2.440786406940748110e-01
-5.832710191583417858e-01 -2.431902586927227328e-01
-5.884661519138996155e-01 -2.421940871313134069e-01
-5.935826710972860187e-01 -2.410917523630770332e-01
-5.986205725558521040e-01 -2.398849223096322092e-01
-6.035798780150813947e-01 -2.385753031210096631e-01
-6.084606349550315540e-01 -2.371646358834559876e-01
-6.132629164505865038e-01 -2.356546933815350520e-01
-6.179868209747200192e-01 -2.340472769205861892e-01
-6.226324721642825244e-01 -2.323442132151325445e-01
-6.272000185481585444e-01 -2.305473513483711767e-01
-6.316896332379270396e-01 -2.286585598074143688e-01
-6.361015135814511723e-01 -2.266797235985017200e-01
-6.404358807800776265e-01 -2.246127414459477278e-01
-6.446929794703840644e-01 -2.224595230781491462e-01
-6.488730772716254647e-01 -2.202219866035448614e-01
-6.529764643002382574e-01 -2.179020559789956457e-01
-6.570034526529475727e-01 -2.155016585726429734e-01
-6.609543758601754693e-01 -2.130227228229048531e-01
-6.648295883115964422e-01 -2.104671759948874010e-01
-6.686294646557989774e-01 -2.078369420351129093e-01
-6.723543991761147254e-01 -2.051339395251222109e-01
-6.760048051447551387e-01 -2.023600797341613688e-01
-6.795811141574503722e-01 -1.995172647708490787e-01
-6.830837754508335413e-01 -1.966073858334203006e-01
-6.865132552048334169e-01 -1.936323215578449886e-01
-6.898700358323466286e-01 -1.905939364628674304e-01
-6.931546152584466824e-01 -1.874940794907620223e-01
-6.963675061913836561e-01 -1.843345826423563039e-01
-6.995092353875618230e-01 -1.811172597046867838e-01
-7.025803429126672439e-01 -1.778439050694342605e-01
-7.055813814010376550e-01 -1.745162926401269132e-01
-7.085129153153040260e-01 -1.711361748259416782e-01
-7.113755202082607809e-01 -1.677052816197852347e-01
-7.141697819888327414e-01 -1.642253197582221325e-01
-7.168962961939175926e-01 -1.606979719607138368e-01
-7.195556672677838606e-01 -1.571248962455342180e-01
-7.221485078506129085e-01 -1.535077253196604485e-01
-7.246754380776549986e-01 -1.498480660398783804e-01
-7.271370848903824236e-01 -1.461474989422904547e-01
-7.295340813608950370e-01 -1.424075778373932732e-01
-7.318670660307411424e-01 -1.386298294678606213e-01
-7.341366822652017898e-01 -1.348157532261746450e-01
-7.363435776239771746e-01 -1.309668209292386976e-01
-7.384884032491156880e-01 -1.270844766471286580e-01
-7.405718132709100399e-01 -1.231701365831651962e-01
-7.425944642323984990e-01 -1.192251890025118610e-01
-7.445570145329967193e-01 -1.152509942065617077e-01
-7.464601238916978021e-01 -1.112488845504074897e-01
-7.483044528301880938e-01 -1.072201645007572479e-01
-7.500906621761326276e-01 -1.031661107317113080e-01
-7.518194125868066235e-01 -9.908797225589077717e-02
-7.534913640931674150e-01 -9.498697058846466978e-02
-7.551071756643886745e-01 -9.086429994171567326e-02
-7.566675047928068665e-01 -8.672112744784571392e-02
-7.581730070991707926e-01 -8.255859340781421252e-02
-7.596243359580150400e-01 -7.837781156407570837e-02
-7.610221421429341770e-01 -7.417986939517737244e-02
-7.623670734914766989e-01 -6.996582843025000997e-02
-7.636597745893339839e-01 -6.573672458152123033e-02
-7.649008864734558877e-01 -6.149356849306233941e-02
-7.660910463536949599e-01 -5.723734590406220901e-02
-7.672308873525375272e-01 -5.296901802500976475e-02
-7.683210382624610091e-01 -4.868952192525358158e-02
-7.693621233204275267e-01 -4.439977093047869916e-02
-7.703547619990039896e-01 -4.010065502873398635e-02
-7.712995688135818595e-01 -3.579304128371768590e-02
-7.721971531451558013e-01 -3.147777425410176744e-02
-7.730481190781108847e-01 -2.715567641775876173e-02
-7.738530652524591158e-01 -2.282754859982211171e-02
-7.746125847299608624e-01 -1.849417040358683484e-02
-7.753272648735691774e-01 -1.415630064331667437e-02
-7.759976872396263659e-01 -9.814677778102284811e-03
-7.766244274822549087e-01 -5.470020345964193842e-03
-7.772080552693809707e-01 -1.123027397466183630e-03
-7.777491342098410421e-01 3.225621071845555243e-03
-7.782482217910248190e-01 7.575263690800748684e-03
-7.787058693265204168e-01 1.192525728433636856e-02
-7.791226219132385555e-01 1.627497644812668509e-02
-7.794990183975019082e-01 2.062381312658323473e-02
-7.798355913495997882e-01 2.497117619466676652e-02
-7.801328670463223425e-01 2.931649104388736604e-02
-7.803913654610008521e-01 3.365919917285761787e-02
-7.806116002605991699e-01 3.799875778269745652e-02
-7.807940788094107631e-01 4.233463937758151496e-02
-7.809393021789383660e-01 4.666633137066258236e-02
-7.810477651635416851e-01 5.099333569559106466e-02
-7.811199563014616931e-01 5.531516842381555693e-02
-7.811563579008392599e-01 5.963135938781767564e-02
-7.811574460703691880e-01 6.394145181042246162e-02
-7.811236907542377095e-01 6.824500194028654265e-02
-7.810555557710163743e-01 7.254157869366036071e-02
-7.809534988561932511e-01 7.683076330248689301e-02
-7.808179717080433457e-01 8.111214896889165638e-02
-7.806494200365499125e-01 8.538534052609869640e-02
-7.804482836151089842e-01 8.964995410578895096e-02
-7.802149963347557726e-01 9.390561681190537358e-02
-7.799499862606749101e-01 9.815196640089877966e-02
-7.796536756907606058e-01 1.023886509683957363e-01
-7.793264812160126676e-01 1.066153286422502761e-01
-7.789688137825643288e-01 1.108316672819501247e-01
-7.785810787551483703e-01 1.150373441843209610e-01
-7.781636759818226778e-01 1.192320457954726409e-01
-7.777169998597850409e-01 1.234154674289288101e-01
-7.772414394021197603e-01 1.275873129898655589e-01
-7.767373783053265202e-01 1.317472947053852927e-01
-7.762051950174941872e-01 1.358951328607457543e-01
-7.756452628069889776e-01 1.400305555414629588e-01
-7.750579498315380844e-01 1.441532983811922020e-01
-7.744436192075945247e-01 1.482631043153105344e-01
-7.738026290798812878e-01 1.523597233400902917e-01
-7.731353326910177515e-01 1.564429122773821346e-01
-7.724420784511367710e-01 1.605124345447042356e-01
-7.717232100074121748e-01 1.645680599306375003e-01
-7.709790663134188371e-01 1.686095643754348117e-01
-7.702099816982550529e-01 1.726367297567329429e-01
-7.694162859353621542e-01 1.766493436802759054e-01
-7.685983043109818613e-01 1.806471992755481204e-01
-7.677563576921955235e-01 1.846300949962071114e-01
-7.668907625944962891e-01 1.885978344252313144e-01
-7.660018312488472425e-01 1.925502260846660429e-01
-7.650898716681826528e-01 1.964870832498845643e-01
-7.641551877133164750e-01 2.004082237682517920e-01
-7.631980791582191337e-01 2.043134698821046646e-01
-7.622188417546356121e-01 2.082026480559431292e-01
-7.612177672960107611e-01 2.120755888077467954e-01
-7.601951436806999585e-01 2.159321265443122917e-01
-7.591512549744378058e-01 2.197720994005297745e-01
-7.580863814720470995e-01 2.235953490824987289e-01
-7.570007997583653170e-01 2.274017207143993746e-01
-7.558947827683718534e-01 2.311910626890293086e-01
-7.547685998465030188e-01 2.349632265219168958e-01
-7.536225168051366996e-01 2.387180667089330854e-01
-7.524567959822363594e-01 2.424554405873103335e-01
-7.512716962981431656e-01 2.461752081999923347e-01
-7.500674733115038073e-01 2.498772321632347915e-01
-7.488443792743270100e-01 2.535613775373746215e-01
-7.476026631861596439e-01 2.572275117006966316e-01
-7.463425708473749864e-01 2.608755042263177226e-01
-7.450643449115662564e-01 2.645052267620179309e-01
-7.437682249370388687e-01 2.681165529129481140e-01
-7.424544474373983016e-01 2.717093581271383673e-01
-7.411232459312244725e-01 2.752835195837456950e-01
-7.397748509908323999e-01 2.788389160839673808e-01
-7.384094902901123803e-01 2.823754279445604976e-01
-7.370273886514451256e-01 2.858929368938986082e-01
-7.356287680916906435e-01 2.893913259705050978e-01
-7.342138478672466384e-01 2.928704794240027942e-01
-7.327828445181705508e-01 2.963302826184175398e-01
-7.313359719113672330e-01 2.997706219377791470e-01
-7.298734412828333795e-01 3.031913846939630064e-01
-7.283954612789608207e-01 3.065924590367143376e-01
-7.269022379968936853e-01 3.099737338657999053e-01
-7.253939750239352113e-01 3.133350987452371283e-01
-7.238708734760048724e-01 3.166764438195446285e-01
-7.223331320351397133e-01 3.199976597319645899e-01
-7.207809469860400053e-01 3.232986375446048055e-01
-7.192145122516540034e-01 3.265792686604538364e-01
-7.176340194278016948e-01 3.298394447472178248e-01
-7.160396578168324311e-01 3.330790576629321653e-01
-7.144316144603160001e-01 3.362979993833041803e-01
-7.128100741707630306e-01 3.394961619307363399e-01
-7.111752195623721740e-01 3.426734373049893922e-01
-7.095272310808040661e-01 3.458297174154374987e-01
-7.078662870319747391e-01 3.489648940148748490e-01
-7.061925636098725922e-01 3.520788586348275184e-01
-7.045062349233895960e-01 3.551715025223337596e-01
-7.028074730221718358e-01 3.582427165781422729e-01
-7.010964479214805145e-01 3.612923912962978656e-01
-6.993733276260674092e-01 3.643204167050678732e-01
-6.976382781530579003e-01 3.673266823091672073e-01
-6.958914635538457905e-01 3.703110770332515012e-01
-6.941330459349934756e-01 3.732734891666280586e-01
-6.923631854781391315e-01 3.762138063091561291e-01
-6.905820404589093631e-01 3.791319153182940438e-01
-6.887897672648377601e-01 3.820277022572541870e-01
-6.869865204122879154e-01 3.849010523442308873e-01
-6.851724525623821282e-01 3.877518499026672005e-01
-6.833477145359355687e-01 3.905799783125163405e-01
-6.815124553273969044e-01 3.933853199624725017e-01
-6.796668221177977198e-01 3.961677562031262756e-01
-6.778109602867102845e-01 3.989271673010141850e-01
-6.759450134232184437e-01 4.016634323935297513e-01
-6.740691233359019652e-01 4.043764294446559049e-01
-6.721834300618381164e-01 4.070660352014922601e-01
-6.702880718746253574e-01 4.097321251515378404e-01
-6.683831852914301486e-01 4.123745734807012786e-01
-6.664689050790645330e-01 4.149932530320041835e-01
-6.645453642590977150e-01 4.175880352649466998e-01
-6.626126941120068503e-01 4.201587902155052290e-01
-6.606710241803757100e-01 4.227053864567290042e-01
-6.587204822711441032e-01 4.252276910599097626e-01
-6.567611944569173854e-01 4.277255695562963145e-01
-6.547932850763446000e-01 4.301988858993187614e-01
-6.528168767335702505e-01 4.326475024273062076e-01
-6.508320902967712485e-01 4.350712798266614389e-01
-6.488390448957874757e-01 4.374700770954736417e-01
-6.468378579188556188e-01 4.398437515075398485e-01
-6.448286450084543819e-01 4.421921585767801810e-01
-6.428115200562751763e-01 4.445151520220134156e-01
-6.407865951973283902e-01 4.468125837320813809e-01
-6.387539808031934552e-01 4.490843037312964858e-01
-6.367137854744298053e-01 4.513301601451977785e-01
-6.346661160321565021e-01 4.535499991665966624e-01
-6.326110775088154003e-01 4.557436650218983365e-01
-6.305487731381316241e-01 4.579109999376821394e-01
-6.284793043442817861e-01 4.600518441075317488e-01
-6.264027707302851633e-01 4.621660356591023033e-01
-6.243192700656319261e-01 4.642534106214207812e-01
-6.222288982731607465e-01 4.663138028924029843e-01
-6.201317494152012166e-01 4.683470442065923445e-01
-6.180279156789941775e-01 4.703529641031138908e-01
-6.159174873614040591e-01 4.723313898938400479e-01
-6.138005528529391075e-01 4.742821466317730383e-01
-6.116771986210898238e-01 4.762050570796492188e-01
-6.095475091930055989e-01 4.780999416787635736e-01
-6.074115671375159842e-01 4.799666185180346267e-01
-6.052694530465174694e-01 4.818049033033100503e-01
-6.031212455157355379e-01 4.836146093269316770e-01
-6.009670211248743232e-01 4.853955474375783452e-01
-5.988068544171721852e-01 4.871475260103970140e-01
-5.966408178783695337e-01 4.888703509174538997e-01
-5.944689819151063315e-01 4.905638254985230651e-01
-5.922914148327593775e-01 4.922277505322414370e-01
-5.901081828127296980e-01 4.938619242076621174e-01
-5.879193498891959191e-01 4.954661420962355178e-01
-5.857249779253391742e-01 4.970401971242577877e-01
-5.835251265890527561e-01 4.985838795458241712e-01
-5.813198533281473956e-01 5.000969769163264855e-01
-5.791092133450577162e-01 5.015792740665476757e-01
-5.768932595710652977e-01 5.030305530773897527e-01
-5.746720426400384607e-01 5.044505932552979521e-01
-5.724456108617049788e-01 5.058391711084282427e-01
-5.702140101944590533e-01 5.071960603236191911e-01
-5.679772842177130965e-01 5.085210317442263595e-01
-5.657354741038012058e-01 5.098138533488827395e-01
-5.634886185894365518e-01 5.110742902312561675e-01
-5.612367539467327804e-01 5.123021045808706653e-01
-5.589799139537934280e-01 5.134970556650622076e-01
-5.567181298648739007e-01 5.146588998121501835e-01
-5.544514303801210131e-01 5.157873903959011574e-01
-5.521798416148965272e-01 5.168822778213646441e-01
-5.499033870686854675e-01 5.179433095121745989e-01
-5.476220875935993160e-01 5.189702298993906782e-01
-5.453359613624720881e-01 5.199627804119859587e-01
-5.430450238365590598e-01 5.209206994690642745e-01
-5.407492877328410330e-01 5.218437224739052027e-01
-5.384487629909385786e-01 5.227315818099431688e-01
-5.361434567396415884e-01 5.235840068387738189e-01
-5.338333732630622386e-01 5.244007239002992371e-01
-5.315185139664151404e-01 5.251814563151152582e-01
-5.291988773414336711e-01 5.259259243892537850e-01
-5.268744589314289239e-01 5.266338454213910225e-01
-5.245452512960022684e-01 5.273049337126376468e-01
-5.222112439754208468e-01 5.279389005790252609e-01
-5.198724234546658884e-01 5.285354543668121519e-01
-5.175287731271690506e-01 5.290943004707291397e-01
-5.151802732582501099e-01 5.296151413552854237e-01
-5.128269009482719909e-01 5.300976765792636547e-01
-5.104686300955294520e-01 5.305416028235324655e-01
-5.081054313588964089e-01 5.309466139222993597e-01
-5.057372721202477717e-01 5.313124008979428492e-01
-5.033641164466845508e-01 5.316386519995488502e-01
-5.009859250525900976e-01 5.319250527452878963e-01
-4.986026552615417939e-01 5.321712859687701691e-01
-4.962142609681190475e-01 5.323770318695077997e-01
-4.938206925996365126e-01 5.325419680676294343e-01
-4.914218970778460593e-01 5.326657696629769623e-01
-4.890178177806507320e-01 5.327481092987271794e-01
-4.866083945038713887e-01 5.327886572296774981e-01
-4.841935634231255836e-01 5.327870813953303752e-01
-4.817732570558650451e-01 5.327430474979201191e-01
-4.793474042236347543e-01 5.326562190855208545e-01
-4.769159300146165736e-01 5.325262576403697601e-01
-4.744787557465233174e-01 5.323528226725502410e-01
-4.720357989299188151e-01 5.321355718191675965e-01
-4.695869732320387957e-01 5.318741609491577371e-01
-4.671321884411979708e-01 5.315682442738604019e-01
-4.646713504318710219e-01 5.312174744634938772e-01
-4.622043611305394206e-01 5.308215027696635557e-01
-4.597311184824073860e-01 5.303799791540294573e-01
-4.572515164190888992e-01 5.298925524232694917e-01
-4.547654448273793504e-01 5.293588703704548148e-01
-4.522727895192293346e-01 5.287785799229630657e-01
-4.497734322030432219e-01 5.281513272970504991e-01
-4.472672504564343399e-01 5.274767581591932597e-01
-4.447541177005739366e-01 5.267545177943121493e-01
-4.422339031762745898e-01 5.259842512809864701e-01
-4.397064719219627715e-01 5.251656036737573086e-01
-4.371716847536941675e-01 5.242982201926176256e-01
-4.346293982473762862e-01 5.233817464197789704e-01
-4.320794647233701102e-01 5.224158285037974192e-01
-4.295217322336470911e-01 5.214001133711403391e-01
-4.269560445516873415e-01 5.203342489452563724e-01
-4.243822411653088711e-01 5.192178843732166982e-01
-4.218001572726259307e-01 5.180506702599817492e-01
-4.192096237813425774e-01 5.168322589103312437e-01
-4.166104673115921808e-01 5.155623045784993863e-01
-4.140025102025389758e-01 5.142404637255382216e-01
-4.113855705229685911e-01 5.128663952844217944e-01
-4.087594620860953154e-01 5.114397609328964478e-01
-4.061239944688228021e-01 5.099602253740669333e-01
-4.034789730357008497e-01 5.084274566246955729e-01
-4.008241989678226758e-01 5.068411263111838316e-01
-3.981594692969173677e-01 5.052009099731794572e-01
-3.954845769448907533e-01 5.035064873747536751e-01
-3.927993107690780916e-01 5.017575428230642842e-01
-3.901034556134703180e-01 4.999537654944093967e-01
-3.873967923661815194e-01 4.980948497675645181e-01
-3.846790980234280344e-01 4.961804955642657999e-01
-3.819501457602899608e-01 4.942104086966994658e-01
-3.792097050085284637e-01 4.921843012218254376e-01
-3.764575415417317772e-01 4.901018918023491988e-01
-3.736934175680637904e-01 4.879629060741380031e-01
-3.709170918308852816e-01 4.857670770198515564e-01
-3.681283197175200805e-01 4.835141453485396479e-01
-3.653268533764337800e-01 4.812038598809292855e-01
-3.625124418430844542e-01 4.788359779401150096e-01
-3.596848311747076199e-01 4.764102657473296976e-01
-3.568437645942859060e-01 4.739264988224501929e-01
-3.539889826439484022e-01 4.713844623888764351e-01
-3.511202233480362755e-01 4.687839517823886859e-01
-3.482372223860613625e-01 4.661247728635636300e-01
-3.453397132757726751e-01 4.634067424333089269e-01
-3.424274275665349920e-01 4.606296886510388156e-01
-3.395000950432068287e-01 4.577934514550016099e-01
-3.365574439406919804e-01 4.548978829842262317e-01
-3.335992011693219017e-01 4.519428480015428296e-01
-3.306250925512046468e-01 4.489282243170898412e-01
-3.276348430676593870e-01 4.458539032117097012e-01
-3.246281771178303188e-01 4.427197898595927605e-01
-3.216048187885522935e-01 4.395258037495081149e-01
-3.185644921355142989e-01 4.362718791039342792e-01
-3.155069214757379448e-01 4.329579652953743918e-01
-3.124318316913614613e-01 4.295840272591081033e-01
-3.093389485446869092e-01 4.261500459016204223e-01
-3.062279990044157185e-01 4.226560185039069939e-01
-3.030987115829634759e-01 4.191019591188381299e-01
-2.999508166847071888e-01 4.154878989617424301e-01
-2.967840469649808410e-01 4.118138867933409664e-01
-2.935981376995933090e-01 4.080799892941447404e-01
-2.903928271646015746e-01 4.042862914294094168e-01
-2.871678570260281504e-01 4.004328968037172976e-01
-2.839229727391634484e-01 3.965199280042434604e-01
-2.806579239570511364e-01 3.925475269317388882e-01
-2.773724649476997373e-01 3.885158551182572029e-01
-2.740663550195158171e-01 3.844250940306363495e-01
-2.707393589544022650e-01 3.802754453587284811e-01
-2.673912474479108736e-01 3.760671312873768990e-01
-2.640217975557797025e-01 3.718003947511142604e-01
-2.606307931461369076e-01 3.674754996705693055e-01
-2.572180253565888308e-01 3.630927311695573700e-01
-2.537832930553525213e-01 3.586523957718363853e-01
-2.503264033055375704e-01 3.541548215765110141e-01
-2.468471718316195551e-01 3.496003584110770612e-01
-2.433454234870857658e-01 3.449893779611111766e-01
-2.398209927221769122e-01 3.403222738756210841e-01
-2.362737240505866643e-01 3.355994618470933277e-01
-2.327034725139190685e-01 3.308213796652976213e-01
-2.291101041426479856e-01 3.259884872439331449e-01
-2.254934964122605745e-01 3.211012666192356035e-01
-2.218535386932098119e-01 3.161602219196917862e-01
-2.181901326932491336e-01 3.111658793060728678e-01
-2.145031928906616370e-01 3.061187868810147927e-01
-2.107926469568503769e-01 3.010195145674583461e-01
-2.070584361667058837e-01 2.958686539553061490e-01
-2.033005157951196518e-01 2.906668181157254227e-01
-1.995188554979772377e-01 2.854146413826192941e-01
-1.957134396759214745e-01 2.801127791008511947e-01
-1.918842678191535478e-01 2.747619073409383050e-01
-1.880313548315092065e-01 2.693627225800124814e-01
-1.841547313320371637e-01 2.639159413489938211e-01
-1.802544439322978365e-01 2.584222998460544707e-01
-1.763305554876006265e-01 2.528825535166022709e-01
-1.723831453204188457e-01 2.472974766002040137e-01
-1.684123094142449817e-01 2.416678616450586570e-01
-1.644181605761920739e-01 2.359945189908501662e-01
-1.604008285667115619e-01 2.302782762210702772e-01
-1.563604601948709039e-01 2.245199775861718983e-01
-1.522972193777403782e-01 2.187204833992283659e-01
-1.482112871625607953e-01 2.128806694061244342e-01
-1.441028617105156728e-01 2.070014261326924010e-01
-1.399721582411131704e-01 2.010836582116377058e-01
-1.358194089363916057e-01 1.951282836925663511e-01
-1.316448628044152858e-01 1.891362333389634276e-01
-1.274487855018006655e-01 1.831084499165248347e-01
-1.232314591153433891e-01 1.770458874778785552e-01
-1.189931819031671556e-01 1.709495106493839067e-01
-1.147342679962112810e-01 1.648202939264000744e-01
-1.104550470613150370e-01 1.586592209841663215e-01
-1.061558639276091176e-01 1.524672840121813200e-01
-1.018370781784239676e-01 1.462454830807356221e-01
-9.749906371142597061e-02 1.399948255490078841e-01
-9.314220827020869287e-02 1.337163255248302318e-01
-8.876691295106520219e-02 1.274110033868632863e-01
-8.437359168913538543e-02 1.210798853804205544e-01
-7.996267072854063018e-02 1.147240032985291924e-01
-7.553458808144775105e-02 1.083443942599288945e-01
-7.108979298122430901e-02 1.019421005955444270e-01
-6.662874533492291196e-02 9.551816985446659469e-02
-6.215191518022428196e-02 8.907365493955946012e-02
-5.765978215166256415e-02 8.260961438144437397e-02
-5.315283496040656974e-02 7.612711275773409447e-02
-4.863157089107000841e-02 6.962722126196924100e-02
-4.409649531798548461e-02 6.311101842377780935e-02
-3.954812124206447121e-02 5.657959097828813011e-02
-3.498696884786983707e-02 5.003403487892749135e-02
-3.041356507884546145e-02 4.347545644344588678e-02
-2.582844322688770955e-02 3.690497361853015135e-02
-2.123214253067945423e-02 3.032371734384123330e-02
-1.662520777554271634e-02 2.373283299195194651e-02
-1.200818888614191282e-02 1.713348185672036728e-02
-7.381640502258868253e-03 1.052684265929684782e-02
-2.746121527214873126e-03 3.914113038506722431e-03
1.897805361619320230e-03 -2.703489009107579166e-03
6.549574250329537328e-03 -9.324723774556870071e-03
1.120861658303912156e-02 -1.594832860101905170e-02
1.587436182100443460e-02 -2.257301679963422125e-02
2.054623817155060150e-02 -2.919747674500530743e-02
2.522367338965875172e-02 -3.582037117462760767e-02
2.990609565225593736e-02 -4.244033671141073105e-02
3.459293450238404288e-02 -4.905598362289573244e-02
3.928362185761075098e-02 -5.566589582497763478e-02
4.397759307443971366e-02 -6.226863113222047552e-02
4.867428805819568050e-02 -6.886272175141272545e-02
5.337315240602030775e-02 -7.544667501010512978e-02
5.807363856927677537e-02 -8.201897430764870656e-02
6.277520702084238291e-02 -8.857808027279337471e-02
6.747732741248574362e-02 -9.512243210929932635e-02
7.217947970773036515e-02 -1.016504491092261042e-01
7.688115527624012069e-02 -1.081605323125423013e-01
8.158185793677702469e-02 -1.146510662914082268e-01
8.628110493705426487e-02 -1.211204210377505863e-01
9.097842786030124751e-02 -1.275669539335323732e-01
9.567337344996390547e-02 -1.339890117842587325e-01
1.003655043456196938e-01 -1.403849328976644051e-01
1.050543997248353234e-01 -1.467530491910915280e-01
1.097396558472884531e-01 -1.530916883127173833e-01
1.144208864989635921e-01 -1.593991757634427853e-01
1.190977233356050879e-01 -1.656738370078629508e-01
1.237698161258473650e-01 -1.719139995642767760e-01
1.284368328955192151e-01 -1.781179950650996491e-01
1.330984599755646869e-01 -1.842841612803423346e-01
1.377544019568131550e-01 -1.904108440979800365e-01
1.424043815554922876e-01 -1.964963994560600113e-01
1.470481393939025994e-01 -2.025391952222961867e-01
1.516854337011024900e-01 -2.085376130176848086e-01
1.563160399387545640e-01 -2.144900499813392480e-01
1.609397503575214494e-01 -2.203949204743244072e-01
1.655563734895378059e-01 -2.262506577207522018e-01
1.701657335825738082e-01 -2.320557153848212262e-01
1.747676699815247925e-01 -2.378085690828290466e-01
1.793620364628341901e-01 -2.435077178294844935e-01
1.839487005273967302e-01 -2.491516854181007323e-01
1.885275426573831403e-01 -2.547390217344617791e-01
1.930984555423095328e-01 -2.602683040043433649e-01
1.976613432795127356e-01 -2.657381379748253725e-01
2.022161205540343176e-01 -2.711471590296719025e-01
2.067627118027260402e-01 -2.764940332391783162e-01
2.113010503672010099e-01 -2.817774583449956238e-01
2.158310776400427511e-01 -2.869961646805346822e-01
2.203527422084747833e-01 -2.921489160276454777e-01
2.248659989994849229e-01 -2.972345104103504276e-01
2.293708084301637473e-01 -3.022517808264775785e-01
2.338671355668001106e-01 -3.071995959181147984e-01
2.383549492960591043e-01 -3.120768605818699526e-01
2.428342215113282743e-01 -3.168825165199770089e-01
2.473049263171048229e-01 -3.216155427333474148e-01
2.517670392540720670e-01 -3.262749559577158287e-01
2.562205365472860485e-01 -3.308598110440741369e-01
2.606653943796835016e-01 -3.353692012846338222e-01
2.651015881929015272e-01 -3.398022586855935501e-01
2.695290920171896643e-01 -3.441581541880248674e-01
2.739478778319913710e-01 -3.484360978382208263e-01
2.783579149585661550e-01 -3.526353389088792145e-01
2.827591694858249682e-01 -3.567551659725147761e-01
2.871516037303702973e-01 -3.607949069285200649e-01
2.915351757315348680e-01 -3.647539289853033440e-01
2.959098387820458531e-01 -3.686316385989545363e-01
3.002755409947556187e-01 -3.724274813698907893e-01
3.046322249057361042e-01 -3.761409418989485332e-01
3.089798271138504693e-01 -3.797715436043854198e-01
3.133182779567874610e-01 -3.833188485012624658e-01
3.176475012233915263e-01 -3.867824569446698946e-01
3.219674139019815806e-01 -3.901620073382588982e-01
3.262779259642402119e-01 -3.934571758095337657e-01
3.305789401841169317e-01 -3.966676758533487224e-01
3.348703519910953275e-01 -3.997932579450457768e-01
3.391520493570595041e-01 -4.028337091246533830e-01
3.434239127159042226e-01 -4.057888525535542912e-01
3.476858149149480992e-01 -4.086585470450139757e-01
3.519376211971260160e-01 -4.114426865699427616e-01
3.561791892128721715e-01 -4.141411997392481226e-01
3.604103690605341970e-01 -4.167540492641141903e-01
3.646310033541070306e-01 -4.192812313955227022e-01
3.688409273170304425e-01 -4.217227753443123506e-01
3.730399689007458663e-01 -4.240787426830487927e-01
3.772279489266771590e-01 -4.263492267309565431e-01
3.814046812502764339e-01 -4.285343519231415432e-01
3.855699729457480740e-01 -4.306342731653105549e-01
3.897236245100581531e-01 -4.326491751751668779e-01
3.938654300848183354e-01 -4.345792718116446851e-01
3.979951776946443753e-01 -4.364248053931129578e-01
4.021126495005730717e-01 -4.381860460056620776e-01
4.062176220671540050e-01 -4.398632908025589261e-01
4.103098666418211193e-01 -4.414568632959328665e-01
4.143891494451890090e-01 -4.429671126417302762e-01
4.184552319709170520e-01 -4.443944129189524861e-01
4.225078712938410419e-01 -4.457391624041651679e-01
4.265468203850685813e-01 -4.470017828422444550e-01
4.305718284327939571e-01 -4.481827187143000990e-01
4.345826411676089740e-01 -4.492824365036906520e-01
4.385790011911349096e-01 -4.503014239610212410e-01
4.425606483068332264e-01 -4.512401893689903520e-01
4.465273198519062459e-01 -4.520992608079248409e-01
4.504787510292325714e-01 -4.528791854228211289e-01
4.544146752383450560e-01 -4.535805286926799518e-01
4.583348244044916919e-01 -4.542038737029017725e-01
4.622389293048797532e-01 -4.547498204214812656e-01
4.661267198912550924e-01 -4.552189849797136922e-01
4.699979256080044077e-01 -4.556119989581029484e-01
4.738522757050463996e-01 -4.559295086781302020e-01
4.776894995448037751e-01 -4.561721745005207218e-01
4.815093269026139433e-01 -4.563406701306165214e-01
4.853114882599857682e-01 -4.564356819314377423e-01
4.890957150901565909e-01 -4.564579082449893854e-01
4.928617401354579153e-01 -4.564080587223411922e-01
4.966092976760493882e-01 -4.562868536629837712e-01
5.003381237896219469e-01 -4.560950233639366469e-01
5.040479566017290747e-01 -4.558333074790546502e-01
5.077385365264390771e-01 -4.555024543889574784e-01
5.114096064970615751e-01 -4.551032205819728338e-01
5.150609121867308904e-01 -4.546363700464632895e-01
5.186922022186780667e-01 -4.541026736748762782e-01
5.223032283660657971e-01 -4.535029086798313402e-01
5.258937457412945493e-01 -4.528378580225309591e-01
5.294635129747250479e-01 -4.521083098537572731e-01
5.330122923828074510e-01 -4.513150569676871449e-01
5.365398501256226638e-01 -4.504588962687358089e-01
5.400459563538964058e-01 -4.495406282516114516e-01
5.435303853455520917e-01 -4.485610564947388190e-01
5.469929156319164321e-01 -4.475209871671847472e-01
5.504333301137067647e-01 -4.464212285491942489e-01
5.538514161669542135e-01 -4.452625905664222561e-01
5.572469657390454190e-01 -4.440458843379220810e-01
5.606197754350750184e-01 -4.427719217379304517e-01
5.639696465947312554e-01 -4.414415149714644993e-01
5.672963853599449768e-01 -4.400554761637273105e-01
5.705998027335494882e-01 -4.386146169632963998e-01
5.738797146292188289e-01 -4.371197481590473610e-01
5.771359419129461488e-01 -4.355716793107538010e-01
5.803683104363581702e-01 -4.339712183932722955e-01
5.835766510621451797e-01 -4.323191714542188313e-01
5.867607996819101945e-01 -4.306163422850161071e-01
5.899205972267385079e-01 -4.288635321051762483e-01
5.930558896707956995e-01 -4.270615392596739390e-01
5.961665280282579804e-01 -4.252111589292453808e-01
5.992523683438906179e-01 -4.233131828534364982e-01
6.023132716775846385e-01 -4.213683990662113743e-01
6.053491040831535663e-01 -4.193775916439246298e-01
6.083597365817073888e-01 -4.173415404654408078e-01
6.113450451299018429e-01 -4.152610209841853806e-01
6.143049105833612300e-01 -4.131368040118966189e-01
6.172392186555740734e-01 -4.109696555138413476e-01
6.201478598725507219e-01 -4.087603364152486152e-01
6.230307295235211207e-01 -4.065096024187152546e-01
6.258877276079550800e-01 -4.042182038323227644e-01
6.287187587791714938e-01 -4.018868854082077169e-01
6.315237322847940815e-01 -3.995163861913237913e-01
6.343025619043120011e-01 -3.971074393781243717e-01
6.370551658839871401e-01 -3.946607721848981454e-01
6.397814668693386775e-01 -3.921771057254906379e-01
6.424813918354375097e-01 -3.896571548981351274e-01
6.451548720152218142e-01 -3.871016282811254317e-01
6.478018428260441386e-01 -3.845112280370560076e-01
6.504222437946438617e-01 -3.818866498253638553e-01
6.530160184807342061e-01 -3.792285827229017747e-01
6.555831143993834376e-01 -3.765377091522746356e-01
6.581234829423547872e-01 -3.738147048176815868e-01
6.606370792985700735e-01 -3.710602386479960879e-01
6.631238623738389126e-01 -3.682749727468339618e-01
6.655837947100016194e-01 -3.654595623493530065e-01
6.680168424036132535e-01 -3.626146557855352004e-01
6.704229750242918229e-01 -3.597408944497115235e-01
6.728021655328473294e-01 -3.568389127760840385e-01
6.751543901992940189e-01 -3.539093382200183546e-01
6.774796285208488644e-01 -3.509527912448712761e-01
6.797778631399991056e-01 -3.479698853141361958e-01
6.820490797627337676e-01 -3.449612268886824706e-01
6.842932670770000003e-01 -3.419274154288837186e-01
6.865104166714673939e-01 -3.388690434014241526e-01
6.887005229546531160e-01 -3.357866962905849961e-01
6.908635830744702666e-01 -3.326809526138172490e-01
6.929995968382474114e-01 -3.295523839414110645e-01
6.951085666332637025e-01 -3.264015549200850463e-01
6.971904973478449952e-01 -3.232290233003106694e-01
6.992453962930493816e-01 -3.200353399672107302e-01
7.012732731249767815e-01 -3.168210489748648495e-01
7.032741397677313433e-01 -3.135866875838592693e-01
7.052480103370528663e-01 -3.103327863019388344e-01
7.071949010646441103e-01 -3.070598689276029525e-01
7.091148302232019862e-01 -3.037684525965153037e-01
7.110078180521748337e-01 -3.004590478305811385e-01
7.128738866842436739e-01 -2.971321585895750905e-01
7.147130600725483118e-01 -2.937882823251801168e-01
7.165253639186507373e-01 -2.904279100373300948e-01
7.183108256012489257e-01 -2.870515263327343414e-01
7.200694741056359316e-01 -2.836596094854766381e-01
7.218013399539080499e-01 -2.802526314995816281e-01
7.235064551359162710e-01 -2.768310581734522713e-01
7.251848530409599203e-01 -2.733953491660766066e-01
7.268365683902198171e-01 -2.699459580649162249e-01
7.284616371699218496e-01 -2.664833324553854688e-01
7.300600965652288554e-01 -2.630079139918393705e-01
7.316319848948504845e-01 -2.595201384699905023e-01
7.331773415463671562e-01 -2.560204359006761354e-01
7.346962069122577876e-01 -2.525092305849049867e-01
7.361886223266244089e-01 -2.489869411901139973e-01
7.376546300026050051e-01 -2.454539808275678914e-01
7.390942729704675918e-01 -2.419107571308374838e-01
7.405075950163736431e-01 -2.383576723353016957e-01
7.418946406218057676e-01 -2.347951233586093589e-01
7.432554549036487490e-01 -2.312235018820519850e-01
7.445900835549177366e-01 -2.276431944327931833e-01
7.458985727861212611e-01 -2.240545824669058217e-01
7.471809692672569669e-01 -2.204580424531717431e-01
7.484373200704258489e-01 -2.168539459575966888e-01
7.496676726130614421e-01 -2.132426597286028180e-01
7.508720746017643055e-01 -2.096245457828549985e-01
7.520505739767364695e-01 -2.059999614916845634e-01
7.532032188568074105e-01 -2.023692596680744527e-01
7.543300574850440032e-01 -1.987327886541729038e-01
7.554311381749418963e-01 -1.950908924093009422e-01
7.565065092571883199e-01 -1.914439105984254985e-01
7.575562190269913287e-01 -1.877921786810694826e-01
7.585803156919723733e-01 -1.841360280006297812e-01
7.595788473206149805e-01 -1.804757858740775045e-01
7.605518617912645496e-01 -1.768117756820191677e-01
7.614994067416755996e-01 -1.731443169590942410e-01
7.624215295191014707e-01 -1.694737254846845342e-01
7.633182771309250381e-01 -1.658003133739209822e-01
7.641896961958198897e-01 -1.621243891689650163e-01
7.650358328954485199e-01 -1.584462579305466190e-01
7.658567329266843249e-01 -1.547662213297445188e-01
7.666524414543611776e-01 -1.510845777399921208e-01
7.674230030645444733e-01 -1.474016223292924643e-01
7.681684617183215380e-01 -1.437176471526326327e-01
7.688888607061117320e-01 -1.400329412445790178e-01
7.695842426024878113e-01 -1.363477907120499155e-01
7.702546492215137652e-01 -1.326624788272455779e-01
7.709001215725919121e-01 -1.289772861207327259e-01
7.715206998168202546e-01 -1.252924904746709478e-01
7.721164232238582059e-01 -1.216083672161694940e-01
7.726873301292978002e-01 -1.179251892107742450e-01
7.732334578925416091e-01 -1.142432269560693103e-01
7.737548428551848101e-01 -1.105627486753919531e-01
7.742515202998994095e-01 -1.068840204116544013e-01
7.747235244098240603e-01 -1.032073061212608056e-01
7.751708882284527036e-01 -9.953286776812370062e-02
7.755936436200278061e-01 -9.586096541776870095e-02
7.759918212304329765e-01 -9.219185733152573947e-02
7.763654504485888452e-01 -8.852580006080013053e-02
7.767145593683479898e-01 -8.486304854142519283e-02
7.770391747508933467e-01 -8.120385618808872996e-02
7.773393219876369997e-01 -7.754847498883338242e-02
7.776150250636225669e-01 -7.389715559962323210e-02
7.778663065214294070e-01 -7.025014743898248815e-02
7.780931874255818670e-01 -6.660769878269477695e-02
7.782956873274624598e-01 -6.297005685856782442e-02
7.784738242307323031e-01 -5.933746794125744489e-02
7.786276145572585961e-01 -5.571017744714836656e-02
7.787570731135511348e-01 -5.208843002929378074e-02
7.788622130577123048e-01 -4.847246967240470550e-02
7.789430458668981094e-01 -4.486253978789400687e-02
7.789995813052965623e-01 -4.125888330896329559e-02
7.790318273926248871e-01 -3.766174278574223322e-02
7.790397903731473006e-01 -3.407136048046340016e-02
7.790234746852198189e-01 -3.048797846267804756e-02
7.789828829313609759e-01 -2.691183870450700177e-02
7.789180158488572259e-01 -2.334318317591863035e-02
7.788288722809031395e-01 -1.978225394003528537e-02
7.787154491482846108e-01 -1.622929324845452659e-02
7.785777414216052961e-01 -1.268454363658655382e-02
7.784157420940676086e-01 -9.148248018996316122e-03
7.782294421548066055e-01 -5.620649784742776101e-03
7.780188305627901979e-01 -2.101992892707960081e-03
7.777838942212856876e-01 1.407478033095085901e-03
7.775246179529025081e-01 4.907517608242997764e-03
7.772409844752181662e-01 8.397879592669979520e-03
7.769329743769941565e-01 1.187831679548757846e-02
7.766005660949888423e-01 1.534858097987662484e-02
7.762437358913774066e-01 1.880842276806349300e-02
7.758624578317860898e-01 2.225759154640098714e-02
7.754567037639501503e-01 2.569583537056698008e-02
7.750264432970048745e-01 2.912290087090801949e-02
7.745716437814190725e-01 3.253853315794150158e-02
7.740922702895822738e-01 3.594247572804777635e-02
7.735882855970541705e-01 3.933447036937266772e-02
7.730596501644889651e-01 4.271425706796740107e-02
7.725063221202447261e-01 4.608157391420064641e-02
7.719282572436896306e-01 4.943615700946729641e-02
7.713254089492164178e-01 5.277774037323275380e-02
7.706977282709781552e-01 5.610605585044704802e-02
7.700451638483549743e-01 5.942083301936558482e-02
7.693676619121692095e-01 6.272179909982529555e-02
7.686651662716554867e-01 6.600867886200693924e-02
7.679376183022044167e-01 6.928119453574402287e-02
7.671849569338871078e-01 7.253906572041519951e-02
7.664071186407811487e-01 7.578200929548460640e-02
7.656040374311026131e-01 7.900973933173292829e-02
7.647756448381648475e-01 8.222196700324953256e-02
7.639218699121725908e-01 8.541840050023788433e-02
7.630426392128661917e-01 8.859874494270272849e-02
7.621378768030293571e-01 9.176270229509075893e-02
7.612075042428730898e-01 9.490997128194882115e-02
7.602514405853075807e-01 9.804024730468319238e-02
7.592696023721161591e-01 1.011532223594932972e-01
7.582619036310429550e-01 1.042485849565638889e-01
7.572282558738048230e-01 1.073260200406015857e-01
7.561685680950408495e-01 1.103852089128102565e-01
7.550827467722103226e-01 1.134258291543925878e-01
7.539706958664472713e-01 1.164475545516796828e-01
7.528323168243846730e-01 1.194500550229929958e-01
7.516675085809562118e-01 1.224329965473385795e-01
7.504761675631825835e-01 1.253960410950508420e-01
7.492581876949540032e-01 1.283388465604952122e-01
7.480134604028128020e-01 1.312610666969493689e-01
7.467418746227434401e-01 1.341623510537888475e-01
7.454433168079753758e-01 1.370423449160985963e-01
7.441176709378036769e-01 1.399006892468466767e-01
7.427648185274303705e-01 1.427370206317535306e-01
7.413846386388289744e-01 1.455509712269926759e-01
7.399770078926337646e-01 1.483421687098757935e-01
7.385418004810545556e-01 1.511102362326580961e-01
7.370788881818155502e-01 1.538547923796260708e-01
7.355881403731161505e-01 1.565754511276178651e-01
7.340694240496127287e-01 1.592718218101380478e-01
7.325226038394133665e-01 1.619435090852287817e-01
7.309475420220841180e-01 1.645901129072695757e-01
7.293440985476578042e-01 1.672112285028728440e-01
7.277121310566374568e-01 1.698064463510496058e-01
7.260514949009875263e-01 1.723753521678282885e-01
7.243620431661003112e-01 1.749175268955049656e-01
7.226436266937280584e-01 1.774325466967119902e-01
7.208960941058684124e-01 1.799199829534926520e-01
7.191192918295887804e-01 1.823794022715738150e-01
7.173130641227771775e-01 1.848103664900275223e-01
7.154772531008029013e-01 1.872124326965250718e-01
7.136116987640728215e-01 1.895851532483749102e-01
7.117162390264655247e-01 1.919280757995501241e-01
7.097907097446262137e-01 1.942407433339075895e-01
7.078349447481067092e-01 1.965226942048006464e-01
7.058487758703301251e-01 1.987734621813001534e-01
7.038320329803637865e-01 2.009925765012177956e-01
7.017845440154826253e-01 2.031795619311527468e-01
6.997061350145046266e-01 2.053339388337613036e-01
6.975966301518801149e-01 2.074552232424654585e-01
6.954558517725210054e-01 2.095429269438020548e-01
6.932836204273491454e-01 2.115965575676271304e-01
6.910797549095544223e-01 2.136156186853774286e-01
6.888440722915429859e-01 2.155996099166022362e-01
6.865763879625697008e-01 2.175480270439628938e-01
6.842765156670391757e-01 2.194603621369053126e-01
6.819442675434690404e-01 2.213361036842087792e-01
6.795794541641125841e-01 2.231747367356030909e-01
6.771818845752316518e-01 2.249757430526493907e-01
6.747513663380264592e-01 2.267386012690763009e-01
6.722877055702216609e-01 2.284627870607545408e-01
6.697907069883183295e-01 2.301477733254895242e-01
6.672601739505215068e-01 2.317930303728086283e-01
6.646959085003629752e-01 2.333980261239138043e-01
6.620977114110360162e-01 2.349622263219527940e-01
6.594653822304736845e-01 2.364850947527745162e-01
6.567987193271991320e-01 2.379660934763095925e-01
6.540975199369907234e-01 2.394046830687123206e-01
6.513615802104022467e-01 2.408003228753982095e-01
6.485906952611968368e-01 2.421524712750902641e-01
6.457846592157514554e-01 2.434605859549884288e-01
6.429432652635004297e-01 2.447241241971558345e-01
6.400663057084954310e-01 2.459425431762047864e-01
6.371535720221677135e-01 2.471153002683557642e-01
6.342048548973879818e-01 2.482418533719341069e-01
6.312199443039265834e-01 2.493216612393363840e-01
6.281986295454329294e-01 2.503541838205055603e-01
6.251406993180544935e-01 2.513388826179193680e-01
6.220459417708368299e-01 2.522752210530956329e-01
6.189141445680496068e-01 2.531626648445846617e-01
6.157450949535978602e-01 2.540006823974109151e-01
6.125385798176926633e-01 2.547887452039060419e-01
6.092943857659608442e-01 2.555263282558457583e-01
6.060122991911940371e-01 2.562129104677928204e-01
6.026921063479425689e-01 2.568479751115213539e-01
5.993335934301778911e-01 2.574310102613708295e-01
5.959365466522579258e-01 2.579615092503597107e-01
5.925007523334427928e-01 2.584389711368625941e-01
5.890259969862214895e-01 2.588629011816201420e-01
5.855120674087246346e-01 2.592328113348429386e-01
5.819587507815073835e-01 2.595482207331157309e-01
5.783658347690066037e-01 2.598086562058080640e-01
5.747331076259785121e-01 2.600136527906437012e-01
5.710603583092451752e-01 2.601627542580641772e-01
5.673473765950829417e-01 2.602555136439867467e-01
5.635939532026014165e-01 2.602914937905246306e-01
5.597998799234691347e-01 2.602702678941982706e-01
5.559649497583523114e-01 2.601914200611433192e-01
5.520889570604449181e-01 2.600545458687781308e-01
5.481716976864713375e-01 2.598592529333562662e-01
5.442129691555558368e-01 2.596051614828013832e-01
5.402125708163526552e-01 2.592919049341769200e-01
5.361703040228391615e-01 2.589191304751088940e-01
5.320859723191786461e-01 2.584864996484420030e-01
5.279593816340535373e-01 2.579936889393693589e-01
5.237903404848806010e-01 2.574403903642357716e-01
5.195786601923084724e-01 2.568263120601850247e-01
5.153241551053974190e-01 2.561511788747636853e-01
5.110266428378772430e-01 2.554147329545742862e-01
5.066859445158670150e-01 2.546167343320193677e-01
5.023018850374318944e-01 2.537569615091406217e-01
4.978742933443407459e-01 2.528352120375220169e-01
4.934030027063674995e-01 2.518513030931847085e-01
4.888878510184669346e-01 2.508050720453614546e-01
4.843286811111291446e-01 2.496963770180083975e-01
4.797253410741952884e-01 2.485250974428669934e-01
4.750776845943882609e-01 2.472911346028610347e-01
4.703855713067838229e-01 2.459944121645763204e-01
4.656488671604069873e-01 2.446348766985392553e-01
4.608674447981114808e-01 2.432124981859799806e-01
4.560411839508483611e-01 2.417272705107391395e-01
4.511699718463917375e-01 2.401792119349447086e-01
4.462537036325407991e-01 2.385683655570731698e-01
4.412922828147622378e-01 2.368947997509722736e-01
4.362856217081865773e-01 2.351586085844223906e-01
4.312336419038060864e-01 2.333599122157765104e-01
4.261362747486679425e-01 2.314988572672313505e-01
4.209934618397833117e-01 2.295756171732552253e-01
4.158051555314032366e-01 2.275903925026981356e-01
4.105713194552451650e-01 2.255434112531205793e-01
4.052919290531692420e-01 2.234349291158655160e-01
3.999669721217317675e-01 2.212652297104200638e-01
3.945964493679546825e-01 2.190346247866244989e-01
3.891803749755665676e-01 2.167434543932993396e-01
3.837187771808861503e-01 2.143920870119024324e-01
3.782116988574245608e-01 2.119809196538406659e-01
3.726591981081931459e-01 2.095103779201145933e-01
3.670613488646125022e-01 2.069809160220100752e-01
3.614182414908201912e-01 2.043930167616061500e-01
3.557299833920850585e-01 2.017471914709235425e-01
3.499966996259357699e-01 1.990439799086099748e-01
3.442185335145210856e-01 1.962839501131239672e-01
3.383956472566292950e-01 1.934676982114724719e-01
3.325282225376915424e-01 1.905958481826320050e-01
3.266164611360243830e-01 1.876690515749008248e-01
3.206605855234618829e-01 1.846879871765197689e-01
3.146608394584649027e-01 1.816533606390319799e-01
3.086174885697107739e-01 1.785659040529697095e-01
3.025308209280986316e-01 1.754263754755964189e-01
2.964011476050547045e-01 1.722355584105856874e-01
2.902288032149604735e-01 1.689942612396734267e-01
2.840141464394941861e-01 1.657033166064930119e-01
2.777575605316458529e-01 1.623635807529894837e-01
2.714594537971533050e-01 1.589759328090055435e-01
2.651202600511111673e-01 1.555412740358452228e-01
2.587404390475237514e-01 1.520605270248468754e-01
2.523204768796171171e-01 1.485346348522458282e-01
2.458608863487892204e-01 1.449645601918589655e-01
2.393622073001620554e-01 1.413512843874082381e-01
2.328250069228289809e-01 1.376958064866001807e-01
2.262498800130278709e-01 1.339991422393923548e-01
2.196374491986546051e-01 1.302623230632170559e-01
2.129883651237532427e-01 1.264863949782998875e-01
2.063033065918694620e-01 1.226724175165936903e-01
1.995829806674469797e-01 1.188214626082517711e-01
1.928281227347835858e-01 1.149346134499978356e-01
1.860394965144345492e-01 1.110129633602001120e-01
1.792178940373651552e-01 1.070576146259192285e-01
1.723641355775964723e-01 1.030696773476809658e-01
1.654790695445655935e-01 9.905026828820967522e-02
1.585635723369206995e-01 9.500050973183976621e-02
1.516185481599598428e-01 9.092152836178307718e-02
1.446449288094289742e-01 8.681445416286781569e-02
1.376436734248460692e-01 8.268041935774389506e-02
1.306157682159304334e-01 7.852055738485613778e-02
1.235622261660291876e-01 7.433600192668743389e-02
1.164840867166417604e-01 7.012788599685126911e-02
1.093824154371733914e-01 6.589734109449979504e-02
1.022583036838966841e-01 6.164549643422023717e-02
9.511286825171366699e-02 5.737347825904176579e-02
8.794725102164488439e-02 5.308240924335738686e-02
8.076261860602751419e-02 4.877340799144924688e-02
7.356016199215620333e-02 4.444758863587944253e-02
6.634109618355629734e-02 4.010606053826226702e-02
5.910665983627344522e-02 3.574992809289528894e-02
5.185811488557046101e-02 3.138029063143887853e-02
4.459674615629757866e-02 2.699824242434883947e-02
3.732386094808451404e-02 2.260487277218292679e-02
3.004078858453262946e-02 1.820126617733597296e-02
2.274887991387591901e-02 1.378850258431374431e-02
1.544950674733494567e-02 9.367657674499985099e-03
8.144061220700077319e-03 4.939803199599634986e-03
8.339550646914994925e-04 5.060073367055273330e-04
-6.479381229588659918e-03 -3.932664952700504202e-03
-1.379449936225424223e-02 -8.375151577465100861e-03
-2.110993430315522001e-02 -1.282039300215181976e-02
-2.842420550426949521e-02 -1.726733197869029235e-02
-3.573581824954771835e-02 -2.171491333798375445e-02
-4.304326514208917098e-02 -2.616208385279772397e-02
-5.034502772478616217e-02 -3.060779218060555307e-02
-5.763957822693141497e-02 -3.505098889224167458e-02
-6.492538142597747974e-02 -3.949062658940577508e-02
-7.220089661082532140e-02 -4.392566011138909765e-02
-7.946457963077174780e-02 -4.835504682896585305e-02
-8.671488501269200566e-02 -5.277774702131871054e-02
-9.395026812813930817e-02 -5.719272433017313917e-02
-1.011691873917874296e-01 -6.159894628403328465e-02
-1.083701064729823416e-01 -6.599538488453859930e-02
-1.155514965029811603e-01 -7.038101724645257073e-02
-1.227118382616720349e-01 -7.475482628262664075e-02
-1.298496243290419017e-01 -7.911580142537383287e-02
-1.369633611883230850e-01 -8.346293937600640644e-02
-1.440515712694947770e-01 -8.779524487476425554e-02
-1.511127949235466228e-01 -9.211173148393791976e-02
-1.581455923196140589e-01 -9.641142237763539180e-02
-1.651485452586643476e-01 -1.006933511323033770e-01
-1.721202588988735571e-01 -1.049565625127807378e-01
-1.790593633891215952e-01 -1.092001132492900206e-01
-1.859645154081757124e-01 -1.134230728013718159e-01
-1.928343996081118283e-01 -1.176245241053098800e-01
-1.996677299613542345e-01 -1.218035643020862202e-01
-2.064632510114147168e-01 -1.259593054433448822e-01
-2.132197390279663152e-01 -1.300908751732233193e-01
-2.199360030673702116e-01 -1.341974173842520046e-01
-2.266108859401225195e-01 -1.382780928458109404e-01
-2.332432650869901147e-01 -1.423320798038859025e-01
-2.398320533658280240e-01 -1.463585745510857239e-01
-2.463761997512349256e-01 -1.503567919660722951e-01
-2.528746899493368727e-01 -1.543259660217179419e-01
-2.593265469300843340e-01 -1.582653502614518315e-01
-2.657308313795112564e-01 -1.621742182433825175e-01
-2.720866420744529890e-01 -1.660518639518989981e-01
-2.783931161822536526e-01 -1.698976021765538358e-01
-2.846494294880059783e-01 -1.737107688581276954e-01
-2.908547965518906153e-01 -1.774907214018587032e-01
-2.970084707991714756e-01 -1.812368389579010752e-01
-3.031097445454115080e-01 -1.849485226691535977e-01
-3.091579489594784569e-01 -1.886251958866709544e-01
-3.151524539668777991e-01 -1.922663043529328486e-01
-3.210926680959713675e-01 -1.958713163533204182e-01
-3.269780382696135801e-01 -1.994397228362012053e-01
-3.328080495447222620e-01 -2.029710375020921109e-01
-3.385822248022978265e-01 -2.064647968624189200e-01
-3.443001243903787145e-01 -2.099205602684496019e-01
-3.499613457224111657e-01 -2.133379099110299104e-01
-3.555655228334819729e-01 -2.167164507917958560e-01
-3.611123258968451655e-01 -2.200558106665855829e-01
-3.666014607031492512e-01 -2.233556399618168431e-01
-3.720326681047415596e-01 -2.266156116646348417e-01
-3.774057234273911487e-01 -2.298354211876710018e-01
-3.827204358517472538e-01 -2.330147862092937228e-01
-3.879766477668067370e-01 -2.361534464902517449e-01
-3.931742340976238648e-01 -2.392511636676513676e-01
-3.983131016094619281e-01 -2.423077210272219228e-01
-4.033931881905294947e-01 -2.453229232548502781e-01
-4.084144621154054966e-01 -2.482965961683833434e-01
-4.133769212912020707e-01 -2.512285864307078898e-01
-4.182805924884660520e-01 -2.541187612451341060e-01
-4.231255305587562909e-01 -2.569670080341082130e-01
-4.279118176407893381e-01 -2.597732341022973568e-01
-4.326395623569765370e-01 -2.625373662850757350e-01
-4.373088990021167244e-01 -2.652593505834563992e-01
-4.419199867259550607e-01 -2.679391517864946337e-01
-4.464730087112430690e-01 -2.705767530821919786e-01
-4.509681713488753463e-01 -2.731721556579159160e-01
-4.554057034116175129e-01 -2.757253782913378082e-01
-4.597858552278663580e-01 -2.782364569328841242e-01
-4.641088978568215229e-01 -2.807054442806674599e-01
-4.683751222663805613e-01 -2.831324093488593041e-01
-4.725848385149976072e-01 -2.855174370304351394e-01
-4.767383749386912006e-01 -2.878606276552062027e-01
-4.808360773443048908e-01 -2.901620965440275257e-01
-4.848783082100713293e-01 -2.924219735600443459e-01
-4.888654458944597381e-01 -2.946404026578171020e-01
-4.927978838542220741e-01 -2.968175414311325366e-01
-4.966760298724970935e-01 -2.989535606602823359e-01
-5.005003052977547995e-01 -3.010486438595644798e-01
-5.042711442943242917e-01 -3.031029868257240634e-01
-5.079889931051655427e-01 -3.051167971880276442e-01
-5.116543093275098819e-01 -3.070902939606323656e-01
-5.152675612019173013e-01 -3.090237070978720801e-01
-5.188292269152652292e-01 -3.109172770530639895e-01
-5.223397939181075866e-01 -3.127712543413967428e-01
-5.257997582568144646e-01 -3.145858991074314548e-01
-5.292096239208379238e-01 -3.163614806977207428e-01
-5.325699022054092291e-01 -3.180982772390101854e-01
-5.358811110899227570e-01 -3.197965752224665725e-01
-5.391437746322256253e-01 -3.214566690943345684e-01
-5.423584223789862380e-01 -3.230788608534007622e-01
-5.455255887922688673e-01 -3.246634596556139396e-01
-5.486458126924229628e-01 -3.262107814261765437e-01
-5.517196367173338167e-01 -3.277211484793984830e-01
-5.547476067980742220e-01 -3.291948891465728555e-01
-5.577302716509447977e-01 -3.306323374121065695e-01
-5.606681822858700093e-01 -3.320338325581168593e-01
-5.635618915310901533e-01 -3.333997188176698323e-01
-5.664119535740581579e-01 -3.347303450368221411e-01
-5.692189235184250684e-01 -3.360260643455972862e-01
-5.719833569569887644e-01 -3.372872338380022983e-01
-5.747058095604330452e-01 -3.385142142611798910e-01
-5.773868366816971021e-01 -3.397073697137544257e-01
-5.800269929757709830e-01 -3.408670673534197615e-01
-5.826268320347063323e-01 -3.419936771137992437e-01
-5.851869060376253540e-01 -3.430875714305769431e-01
-5.877077654154810871e-01 -3.441491249768971472e-01
-5.901899585303207463e-01 -3.451787144080025183e-01
-5.926340313687932237e-01 -3.461767181150671724e-01
-5.950405272496286369e-01 -3.471435159881661736e-01
-5.974099865448061486e-01 -3.480794891883134956e-01
-5.997429464141322830e-01 -3.489850199284776355e-01
-6.020399405529298642e-01 -3.498604912634812880e-01
-6.043014989525439251e-01 -3.507062868886728357e-01
-6.065281476733614952e-01 -3.515227909472516954e-01
-6.087204086300430639e-01 -3.523103878461151250e-01
-6.108787993886544143e-01 -3.530694620800886585e-01
-6.130038329753927373e-01 -3.538003980643915636e-01
-6.150960176965998283e-01 -3.545035799751783956e-01
-6.171558569697469521e-01 -3.551793915980002159e-01
-6.191838491650896170e-01 -3.558282161840079505e-01
-6.211804874576789537e-01 -3.564504363137276366e-01
-6.231462596894266071e-01 -3.570464337682250355e-01
-6.250816482409171648e-01 -3.576165894074748164e-01
-6.269871299126718034e-01 -3.581612830557422411e-01
-6.288631758155592832e-01 -3.586808933937886135e-01
-6.307102512700649699e-01 -3.591757978576999855e-01
-6.325288157141235601e-01 -3.596463725441449988e-01
-6.343193226192330725e-01 -3.600929921218549712e-01
-6.360822194145676622e-01 -3.605160297491304400e-01
-6.378179474188080400e-01 -3.609158569971672725e-01
-6.395269417794249289e-01 -3.612928437789973413e-01
-6.412096314191426671e-01 -3.616473582838410916e-01
-6.428664389893262721e-01 -3.619797669166672227e-01
-6.444977808300309530e-01 -3.622904342427525348e-01
-6.461040669364715994e-01 -3.625797229370408270e-01
-6.476857009316556724e-01 -3.628479937381002274e-01
-6.492430800449555672e-01 -3.630956054064701233e-01
-6.507765950963746437e-01 -3.633229146872060666e-01
-6.522866304862855458e-01 -3.635302762764212603e-01
-6.537735641904209860e-01 -3.637180427916252290e-01
-6.552377677598961725e-01 -3.638865647456738239e-01
-6.566796063260577077e-01 -3.640361905241322749e-01
-6.580994386099527915e-01 -3.641672663658677700e-01
-6.594976169362223306e-01 -3.642801363466819931e-01
-6.608744872512215540e-01 -3.643751423658075361e-01
-6.622303891451865043e-01 -3.644526241350813933e-01
-6.635656558782605519e-01 -3.645129191706277250e-01
-6.648806144102068494e-01 -3.645563627868733114e-01
-6.661755854336359750e-01 -3.645832880927299957e-01
-6.674508834105826738e-01 -3.645940259897787472e-01
-6.687068166122722701e-01 -3.645889051722961405e-01
-6.699436871619217637e-01 -3.645682521289668188e-01
-6.711617910804210663e-01 -3.645323911461329502e-01
-6.723614183347559337e-01 -3.644816443124275773e-01
-6.735428528890250455e-01 -3.644163315246568557e-01
-6.747063727579188930e-01 -3.643367704947862440e-01
-6.758522500625250284e-01 -3.642432767579017461e-01
-6.769807510883349977e-01 -3.641361636810146463e-01
-6.780921363453273898e-01 -3.640157424725871116e-01
-6.791866606300069886e-01 -3.638823221926578144e-01
-6.802645730892862286e-01 -3.637362097634561087e-01
-6.813261172860931580e-01 -3.635777099803921830e-01
-6.823715312666032151e-01 -3.634071255233180531e-01
-6.834010476289815728e-01 -3.632247569679666888e-01
-6.844148935935434608e-01 -3.630309027974626401e-01
-6.854132910742274376e-01 -3.628258594138267235e-01
-6.863964567512874648e-01 -3.626099211493836738e-01
-6.873646021451149668e-01 -3.623833802779911628e-01
-6.883179336910977275e-01 -3.621465270260220137e-01
-6.892566528154300265e-01 -3.618996495830246185e-01
-6.901809560117910802e-01 -3.616430341119989955e-01
-6.910910349188090773e-01 -3.613769647592271483e-01
-6.919870763982323147e-01 -3.611017236636060446e-01
-6.928692626137329391e-01 -3.608175909654267599e-01
-6.937377711102644673e-01 -3.605248448145624285e-01
-6.945927748939058066e-01 -3.602237613780158720e-01
-6.954344425121200546e-01 -3.599146148467980422e-01
-6.962629381343585777e-01 -3.595976774421011379e-01
-6.970784216329486416e-01 -3.592732194207399754e-01
-6.978810486641954247e-01 -3.589415090798406816e-01
-6.986709707496409072e-01 -3.586028127607565064e-01
-6.994483353574169060e-01 -3.582573948521973195e-01
-7.002132859836334156e-01 -3.579055177925619113e-01
-7.009659622337478524e-01 -3.575474420714667145e-01
-7.017064999038551409e-01 -3.571834262304708907e-01
-7.024350310618510118e-01 -3.568137268629950620e-01
-7.031516841284106700e-01 -3.564385986134411821e-01
-7.038565839577348715e-01 -3.560582941755220387e-01
-7.045498519180158903e-01 -3.556730642898081607e-01
-7.052316059715690866e-01 -3.552831577405149432e-01
-7.059019607545921060e-01 -3.548888213515359880e-01
-7.065610276564995296e-01 -3.544902999817542422e-01
-7.072089148987930063e-01 -3.540878365196465927e-01
-7.078457276134226817e-01 -3.536816718772122226e-01
-7.084715679206003980e-01 -3.532720449832485454e-01
-7.090865350060213679e-01 -3.528591927760107438e-01
-7.096907251974609032e-01 -3.524433501952792813e-01
-7.102842320407050103e-01 -3.520247501738758555e-01
-7.108671463747777697e-01 -3.516036236286611549e-01
-7.114395564064346367e-01 -3.511801994510528324e-01
-7.120015477838845808e-01 -3.507547044970998895e-01
-7.125532036697097560e-01 -3.503273635771553263e-01
-7.130946048129525039e-01 -3.498983994451870805e-01
-7.136258296203361606e-01 -3.494680327877699444e-01
-7.141469542265963533e-01 -3.490364822127984268e-01
-7.146580525638880355e-01 -3.486039642379671344e-01
-7.151591964302494997e-01 -3.481706932790578635e-01
-7.156504555570901704e-01 -3.477368816380818073e-01
-7.161318976756850807e-01 -3.473027394913145161e-01
-7.166035885826494978e-01 -3.468684748772723481e-01
-7.170655922043709385e-01 -3.464342936846714904e-01
-7.175179706603813656e-01 -3.460003996404126259e-01
-7.179607843256468058e-01 -3.455669942976359876e-01
-7.183940918917592899e-01 -3.451342770238838287e-01
-7.188179504270112430e-01 -3.447024449894195985e-01
-7.192324154353384458e-01 -3.442716931557341931e-01
-7.196375409141153590e-01 -3.438422142642906243e-01
-7.200333794107909302e-01 -3.434141988255353661e-01
-7.204199820783514507e-01 -3.429878351082202848e-01
-7.207973987295976936e-01 -3.425633091290698484e-01
-7.211656778902311160e-01 -3.421408046428273120e-01
-7.215248668507325824e-01 -3.417205031327176235e-01
-7.218750117170350533e-01 -3.413025838013529212e-01
-7.222161574599740286e-01 -3.408872235621202562e-01
-7.225483479635171902e-01 -3.404745970310737446e-01
-7.228716260717655828e-01 -3.400648765193620138e-01
-7.231860336347226692e-01 -3.396582320262186983e-01
-7.234916115528324809e-01 -3.392548312325351367e-01
-7.237883998202776503e-01 -3.388548394950496312e-01
-7.240764375670478703e-01 -3.384584198411584310e-01
-7.243557630997694563e-01 -3.380657329643853015e-01
-7.246264139413043370e-01 -3.376769372205146169e-01
-7.248884268691188071e-01 -3.372921886244100165e-01
-7.251418379524248170e-01 -3.369116408475346658e-01
-7.253866825881012392e-01 -3.365354452161802845e-01
-7.256229955353975525e-01 -3.361637507104241473e-01
-7.258508109494294924e-01 -3.357967039638137252e-01
-7.260701624134708876e-01 -3.354344492637978403e-01
-7.262810829700525606e-01 -3.350771285529021148e-01
-7.264836051508773984e-01 -3.347248814306543196e-01
-7.266777610055579206e-01 -3.343778451562707810e-01
-7.268635821291922205e-01 -3.340361546520926872e-01
-7.270410996887859412e-01 -3.336999425077832315e-01
-7.272103444485331636e-01 -3.333693389852785405e-01
-7.273713467939711963e-01 -3.330444720244903900e-01
-7.275241367550193683e-01 -3.327254672497590438e-01
-7.276687440279194785e-01 -3.324124479770459439e-01
-7.278051979960906692e-01 -3.321055352218632573e-01
-7.279335277499133783e-01 -3.318048477079330594e-01
-7.280537621054619102e-01 -3.315105018765622802e-01
-7.281659296221979494e-01 -3.312226118967273036e-01
-7.282700586196446668e-01 -3.309412896758546774e-01
-7.283661771930574069e-01 -3.306666448712892170e-01
-7.284543132281109390e-01 -3.303987849024269119e-01
-7.285344944146194823e-01 -3.301378149635117998e-01
-7.286067482593072686e-01 -3.298838380370703871e-01
-7.286711020976532893e-01 -3.296369549079740113e-01
-7.287275831048247721e-01 -3.293972641781083288e-01
-7.287762183057207022e-01 -3.291648622816386038e-01
-7.288170345841469278e-01 -3.289398435008449306e-01
-7.288500586911390577e-01 -3.287222999825176739e-01
-7.288753172524587987e-01 -3.285123217548864272e-01
-7.288928367752780524e-01 -3.283099967450701095e-01
-7.289026436540777532e-01 -3.281154107970203349e-01
-7.289047641757762097e-01 -3.279286476899480052e-01
-7.288992245241125989e-01 -3.277497891572012101e-01
-7.288860507833029301e-01 -3.275789149055868266e-01
-7.288652689409922392e-01 -3.274161026351013470e-01
-7.288369048905207759e-01 -3.272614280590620539e-01
-7.288009844325289421e-01 -3.271149649246063440e-01
-7.287575332759179680e-01 -3.269767850335502102e-01
-7.287065770381890850e-01 -3.268469582635721293e-01
-7.286481412451824013e-01 -3.267255525897108104e-01
-7.285822513302342429e-01 -3.266126341061507676e-01
-7.285089326327750525e-01 -3.265082670482746252e-01
-7.284282103963881649e-01 -3.264125138149643335e-01
-7.283401097663461110e-01 -3.263254349911284269e-01
-7.282446557866504300e-01 -3.262470893704334518e-01
-7.281418733965903112e-01 -3.261775339782203575e-01
-7.280317874268389389e-01 -3.261168240945883090e-01
-7.279144225951115210e-01 -3.260650132776213295e-01
-7.277898035013985467e-01 -3.260221533867406762e-01
-7.276579546227979201e-01 -3.259882946061638531e-01
-7.275189003079596262e-01 -3.259634854684495542e-01
-7.273726647711658000e-01 -3.259477728781121630e-01
-7.272192720860597426e-01 -3.259412021352862121e-01
-7.270587461790460893e-01 -3.259438169594229273e-01
-7.268911108223744533e-01 -3.259556595130007617e-01
-7.267163896269275281e-01 -3.259767704252337639e-01
-7.265346060347293022e-01 -3.260071888157605180e-01
-7.263457833111868212e-01 -3.260469523182986107e-01
-7.261499445370851458e-01 -3.260960971042461964e-01
-7.259471126003511632e-01 -3.261546579062165607e-01
-7.257373101875957966e-01 -3.262226680414935243e-01
-7.255205597754583735e-01 -3.263001594353870383e-01
-7.252968836217590365e-01 -3.263871626444807550e-01
-7.250663037564806235e-01 -3.264837068797536990e-01
-7.248288419725874565e-01 -3.265898200295648812e-01
-7.245845198166995793e-01 -3.267055286824908089e-01
-7.243333585796327689e-01 -3.268308581499943521e-01
-7.240753792868176442e-01 -3.269658324889254120e-01
-7.238106026886099720e-01 -3.271104745238336831e-01
-7.235390492505044957e-01 -3.272648058690847961e-01
-7.232607391432648303e-01 -3.274288469507681265e-01
-7.229756922329784175e-01 -3.276026170283897754e-01
-7.226839280710495306e-01 -3.277861342163385094e-01
-7.223854658841402099e-01 -3.279794155051117821e-01
-7.220803245640683432e-01 -3.281824767823041666e-01
-7.217685226576758817e-01 -3.283953328533348315e-01
-7.214500783566717423e-01 -3.286179974619194422e-01
-7.211250094874633865e-01 -3.288504833102713909e-01
-7.207933335009842901e-01 -3.290928020790264141e-01
-7.204550674625243012e-01 -3.293449644468849913e-01
-7.201102280415735413e-01 -3.296069801099665852e-01
-7.197588315016865135e-01 -3.298788578008664540e-01
-7.194008936903738549e-01 -3.301606053074147007e-01
-7.190364300290308375e-01 -3.304522294911251268e-01
-7.186654555029070579e-01 -3.307537363053360546e-01
-7.182879846511261990e-01 -3.310651308130329040e-01
-7.179040315567608577e-01 -3.313864172043534673e-01
-7.175136098369705451e-01 -3.317175988137642806e-01
-7.171167326332074099e-01 -3.320586781369118667e-01
-7.167134126014949036e-01 -3.324096568471429092e-01
-7.163036619027862706e-01 -3.327705358116869738e-01
-7.158874921934077484e-01 -3.331413151075029444e-01
-7.154649146155906969e-01 -3.335219940367859515e-01
-7.150359397880973189e-01 -3.339125711421312426e-01
-7.146005777969474115e-01 -3.343130442213498865e-01
-7.141588381862453705e-01 -3.347234103419428619e-01
-7.137107299491156631e-01 -3.351436658552241488e-01
-7.132562615187496569e-01 -3.355738064100934892e-01
-7.127954407595660236e-01 -3.360138269664582622e-01
-7.123282749584911588e-01 -3.364637218083053050e-01
-7.118547708163597276e-01 -3.369234845564158531e-01
-7.113749344394404428e-01 -3.373931081807317600e-01
-7.108887713310899636e-01 -3.378725850123636132e-01
-7.103962863835375785e-01 -3.383619067552469106e-01
-7.098974838698026701e-01 -3.388610644974409114e-01
-7.093923674357490716e-01 -3.393700487220775996e-01
-7.088809400922759796e-01 -3.398888493179526016e-01
-7.083632042076515312e-01 -3.404174555897637733e-01
-7.078391614999882675e-01 -3.409558562679950722e-01
-7.073088130298617049e-01 -3.415040395184504307e-01
-7.067721591930790082e-01 -3.420619929514327473e-01
-7.062291997135929922e-01 -3.426297036305707699e-01
-7.056799336365671138e-01 -3.432071580812998124e-01
-7.051243593215932304e-01 -3.437943422989893083e-01
-7.045624744360605707e-01 -3.443912417567236428e-01
-7.039942759486805812e-01 -3.449978414127362059e-01
-7.034197601231679808e-01 -3.456141257174972781e-01
-7.028389225120765804e-01 -3.462400786204574699e-01
-7.022517579507960850e-01 -3.468756835764502666e-01
-7.016582605517058813e-01 -3.475209235517519035e-01
-7.010584236984905848e-01 -3.481757810298009570e-01
-7.004522400406156812e-01 -3.488402380165828709e-01
-6.998397014879662592e-01 -3.495142760456752540e-01
-6.992207992056473920e-01 -3.501978761829618869e-01
-6.985955236089491649e-01 -3.508910190310117194e-01
-6.979638643584762381e-01 -3.515936847331295745e-01
-6.973258103554409448e-01 -3.523058529770766722e-01
-6.966813497371238117e-01 -3.530275029984668578e-01
-6.960304698724995021e-01 -3.537586135838354240e-01
-6.953731573580292924e-01 -3.544991630733892451e-01
-6.947093980136228586e-01 -3.552491293634316705e-01
-6.940391768787651516e-01 -3.560084899084748900e-01
-6.933624782088143590e-01 -3.567772217230318343e-01
-6.926792854714673986e-01 -3.575553013830969351e-01
-6.919895813433947218e-01 -3.583427050273146341e-01
-6.912933477070464239e-01 -3.591394083578365315e-01
-6.905905656476263310e-01 -3.599453866408761638e-01
-6.898812154502392824e-01 -3.607606147069537528e-01
-6.891652765972080541e-01 -3.615850669508406945e-01
-6.884427277655618127e-01 -3.624187173312040655e-01
-6.877135468246976524e-01 -3.632615393699534789e-01
-6.869777108342142169e-01 -3.641135061512891236e-01
-6.862351960419172947e-01 -3.649745903204604236e-01
-6.854859778819992755e-01 -3.658447640822309888e-01
-6.847300309733941326e-01 -3.667239991990552950e-01
-6.839673291183030468e-01 -3.676122669889685945e-01
-6.831978453008982211e-01 -3.685095383231938859e-01
-6.824215516861997788e-01 -3.694157836234653880e-01
-6.816384196191294098e-01 -3.703309728590720162e-01
-6.808484196237396535e-01 -3.712550755436261340e-01
-6.800515214026203736e-01 -3.721880607315549705e-01
-6.792476938364825356e-01 -3.731298970143178129e-01
-6.784369049839196197e-01 -3.740805525163583556e-01
-6.776191220813476690e-01 -3.750399948907825465e-01
-6.767943115431250822e-01 -3.760081913147741983e-01
-6.759624389618514861e-01 -3.769851084847459788e-01
-6.751234691088476847e-01 -3.779707126112288318e-01
-6.742773659348164639e-01 -3.789649694135017732e-01
-6.734240925706864722e-01 -3.799678441139661689e-01
-6.725636113286377338e-01 -3.809793014322638838e-01
-6.716958837033115692e-01 -3.819993055791434666e-01
-6.708208703732045919e-01 -3.830278202500759788e-01
-6.699385312022485550e-01 -3.840648086186239096e-01
-6.690488252415776049e-01 -3.851102333295604585e-01
-6.681517107314799420e-01 -3.861640564917512841e-01
-6.672471451035415502e-01 -3.872262396707880638e-01
-6.663350849829773326e-01 -3.882967438813869077e-01
-6.654154861911525387e-01 -3.893755295795490179e-01
-6.644883037482971488e-01 -3.904625566544845938e-01
-6.635534918764132151e-01 -3.915577844203050883e-01
-6.626110040023758252e-01 -3.926611716074841496e-01
-6.616607927612283557e-01 -3.937726763540915775e-01
-6.607028099996781201e-01 -3.948922561967960210e-01
-6.597370067797867499e-01 -3.960198680616480726e-01
-6.587633333828617488e-01 -3.971554682546398762e-01
-6.577817393135486634e-01 -3.982990124520427999e-01
-6.567921733041275356e-01 -3.994504556905265069e-01
-6.557945833190116369e-01 -4.006097523570649743e-01
-6.547889165594531491e-01 -4.017768561786250192e-01
-6.537751194684564560e-01 -4.029517202116457142e-01
-6.527531377359010456e-01 -4.041342968313039741e-01
-6.517229163038749107e-01 -4.053245377205779154e-01
-6.506843993722217778e-01 -4.065223938590988295e-01
-6.496375304043036092e-01 -4.077278155118013170e-01
-6.485822521329791535e-01 -4.089407522173730269e-01
-6.475185065668016549e-01 -4.101611527765046672e-01
-6.464462349964397170e-01 -4.113889652399391750e-01
-6.453653780013188790e-01 -4.126241368963284306e-01
-6.442758754564890111e-01 -4.138666142598977360e-01
-6.431776665397229698e-01 -4.151163430579134506e-01
-6.420706897388404055e-01 -4.163732682179676625e-01
-6.409548828592682712e-01 -4.176373338550715131e-01
-6.398301830318344763e-01 -4.189084832585644458e-01
-6.386965267207991293e-01 -4.201866588788419343e-01
-6.375538497321276976e-01 -4.214718023138995240e-01
-6.364020872220050862e-01 -4.227638542957012358e-01
-6.352411737055965180e-01 -4.240627546763687250e-01
-6.340710430660574382e-01 -4.253684424141966902e-01
-6.328916285637935513e-01 -4.266808555594989727e-01
-6.317028628459759876e-01 -4.279999312402787415e-01
-6.305046779563131532e-01 -4.293256056477379179e-01
-6.292970053450851475e-01 -4.306578140216142381e-01
-6.280797758794384178e-01 -4.319964906353609413e-01
-6.268529198539504188e-01 -4.333415687811603689e-01
-6.256163670014633915e-01 -4.346929807547822433e-01
-6.243700465041909231e-01 -4.360506578402864597e-01
-6.231138870051022849e-01 -4.374145302945675606e-01
-6.218478166195877677e-01 -4.387845273317524386e-01
-6.205717629474079011e-01 -4.401605771074454942e-01
-6.192856530849297769e-01 -4.415426067028310753e-01
-6.179894136376563596e-01 -4.429305421086277006e-01
-6.166829707330505617e-01 -4.443243082089043394e-01
-6.153662500336585239e-01 -4.457238287647563024e-01
-6.140391767505377629e-01 -4.471290263978447421e-01
-6.127016756569904077e-01 -4.485398225738057576e-01
-6.113536711026102966e-01 -4.499561375855256617e-01
-6.099950870276453774e-01 -4.513778905362883509e-01
-6.086258469776797408e-01 -4.528049993228036030e-01
-6.072458741186406161e-01 -4.542373806181053686e-01
-6.058550912521356580e-01 -4.556749498543385402e-01
-6.044534208311218570e-01 -4.571176212054264276e-01
-6.030407849759142902e-01 -4.585653075696266012e-01
-6.016171054905385951e-01 -4.600179205519775438e-01
-6.001823038794286136e-01 -4.614753704466416639e-01
-5.987363013644797505e-01 -4.629375662191420604e-01
-5.972790189024588248e-01 -4.644044154885042519e-01
-5.958103772027769640e-01 -4.658758245093007622e-01
-5.943302967456307595e-01 -4.673516981536044446e-01
-5.928386978005160124e-01 -4.688319398928552095e-01
-5.913355004451208430e-01 -4.703164517796425415e-01
-5.898206245846018270e-01 -4.718051344294086347e-01
-5.882939899712513743e-01 -4.732978870020742024e-01
-5.867555162245579048e-01 -4.747946071835963400e-01
-5.852051228516680359e-01 -4.762951911674566663e-01
-5.836427292682542234e-01 -4.777995336360896239e-01
-5.820682548197970707e-01 -4.793075277422499392e-01
-5.804816188032818625e-01 -4.808190650903301222e-01
-5.788827404893222006e-01 -4.823340357176287285e-01
-5.772715391447122979e-01 -4.838523280755772094e-01
-5.756479340554164770e-01 -4.853738290109257392e-01
-5.740118445499996502e-01 -4.868984237469002885e-01
-5.723631900235077730e-01 -4.884259958643321076e-01
-5.707018899618037100e-01 -4.899564272827646727e-01
-5.690278639663617355e-01 -4.914895982415481424e-01
-5.673410317795334334e-01 -4.930253872809235993e-01
-5.656413133102864421e-01 -4.945636712231034071e-01
-5.639286286604234810e-01 -4.961043251533581722e-01
-5.622028981512916523e-01 -4.976472224011118106e-01
-5.604640423509814617e-01 -4.991922345210576539e-01
-5.587119821020339883e-01 -5.007392312742938723e-01
-5.569466385496494309e-01 -5.022880806094949246e-01
-5.551679331704151288e-01 -5.038386486441213119e-01
-5.533757878015522769e-01 -5.053907996456779017e-01
-5.515701246706951055e-01 -5.069443960130259885e-01
-5.497508664262025224e-01 -5.084992982577586362e-01
-5.479179361680150961e-01 -5.100553649856515159e-01
-5.460712574790601570e-01 -5.116124528781931247e-01
-5.442107544572147848e-01 -5.131704166742052653e-01
-5.423363517478339002e-01 -5.147291091515642236e-01
-5.404479745768491217e-01 -5.162883811090299702e-01
-5.385455487844441613e-01 -5.178480813481993739e-01
-5.366290008593187499e-01 -5.194080566555840939e-01
-5.346982579735441998e-01 -5.209681517848320231e-01
-5.327532480180173780e-01 -5.225282094391019427e-01
-5.307938996385224151e-01 -5.240880702535998248e-01
-5.288201422724081446e-01 -5.256475727782885521e-01
-5.268319061858828256e-01 -5.272065534607890402e-01
-5.248291225119388059e-01 -5.287648466294774252e-01
-5.228117232889135657e-01 -5.303222844767939703e-01
-5.207796414996875844e-01 -5.318786970427834548e-01
-5.187328111115352414e-01 -5.334339121988673771e-01
-5.166711671166277497e-01 -5.349877556318745064e-01
-5.145946455731984504e-01 -5.365400508283397762e-01
-5.125031836473761260e-01 -5.380906190590806215e-01
-5.103967196556923325e-01 -5.396392793640785168e-01
-5.082751931082680752e-01 -5.411858485376704886e-01
-5.061385447526882686e-01 -5.427301411140711407e-01
-5.039867166185677538e-01 -5.442719693532427350e-01
-5.018196520628147583e-01 -5.458111432271293140e-01
-4.996372958155964605e-01 -5.473474704062737395e-01
-4.974395940270162075e-01 -5.488807562468316359e-01
-4.952264943145000542e-01 -5.504108037780088836e-01
-4.929979458109038370e-01 -5.519374136899350969e-01
-4.907538992133418931e-01 -5.534603843219945141e-01
-4.884943068327426419e-01 -5.549795116516351712e-01
-4.862191226441334724e-01 -5.564945892836807850e-01
-4.839283023376618198e-01 -5.580054084401576686e-01
-4.816218033703490442e-01 -5.595117579506698746e-01
-4.792995850185899354e-01 -5.610134242433338914e-01
-4.769616084313877402e-01 -5.625101913363075301e-01
-4.746078366843380358e-01 -5.640018408299263264e-01
-4.722382348343547309e-01 -5.654881518994776535e-01
-4.698527699751443021e-01 -5.669689012886374169e-01
-4.674514112934257115e-01 -5.684438633035912014e-01
-4.650341301258963389e-01 -5.699128098078699578e-01
-4.626009000169437613e-01 -5.713755102179252088e-01
-4.601516967771039357e-01 -5.728317314994687548e-01
-4.576864985422595677e-01 -5.742812381646107411e-01
-4.552052858335788321e-01 -5.757237922698191790e-01
-4.527080416181905598e-01 -5.771591534147328950e-01
-4.501947513705947257e-01 -5.785870787418538885e-01
-4.476654031347952478e-01 -5.800073229371582872e-01
-4.451199875871601486e-01 -5.814196382316463296e-01
-4.425584980999943685e-01 -5.828237744038687884e-01
-4.399809308058214574e-01 -5.842194787834634750e-01
-4.373872846623655386e-01 -5.856064962557301357e-01
-4.347775615182242204e-01 -5.869845692672800430e-01
-4.321517661792216303e-01 -5.883534378327939240e-01
-4.295099064754305807e-01 -5.897128395429235281e-01
-4.268519933288514867e-01 -5.910625095733710310e-01
-4.241780408217363241e-01 -5.924021806951810243e-01
-4.214880662655393073e-01 -5.937315832862836151e-01
-4.187820902704814108e-01 -5.950504453443257180e-01
-4.160601368157112456e-01 -5.963584925008236226e-01
-4.133222333200419207e-01 -5.976554480366822464e-01
-4.105684107132465677e-01 -5.989410328991108257e-01
-4.077987035078898814e-01 -6.002149657199802313e-01
-4.050131498716745271e-01 -6.014769628356577691e-01
-4.022117917002741572e-01 -6.027267383083616537e-01
-3.993946746906349987e-01 -6.039640039490713486e-01
-3.965618484147108158e-01 -6.051884693420370720e-01
-3.937133663936069894e-01 -6.063998418709286575e-01
-3.908492861721016287e-01 -6.075978267466641825e-01
-3.879696693935120178e-01 -6.087821270369579985e-01
-3.850745818748729232e-01 -6.099524436976331287e-01
-3.821640936823885171e-01 -6.111084756057331147e-01
-3.792382792071233855e-01 -6.122499195944821615e-01
-3.762972172408894367e-01 -6.133764704901303322e-01
-3.733409910522902941e-01 -6.144878211507254218e-01
-3.703696884628776553e-01 -6.155836625068541457e-01
-3.673834019233746528e-01 -6.166636836043952741e-01
-3.643822285899173119e-01 -6.177275716493202395e-01
-3.613662704002674197e-01 -6.187750120545872923e-01
-3.583356341499376319e-01 -6.198056884891708362e-01
-3.552904315681845726e-01 -6.208192829292570325e-01
-3.522307793938035392e-01 -6.218154757116561848e-01
-3.491567994506728501e-01 -6.227939455894626608e-01
-3.460686187229827793e-01 -6.237543697900047590e-01
-3.429663694300880139e-01 -6.246964240751189390e-01
-3.398501891009144682e-01 -6.256197828037908248e-01
-3.367202206478552839e-01 -6.265241189971905156e-01
-3.335766124400851296e-01 -6.274091044061441691e-01
-3.304195183762168031e-01 -6.282744095810692819e-01
-3.272490979562259206e-01 -6.291197039444132999e-01
-3.240655163525678617e-01 -6.299446558656186523e-01
-3.208689444804010971e-01 -6.307489327386500699e-01
-3.176595590668407354e-01 -6.315322010621071680e-01
-3.144375427191488104e-01 -6.322941265219541584e-01
-3.112030839917803160e-01 -6.330343740768844540e-01
-3.079563774521892894e-01 -6.337526080463493638e-01
-3.046976237453054015e-01 -6.344484922012670891e-01
-3.014270296565832452e-01 -6.351216898574318925e-01
-2.981448081735272315e-01 -6.357718639716393172e-01
-2.948511785455917300e-01 -6.363986772405418879e-01
-2.915463663423562002e-01 -6.370017922022442880e-01
-2.882306035098657349e-01 -6.375808713406481143e-01
-2.849041284250344863e-01 -6.381355771925516507e-01
-2.815671859479995098e-01 -6.386655724575051041e-01
-2.782200274723150568e-01 -6.391705201104267431e-01
-2.748629109728749076e-01 -6.396500835169655064e-01
-2.714961010514456152e-01 -6.401039265516124122e-01
-2.681198689796931434e-01 -6.405317137185465581e-01
-2.647344927395859915e-01 -6.409331102752000575e-01
-2.613402570610539044e-01 -6.413077823585240367e-01
-2.579374534567761001e-01 -6.416553971139342671e-01
-2.545263802539819986e-01 -6.419756228269093423e-01
-2.511073426231332784e-01 -6.422681290572113122e-01
-2.476806526033648037e-01 -6.425325867756910281e-01
-2.442466291245567744e-01 -6.427686685036424485e-01
-2.408055980259110052e-01 -6.429760484546586108e-01
-2.373578920708983298e-01 -6.431544026789424162e-01
-2.339038509584573378e-01 -6.433034092100140544e-01
-2.304438213303043048e-01 -6.434227482137615528e-01
-2.269781567742318318e-01 -6.435121021397675056e-01
-2.235072178232666296e-01 -6.435711558748420380e-01
-2.200313719505545551e-01 -6.435995968986871762e-01
-2.165509935598471936e-01 -6.435971154416149087e-01
-2.130664639714599518e-01 -6.435634046442311185e-01
-2.095781714035782062e-01 -6.434981607189930175e-01
-2.060865109487838853e-01 -6.434010831135472674e-01
-2.025918845456795570e-01 -6.432718746757416506e-01
-1.990947009454869243e-01 -6.431102418202059301e-01
-1.955953756735042681e-01 -6.429158946963819954e-01
-1.920943309852982672e-01 -6.426885473578922703e-01
-1.885919958175236166e-01 -6.424279179331089384e-01
-1.850888057332527592e-01 -6.421337287968038599e-01
-1.815852028617075953e-01 -6.418057067427329621e-01
-1.780816358322931947e-01 -6.414435831570167723e-01
-1.745785597028281788e-01 -6.410470941921651011e-01
-1.710764358818746833e-01 -6.406159809415935547e-01
-1.675757320450790289e-01 -6.401499896144695612e-01
-1.640769220454348087e-01 -6.396488717107206012e-01
-1.605804858173822125e-01 -6.391123841960397733e-01
-1.570869092746745299e-01 -6.385402896767031766e-01
-1.535966842019344802e-01 -6.379323565740225854e-01
-1.501103081398398598e-01 -6.372883592982452328e-01
-1.466282842638776118e-01 -6.366080784217105215e-01
-1.431511212566202451e-01 -6.358913008510618248e-01
-1.396793331734720867e-01 -6.351378199983208628e-01
-1.362134393018613610e-01 -6.343474359506092730e-01
-1.327539640138354071e-01 -6.335199556383195318e-01
-1.293014366120506797e-01 -6.326551930015131830e-01
-1.258563911691389647e-01 -6.317529691543326553e-01
-1.224193663604463966e-01 -6.308131125472121736e-01
-1.189909052901576003e-01 -6.298354591266570601e-01
-1.155715553108077887e-01 -6.288198524923760413e-01
-1.121618678362222843e-01 -6.277661440515296398e-01
-1.087623981479046154e-01 -6.266741931698778245e-01
-1.053737051949254211e-01 -6.255438673195863331e-01
-1.019963513873634042e-01 -6.243750422234682906e-01
-9.863090238336585935e-02 -6.231676019954256462e-01
-9.527792686989999815e-02 -6.219214392768630528e-01
-9.193799633728588772e-02 -6.206364553688408225e-01
-8.861168484760528763e-02 -6.193125603597376960e-01
-8.529956879709599260e-02 -6.179496732481943866e-01
-8.200222667265161247e-02 -6.165477220611119691e-01
-7.872023880255357708e-02 -6.151066439664840679e-01
-7.545418710158324771e-02 -6.136263853808331392e-01
-7.220465481066040692e-02 -6.121069020710427910e-01
-6.897222623117832407e-02 -6.105481592503663180e-01
-6.575748645420709249e-02 -6.089501316684022836e-01
-6.256102108475170009e-02 -6.073128036948375330e-01
-5.938341596126564537e-02 -6.056361693967520221e-01
-5.622525687062640554e-02 -6.039202326092985018e-01
-5.308712925879202627e-02 -6.021650069995680976e-01
-4.996961793736942603e-02 -6.003705161234663690e-01
-4.687330678633430669e-02 -5.985367934754253216e-01
-4.379877845315649498e-02 -5.966638825307912786e-01
-4.074661404858556657e-02 -5.947518367807336226e-01
-3.771739283937203258e-02 -5.928007197595333011e-01
-3.471169193820144994e-02 -5.908106050641110940e-01
-3.173008599113047445e-02 -5.887815763656779611e-01
-2.877314686282028688e-02 -5.867137274133914504e-01
-2.584144331987642262e-02 -5.846071620299133631e-01
-2.293554071260162086e-02 -5.824619940987878497e-01
-2.005600065549051347e-02 -5.802783475435497884e-01
-1.720338070678273379e-02 -5.780563562985099324e-01
-1.437823404741811473e-02 -5.757961642711573180e-01
-1.158110915972387911e-02 -5.734979252961426299e-01
-8.812549506183653403e-03 -5.711618030808194302e-01
-6.073093208631807904e-03 -5.687879711423278195e-01
-3.363272728231725406e-03 -5.663766127362279690e-01
-6.836145465887732975e-04 -5.639279207766964008e-01
1.965361151644362536e-03 -5.614420977483243202e-01
4.583140794303608434e-03 -5.589193556095586324e-01
7.169217735036703676e-03 -5.563599156878497043e-01
9.723092564044744091e-03 -5.537640085665868073e-01
1.224427341588546492e-02 -5.511318739639076147e-01
1.473227627397072359e-02 -5.484637606034951096e-01
1.718662527140507601e-02 -5.457599260774816941e-01
1.960685298780012742e-02 -5.430206367015969482e-01
2.199250074171471558e-02 -5.402461673627172445e-01
2.434311887836942967e-02 -5.374368013589805315e-01
2.665826705228224736e-02 -5.345928302326492521e-01
2.893751450449172369e-02 -5.317145535959199032e-01
3.118044033402328497e-02 -5.288022789498931786e-01
3.338663376327233312e-02 -5.258563214969214084e-01
3.555569439697908729e-02 -5.228770039465820973e-01
3.768723247448085845e-02 -5.198646563155233657e-01
3.978086911493083910e-02 -5.168196157214486330e-01
4.183623655518864393e-02 -5.137422261715181016e-01
4.385297838008861415e-02 -5.106328383454530329e-01
4.583074974481110564e-02 -5.074918093736506819e-01
4.776921758908403426e-02 -5.043195026106124246e-01
4.966806084295755097e-02 -5.011162874040150372e-01
5.152697062390743099e-02 -4.978825388597499790e-01
5.334565042502920074e-02 -4.946186376032776777e-01
5.512381629410367800e-02 -4.913249695376398218e-01
5.686119700332242788e-02 -4.880019255984904269e-01
5.855753420947762411e-02 -4.846499015065066085e-01
6.021258260443357324e-02 -4.812692975175522081e-01
6.182611005570892715e-02 -4.778605181709657534e-01
6.339789773701609565e-02 -4.744239720363551127e-01
6.492774024861380777e-02 -4.709600714592832027e-01
6.641544572735025298e-02 -4.674692323062332178e-01
6.786083594627662086e-02 -4.639518737092376277e-01
6.926374640374050040e-02 -4.604084178105699587e-01
7.062402640186898894e-02 -4.568392895078856042e-01
7.194153911437650706e-02 -4.532449162002063492e-01
7.321616164363875523e-02 -4.496257275351395744e-01
7.444778506699489817e-02 -4.459821551577219934e-01
7.563631447224866688e-02 -4.423146324612734492e-01
7.678166898235999627e-02 -4.386235943406473492e-01
7.788378176932475583e-02 -4.349094769482560463e-01
7.894260005725878271e-02 -4.311727174532468121e-01
7.995808511471746982e-02 -4.274137538041975493e-01
8.093021223628860117e-02 -4.236330244956968416e-01
8.185897071351644350e-02 -4.198309683391632241e-01
8.274436379522104312e-02 -4.160080242382540039e-01
8.358640863729493997e-02 -4.121646309692029719e-01
8.438513624206417374e-02 -4.083012269664177407e-01
8.514059138731872034e-02 -4.044182501136583952e-01
8.585283254512365847e-02 -4.005161375411110392e-01
8.652193179053130345e-02 -3.965953254286506136e-01
8.714797470033280868e-02 -3.926562488155909691e-01
8.773106024198562558e-02 -3.886993414171894257e-01
8.827130065286753480e-02 -3.847250354481747125e-01
8.876882131001961884e-02 -3.807337614535508674e-01
8.922376059054171193e-02 -3.767259481469126259e-01
8.963626972281213412e-02 -3.727020222564957352e-01
9.000651262871295355e-02 -3.686624083791730788e-01
9.033466575704723889e-02 -3.646075288425911776e-01
9.062091790833631810e-02 -3.605378035756280908e-01
9.086547005119194331e-02 -3.564536499873344200e-01
9.106853513046475612e-02 -3.523554828545102380e-01
9.123033786737005935e-02 -3.482437142180485057e-01
9.135111455179611983e-02 -3.441187532881628264e-01
9.143111282700266962e-02 -3.399810063586012898e-01
9.147059146691866038e-02 -3.358308767299307829e-01
9.146982014624888135e-02 -3.316687646419576030e-01
9.142907920359971685e-02 -3.274950672153372211e-01
9.134865939783742839e-02 -3.233101784024087211e-01
9.122886165788329782e-02 -3.191144889472661283e-01
9.106999682615896097e-02 -3.149083863550742324e-01
9.087238539588510244e-02 -3.106922548706032572e-01
9.063635724244240022e-02 -3.064664754659567336e-01
9.036225134899145139e-02 -3.022314258374347307e-01
9.005041552655213000e-02 -2.979874804114641118e-01
8.970120612874055155e-02 -2.937350103595158801e-01
8.931498776134877415e-02 -2.894743836218992561e-01
8.889213298695619603e-02 -2.852059649403128616e-01
8.843302202475583629e-02 -2.809301158990185621e-01
8.793804244576636231e-02 -2.766471949744788161e-01
8.740758886360683322e-02 -2.723575575932852821e-01
8.684206262099108953e-02 -2.680615561981898320e-01
8.624187147210593540e-02 -2.637595403220260870e-01
8.560742926102066219e-02 -2.594518566693012063e-01
8.493915559627746026e-02 -2.551388492052131252e-01
8.423747552179317033e-02 -2.508208592518302305e-01
8.350281918421176286e-02 -2.464982255911612463e-01
8.273562149682439637e-02 -2.421712845748143217e-01
8.193632180017790256e-02 -2.378403702399391195e-01
8.110536351947988942e-02 -2.335058144311173423e-01
8.024319381890115954e-02 -2.291679469278576631e-01
7.935026325287281024e-02 -2.248270955773277735e-01
7.842702541446588960e-02 -2.204835864319482086e-01
7.747393658093409963e-02 -2.161377438914422466e-01
7.649145535649987115e-02 -2.117898908489388721e-01
7.548004231244714868e-02 -2.074403488406854068e-01
7.444015962459077373e-02 -2.030894381989322151e-01
7.337227070818314045e-02 -1.987374782075292390e-01
7.227683985031263525e-02 -1.943847872597523618e-01
7.115433183985020449e-02 -1.900316830178779004e-01
7.000521159499334400e-02 -1.856784825739933864e-01
6.882994378846551964e-02 -1.813255026115433710e-01
6.762899247041848083e-02 -1.769730595670772622e-01
6.640282068909530988e-02 -1.726214697916690077e-01
6.515189010931599078e-02 -1.682710497114718318e-01
6.387666062884816975e-02 -1.639221159868603228e-01
6.257758999274004585e-02 -1.595749856696161428e-01
6.125513340570093446e-02 -1.552299763576104330e-01
5.990974314262514921e-02 -1.508874063464366033e-01
5.854186815737733030e-02 -1.465475947774602661e-01
5.715195368996867087e-02 -1.422108617817581799e-01
5.574044087228080535e-02 -1.378775286194293126e-01
5.430776633251782615e-02 -1.335479178137868317e-01
5.285436179859415162e-02 -1.292223532799556263e-01
5.138065370069594406e-02 -1.249011604474245529e-01
4.988706277329874039e-02 -1.205846663761507981e-01
4.837400365694632942e-02 -1.162731998658201871e-01
4.684188450015536187e-02 -1.119670915579448617e-01
4.529110656184393013e-02 -1.076666740304974557e-01
4.372206381473681125e-02 -1.033722818848516745e-01
4.213514255025058164e-02 -9.908425182484784099e-02
4.053072098541216084e-02 -9.480292272785789676e-02
3.890916887243056621e-02 -9.052863570781348457e-02
3.727084711158817898e-02 -8.626173417020029099e-02
3.561610736818310308e-02 -8.200256385911221246e-02
3.394529169431448334e-02 -7.775147289653544513e-02
3.225873215635843838e-02 -7.350881181410341692e-02
3.055675046903877368e-02 -6.927493357763306325e-02
2.883965763705742535e-02 -6.505019360485053692e-02
2.710775360529693589e-02 -6.083494977677039728e-02
2.536132691865433664e-02 -5.662956244326927679e-02
2.360065439261499476e-02 -5.243439442347072599e-02
2.182600079570018448e-02 -4.824981100160438685e-02
2.003761854496627359e-02 -4.407617991908088784e-02
1.823574741573702473e-02 -3.991387136354487830e-02
1.642061426677859926e-02 -3.576325795573434552e-02
1.459243278211785899e-02 -3.162471473498168484e-02
1.275140323070167447e-02 -2.749861914422740972e-02
1.089771224507735115e-02 -2.338535101541616701e-02
9.031532620239590692e-03 -1.928529255614311322e-02
7.153023133757374641e-03 -1.519882833840879854e-02
5.262328388230930187e-03 -1.112634529030198660e-02
3.359578677082863951e-03 -7.068232691412629221e-03
1.444889874602228730e-03 -3.024882172709658645e-03
-4.816366489126533423e-04 1.003312278427842541e-03
-2.419914086156327304e-03 5.015954307403813761e-03
-4.369870225305605427e-03 9.012645175280248333e-03
-6.331447455433680815e-03 1.299298373485682778e-02
-8.304602744402533876e-03 1.695656639958137424e-02
-1.028930758888507713e-02 2.090298710498672552e-02
-1.228554793628755526e-02 2.483183726244492240e-02
-1.429332407845107511e-02 2.874270570512263423e-02
-1.631265051712144087e-02 3.263517862610187947e-02
-1.834355580128277374e-02 3.650883950871758321e-02
-2.038608233656008517e-02 4.036326904925210957e-02
-2.244028616698717782e-02 4.419804507218993983e-02
-2.450623672953966548e-02 4.801274243832337474e-02
-2.658401658191061889e-02 5.180693294604776789e-02
-2.867372110409371899e-02 5.558018522626059776e-02
-3.077545817441135201e-02 5.933206463132298381e-02
-3.288934782068086982e-02 6.306213311857872261e-02
-3.501552184727901862e-02 6.676994912897774026e-02
-3.715412343890933666e-02 7.045506746137930598e-02
-3.930530674190846341e-02 7.411703914311801311e-02
-4.146923642397665200e-02 7.775541129746335600e-02
-4.364608721321955320e-02 8.136972700858197127e-02
-4.583604341742897326e-02 8.495952518465604841e-02
-4.803929842451798438e-02 8.852434041977697010e-02
-5.025605418504736077e-02 9.206370285526566111e-02
-5.248652067776615748e-02 9.557713804104350785e-02
-5.473091535909302419e-02 9.906416679768828559e-02
-5.698946259744080978e-02 1.025243050797829403e-01
-5.926239309328723559e-02 1.059570638411790056e-01
-6.154994328586504970e-02 1.093619489027627956e-01
-6.385235474732653405e-02 1.127384608233130692e-01
-6.616987356522269215e-02 1.160860947740321725e-01
-6.850274971410069691e-02 1.194043404173050216e-01
-7.085123641701118746e-02 1.226926817902484756e-01
-7.321558949767942304e-02 1.259505971935903357e-01
-7.559606672408375472e-02 1.291775590864182865e-01
-7.799292714414263195e-02 1.323730339873207817e-01
-8.040643041420392212e-02 1.355364823824490583e-01
-8.283683612099362881e-02 1.386673586410084036e-01
-8.528440309766815997e-02 1.417651109386958985e-01
-8.774938873458865141e-02 1.448291811895899284e-01
-9.023204828541742106e-02 1.478590049869984713e-01
-9.273263416912125301e-02 1.508540115537685689e-01
-9.525139526845044502e-02 1.538136237025659880e-01
-9.778857622544512296e-02 1.567372578066201505e-01
-1.003444167345158844e-01 1.596243237814481686e-01
-1.029191508336305128e-01 1.624742250780568387e-01
-1.055130061941292885e-01 1.652863586881250513e-01
-1.081262034096991953e-01 1.680601151616824829e-01
-1.107589552850145598e-01 1.707948786377861683e-01
-1.134114661245666511e-01 1.734900268886981900e-01
-1.160839310221985499e-01 1.761449313780821535e-01
-1.187765351518637047e-01 1.787589573337165505e-01
-1.214894530601326461e-01 1.813314638352335195e-01
-1.242228479609800429e-01 1.838618039173823826e-01
-1.269768710333907258e-01 1.863493246893238031e-01
-1.297516607223298535e-01 1.887933674704374010e-01
-1.325473420436419358e-01 1.911932679431426196e-01
-1.353640258934458440e-01 1.935483563232018867e-01
-1.382018083626170846e-01 1.958579575479876822e-01
-1.410607700569513068e-01 1.981213914831632672e-01
-1.439409754236336547e-01 2.003379731482304582e-01
-1.468424720846474019e-01 2.025070129613819603e-01
-1.497652901777675460e-01 2.046278170040642386e-01
-1.527094417058211251e-01 2.066996873056590744e-01
-1.556749198948983448e-01 2.087219221486606158e-01
-1.586616985622284481e-01 2.106938163947038589e-01
-1.616697314944497976e-01 2.126146618317766857e-01
-1.646989518370255701e-01 2.144837475429227647e-01
-1.677492714955810538e-01 2.163003602967142613e-01
-1.708205805499475871e-01 2.180637849597400479e-01
-1.739127466817347589e-01 2.197733049313259635e-01
-1.770256146162551281e-01 2.214282026006648141e-01
-1.801590055796600809e-01 2.230277598265041350e-01
-1.833127167721501083e-01 2.245712584394884970e-01
-1.864865208581546474e-01 2.260579807672282726e-01
-1.896801654743834609e-01 2.274872101821104331e-01
-1.928933727566660428e-01 2.288582316718255627e-01
-1.961258388865219637e-01 2.301703324325439781e-01
-1.993772336584034854e-01 2.314228024846183007e-01
-2.026472000685707042e-01 2.326149353106418960e-01
-2.059353539265715294e-01 2.337460285156409412e-01
-2.092412834902969421e-01 2.348153845091255354e-01
-2.125645491255997999e-01 2.358223112086656192e-01
-2.159046829914557930e-01 2.367661227646054301e-01
-2.192611887516586755e-01 2.376461403054700994e-01
-2.226335413140310970e-01 2.384616927035587697e-01
-2.260211865981364698e-01 2.392121173601650108e-01
-2.294235413324606510e-01 2.398967610097899883e-01
-2.328399928820336362e-01 2.405149805426702869e-01
-2.362698991074418664e-01 2.410661438448671590e-01
-2.397125882561702559e-01 2.415496306551112859e-01
-2.431673588871907099e-01 2.419648334375229803e-01
-2.466334798296969111e-01 2.423111582692779320e-01
-2.501101901768584268e-01 2.425880257422224351e-01
-2.535966993154376015e-01 2.427948718773740577e-01
-2.570921869920794745e-01 2.429311490511891214e-01
-2.605958034170617887e-01 2.429963269324207087e-01
-2.641066694062349507e-01 2.429898934283229173e-01
-2.676238765618592086e-01 2.429113556389075057e-01
-2.711464874929839786e-01 2.427602408178938243e-01
-2.746735360759834932e-01 2.425360973389534547e-01
-2.782040277557951136e-01 2.422384956657765431e-01
-2.817369398883630693e-01 2.418670293244575276e-01
-2.852712221247257207e-01 2.414213158766320422e-01
-2.888057968371256501e-01 2.409009978917677208e-01
-2.923395595874586084e-01 2.403057439169500875e-01
-2.958713796383067307e-01 2.396352494424827950e-01
-2.994001005067353227e-01 2.388892378615718737e-01
-3.029245405609578556e-01 2.380674614223337870e-01
-3.064434936598955384e-01 2.371697021703427222e-01
-3.099557298355880564e-01 2.361957728798963485e-01
-3.134599960183243050e-01 2.351455179721645972e-01
-3.169550168042860050e-01 2.340188144183670826e-01
-3.204394952654113227e-01 2.328155726261051384e-01
-3.239121138010984113e-01 2.315357373069729108e-01
-3.273715350312890737e-01 2.301792883235592169e-01
-3.308164027303789889e-01 2.287462415139557559e-01
-3.342453428013151817e-01 2.272366494918890978e-01
-3.376569642891568690e-01 2.256506024206055838e-01
-3.410498604332761752e-01 2.239882287586466292e-01
-3.444226097573014900e-01 2.222496959756727342e-01
-3.477737771958003821e-01 2.204352112365218774e-01
-3.511019152566284829e-01 2.185450220517047293e-01
-3.544055652177635074e-01 2.165794168925861962e-01
-3.576832583573801849e-01 2.145387257695277883e-01
-3.609335172158130156e-01 2.124233207713144833e-01
-3.641548568879880432e-01 2.102336165642366417e-01
-3.673457863448138516e-01 2.079700708492438765e-01
-3.705048097819480524e-01 2.056331847756533715e-01
-3.736304279942696538e-01 2.032235033099430987e-01
-3.767211397743244206e-01 2.007416155582383288e-01
-3.797754433329311730e-01 1.981881550411614401e-01
-3.827918377400640892e-01 1.955637999197843702e-01
-3.857688243840787790e-01 1.928692731715140607e-01
-3.887049084472610772e-01 1.901053427148048647e-01
-3.915986003956460904e-01 1.872728214816872239e-01
-3.944484174809774757e-01 1.843725674371842205e-01
-3.972528852526528431e-01 1.814054835447843905e-01
-4.000105390774217895e-01 1.783725176772176790e-01
-4.027199256645936920e-01 1.752746624718957424e-01
-4.053796045944572102e-01 1.721129551304626526e-01
-4.079881498475844692e-01 1.688884771620066672e-01
-4.105441513326674174e-01 1.656023540695858165e-01
-4.130462164105078160e-01 1.622557549798223087e-01
-4.154929714117708284e-01 1.588498922154294446e-01
-4.178830631460905831e-01 1.553860208106350727e-01
-4.202151604001131413e-01 1.518654379695755507e-01
-4.224879554220606903e-01 1.482894824678461232e-01
-4.247001653904005636e-01 1.446595339974895422e-01
-4.268505338642095692e-01 1.409770124558286097e-01
-4.289378322128357679e-01 1.372433771786395196e-01
-4.309608610224824887e-01 1.334601261182843390e-01
-4.329184514773594117e-01 1.296287949675214435e-01
-4.348094667130630864e-01 1.257509562298113615e-01
-4.366328031399008824e-01 1.218282182370596378e-01
-4.383873917338916848e-01 1.178622241158172601e-01
-4.400721992932290494e-01 1.138546507030834820e-01
-4.416862296580348346e-01 1.098072074129382014e-01
-4.432285248912848363e-01 1.057216350553393802e-01
-4.446981664188410788e-01 1.015997046085144184e-01
-4.460942761265878076e-01 9.744321594646393470e-02
-4.474160174127327361e-01 9.325399652319321664e-02
-4.486625961933998763e-01 8.903390001536748422e-02
-4.498332618597242760e-01 8.478480492518120082e-02
-4.509273081847139930e-01 8.050861314530088908e-02
-4.519440741782498883e-01 7.620724848783300143e-02
-4.528829448886629305e-01 7.188265517933228876e-02
-4.537433521494137478e-01 6.753679632394443688e-02
-4.545247752695061871e-01 6.317165233684057801e-02
-4.552267416663368649e-01 5.878921935016634404e-02
-4.558488274398043716e-01 5.439150759378552635e-02
-4.563906578865818964e-01 4.998053975315969177e-02
-4.568519079535689476e-01 4.555834930674568239e-02
-4.572323026296412074e-01 4.112697884535132520e-02
-4.575316172749255283e-01 3.668847837592276173e-02
-4.577496778869314387e-01 3.224490361227466684e-02
-4.578863613029842128e-01 2.779831425531492650e-02
-4.579415953385267413e-01 2.335077226533166517e-02
-4.579153588609479186e-01 1.890434012894165461e-02
-4.578076817987373204e-01 1.446107912331068279e-02
-4.576186450858708010e-01 1.002304758027289244e-02
-4.573483805414352843e-01 5.592299152980539922e-03
-4.569970706846508968e-01 1.170881087718567137e-03
-4.565649484855333062e-01 -3.239167496491279774e-03
-4.560522970515789587e-01 -7.635817317865056797e-03
-4.554594492509688175e-01 -1.201705062881752717e-02
-4.547867872728943439e-01 -1.638086289731333078e-02
-4.540347421257446281e-01 -2.072526447005557104e-02
-4.532037930739924447e-01 -2.504828221497729102e-02
-4.522944670147390767e-01 -2.934796114054832872e-02
-4.513073377949980980e-01 -3.362236598944590149e-02
-4.502430254708904567e-01 -3.786958280418756262e-02
-4.491021955100563678e-01 -4.208772046237646558e-02
-4.478855579386777919e-01 -4.627491217926804623e-02
-4.465938664346223996e-01 -5.042931697543479030e-02
-4.452279173683095781e-01 -5.454912110736537256e-02
-4.437885487930102180e-01 -5.863253945891838681e-02
-4.422766393863797330e-01 -6.267781689162049696e-02
-4.406931073451124115e-01 -6.668322955189043277e-02
-4.390389092346992372e-01 -7.064708613335224374e-02
-4.373150387963525842e-01 -7.456772909249742565e-02
-4.355225257132325223e-01 -7.844353581604512904e-02
-4.336624343381932367e-01 -8.227291973846234674e-02
-4.317358623853283506e-01 -8.605433140819679361e-02
-4.297439395876665458e-01 -8.978625950129298650e-02
-4.276878263234110134e-01 -9.346723178116367325e-02
-4.255687122131890932e-01 -9.709581600341149477e-02
-4.233878146908071072e-01 -1.006706207647041773e-01
-4.211463775500545736e-01 -1.041902962948305089e-01
-4.188456694701342409e-01 -1.076535351911774852e-01
-4.164869825223246891e-01 -1.110590730949995164e-01
-4.140716306605007890e-01 -1.144056893089692162e-01
-4.116009481981510731e-01 -1.176922073556160853e-01
-4.090762882745471729e-01 -1.209174954763990173e-01
-4.064990213127157581e-01 -1.240804670712690183e-01
-4.038705334718621365e-01 -1.271800810787079294e-01
-4.011922250968820158e-01 -1.302153422963526763e-01
-3.984655091675862737e-01 -1.331853016424333624e-01
-3.956918097502353238e-01 -1.360890563583818658e-01
-3.928725604539461957e-01 -1.389257501530754002e-01
-3.900092028945111311e-01 -1.416945732893051813e-01
-3.871031851681132063e-01 -1.443947626131699136e-01
-3.841559603373843057e-01 -1.470256015272075056e-01
-3.811689849321919787e-01 -1.495864199081862189e-01
-3.781437174674875945e-01 -1.520765939705767122e-01
-3.750816169804802591e-01 -1.544955460768344668e-01
-3.719841415893349046e-01 -1.568427444957101458e-01
-3.688527470755137982e-01 -1.591177031099055839e-01
-3.656888854918167731e-01 -1.613199810744724849e-01
-3.624940037980688423e-01 -1.634491824274398319e-01
-3.592695425263472964e-01 -1.655049556542288192e-01
-3.560169344775230837e-01 -1.674869932074859458e-01
-3.527376034508190039e-01 -1.693950309840361879e-01
-3.494329630079832105e-01 -1.712288477607082637e-01
-3.461044152735760493e-01 -1.729882645908542016e-01
-3.427533497727783818e-01 -1.746731441634169490e-01
-3.393811423080145273e-01 -1.762833901264546643e-01
-3.359891538755926943e-01 -1.778189463770671608e-01
-3.325787296234563595e-01 -1.792797963196897937e-01
-3.291511978510323622e-01 -1.806659620947601019e-01
-3.257078690520610609e-01 -1.819775037797677353e-01
-3.222500350011898163e-01 -1.832145185647221508e-01
-3.187789678850052044e-01 -1.843771399040727565e-01
-3.152959194780707852e-01 -1.854655366471181233e-01
-3.118021203644453787e-01 -1.864799121489407463e-01
-3.082987792050488896e-01 -1.874205033638916273e-01
-3.047870820511385803e-01 -1.882875799236314318e-01
-3.012681917040759827e-01 -1.890814432017188240e-01
-2.977432471214490617e-01 -1.898024253667088823e-01
-2.942133628695417502e-01 -1.904508884256982670e-01
-2.906796286220353354e-01 -1.910272232602104325e-01
-2.871431087047511821e-01 -1.915318486562867517e-01
-2.836048416861516874e-01 -1.919652103306016822e-01
-2.800658400132420844e-01 -1.923277799543698097e-01
-2.765270896924230115e-01 -1.926200541767658092e-01
-2.729895500147970777e-01 -1.928425536495299020e-01
-2.694541533253262955e-01 -1.929958220543652181e-01
-2.659218048352042230e-01 -1.930804251346824596e-01
-2.623933824767137324e-01 -1.930969497331801454e-01
-2.588697367998019083e-01 -1.930460028366897396e-01
-2.553516909095415732e-01 -1.929282106296459909e-01
-2.518400404435878204e-01 -1.927442175574764216e-01
-2.483355535887071808e-01 -1.924946854011364838e-01
-2.448389711353936293e-01 -1.921802923639450433e-01
-2.413510065695594342e-01 -1.918017321718069879e-01
-2.378723462002403088e-01 -1.913597131878364277e-01
-2.344036493222330375e-01 -1.908549575423226785e-01
-2.309455484125394475e-01 -1.902882002789121896e-01
-2.274986493594725045e-01 -1.896601885178010594e-01
-2.240635317232621271e-01 -1.889716806366756874e-01
-2.206407490269591543e-01 -1.882234454700479342e-01
-2.172308290764433936e-01 -1.874162615275823118e-01
-2.138342743083062880e-01 -1.865509162319271275e-01
-2.104515621643800460e-01 -1.856282051765054675e-01
-2.070831454916733649e-01 -1.846489314036461049e-01
-2.037294529664624987e-01 -1.836139047033740201e-01
-2.003908895412935542e-01 -1.825239409331154694e-01
-1.970678369136354413e-01 -1.813798613585098918e-01
-1.937606540149397760e-01 -1.801824920154571907e-01
-1.904696775188491065e-01 -1.789326630934764961e-01
-1.871952223673182536e-01 -1.776312083403927822e-01
-1.839375823133954924e-01 -1.762789644883039630e-01
-1.806970304794443538e-01 -1.748767707007502503e-01
-1.774738199295675389e-01 -1.734254680409261784e-01
-1.742681842550274363e-01 -1.719258989607597155e-01
-1.710803381714536553e-01 -1.703789068106079108e-01
-1.679104781266395618e-01 -1.687853353692903569e-01
-1.647587829177542540e-01 -1.671460283941400560e-01
-1.616254143167944468e-01 -1.654618291907024863e-01
-1.585105177031178592e-01 -1.637335802016812170e-01
-1.554142227019233435e-01 -1.619621226146963633e-01
-1.523366438275367551e-01 -1.601482959883784307e-01
-1.492778811304019126e-01 -1.582929378963091327e-01
-1.462380208466618203e-01 -1.563968835882647013e-01
-1.432171360492554557e-01 -1.544609656682173204e-01
-1.402152872994513744e-01 -1.524860137885109823e-01
-1.372325232977691656e-01 -1.504728543596118850e-01
-1.342688815332365726e-01 -1.484223102748072065e-01
-1.313243889299714473e-01 -1.463352006492273372e-01
-1.283990624900626376e-01 -1.442123405725240781e-01
-1.254929099317645402e-01 -1.420545408745485794e-01
-1.226059303220227992e-01 -1.398626079033536973e-01
-1.197381147023689751e-01 -1.376373433148333492e-01
-1.168894467072362220e-01 -1.353795438733116363e-01
-1.140599031737708491e-01 -1.330900012623925655e-01
-1.112494547422236968e-01 -1.307695019053706498e-01
-1.084580664460345067e-01 -1.284188267945184925e-01
-1.056856982907325992e-01 -1.260387513285585737e-01
-1.029323058208033714e-01 -1.236300451576402282e-01
-1.001978406736941385e-01 -1.211934720351525163e-01
-9.748225112014841098e-02 -1.187297896757091020e-01
-9.478548259009361709e-02 -1.162397496186676482e-01
-9.210747818332182257e-02 -1.137240970965464892e-01
-8.944817916424602222e-02 -1.111835709077404477e-01
-8.680752544003239590e-02 -1.086189032929487097e-01
-8.418545602145144358e-02 -1.060308198147531522e-01
-8.158190946582305481e-02 -1.034200392398262336e-01
-7.899682430147081380e-02 -1.007872734232655720e-01
-7.643013943313553549e-02 -9.813322719459249832e-02
-7.388179452785292867e-02 -9.545859824499466906e-02
-7.135173038083952868e-02 -9.276407701542643824e-02
-6.883988926097928118e-02 -9.005034658522576008e-02
-6.634621523556044620e-02 -8.731808256095371923e-02
-6.387065447396927942e-02 -8.456795296521377181e-02
-6.141315553009207839e-02 -8.180061812524655473e-02
-5.897366960325628460e-02 -7.901673056116448324e-02
-5.655215077758907194e-02 -7.621693487373526477e-02
-5.414855623974429433e-02 -7.340186763167730333e-02
-5.176284647501255831e-02 -7.057215725849358412e-02
-4.939498544190090712e-02 -6.772842391892147651e-02
-4.704494072532899862e-02 -6.487127940513226498e-02
-4.471268366867564570e-02 -6.200132702288121966e-02
-4.239818948495671647e-02 -5.911916147784429532e-02
-4.010143734750759581e-02 -5.622536876245345927e-02
-3.782241046059570122e-02 -5.332052604357648273e-02
-3.556109611046792685e-02 -5.040520155144978531e-02
-3.331748569739101384e-02 -4.747995447030017857e-02
-3.109157474931939502e-02 -4.454533483115613590e-02
-2.888336291787352295e-02 -4.160188340736467594e-02
-2.669285395737036604e-02 -3.865013161336902647e-02
-2.452005568770265764e-02 -3.569060140733351649e-02
-2.236497994190517202e-02 -3.272380519821174727e-02
-2.022764249929209779e-02 -2.975024575787701964e-02
-1.810806300507600275e-02 -2.677041613892761074e-02
-1.600626487742412563e-02 -2.378479959879967187e-02
-1.392227520290967302e-02 -2.079386953078463107e-02
-1.185612462135249290e-02 -1.779808940256230598e-02
-9.807847201039776586e-03 -1.479791270282035387e-02
-7.777480305325157328e-03 -1.179378289650770406e-02
-5.765064451602519568e-03 -8.786133389240058378e-03
-3.770643163638620621e-03 -5.775387501326972872e-03
-1.794262818229863665e-03 -2.761958451845680784e-03
1.640275128657053827e-04 2.537506468582861885e-04
2.104176224802911666e-03 3.271346783922907120e-03
4.026129344448570180e-03 6.290447033719559489e-03
5.929830697251392557e-03 9.310678528394955578e-03
7.815222075379157918e-03 1.233167841907500950e-02
9.682243406356261239e-03 1.535309382565708258e-02
1.153083292149065242e-02 1.837458177518966340e-02
1.336092732342131217e-02 2.139580912889910147e-02
1.517246195217669680e-02 2.441645249799290207e-02
1.696537094917865973e-02 2.743619814842285232e-02
1.873958741868825273e-02 3.045474189486332972e-02
2.049504358623538414e-02 3.347178898420463677e-02
2.223167095363198786e-02 3.648705396892462649e-02
2.394940045021853869e-02 3.950026057074870756e-02
2.564816258003849159e-02 4.251114153504292892e-02
2.732788756469406444e-02 4.551943847644729368e-02
2.898850548167242192e-02 4.852490171626516746e-02
3.062994639797844698e-02 5.152729011217505040e-02
3.225214049895525070e-02 5.452637088084483219e-02
3.385501821220243679e-02 5.752191941405146447e-02
3.543851032654576905e-02 6.051371908892055895e-02
3.700254810604136635e-02 6.350156107291826668e-02
3.854706339902147505e-02 6.648524412421674690e-02
4.007198874222445140e-02 6.946457438807268625e-02
4.157725746006341039e-02 7.243936518983595807e-02
4.306280375911958336e-02 7.540943682521414337e-02
4.452856281795408711e-02 7.837461634839437696e-02
4.597447087235295715e-02 8.133473735861179721e-02
4.740046529612929049e-02 8.428963978574144367e-02
4.880648467761733444e-02 8.723916967546202494e-02
5.019246889200029704e-02 9.018317897451774701e-02
5.155835916962242527e-02 9.312152531659115273e-02
5.290409816043695201e-02 9.605407180925668031e-02
5.422962999474184587e-02 9.898068682246966010e-02
5.553490034036312473e-02 1.019012437790114967e-01
5.681985645643944371e-02 1.048156209472899947e-01
5.808444724396166770e-02 1.077237012368556235e-01
5.932862329321758610e-02 1.106253719969688687e-01
6.055233692829475878e-02 1.135205248185368609e-01
6.175554224878015974e-02 1.164090553396845418e-01
6.293819516880039266e-02 1.192908630552260985e-01
6.410025345353531634e-02 1.221658511302521344e-01
6.524167675333586436e-02 1.250339262180359956e-01
6.636242663557156973e-02 1.278949982824358622e-01
6.746246661432192537e-02 1.307489804249370724e-01
6.854176217802870896e-02 1.335957887164642144e-01
6.960028081521441035e-02 1.364353420340705392e-01
7.063799203836651497e-02 1.392675619025857126e-01
7.165486740608723037e-02 1.420923723412920170e-01
7.265088054359075675e-02 1.449096997156668898e-01
7.362600716164158232e-02 1.477194725942365672e-01
7.458022507400519086e-02 1.505216216105408622e-01
7.551351421348795334e-02 1.533160793302167368e-01
7.642585664663614775e-02 1.561027801231870127e-01
7.731723658715472514e-02 1.588816600409256319e-01
7.818764040811004845e-02 1.616526566987641633e-01
7.903705665296689720e-02 1.644157091631903156e-01
7.986547604551530455e-02 1.671707578440871367e-01
8.067289149873191345e-02 1.699177443918390151e-01
8.145929812262131531e-02 1.726566115992431427e-01
8.222469323107745032e-02 1.753873033081359833e-01
8.296907634780203988e-02 1.781097643206635550e-01
8.369244921131596682e-02 1.808239403150914137e-01
8.439481577909269117e-02 1.835297777660714891e-01
8.507618223084628672e-02 1.862272238692630477e-01
8.573655697099930029e-02 1.889162264702093363e-01
8.637595063035496956e-02 1.915967339973634331e-01
8.699437606699589320e-02 1.942686953991580312e-01
8.759184836643285621e-02 1.969320600850174019e-01
8.816838484102074158e-02 1.995867778701967965e-01
8.872400502865890326e-02 2.022327989243415947e-01
8.925873069079509614e-02 2.048700737236608393e-01
8.977258580974356583e-02 2.074985530065997785e-01
9.026559658533633845e-02 2.101181877329049708e-01
9.073779143091570409e-02 2.127289290459730975e-01
9.118920096868299296e-02 2.153307282383735699e-01
9.161985802441469096e-02 2.179235367204378493e-01
9.202979762155116816e-02 2.205073059918092881e-01
9.241905697467583947e-02 2.230819876158480763e-01
9.278767548238670004e-02 2.256475331967864317e-01
9.313569471957205970e-02 2.282038943595329494e-01
9.346315842909674876e-02 2.307510227320250518e-01
9.377011251290678917e-02 2.332888699300261770e-01
9.405660502256146804e-02 2.358173875442775014e-01
9.432268614919642191e-02 2.383365271299014432e-01
9.456840821292766819e-02 2.408462401979690193e-01
9.479382565169880426e-02 2.433464782091319945e-01
9.499899500958225440e-02 2.458371925692385829e-01
9.518397492453745112e-02 2.483183346268357239e-01
9.534882611563266774e-02 2.507898556724790229e-01
9.549361136973716357e-02 2.532517069397622889e-01
9.561839552768708339e-02 2.557038396079844844e-01
9.572324546993554728e-02 2.581462048063766224e-01
9.580823010168720844e-02 2.605787536198087007e-01
9.587342033752660475e-02 2.630014370958994596e-01
9.591888908554685456e-02 2.654142062534572966e-01
9.594471123098041732e-02 2.678170120921783970e-01
9.595096361934324358e-02 2.702098056035330265e-01
9.593772503909403504e-02 2.725925377827700391e-01
9.590507620381777398e-02 2.749651596419718236e-01
9.585309973393907335e-02 2.773276222241030098e-01
9.578188013797117595e-02 2.796798766179788287e-01
9.569150379330731981e-02 2.820218739740975034e-01
9.558205892656218561e-02 2.843535655212818258e-01
9.545363559347114224e-02 2.866749025840651943e-01
9.530632565835001069e-02 2.889858366007659884e-01
9.514022277312850218e-02 2.912863191422068176e-01
9.495542235596088343e-02 2.935763019310101418e-01
9.475202156942263976e-02 2.958557368614358474e-01
9.453011929830107407e-02 2.981245760196979955e-01
9.428981612698789094e-02 3.003827717047212742e-01
9.403121431648125972e-02 3.026302764492876940e-01
9.375441778100590540e-02 3.048670430415303945e-01
9.345953206426144133e-02 3.070930245467279329e-01
9.314666431530438384e-02 3.093081743293644714e-01
9.281592326407539506e-02 3.115124460754069013e-01
9.246741919657974762e-02 3.137057938147645997e-01
9.210126392972989295e-02 3.158881719438951241e-01
9.171757078586217915e-02 3.180595352485179883e-01
9.131645456693165963e-02 3.202198389263978817e-01
9.089803152840031375e-02 3.223690386101726313e-01
9.046241935282678392e-02 3.245070903901821069e-01
9.000973712316606701e-02 3.266339508372771983e-01
8.954010529579053967e-02 3.287495770255720595e-01
8.905364567324308700e-02 3.308539265551121988e-01
8.855048137673182662e-02 3.329469575744317122e-01
8.803073681837858544e-02 3.350286288029726833e-01
8.749453767322890041e-02 3.370988995533410471e-01
8.694201085103669957e-02 3.391577297533708846e-01
8.637328446783548719e-02 3.412050799679823276e-01
8.578848781730263884e-02 3.432409114207995993e-01
8.518775134193345977e-02 3.452651860155171448e-01
8.457120660403205648e-02 3.472778663569868751e-01
8.393898625653312129e-02 3.492789157720118665e-01
8.329122401366229056e-02 3.512682983298213713e-01
8.262805462145123014e-02 3.532459788622194785e-01
8.194961382811466466e-02 3.552119229833793357e-01
8.125603835430478261e-02 3.571660971092751602e-01
8.054746586324967872e-02 3.591084684767337776e-01
7.982403493079315293e-02 3.610390051620911978e-01
7.908588501534119519e-02 3.629576760994416285e-01
7.833315642773297505e-02 3.648644510984660472e-01
7.756599030104427417e-02 3.667593008618307282e-01
7.678452856033396445e-02 3.686421970021386274e-01
7.598891389234913030e-02 3.705131120584307935e-01
7.517928971519660664e-02 3.723720195122222076e-01
7.435580014799492155e-02 3.742188938030661660e-01
7.351858998051691296e-02 3.760537103436394912e-01
7.266780464283395524e-02 3.778764455343391893e-01
7.180359017497595087e-02 3.796870767773849464e-01
7.092609319661541400e-02 3.814855824904191950e-01
7.003546087678674814e-02 3.832719421196045806e-01
6.913184090365598333e-02 3.850461361522050097e-01
6.821538145434674627e-02 3.868081461286574374e-01
6.728623116483722910e-02 3.885579546541172435e-01
6.634453909993837106e-02 3.902955454094872989e-01
6.539045472336330045e-02 3.920209031619183992e-01
6.442412786789636359e-02 3.937340137747817881e-01
6.344570870568061460e-02 3.954348642171171546e-01
6.245534771862226719e-02 3.971234425725439499e-01
6.145319566893392427e-02 3.987997380476495102e-01
6.043940356981813977e-02 4.004637409798407210e-01
5.941412265630618972e-02 4.021154428446686024e-01
5.837750435626071210e-02 4.037548362626217080e-01
5.732970026155026488e-02 4.053819150053923348e-01
5.627086209940990180e-02 4.069966740016162099e-01
5.520114170398954245e-02 4.085991093420866527e-01
5.412069098810801115e-02 4.101892182844489865e-01
5.302966191521546468e-02 4.117669992573718130e-01
5.192820647157575520e-02 4.133324518642061962e-01
5.081647663867666642e-02 4.148855768861315907e-01
4.969462436587740450e-02 4.164263762847918438e-01
4.856280154329822851e-02 4.179548532044286002e-01
4.742115997496809676e-02 4.194710119735145515e-01
4.626985135222677625e-02 4.209748581058908590e-01
4.510902722740001147e-02 4.224663983014168012e-01
4.393883898774869623e-02 4.239456404461344752e-01
4.275943782970115237e-02 4.254125936119533824e-01
4.157097473337423299e-02 4.268672680558658339e-01
4.037360043739440796e-02 4.283096752186932310e-01
3.916746541401933124e-02 4.297398277233738795e-01
3.795271984457054826e-02 4.311577393727950569e-01
3.672951359518022985e-02 4.325634251471830449e-01
3.549799619286436725e-02 4.339569012010497384e-01
3.425831680191654405e-02 4.353381848597091541e-01
3.301062420064115877e-02 4.367072946153682800e-01
3.175506675842049154e-02 4.380642501228010355e-01
3.049179241312660604e-02 4.394090721946136147e-01
2.922094864888113985e-02 4.407417827961066514e-01
2.794268247416753503e-02 4.420624050397439775e-01
2.665714040029876220e-02 4.433709631792371875e-01
2.536446842024797643e-02 4.446674826032530614e-01
2.406481198784193865e-02 4.459519898287483963e-01
2.275831599732508481e-02 4.472245124939493444e-01
2.144512476329096806e-02 4.484850793509758682e-01
2.012538200099367458e-02 4.497337202581231375e-01
1.879923080703449489e-02 4.509704661718086927e-01
1.746681364042851348e-02 4.521953491381921486e-01
1.612827230405472489e-02 4.534084022844802053e-01
1.478374792649406189e-02 4.546096598099209629e-01
1.343338094424989526e-02 4.557991569764994200e-01
1.207731108436316259e-02 4.569769300993415384e-01
1.071567734741252220e-02 4.581430165368373109e-01
9.348617990913021814e-03 4.592974546804903246e-01
7.976270513104566362e-03 4.604402839445035367e-01
6.598771637134681622e-03 4.615715447551089756e-01
5.216257295638682123e-03 4.626912785396520844e-01
3.828862615714245798e-03 4.637995277154367546e-01
2.436721904293615015e-03 4.648963356783450962e-01
1.039968633911203533e-03 4.659817467912343858e-01
-3.612645711318362984e-04 4.670558063721240716e-01
-1.766845948205364447e-03 4.681185606821797185e-01
-3.176644609393208807e-03 4.691700569135051069e-01
-4.590530554140714870e-03 4.702103431767450936e-01
-6.008374681505390669e-03 4.712394684885189422e-01
-7.430048802016309129e-03 4.722574827586791812e-01
-8.855425649138048971e-03 4.732644367774139216e-01
-1.028437889034400365e-02 4.742603822021984605e-01
-1.171678313779933589e-02 4.752453715446028348e-01
-1.315251395865396633e-02 4.762194581569660357e-01
-1.459144788494998179e-02 4.771826962189415489e-01
-1.603346242314213077e-02 4.781351407239274875e-01
-1.747843606323634669e-02 4.790768474653845366e-01
-1.892624828754541078e-02 4.800078730230507018e-01
-2.037677957906675053e-02 4.809282747490625232e-01
-2.182991142948276231e-02 4.818381107539898567e-01
-2.328552634678948685e-02 4.827374398927880561e-01
-2.474350786254991830e-02 4.836263217506823198e-01
-2.620374053878138376e-02 4.845048166289808167e-01
-2.766610997447604969e-02 4.853729855308379082e-01
-2.913050281176005063e-02 4.862308901469623024e-01
-3.059680674169185099e-02 4.870785928412800780e-01
-3.206491050970405876e-02 4.879161566365663449e-01
-3.353470392069191064e-02 4.887436452000428755e-01
-3.500607784375564524e-02 4.895611228289541428e-01
-3.647892421659054696e-02 4.903686544361254285e-01
-3.795313604953959308e-02 4.911663055355114382e-01
-3.942860742930559548e-02 4.919541422277424747e-01
-4.090523352232844356e-02 4.927322311856686676e-01
-4.238291057783027949e-02 4.935006396399148620e-01
-4.386153593053537803e-02 4.942594353644502725e-01
-4.534100800306539725e-02 4.950086866621747905e-01
-4.682122630801549557e-02 4.957484623505324373e-01
-4.830209144971603363e-02 4.964788317471549584e-01
-4.978350512568324726e-02 4.971998646555421120e-01
-5.126537012776455349e-02 4.979116313507817027e-01
-5.274759034297821225e-02 4.986142025653175214e-01
-5.423007075405883448e-02 4.993076494747691330e-01
-5.571271743970840351e-02 4.999920436838029558e-01
-5.719543757455547439e-02 5.006674572120699551e-01
-5.867813942883542966e-02 5.013339624802067851e-01
-6.016073236778329836e-02 5.019916322959037114e-01
-6.164312685075840070e-02 5.026405398400513036e-01
-6.312523443009299129e-02 5.032807586529614019e-01
-6.460696774967594758e-02 5.039123626206709616e-01
-6.608824054327572251e-02 5.045354259613348269e-01
-6.756896763260522576e-02 5.051500232117036582e-01
-6.904906492513418481e-02 5.057562292136998927e-01
-7.052844941165448134e-02 5.063541191010874076e-01
-7.200703916360096102e-02 5.069437682862431016e-01
-7.348475333013465560e-02 5.075252524470316162e-01
-7.496151213499258059e-02 5.080986475137874159e-01
-7.643723687310843840e-02 5.086640296564066688e-01
-7.791184990700839030e-02 5.092214752715495951e-01
-7.938527466298567203e-02 5.097710609699626083e-01
-8.085743562706548815e-02 5.103128635639135879e-01
-8.232825834075152560e-02 5.108469600547523859e-01
-8.379766939657462554e-02 5.113734276205915696e-01
-8.526559643343506467e-02 5.118923436041145081e-01
-8.673196813175026998e-02 5.124037855005075803e-01
-8.819671420841163068e-02 5.129078309455281648e-01
-8.965976541155318280e-02 5.134045577036978614e-01
-9.112105351513638540e-02 5.138940436566328263e-01
-9.258051131335925943e-02 5.143763667915107751e-01
-9.403807261489061098e-02 5.148516051896708801e-01
-9.549367223693500106e-02 5.153198370153555530e-01
-9.694724599913476237e-02 5.157811405045913400e-01
-9.839873071730817489e-02 5.162355939542108141e-01
-9.984806419703770586e-02 5.166832757110182417e-01
-1.012951852271007924e-01 5.171242641610968027e-01
-1.027400335727582659e-01 5.175586377192645804e-01
-1.041825499688977530e-01 5.179864748186722156e-01
-1.056226761130391600e-01 5.184078539005496644e-01
-1.070603546582054866e-01 5.188228534041017248e-01
-1.084955292056653531e-01 5.192315517565496696e-01
-1.099281442975480472e-01 5.196340273633213158e-01
-1.113581454093376388e-01 5.200303585983936383e-01
-1.127854789422486070e-01 5.204206237947844871e-01
-1.142100922154883347e-01 5.208049012351909646e-01
-1.156319334584114955e-01 5.211832691427839004e-01
-1.170509518025656392e-01 5.215558056721508740e-01
-1.184670972736380778e-01 5.219225889003878960e-01
-1.198803207833016859e-01 5.222836968183487416e-01
-1.212905741209700794e-01 5.226392073220366141e-01
-1.226978099454593130e-01 5.229891982041556808e-01
-1.241019817765650901e-01 5.233337471458086032e-01
-1.255030439865542913e-01 5.236729317083462787e-01
-1.269009517915811180e-01 5.240068293253670184e-01
-1.282956612430218857e-01 5.243355172948684917e-01
-1.296871292187428415e-01 5.246590727715482183e-01
-1.310753134142949861e-01 5.249775727592537189e-01
-1.324601723340454729e-01 5.252910941035801029e-01
-1.338416652822456698e-01 5.255997134846209784e-01
-1.352197523540405455e-01 5.259035074098614704e-01
-1.365943944264232102e-01 5.262025522072226735e-01
-1.379655531491359999e-01 5.264969240182508781e-01
-1.393331909355218223e-01 5.267866987914533450e-01
-1.406972709533294563e-01 5.270719522757799647e-01
-1.420577571154770236e-01 5.273527600142460248e-01
-1.434146140707727723e-01 5.276291973377040811e-01
-1.447678071946000844e-01 5.279013393587514980e-01
-1.461173025795670655e-01 5.281692609657855364e-01
-1.474630670261250498e-01 5.284330368171955561e-01
-1.488050680331582387e-01 5.286927413356965477e-01
-1.501432737885455559e-01 5.289484487027998894e-01
-1.514776531597018527e-01 5.292002328534217703e-01
-1.528081756840938277e-01 5.294481674706283947e-01
-1.541348115597429014e-01 5.296923259805175199e-01
-1.554575316357078019e-01 5.299327815472297809e-01
-1.567763074025542158e-01 5.301696070680970152e-01
-1.580911109828152528e-01 5.304028751689208177e-01
-1.594019151214435270e-01 5.306326581993798808e-01
-1.607086931762526649e-01 5.308590282285683415e-01
-1.620114191083592836e-01 5.310820570406596941e-01
-1.633100674726203627e-01 5.313018161306979348e-01
-1.646046134080723089e-01 5.315183767005134952e-01
-1.658950326283697430e-01 5.317318096547626327e-01
-1.671813014122315033e-01 5.319421855970896118e-01
-1.684633965938915623e-01 5.321495748264067904e-01
-1.697412955535576307e-01 5.323540473332970535e-01
-1.710149762078815305e-01 5.325556727965334858e-01
-1.722844170004392272e-01 5.327545205797118433e-01
-1.735495968922270982e-01 5.329506597280038172e-01
-1.748104953521714966e-01 5.331441589650167678e-01
-1.760670923476582161e-01 5.333350866897712539e-01
-1.773193683350789696e-01 5.335235109737836989e-01
-1.785673042503984898e-01 5.337094995582634116e-01
-1.798108814997440574e-01 5.338931198514097476e-01
-1.810500819500202307e-01 5.340744389258204050e-01
-1.822848879195467786e-01 5.342535235160019713e-01
-1.835152821687229263e-01 5.344304400159824997e-01
-1.847412478907231870e-01 5.346052544770247827e-01
-1.859627687022190612e-01 5.347780326054407674e-01
-1.871798286341316009e-01 5.349488397605011158e-01
-1.883924121224188342e-01 5.351177409524412454e-01
-1.896005039988948315e-01 5.352848008405658442e-01
-1.908040894820831057e-01 5.354500837314394301e-01
-1.920031541681053722e-01 5.356136535771749418e-01
-1.931976840216088898e-01 5.357755739738071510e-01
-1.943876653667305221e-01 5.359359081597582231e-01
-1.955730848781002951e-01 5.360947190143858787e-01
-1.967539295718847558e-01 5.362520690566193737e-01
-1.979301867968708273e-01 5.364080204436781907e-01
-1.991018442255940990e-01 5.365626349698723319e-01
-2.002688898455062261e-01 5.367159740654809941e-01
-2.014313119501899563e-01 5.368680987957136219e-01
-2.025890991306176225e-01 5.370190698597447909e-01
-2.037422402664531007e-01 5.371689475898254740e-01
-2.048907245174046432e-01 5.373177919504688038e-01
-2.060345413146185967e-01 5.374656625377083330e-01
-2.071736803521272430e-01 5.376126185784230183e-01
-2.083081315783422705e-01 5.377587189297389214e-01
-2.094378851875963454e-01 5.379040220784904180e-01
-2.105629316117373917e-01 5.380485861407535708e-01
-2.116832615117718863e-01 5.381924688614397878e-01
-2.127988657695569497e-01 5.383357276139560943e-01
-2.139097354795503336e-01 5.384784193999228030e-01
-2.150158619406068727e-01 5.386206008489560215e-01
-2.161172366478295859e-01 5.387623282185021178e-01
-2.172138512844750680e-01 5.389036573937363572e-01
-2.183056977139104515e-01 5.390446438875111657e-01
-2.193927679716275170e-01 5.391853428403616810e-01
-2.204750542573094829e-01 5.393258090205604871e-01
-2.215525489269517534e-01 5.394660968242284138e-01
-2.226252444850407020e-01 5.396062602754885251e-01
-2.236931335767857465e-01 5.397463530266730647e-01
-2.247562089804099050e-01 5.398864283585758095e-01
-2.258144635994954463e-01 5.400265391807476112e-01
-2.268678904553848019e-01 5.401667380318387890e-01
-2.279164826796420962e-01 5.403070770799803801e-01
-2.289602335065686334e-01 5.404476081232094664e-01
-2.299991362657770044e-01 5.405883825899322481e-01
-2.310331843748228142e-01 5.407294515394267531e-01
-2.320623713318958337e-01 5.408708656623801847e-01
-2.330866907085676065e-01 5.410126752814639062e-01
-2.341061361425962883e-01 5.411549303519400667e-01
-2.351207013307928528e-01 5.412976804623039762e-01
-2.361303800219450300e-01 5.414409748349560125e-01
-2.371351660097968939e-01 5.415848623269041706e-01
-2.381350531260939540e-01 5.417293914304948110e-01
-2.391300352336785673e-01 5.418746102741718307e-01
-2.401201062196534342e-01 5.420205666232614794e-01
-2.411052599885960823e-01 5.421673078807834889e-01
-2.420854904558389364e-01 5.423148810882825188e-01
-2.430607915408052322e-01 5.424633329266874693e-01
-2.440311571604058538e-01 5.426127097171863367e-01
-2.449965812224933204e-01 5.427630574221253834e-01
-2.459570576193778613e-01 5.429144216459256267e-01
-2.469125802214018894e-01 5.430668476360146490e-01
-2.478631428705736495e-01 5.432203802837805018e-01
-2.488087393742601239e-01 5.433750641255341574e-01
-2.497493634989405575e-01 5.435309433434925008e-01
-2.506850089640165757e-01 5.436880617667689819e-01
-2.516156694356856960e-01 5.438464628723788108e-01
-2.525413385208713501e-01 5.440061897862540352e-01
-2.534620097612133582e-01 5.441672852842700525e-01
-2.543776766271174106e-01 5.443297917932772290e-01
-2.552883325118620594e-01 5.444937513921423999e-01
-2.561939707257690491e-01 5.446592058127961433e-01
-2.570945844904287680e-01 5.448261964412854930e-01
-2.579901669329873193e-01 5.449947643188289836e-01
-2.588807110804892120e-01 5.451649501428785793e-01
-2.597662098542838915e-01 5.453367942681793812e-01
-2.606466560644865593e-01 5.455103367078344423e-01
-2.615220424045018865e-01 5.456856171343660300e-01
-2.623923614456009634e-01 5.458626748807787754e-01
-2.632576056315623081e-01 5.460415489416192703e-01
-2.641177672733685533e-01 5.462222779740325551e-01
-2.649728385439616973e-01 5.464049002988184967e-01
-2.658228114730572522e-01 5.465894539014763964e-01
-2.666676779420164012e-01 5.467759764332499328e-01
-2.675074296787763317e-01 5.469645052121636652e-01
-2.683420582528387444e-01 5.471550772240503235e-01
-2.691715550703139836e-01 5.473477291235715469e-01
-2.699959113690276746e-01 5.475424972352278541e-01
-2.708151182136805946e-01 5.477394175543597310e-01
-2.716291664910703840e-01 5.479385257481360627e-01
-2.724380469053652165e-01 5.481398571565310185e-01
-2.732417499734410282e-01 5.483434467932889467e-01
-2.740402660202711504e-01 5.485493293468739484e-01
-2.748335851743762825e-01 5.487575391814053516e-01
-2.756216973633309753e-01 5.489681103375784188e-01
-2.764045923093245150e-01 5.491810765335698452e-01
-2.771822595247843690e-01 5.493964711659226063e-01
-2.779546883080514785e-01 5.496143273104164839e-01
-2.787218677391133381e-01 5.498346777229179416e-01
-2.794837866753954736e-01 5.500575548402117931e-01
-2.802404337476085416e-01 5.502829907808127752e-01
-2.809917973556521065e-01 5.505110173457550271e-01
-2.817378656645757040e-01 5.507416660193606983e-01
-2.824786266005942514e-01 5.509749679699859071e-01
-2.832140678471616324e-01 5.512109540507443839e-01
-2.839441768411001821e-01 5.514496548002076892e-01
-2.846689407687865159e-01 5.516911004430768983e-01
-2.853883465623922588e-01 5.519353208908353015e-01
-2.861023808961838388e-01 5.521823457423707948e-01
-2.868110301828751263e-01 5.524322042845728475e-01
-2.875142805700381943e-01 5.526849254929027122e-01
-2.882121179365687014e-01 5.529405380319353247e-01
-2.889045278892087287e-01 5.531990702558732265e-01
-2.895914957591244066e-01 5.534605502090312878e-01
-2.902730065985408281e-01 5.537250056262897902e-01
-2.909490451774314757e-01 5.539924639335201961e-01
-2.916195959802636573e-01 5.542629522479782800e-01
-2.922846432028001762e-01 5.545364973786645058e-01
-2.929441707489583990e-01 5.548131258266559840e-01
-2.935981622277230585e-01 5.550928637854005698e-01
-2.942466009501146229e-01 5.553757371409827615e-01
-2.948894699262168961e-01 5.556617714723522949e-01
-2.955267518622579637e-01 5.559509920515192105e-01
-2.961584291577464279e-01 5.562434238437149459e-01
-2.967844839026668180e-01 5.565390915075167921e-01
-2.974048978747274585e-01 5.568380193949378221e-01
-2.980196525366672899e-01 5.571402315514786263e-01
-2.986287290336181455e-01 5.574457517161418574e-01
-2.992321081905215951e-01 5.577546033214133558e-01
-2.998297705096055199e-01 5.580668094931992007e-01
-3.004216961679138653e-01 5.583823930507293420e-01
-3.010078650148934054e-01 5.587013765064208215e-01
-3.015882565700407358e-01 5.590237820656998036e-01
-3.021628500205995604e-01 5.593496316267877466e-01
-3.027316242193199836e-01 5.596789467804441642e-01
-3.032945576822729250e-01 5.600117488096698626e-01
-3.038516285867209343e-01 5.603480586893692106e-01
-3.044028147690479580e-01 5.606878970859719979e-01
-3.049480937227442290e-01 5.610312843570117725e-01
-3.054874425964494433e-01 5.613782405506638762e-01
-3.060208381920536125e-01 5.617287854052402940e-01
-3.065482569628563692e-01 5.620829383486404263e-01
-3.070696750117828389e-01 5.624407184977608942e-01
-3.075850680896576872e-01 5.628021446578603815e-01
-3.080944115935382310e-01 5.631672353218809546e-01
-3.085976805651045596e-01 5.635360086697259741e-01
-3.090948496891113284e-01 5.639084825674927082e-01
-3.095858932918936768e-01 5.642846745666599828e-01
-3.100707853399352065e-01 5.646646019032316444e-01
-3.105494994384948027e-01 5.650482814968355028e-01
-3.110220088302922403e-01 5.654357299497752010e-01
-3.114882863942539659e-01 5.658269635460362323e-01
-3.119483046443179974e-01 5.662219982502473270e-01
-3.124020357282989990e-01 5.666208497065949867e-01
-3.128494514268136406e-01 5.670235332376917237e-01
-3.132905231522693512e-01 5.674300638433968924e-01
-3.137252219479074733e-01 5.678404561995931132e-01
-3.141535184869139186e-01 5.682547246569111810e-01
-3.145753830715882216e-01 5.686728832394131183e-01
-3.149907856325729893e-01 5.690949456432243814e-01
-3.153996957281484659e-01 5.695209252351209894e-01
-3.158020825435872148e-01 5.699508350510664734e-01
-3.161979148905700310e-01 5.703846877947034155e-01
-3.165871612066676888e-01 5.708224958357955847e-01
-3.169697895548831967e-01 5.712642712086246632e-01
-3.173457676232596669e-01 5.717100256103359035e-01
-3.177150627245494685e-01 5.721597703992368222e-01
-3.180776417959468305e-01 5.726135165930515969e-01
-3.184334713988894450e-01 5.730712748671198398e-01
-3.187825177189185788e-01 5.735330555525554042e-01
-3.191247465656079640e-01 5.739988686343503455e-01
-3.194601233725576361e-01 5.744687237494348064e-01
-3.197886131974515544e-01 5.749426301846884968e-01
-3.201101807221816142e-01 5.754205968749025457e-01
-3.204247902530414360e-01 5.759026324006928377e-01
-3.207324057209806067e-01 5.763887449863690504e-01
-3.210329906819305856e-01 5.768789424977510683e-01
-3.213265083171967795e-01 5.773732324399414306e-01
-3.216129214339156217e-01 5.778716219550481537e-01
-3.218921924655862021e-01 5.783741178198589239e-01
-3.221642834726620164e-01 5.788807264434706612e-01
-3.224291561432164888e-01 5.793914538648701207e-01
-3.226867717936786617e-01 5.799063057504662000e-01
-3.229370913696345546e-01 5.804252873915770605e-01
-3.231800754466992442e-01 5.809484037018703972e-01
-3.234156842314606095e-01 5.814756592147557468e-01
-3.236438775624949082e-01 5.820070580807307214e-01
-3.238646149114483008e-01 5.825426040646810577e-01
-3.240778553841941467e-01 5.830823005431365891e-01
-3.242835577220603560e-01 5.836261505014785911e-01
-3.244816803031296826e-01 5.841741565311020512e-01
-3.246721811436099614e-01 5.847263208265364165e-01
-3.248550178992800630e-01 5.852826451825167142e-01
-3.250301478670066802e-01 5.858431309910118179e-01
-3.251975279863361656e-01 5.864077792382100807e-01
-3.253571148411594227e-01 5.869765905014594498e-01
-3.255088646614510139e-01 5.875495649461648373e-01
-3.256527333250819889e-01 5.881267023226410817e-01
-3.257886763597103719e-01 5.887080019629258310e-01
-3.259166489447444803e-01 5.892934627775459067e-01
-3.260366059133807948e-01 5.898830832522465872e-01
-3.261485017547205434e-01 5.904768614446764818e-01
-3.262522906159612823e-01 5.910747949810306601e-01
-3.263479263046646373e-01 5.916768810526564781e-01
-3.264353622911004837e-01 5.922831164126161063e-01
-3.265145517106711193e-01 5.928934973722113089e-01
-3.265854473664093760e-01 5.935080197974688110e-01
-3.266480017315564477e-01 5.941266791055868079e-01
-3.267021669522170435e-01 5.947494702613433937e-01
-3.267478948500941449e-01 5.953763877734692400e-01
-3.267851369253014227e-01 5.960074256909798640e-01
-3.268138443592542020e-01 5.966425775994754765e-01
-3.268339680176415296e-01 5.972818366174034166e-01
-3.268454584534758456e-01 5.979251953922846141e-01
-3.268482659102220356e-01 5.985726460969068574e-01
-3.268423403250091397e-01 5.992241804254854198e-01
-3.268276313319183890e-01 5.998797895897879373e-01
-3.268040882653548418e-01 6.005394643152280887e-01
-3.267716601634986229e-01 6.012031948369290779e-01
-3.267302957718369316e-01 6.018709708957523663e-01
-3.266799435467747093e-01 6.025427817343002035e-01
-3.266205516593300717e-01 6.032186160928859620e-01
-3.265520679989105113e-01 6.038984622054756057e-01
-3.264744401771674243e-01 6.045823077956032909e-01
-3.263876155319349603e-01 6.052701400722555469e-01
-3.262915411312491409e-01 6.059619457257336972e-01
-3.261861637774507994e-01 6.066577109234874143e-01
-3.260714300113673469e-01 6.073574213059237392e-01
-3.259472861165778057e-01 6.080610619821920082e-01
-3.258136781237612190e-01 6.087686175259461319e-01
-3.256705518151244982e-01 6.094800719710837811e-01
-3.255178527289144252e-01 6.101954088074630356e-01
-3.253555261640087015e-01 6.109146109766006028e-01
-3.251835171845919303e-01 6.116376608673479431e-01
-3.250017706249142546e-01 6.123645403115480779e-01
-3.248102310941276549e-01 6.130952305796758539e-01
-3.246088429812075127e-01 6.138297123764600016e-01
-3.243975504599544979e-01 6.145679658364887610e-01
-3.241762974940794462e-01 6.153099705197992986e-01
-3.239450278423665619e-01 6.160557054074544681e-01
-3.237036850639223307e-01 6.168051488971033613e-01
-3.234522125235028134e-01 6.175582787985305355e-01
-3.231905533969211541e-01 6.183150723291940265e-01
-3.229186506765382436e-01 6.190755061097494849e-01
-3.226364471768316533e-01 6.198395561595688719e-01
-3.223438855400485581e-01 6.206071978922442778e-01
-3.220409082419331548e-01 6.213784061110906309e-01
-3.217274575975365702e-01 6.221531550046337511e-01
-3.214034757671088705e-01 6.229314181420979590e-01
-3.210689047620645109e-01 6.237131684688855815e-01
-3.207236864510311092e-01 6.244983783020521262e-01
-3.203677625659745454e-01 6.252870193257792364e-01
-3.200010747084001128e-01 6.260790625868439818e-01
-3.196235643556366579e-01 6.268744784900868172e-01
-3.192351728671910527e-01 6.276732367938799850e-01
-3.188358414911834915e-01 6.284753066055938087e-01
-3.184255113708568952e-01 6.292806563770675377e-01
-3.180041235511619213e-01 6.300892539000795267e-01
-3.175716189854202454e-01 6.309010663018205234e-01
-3.171279385420549546e-01 6.317160600403731729e-01
-3.166730230114016553e-01 6.325342009001939658e-01
-3.162068131125909121e-01 6.333554539876029565e-01
-3.157292495004987432e-01 6.341797837262772575e-01
-3.152402727727758869e-01 6.350071538527558568e-01
-3.147398234769433478e-01 6.358375274119487663e-01
-3.142278421175608294e-01 6.366708667526572718e-01
-3.137042691634613911e-01 6.375071335231058400e-01
-3.131690450550607685e-01 6.383462886664805769e-01
-3.126221102117296424e-01 6.391882924164833391e-01
-3.120634050392358527e-01 6.400331042928946168e-01
-3.114928699372512821e-01 6.408806830971541801e-01
-3.109104453069284069e-01 6.417309869079496076e-01
-3.103160715585365215e-01 6.425839730768249103e-01
-3.097096891191665202e-01 6.434395982237999245e-01
-3.090912384404954638e-01 6.442978182330094672e-01
-3.084606600066144289e-01 6.451585882483569234e-01
-3.078178943419186964e-01 6.460218626691832666e-01
-3.071628820190573927e-01 6.468875951459589491e-01
-3.064955636669419170e-01 6.477557385759885600e-01
-3.058158799788128213e-01 6.486262450991384654e-01
-3.051237717203664213e-01 6.494990660935818783e-01
-3.044191797379333098e-01 6.503741521715638019e-01
-3.037020449667180433e-01 6.512514531751874003e-01
-3.029723084390869570e-01 6.521309181722192427e-01
-3.022299112929137666e-01 6.530124954519185287e-01
-3.014747947799758521e-01 6.538961325208844100e-01
-3.007069002744008346e-01 6.547817760989282920e-01
-2.999261692811669433e-01 6.556693721149655651e-01
-2.991325434446464038e-01 6.565588657029316488e-01
-2.983259645572030605e-01 6.574502011977183535e-01
-2.975063745678319660e-01 6.583433221311345562e-01
-2.966737155908478751e-01 6.592381712278907457e-01
-2.958279299146168717e-01 6.601346904016022199e-01
-2.949689600103342912e-01 6.610328207508195941e-01
-2.940967485408420568e-01 6.619325025550786279e-01
-2.932112383694881474e-01 6.628336752709746982e-01
-2.923123725690275898e-01 6.637362775282604765e-01
-2.914000944305651375e-01 6.646402471259634792e-01
-2.904743474725315355e-01 6.655455210285278200e-01
-2.895350754496989754e-01 6.664520353619776127e-01
-2.885822223622360183e-01 6.673597254101004683e-01
-2.876157324647932167e-01 6.682685256106555283e-01
-2.866355502756270379e-01 6.691783695515973740e-01
-2.856416205857555957e-01 6.700891899673242502e-01
-2.846338884681463011e-01 6.710009187349447179e-01
-2.836122992869365422e-01 6.719134868705627373e-01
-2.825767987066843956e-01 6.728268245255819568e-01
-2.815273327016501459e-01 6.737408609830271011e-01
-2.804638475651060059e-01 6.746555246538827877e-01
-2.793862899186759785e-01 6.755707430734478880e-01
-2.782946067217006991e-01 6.764864428977046540e-01
-2.771887452806318097e-01 6.774025498997041650e-01
-2.760686532584508135e-01 6.783189889659615446e-01
-2.749342786841168507e-01 6.792356840928657213e-01
-2.737855699620373451e-01 6.801525583830979604e-01
-2.726224758815620208e-01 6.810695340420620525e-01
-2.714449456265061178e-01 6.819865323743219410e-01
-2.702529287846930361e-01 6.829034737800445676e-01
-2.690463753575242367e-01 6.838202777514503783e-01
-2.678252357695722896e-01 6.847368628692662718e-01
-2.665894608781946284e-01 6.856531467991822115e-01
-2.653390019831740054e-01 6.865690462883069500e-01
-2.640738108363808734e-01 6.874844771616233086e-01
-2.627938396514623576e-01 6.883993543184401265e-01
-2.614990411135490467e-01 6.893135917288397696e-01
-2.601893683889928144e-01 6.902271024301206426e-01
-2.588647751351254578e-01 6.911397985232268226e-01
-2.575252155100417051e-01 6.920515911691710320e-01
-2.561706441824121439e-01 6.929623905854425114e-01
-2.548010163413188534e-01 6.938721060424000164e-01
-2.534162877061192365e-01 6.947806458596477164e-01
-2.520164145363403274e-01 6.956879174023896661e-01
-2.506013536415984677e-01 6.965938270777656260e-01
-2.491710623915557310e-01 6.974982803311579049e-01
-2.477254987259024099e-01 6.984011816424728902e-01
-2.462646211643760019e-01 6.993024345223942673e-01
-2.447883888168164712e-01 7.002019415085991572e-01
-2.432967613932566775e-01 7.010996041619423913e-01
-2.417896992140533274e-01 7.019953230626018170e-01
-2.402671632200583385e-01 7.028889978061815258e-01
-2.387291149828346670e-01 7.037805269997714497e-01
-2.371755167149176002e-01 7.046698082579594402e-01
-2.356063312801262855e-01 7.055567381987939424e-01
-2.340215222039241649e-01 7.064412124396914905e-01
-2.324210536838370866e-01 7.073231255932905803e-01
-2.308048905999284806e-01 7.082023712632418144e-01
-2.291729985253362634e-01 7.090788420399382064e-01
-2.275253437368746634e-01 7.099524294961772064e-01
-2.258618932257049627e-01 7.108230241827528939e-01
-2.241826147080812071e-01 7.116905156239758945e-01
-2.224874766361710499e-01 7.125547923131153594e-01
-2.207764482089611402e-01 7.134157417077603425e-01
-2.190494993832485249e-01 7.142732502250987991e-01
-2.173066008847261421e-01 7.151272032371063236e-01
-2.155477242191628229e-01 7.159774850656470679e-01
-2.137728416836891521e-01 7.168239789774770720e-01
-2.119819263781926033e-01 7.176665671791500056e-01
-2.101749522168258333e-01 7.185051308118206581e-01
-2.083518939396404313e-01 7.193395499459420694e-01
-2.065127271243456519e-01 7.201697035758547472e-01
-2.046574281982073418e-01 7.209954696142585329e-01
-2.027859744500842554e-01 7.218167248865716701e-01
-2.008983440426224676e-01 7.226333451251658602e-01
-1.989945160246021361e-01 7.234452049634777504e-01
-1.970744703434560985e-01 7.242521779299928575e-01
-1.951381878579631635e-01 7.250541364420952650e-01
-1.931856503511247825e-01 7.258509517997832061e-01
-1.912168405432400631e-01 7.266424941792447578e-01
-1.892317421051831206e-01 7.274286326262897617e-01
-1.872303396718937307e-01 7.282092350496363053e-01
-1.852126188560950792e-01 7.289841682140466572e-01
-1.831785662622479882e-01 7.297532977333094362e-01
-1.811281695007510850e-01 7.305164880630632407e-01
-1.790614172023993200e-01 7.312736024934628487e-01
-1.769782990331173200e-01 7.320245031416803272e-01
-1.748788057089734060e-01 7.327690509442386091e-01
-1.727629290114912619e-01 7.335071056491762054e-01
-1.706306618032722988e-01 7.342385258080388333e-01
-1.684819980439428710e-01 7.349631687676965175e-01
-1.663169328064389996e-01 7.356808906619793920e-01
-1.641354622936437857e-01 7.363915464031369762e-01
-1.619375838553954172e-01 7.370949896731096018e-01
-1.597232960058795614e-01 7.377910729146182067e-01
-1.574925984414192182e-01 7.384796473220629487e-01
-1.552454920586858744e-01 7.391605628322350796e-01
-1.529819789733437574e-01 7.398336681148359739e-01
-1.507020625391432556e-01 7.404988105628037554e-01
-1.484057473674927075e-01 7.411558362824456347e-01
-1.460930393475088074e-01 7.418045900833756257e-01
-1.437639456665868454e-01 7.424449154682553065e-01
-1.414184748314903928e-01 7.430766546223389613e-01
-1.390566366899960160e-01 7.436996484028217669e-01
-1.366784424531044539e-01 7.443137363279913599e-01
-1.342839047178431555e-01 7.449187565661828936e-01
-1.318730374906846858e-01 7.455145459245378081e-01
-1.294458562115998190e-01 7.461009398375696433e-01
-1.270023777787693264e-01 7.466777723555346746e-01
-1.245426205739791903e-01 7.472448761326119238e-01
-1.220666044887234875e-01 7.478020824148954304e-01
-1.195743509510412833e-01 7.483492210281972312e-01
-1.170658829531080192e-01 7.488861203656681509e-01
-1.145412250796159354e-01 7.494126073752387374e-01
-1.120004035369600581e-01 7.499285075468840045e-01
-1.094434461832681921e-01 7.504336448997168674e-01
-1.068703825592932782e-01 7.509278419689144890e-01
-1.042812439202028679e-01 7.514109197924858652e-01
-1.016760632682938564e-01 7.518826978978814246e-01
-9.905487538665727620e-02 7.523429942884604094e-01
-9.641771687383432488e-02 7.527916254298121501e-01
-9.376462617948236322e-02 7.532284062359502208e-01
-9.109564364109208612e-02 7.536531500553820262e-01
-8.841081152178370539e-02 7.540656686570643696e-01
-8.571017404921485450e-02 7.544657722162571023e-01
-8.299377745563775444e-02 7.548532693002847349e-01
-8.026167001913514509e-02 7.552279668542181135e-01
-7.751390210606889930e-02 7.555896701864902587e-01
-7.475052621478577020e-02 7.559381829544582487e-01
-7.197159702060412778e-02 7.562733071499274651e-01
-6.917717142212866099e-02 7.565948430846534123e-01
-6.636730858891952411e-02 7.569025893758369872e-01
-6.354207001056498549e-02 7.571963429316337368e-01
-6.070151954718741583e-02 7.574758989366915385e-01
-5.784572348142208442e-02 7.577410508377413478e-01
-5.497475057191403280e-02 7.579915903292595569e-01
-5.208867210836570782e-02 7.582273073392247209e-01
-4.918756196817765380e-02 7.584479900149926346e-01
-4.627149667472446604e-02 7.586534247093161820e-01
-4.334055545730469694e-02 7.588433959665326078e-01
-4.039482031280694496e-02 7.590176865089510727e-01
-3.743437606913455062e-02 7.591760772234652510e-01
-3.445931045043024166e-02 7.593183471484241664e-01
-3.146971414413914092e-02 7.594442734607942391e-01
-2.846568086996047187e-02 7.595536314636441855e-01
-2.544730745072282252e-02 7.596461945739888533e-01
-2.241469388523095740e-02 7.597217343110331811e-01
-1.936794342312374295e-02 7.597800202848496998e-01
-1.630716264178756758e-02 7.598208201855337629e-01
-1.323246152536594611e-02 7.598438997728804711e-01
-1.014395354591368648e-02 7.598490228666259227e-01
-7.041755746729383425e-03 7.598359513372994201e-01
-3.925988827917323287e-03 7.598044450977377018e-01
-7.967772342128559560e-04 7.597542620953110504e-01
2.345750754881137379e-03 7.596851583049147871e-01
5.501462932606504541e-03 7.595968877227804450e-01
8.670223070076157890e-03 7.594892023611676812e-01
1.185189081896523278e-02 7.593618522439928853e-01
1.504632161173620475e-02 7.592145854034600960e-01
1.825336655935697050e-02 7.590471478777590653e-01
2.147287234647074494e-02 7.588592837098970811e-01
2.470468112398978289e-02 7.586507349477340512e-01
2.794863039907180546e-02 7.584212416452991157e-01
3.120455292244757317e-02 7.581705418654550721e-01
3.447227657307141979e-02 7.578983716839982065e-01
3.775162424005518158e-02 7.576044651952693609e-01
4.104241370186989535e-02 7.572885545193632773e-01
4.434445750278090403e-02 7.569503698110198187e-01
4.765756282649392939e-02 7.565896392702917694e-01
5.098153136699229426e-02 7.562060891550772546e-01
5.431615919654231295e-02 7.557994437956170319e-01
5.766123663085746809e-02 7.553694256110536909e-01
6.101654809140494296e-02 7.549157551281540091e-01
6.438187196484096431e-02 7.544381510023032700e-01
6.775698045957270765e-02 7.539363300408759017e-01
7.114163945944805556e-02 7.534100072290976779e-01
7.453560837456547905e-02 7.528588957585107266e-01
7.793863998921471414e-02 7.522827070581640241e-01
8.135048030696256927e-02 7.516811508286460608e-01
8.477086839288966447e-02 7.510539350790852442e-01
8.819953621300648250e-02 7.504007661672462692e-01
9.163620847086803578e-02 7.497213488428542405e-01
9.508060244142453599e-02 7.490153862942738883e-01
9.853242780214201135e-02 7.482825801986900949e-01
1.019913864614356569e-01 7.475226307759170741e-01
1.054571723844694026e-01 7.467352368459907463e-01
1.089294714163792366e-01 7.459200958906777590e-01
1.124079611029805276e-01 7.450769041190562492e-01
1.158923105090442635e-01 7.442053565373150104e-01
1.193821800342072387e-01 7.433051470229228297e-01
1.228772212266226599e-01 7.423759684033225392e-01
1.263770765944390861e-01 7.414175125393064336e-01
1.298813794152202106e-01 7.404294704132310390e-01
1.333897535434286630e-01 7.394115322222278852e-01
1.369018132160926271e-01 7.383633874765759275e-01
1.404171628568070540e-01 7.372847251033893823e-01
1.439353968782113025e-01 7.361752335557918414e-01
1.474560994831121963e-01 7.350346009277323178e-01
1.509788444644237504e-01 7.338625150746098669e-01
1.545031950041132474e-01 7.326586637398642132e-01
1.580287034713523941e-01 7.314227346876990277e-01
1.615549112200922732e-01 7.301544158420942843e-01
1.650813483862824116e-01 7.288533954322652386e-01
1.686075336849858775e-01 7.275193621447275660e-01
1.721329742076413427e-01 7.261520052821148763e-01
1.756571652197435884e-01 7.247510149289082548e-01
1.791795899592386609e-01 7.233160821242128335e-01
1.826997194359287480e-01 7.218468990417286069e-01
1.862170122322131804e-01 7.203431591770519393e-01
1.897309143055045388e-01 7.188045575424311107e-01
1.932408587926649490e-01 7.172307908691045730e-01
1.967462658168474543e-01 7.156215578173359404e-01
2.002465422971255460e-01 7.139765591942464074e-01
2.037410817613186653e-01 7.122954981795521778e-01
2.072292641624392806e-01 7.105780805592826210e-01
2.107104556992134836e-01 7.088240149675624213e-01
2.141840086411271882e-01 7.070330131365170079e-01
2.176492611584892600e-01 7.052047901543536668e-01
2.211055371580072371e-01 7.033390647316517530e-01
2.245521461243957517e-01 7.014355594758823198e-01
2.279883829685584173e-01 6.994940011741614949e-01
2.314135278828947651e-01 6.975141210842246142e-01
2.348268462043143212e-01 6.954956552335820330e-01
2.382275882855434679e-01 6.934383447268093192e-01
2.416149893753395395e-01 6.913419360608936692e-01
2.449882695082393480e-01 6.892061814485375137e-01
2.483466334044887591e-01 6.870308391493011868e-01
2.516892703808157883e-01 6.848156738084295592e-01
2.550153542727143785e-01 6.825604568031989894e-01
2.583240433689419913e-01 6.802649665965738723e-01
2.616144803589326995e-01 6.779289890979447453e-01
2.648857922938377407e-01 6.755523180306850506e-01
2.681370905619333000e-01 6.731347553062351219e-01
2.713674708791266044e-01 6.706761114043815475e-01
2.745760132953171118e-01 6.681762057593745308e-01
2.777617822173661377e-01 6.656348671514855653e-01
2.809238264494404169e-01 6.630519341035677749e-01
2.840611792514924350e-01 6.604272552821532916e-01
2.871728584166561848e-01 6.577606899025731924e-01
2.902578663683244575e-01 6.550521081375509924e-01
2.933151902776754971e-01 6.523013915286766107e-01
2.963438022024201812e-01 6.495084334001347548e-01
2.993426592475240122e-01 6.466731392740062700e-01
3.023107037486614801e-01 6.437954272864286898e-01
3.052468634791341007e-01 6.408752286038585932e-01
3.081500518809924261e-01 6.379124878386280839e-01
3.110191683210559166e-01 6.349071634629515071e-01
3.138530983725327239e-01 6.318592282204946731e-01
3.166507141229009115e-01 6.287686695345691135e-01
3.194108745086970402e-01 6.256354899119823676e-01
3.221324256778188011e-01 6.224597073415224502e-01
3.248142013799315553e-01 6.192413556860199009e-01
3.274550233855111903e-01 6.159804850668937348e-01
3.300537019340412659e-01 6.126771622400352113e-01
3.326090362118175325e-01 6.093314709618694591e-01
3.351198148597840931e-01 6.059435123443759341e-01
3.375848165117605326e-01 6.025134051978298100e-01
3.400028103633828125e-01 5.990412863599956506e-01
3.423725567720051766e-01 5.955273110104692957e-01
3.446928078877702917e-01 5.919716529688492379e-01
3.469623083159694699e-01 5.883745049753850154e-01
3.491797958107712985e-01 5.847360789527452640e-01
3.513440020003052444e-01 5.810566062475241988e-01
3.534536531430274575e-01 5.773363378501032983e-01
3.555074709152141188e-01 5.735755445914703099e-01
3.575041732293501306e-01 5.697745173156083531e-01
3.594424750830987336e-01 5.659335670260633444e-01
3.613210894384539795e-01 5.620530250053137333e-01
3.631387281305890058e-01 5.581332429055801958e-01
3.648941028058285685e-01 5.541745928097353557e-01
3.665859258880840299e-01 5.501774672610003636e-01
3.682129115729947388e-01 5.461422792601499099e-01
3.697737768489303134e-01 5.420694622289902176e-01
3.712672425439135226e-01 5.379594699389198542e-01
3.726920343974319816e-01 5.338127764034372724e-01
3.740468841560140589e-01 5.296298757335263785e-01
3.753305306913481965e-01 5.254112819549106028e-01
3.765417211396391295e-01 5.211575287862546535e-01
3.776792120607994629e-01 5.168691693774654095e-01
3.787417706159850184e-01 5.125467760073405543e-01
3.797281757619052622e-01 5.081909397399114736e-01
3.806372194602427594e-01 5.038022700389319652e-01
3.814677079004475391e-01 4.993813943400731148e-01
3.822184627340893259e-01 4.949289575805096431e-01
3.828883223188725426e-01 4.904456216857084883e-01
3.834761429703634761e-01 4.859320650133576169e-01
3.839808002194045611e-01 4.813889817545183858e-01
3.844011900731317266e-01 4.768170812922234436e-01
3.847362302774677278e-01 4.722170875178987037e-01
3.849848615789046580e-01 4.675897381061365765e-01
3.851460489833590239e-01 4.629357837485088556e-01
3.852187830098400823e-01 4.582559873472709100e-01
3.852020809366543674e-01 4.535511231699799750e-01
3.850949880378366497e-01 4.488219759662099295e-01
3.848965788074986683e-01 4.440693400477238040e-01
3.846059581697700569e-01 4.392940183336350723e-01
3.842222626720157019e-01 4.344968213622645292e-01
3.837446616590172721e-01 4.296785662715675302e-01
3.831723584258325821e-01 4.248400757501841207e-01
3.825045913470573322e-01 4.199821769613310551e-01
3.817406349802644483e-01 4.151057004419266283e-01
3.808798011414163964e-01 4.102114789794973904e-01
3.799214399501067430e-01 4.053003464695865699e-01
3.788649408425325826e-01 4.003731367565240284e-01
3.777097335501612974e-01 3.954306824605827719e-01
3.764552890421235531e-01 3.904738137946797139e-01
3.751011204294251722e-01 3.855033573739121699e-01
3.736467838291642751e-01 3.805201350213585076e-01
3.720918791870015396e-01 3.755249625736735708e-01
3.704360510562305087e-01 3.705186486901285159e-01
3.686789893318775935e-01 3.655019936688336246e-01
3.668204299383530098e-01 3.604757882739701991e-01
3.648601554692653126e-01 3.554408125779324745e-01
3.627979957781130027e-01 3.503978348223319994e-01
3.606338285186549419e-01 3.453476103018721100e-01
3.583675796338624542e-01 3.402908802751302142e-01
3.559992237924480829e-01 3.352283709062954253e-01
3.535287847720641197e-01 3.301607922419264041e-01
3.509563357883446755e-01 3.250888372267671800e-01
3.482819997690754787e-01 3.200131807626505065e-01
3.455059495728369234e-01 3.149344788144470830e-01
3.426284081515666435e-01 3.098533675669968845e-01
3.396496486565580009e-01 3.047704626368467618e-01
3.365699944874867011e-01 2.996863583425605770e-01
3.333898192841186492e-01 2.946016270372419088e-01
3.301095468604332006e-01 2.895168185067982791e-01
3.267296510809216126e-01 2.844324594373338622e-01
3.232506556789082608e-01 2.793490529549151336e-01
3.196731340167479618e-01 2.742670782407808927e-01
3.159977087878260704e-01 2.691869902248936741e-01
3.122250516602895765e-01 2.641092193605372174e-01
3.083558828624871628e-01 2.590341714824609398e-01
3.043909707101002393e-01 2.539622277508568615e-01
3.003311310749685603e-01 2.488937446832256983e-01
2.961772267956259697e-01 2.438290542759628809e-01
2.919301670295678663e-01 2.387684642172377969e-01
2.875909065472685433e-01 2.337122581924991893e-01
2.831604449679812063e-01 2.286606962836804646e-01
2.786398259373459307e-01 2.236140154629174259e-01
2.740301362468310908e-01 2.185724301813243842e-01
2.693325048950428457e-01 2.135361330531180546e-01
2.645481020909464243e-01 2.085052956351071962e-01
2.596781381990490023e-01 2.034800693013109896e-01
2.547238626266179473e-01 1.984605862122068576e-01
2.496865626530480053e-01 1.934469603778683766e-01
2.445675622015213713e-01 1.884392888140048461e-01
2.393682205531741380e-01 1.834376527896919851e-01
2.340899310040625847e-01 1.784421191653669803e-01
2.287341194653122467e-01 1.734527418194575232e-01
2.233022430069698250e-01 1.684695631618444989e-01
2.177957883462240396e-01 1.634926157321871798e-01
2.122162702808535195e-01 1.585219238810090525e-01
2.065652300689745924e-01 1.535575055313265214e-01
2.008442337564329272e-01 1.485993740185158618e-01
1.950548704534822153e-01 1.436475400060505114e-01
1.891987505627445443e-01 1.387020134747022904e-01
1.832775039608498524e-01 1.337628057827922601e-01
1.772927781366009647e-01 1.288299317950811207e-01
1.712462362890110890e-01 1.239034120779162196e-01
1.651395553891150114e-01 1.189832751582942105e-01
1.589744242100486760e-01 1.140695598445268244e-01
1.527525413305278468e-01 1.091623176062372913e-01
1.464756131175276310e-01 1.042616150114138440e-01
1.401453516946515321e-01 9.936753621821114990e-02
1.337634729033556347e-01 9.448018551909070917e-02
1.273316942648659855e-01 8.959968993469968890e-02
1.208517329512338034e-01 8.472620185458035191e-02
1.143253037745130540e-01 7.985990172135593035e-02
1.077541172034510719e-01 7.500100075439652958e-02
1.011398774173565829e-01 7.014974370814247573e-02
9.448428040686143725e-02 6.530641165917622226e-02
8.778901213113465829e-02 6.047132481481554134e-02
8.105574674066501339e-02 5.564484533439428837e-02
7.428614487402546152e-02 5.082738015255705566e-02
6.748185203599704751e-02 4.601938379178344141e-02
6.064449706314056776e-02 4.122136114907815063e-02
5.377569068134599450e-02 3.643387023934796520e-02
4.687702415813396750e-02 3.165752487553341599e-02
3.995006805061748767e-02 2.689299726320376616e-02
3.299637104814923116e-02 2.214102048517979648e-02
2.601745890692291896e-02 1.740239084998024266e-02
1.901483347225033094e-02 1.267797007662552211e-02
1.198997178309610390e-02 7.968687287750408910e-03
4.944325252742520771e-03 3.275540783137742551e-03
-2.120681080646946715e-03 -1.400400433166026914e-03
-9.203649239363981271e-03 -6.057995397110882418e-03
-1.630320893210349120e-02 -1.069603022245291246e-02
-2.341801812368698998e-02 -1.531321745078001451e-02
-3.054676354971053165e-02 -1.990819572824487071e-02
-3.768816117498816065e-02 -2.447952981887324686e-02
-4.484095659229872521e-02 -2.902571095945039037e-02
-5.200392535561915164e-02 -3.354515755606651828e-02
-5.917587323996287285e-02 -3.803621621766328786e-02
-6.635563641825720227e-02 -4.249716311754098141e-02
-7.354208154450592172e-02 -4.692620566991118070e-02
-8.073410573183706362e-02 -5.132148450531814898e-02
-8.793063641399911923e-02 -5.568107572617825296e-02
-9.513063107936578500e-02 -6.000299342179526985e-02
-1.023330768675392854e-01 -6.428519242100760867e-02
-1.095369900200798274e-01 -6.852557126002145615e-02
-1.167414151786808907e-01 -7.272197534294416732e-02
-1.239454245261306375e-01 -7.687220027294022762e-02
-1.311481167675416226e-01 -8.097399533268917482e-02
-1.383486159515572578e-01 -8.502506709388152339e-02
-1.455460701333803619e-01 -8.902308313668688688e-02
-1.527396498835737471e-01 -9.296567586147957973e-02
-1.599285466484928198e-01 -9.685044637647333143e-02
-1.671119709699784295e-01 -1.006749684463006944e-01
-1.742891505734816826e-01 -1.044367924879004983e-01
-1.814593283351640662e-01 -1.081334496013512392e-01
-1.886217601396429355e-01 -1.117624556244685707e-01
-1.957757126410108461e-01 -1.153213152010672538e-01
-2.029204609405090842e-01 -1.188075258537729106e-01
-2.100552861948046524e-01 -1.222185820531506151e-01
-2.171794731692529012e-01 -1.255519792756962238e-01
-2.242923077507799068e-01 -1.288052180439271388e-01
-2.313930744351545277e-01 -1.319758079423935526e-01
-2.384810538034551342e-01 -1.350612716039638617e-01
-2.455555200024095441e-01 -1.380591486611524310e-01
-2.526157382431365450e-01 -1.409669996576449758e-01
-2.596609623325220606e-01 -1.437824099154650925e-01
-2.666904322511245429e-01 -1.465029933534814366e-01
-2.737033717910872244e-01 -1.491263962531424181e-01
-2.806989862670600799e-01 -1.516503009674799729e-01
-2.876764603125938624e-01 -1.540724295695199697e-01
-2.946349557738885405e-01 -1.563905474363135872e-01
-3.015736097121577419e-01 -1.586024667648388564e-01
-3.084915325251824658e-01 -1.607060500160293337e-01
-3.153878061979359937e-01 -1.626992132831672211e-01
-3.222614826914087516e-01 -1.645799295808526852e-01
-3.291115824779934917e-01 -1.663462320507040626e-01
-3.359370932309900248e-01 -1.679962170798816046e-01
-3.427369686749677236e-01 -1.695280473284627165e-01
-3.495101276028777515e-01 -1.709399546616236776e-01
-3.562554530649461038e-01 -1.722302429825073866e-01
-3.629717917335069099e-01 -1.733972909615915658e-01
-3.696579534470533224e-01 -1.744395546583210888e-01
-3.763127109358895273e-01 -1.753555700307073972e-01
-3.829347997308767404e-01 -1.761439553285808757e-01
-3.895229182558770931e-01 -1.768034133661618990e-01
-3.960757281036105248e-01 -1.773327336696299827e-01
-4.025918544937680532e-01 -1.777307944954070740e-01
-4.090698869113568725e-01 -1.779965647149319985e-01
-4.155083799224031371e-01 -1.781291055617920116e-01
-4.219058541633304849e-01 -1.781275722372126780e-01
-4.282607974995030764e-01 -1.779912153700516642e-01
-4.345716663476810737e-01 -1.777193823276405626e-01
-4.408368871563751457e-01 -1.773115183740473222e-01
-4.470548580373980285e-01 -1.767671676725871555e-01
-4.532239505412418157e-01 -1.760859741297080006e-01
-4.593425115682985838e-01 -1.752676820777136490e-01
-4.654088654073633147e-01 -1.743121367941423139e-01
-4.714213158923405977e-01 -1.732192848560190068e-01
-4.773781486676060282e-01 -1.719891743276280305e-01
-4.832776335520637678e-01 -1.706219547808990045e-01
-4.891180269915786916e-01 -1.691178771479819876e-01
-4.948975745891616707e-01 -1.674772934060847485e-01
-5.006145137020621139e-01 -1.657006560951673757e-01
-5.062670760947249882e-01 -1.637885176696164680e-01
-5.118534906364760051e-01 -1.617415296855692630e-01
-5.173719860327264941e-01 -1.595604418261074020e-01
-5.228207935785138538e-01 -1.572461007670982180e-01
-5.281981499232502042e-01 -1.547994488870054752e-01
-5.335022998356934165e-01 -1.522215228245501761e-01
-5.387314989583351643e-01 -1.495134518886261088e-01
-5.438840165406448879e-01 -1.466764563254118470e-01
-5.489581381409119887e-01 -1.437118454481096375e-01
-5.539521682867767360e-01 -1.406210156352449281e-01
-5.588644330849339426e-01 -1.374054482038940816e-01
-5.636932827709422167e-01 -1.340667071646514108e-01
-5.684370941905564356e-01 -1.306064368655379948e-01
-5.730942732045100074e-01 -1.270263595324067352e-01
-5.776632570092496977e-01 -1.233282727137287593e-01
-5.821425163666862357e-01 -1.195140466379188970e-01
-5.865305577366481948e-01 -1.155856214915996771e-01
-5.908259253063399274e-01 -1.115450046273934459e-01
-5.950272029117613659e-01 -1.073942677099893606e-01
-5.991330158466812161e-01 -1.031355438093269072e-01
-6.031420325554350814e-01 -9.877102444979948825e-02
-6.070529662064565457e-01 -9.430295662439391879e-02
-6.108645761441258148e-01 -8.973363978264911611e-02
-6.145756692171546742e-01 -8.506542280123971511e-02
-6.181851009823733367e-01 -8.030070094587116181e-02
-6.216917767834002628e-01 -7.544191283300819006e-02
-6.250946527042900991e-01 -7.049153739976693478e-02
-6.283927363988223158e-01 -6.545209089005254999e-02
-6.315850877966621146e-01 -6.032612386476154942e-02
-6.346708196881456487e-01 -5.511621824355639188e-02
-6.376490981899483046e-01 -4.982498438539176289e-02
-6.405191430943507624e-01 -4.445505821460851714e-02
-6.432802281052616422e-01 -3.900909839903074494e-02
-6.459316809645437862e-01 -3.348978358609361328e-02
-6.484728834725563829e-01 -2.789980970262279092e-02
-6.509032714071534276e-01 -2.224188732342990971e-02
-6.532223343456580178e-01 -1.651873911346971036e-02
-6.554296153945846637e-01 -1.073309734783589597e-02
-6.575247108321002898e-01 -4.887701513422493260e-03
-6.595072696683803581e-01 1.014704004379002322e-03
-6.613769931291660908e-01 6.971372147033749744e-03
-6.631336340679242491e-01 1.297955531780128902e-02
-6.647769963120951919e-01 1.903650742424858877e-02
-6.663069339489360310e-01 2.513948582675482046e-02
-6.677233505564930116e-01 3.128575319184428993e-02
-6.690261983852033856e-01 3.747257924962082987e-02
-6.702154774955784156e-01 4.369724245494341353e-02
-6.712912348573566446e-01 4.995703155239036852e-02
-6.722535634154047646e-01 5.624924704541087173e-02
-6.731026011275293985e-01 6.257120257040837963e-02
-6.738385299792319927e-01 6.892022617683868368e-02
-6.744615749802651550e-01 7.529366151469615853e-02
-6.749720031476931226e-01 8.168886893106047653e-02
-6.753701224799635305e-01 8.810322647763618731e-02
-6.756562809263004787e-01 9.453413083146119944e-02
-6.758308653555227252e-01 1.009789981311880469e-01
-6.758943005281730088e-01 1.074352647315379439e-01
-6.758470480756217924e-01 1.139003878787163415e-01
-6.756896054895814574e-01 1.203718463097316616e-01
-6.754225051252323864e-01 1.268471407787137017e-01
-6.750463132209322259e-01 1.333237945134361224e-01
-6.745616289372435848e-01 1.397993536053634966e-01
-6.739690834177782808e-01 1.462713873366264516e-01
-6.732693388741302076e-01 1.527374884473906569e-01
-6.724630876969286408e-01 1.591952733471584391e-01
-6.715510515948279746e-01 1.656423822735543505e-01
-6.705339807630130711e-01 1.720764794021972521e-01
-6.694126530825943444e-01 1.784952529112457109e-01
-6.681878733520437708e-01 1.848964150042237964e-01
-6.668604725516128484e-01 1.912777018947090513e-01
-6.654313071414863501e-01 1.976368737564424549e-01
-6.639012583942104362e-01 2.039717146423812577e-01
-6.622712317617573952e-01 2.102800323761853662e-01
-6.605421562774032029e-01 2.165596584195582652e-01
-6.587149839924189010e-01 2.228084477188161383e-01
-6.567906894474043744e-01 2.290242785339858256e-01
-6.547702691779355710e-01 2.352050522536612009e-01
-6.526547412540393278e-01 2.413486931987690598e-01
-6.504451448528614232e-01 2.474531484183063734e-01
-6.481425398637494784e-01 2.535163874800268058e-01
-6.457480065248413226e-01 2.595364022589611297e-01
-6.432626450901173243e-01 2.655112067265514852e-01
-6.406875755257521732e-01 2.714388367430858873e-01
-6.380239372344894688e-01 2.773173498560124184e-01
-6.352728888066452306e-01 2.831448251066051025e-01
-6.324356077962485223e-01 2.889193628473391007e-01
-6.295132905207250218e-01 2.946390845722311469e-01
-6.265071518824341101e-01 3.003021327622737435e-01
-6.234184252102921153e-01 3.059066707479803360e-01
-6.202483621196177577e-01 3.114508825909382272e-01
-6.169982323882706732e-01 3.169329729861500300e-01
-6.136693238470818379e-01 3.223511671868030670e-01
-6.102629422825007754e-01 3.277037109530063219e-01
-6.067804113493334706e-01 3.329888705258813308e-01
-6.032230724913876241e-01 3.382049326282854373e-01
-5.995922848677862627e-01 3.433502044932985053e-01
-5.958894252826806293e-01 3.484230139214818389e-01
-5.921158881160417664e-01 3.534217093677754495e-01
-5.882730852531889987e-01 3.583446600587676389e-01
-5.843624460106809915e-01 3.631902561409380281e-01
-5.803854170561837389e-01 3.679569088603205640e-01
-5.763434623199075180e-01 3.726430507739075804e-01
-5.722380628952117299e-01 3.772471359929664980e-01
-5.680707169259650025e-01 3.817676404582964200e-01
-5.638429394782696891e-01 3.862030622473116015e-01
-5.595562623941616742e-01 3.905519219126951103e-01
-5.552122341249364768e-01 3.948127628522144494e-01
-5.508124195417736235e-01 3.989841517091484713e-01
-5.463583997213735666e-01 4.030646788026421290e-01
-5.418517717043753734e-01 4.070529585871369704e-01
-5.372941482243778211e-01 4.109476301399071496e-01
-5.326871574054486969e-01 4.147473576755753566e-01
-5.280324424260918192e-01 4.184508310863483960e-01
-5.233316611477201175e-01 4.220567665065713125e-01
-5.185864857057758126e-01 4.255639069000764496e-01
-5.137986020617505423e-01 4.289710226686551109e-01
-5.089697095144545269e-01 4.322769122798781338e-01
-5.041015201690276504e-01 4.354804029123470754e-01
-4.991957583622947947e-01 4.385803511163615109e-01
-4.942541600432217019e-01 4.415756434878674308e-01
-4.892784721073699106e-01 4.444651973534569089e-01
-4.842704516844094087e-01 4.472479614640891832e-01
-4.792318653779076842e-01 4.499229166951220771e-01
-4.741644884567947638e-01 4.524890767501611455e-01
-4.690701039980728071e-01 4.549454888661736973e-01
-4.639505019805393871e-01 4.572912345172414073e-01
-4.588074783294729952e-01 4.595254301142989717e-01
-4.536428339124352616e-01 4.616472276981505307e-01
-4.484583734865450477e-01 4.636558156230445316e-01
-4.432559045977915724e-01 4.655504192280672804e-01
-4.380372364331514001e-01 4.673303014936213140e-01
-4.328041786265031110e-01 4.689947636802612729e-01
-4.275585400195340280e-01 4.705431459471909328e-01
-4.223021273790549257e-01 4.719748279477583019e-01
-4.170367440723494190e-01 4.732892293993458677e-01
-4.117641887023960612e-01 4.744858106251081398e-01
-4.064862537050188407e-01 4.755640730650927961e-01
-4.012047239102142226e-01 4.765235597543738821e-01
-3.959213750701139900e-01 4.773638557659273252e-01
-3.906379723562368178e-01 4.780845886160927649e-01
-3.853562688288693083e-01 4.786854286305990414e-01
-3.800780038815989026e-01 4.791660892692698459e-01
-3.748049016641905040e-01 4.795263274076696502e-01
-3.695386694871654609e-01 4.797659435741159495e-01
-3.642809962115944322e-01 4.798847821406609371e-01
-3.590335506277455568e-01 4.798827314668013821e-01
-3.537979798263755082e-01 4.797597239948882542e-01
-3.485759075665452178e-01 4.795157362963736736e-01
-3.433689326439631206e-01 4.791507890682550341e-01
-3.381786272639341062e-01 4.786649470792492256e-01
-3.330065354230639096e-01 4.780583190654613124e-01
-3.278541713039353489e-01 4.773310575754974860e-01
-3.227230176870071188e-01 4.764833587651851055e-01
-3.176145243840123311e-01 4.755154621422729155e-01
-3.125301066971447050e-01 4.744276502616781022e-01
-3.074711439083162023e-01 4.732202483720502340e-01
-3.024389778027467002e-01 4.718936240146214267e-01
-2.974349112311057697e-01 4.704481865754882586e-01
-2.924602067143721729e-01 4.688843867926686393e-01
-2.875160850955186254e-01 4.672027162194306582e-01
-2.826037242420278428e-01 4.654037066455735672e-01
-2.777242578031605680e-01 4.634879294784708947e-01
-2.728787740257789252e-01 4.614559950858431736e-01
-2.680683146324012722e-01 4.593085521023507201e-01
-2.632938737650251104e-01 4.570462867021982123e-01
-2.585563969981098942e-01 4.546699218400614417e-01
-2.538567804239382220e-01 4.521802164627132248e-01
-2.491958698134062455e-01 4.495779646937950180e-01
-2.445744598551181925e-01 4.468639949942488365e-01
-2.399932934754494540e-01 4.440391693009296814e-01
-2.354530612420631108e-01 4.411043821459565417e-01
-2.309544008531391468e-01 4.380605597593573153e-01
-2.264978967143783384e-01 4.349086591575336280e-01
-2.220840796056062216e-01 4.316496672200476059e-01
-2.177134264385903739e-01 4.282845997571772534e-01
-2.133863601074539040e-01 4.248145005706130961e-01
-2.091032494328281532e-01 4.212404405095925841e-01
-2.048644092006659811e-01 4.175635165246543989e-01
-2.006701002963889868e-01 4.137848507210908355e-01
-1.965205299348150025e-01 4.099055894140327672e-01
-1.924158519860675043e-01 4.059269021869676974e-01
-1.883561673974359640e-01 4.018499809553228719e-01
-1.843415247109148336e-01 3.976760390365794984e-01
-1.803719206759193949e-01 3.934063102282083779e-01
-1.764473009564362371e-01 3.890420478945160188e-01
-1.725675609316384418e-01 3.845845240633046780e-01
-1.687325465887661302e-01 3.800350285330279521e-01
-1.649420555068407679e-01 3.753948679909338559e-01
-1.611958379295644062e-01 3.706653651424535734e-01
-1.574935979255301932e-01 3.658478578518901125e-01
-1.538349946336546592e-01 3.609436982942338390e-01
-1.502196435915245931e-01 3.559542521177286867e-01
-1.466471181441514893e-01 3.508808976165893601e-01
-1.431169509304098253e-01 3.457250249130630615e-01
-1.396286354442377586e-01 3.404880351478371536e-01
-1.361816276674902570e-01 3.351713396775959364e-01
-1.327753477711280938e-01 3.297763592783481412e-01
-1.294091818812559413e-01 3.243045233529918137e-01
-1.260824839063270919e-01 3.187572691414222170e-01
-1.227945774216704922e-01 3.131360409313660997e-01
-1.195447576073203622e-01 3.074422892680181985e-01
-1.163322932349679650e-01 3.016774701604706954e-01
-1.131564286997108204e-01 2.958430442828792750e-01
-1.100163860921151149e-01 2.899404761682799481e-01
-1.069113673059894354e-01 2.839712333929920729e-01
-1.038405561771351682e-01 2.779367857496107264e-01
-1.008031206482304376e-01 2.718386044066720686e-01
-9.779821495490420569e-02 2.656781610532445992e-01
-9.482498182797932662e-02 2.594569270269047045e-01
-9.188255470679079773e-02 2.531763724238253466e-01
-8.897005995844714521e-02 2.468379651900446670e-01
-8.608661909786258226e-02 2.404431701933900101e-01
-8.323135100339384973e-02 2.339934482760339940e-01
-8.040337412293230290e-02 2.274902552882283047e-01
-7.760180866534199806e-02 2.209350411044429252e-01
-7.482577877221846530e-02 2.143292486238939087e-01
-7.207441466503516914e-02 2.076743127583220994e-01
-6.934685476289609296e-02 2.009716594108647558e-01
-6.664224776626304081e-02 1.942227044509219902e-01
-6.395975470224263271e-02 1.874288526911210839e-01
-6.129855092724095789e-02 1.805914968737468707e-01
-5.865782808306047036e-02 1.737120166753547690e-01
-5.603679600280186968e-02 1.667917777397247003e-01
-5.343468456324640403e-02 1.598321307507490352e-01
-5.085074548071966127e-02 1.528344105583298029e-01
-4.828425404777031416e-02 1.457999353717646385e-01
-4.573451080832413584e-02 1.387300060364309862e-01
-4.320084316928390900e-02 1.316259054107463966e-01
-4.068260694681846701e-02 1.244888978612937180e-01
-3.817918784580348612e-02 1.173202288946030708e-01
-3.569000287103191171e-02 1.101211249442665407e-01
-3.321450166886696920e-02 1.028927933317148324e-01
-3.075216779796702271e-02 9.563642241805103694e-02
-2.830251992754134749e-02 8.835318196269353885e-02
-2.586511296129079263e-02 8.104422370217036209e-02
-2.343953908474638581e-02 7.371068215918770428e-02
-2.102542873314999783e-02 6.635367568806886662e-02
-1.862245147632890507e-02 5.897430775782273871e-02
-1.623031681623443578e-02 5.157366846857756870e-02
-1.384877489199753953e-02 4.415283629104251040e-02
-1.147761708651323653e-02 3.671288001218762920e-02
-9.116676527815226194e-03 2.925486086379350259e-02
-6.765828477860391654e-03 2.177983480412186423e-02
-4.424990600911060667e-03 1.428885491706990973e-02
-2.094123103533851449e-03 6.782973888095247816e-03
2.267712616127459668e-04 -7.367534877516235259e-04
2.537647335525972103e-03 -8.269267812952008079e-03
4.838417842566888893e-03 -1.581350265805370192e-02
7.128953835293605490e-03 -2.336838224322551616e-02
9.409085297980235296e-03 -3.093281927610443127e-02
1.167860191048292196e-02 -3.850571298728210079e-02
1.393725397201317495e-02 -4.608594739948566887e-02
1.618475348214981624e-02 -5.367238986006989121e-02
1.842077537417724509e-02 -6.126388985923614250e-02
2.064495889367301551e-02 -6.885927814876942332e-02
2.285690911326593300e-02 -7.645736616836833199e-02
2.505619857274821172e-02 -8.405694577925905409e-02
2.724236903228394180e-02 -9.165678929793368013e-02
2.941493332537409300e-02 -9.925564981685459920e-02
3.157337729751052979e-02 -1.068522617939025865e-01
3.371716181609607510e-02 -1.144453418884136542e-01
3.584572483718340141e-02 -1.220335900187399236e-01
3.795848351486602601e-02 -1.296156906144841359e-01
4.005483633969753043e-02 -1.371903140357111917e-01
4.213416529325486604e-02 -1.447561181314581946e-01
4.419583800686383013e-02 -1.523117499106163009e-01
4.623920991350438658e-02 -1.598558472995805502e-01
4.826362638297254648e-02 -1.673870409628111788e-01
5.026842483144505769e-02 -1.749039561644998575e-01
5.225293679765280475e-02 -1.824052146517563811e-01
5.421648997887840160e-02 -1.898894365420207009e-01
5.615841022094147927e-02 -1.973552421996829509e-01
5.807802345721096993e-02 -2.048012540890893352e-01
5.997465759247183614e-02 -2.122260985931783972e-01
6.184764432818018465e-02 -2.196284077888960851e-01
6.369632092626309472e-02 -2.270068211722675866e-01
6.552003190915722808e-02 -2.343599873275287737e-01
6.731813069425085505e-02 -2.416865655360701526e-01
6.908998116129400069e-02 -2.489852273221118129e-01
7.083495915167592472e-02 -2.562546579330050589e-01
7.255245389876552320e-02 -2.634935577528944028e-01
7.424186938874549613e-02 -2.707006436491569135e-01
7.590262565158628627e-02 -2.778746502515964667e-01
7.753415998197377146e-02 -2.850143311648135613e-01
7.913592809016245511e-02 -2.921184601145251358e-01
8.070740518285546283e-02 -2.991858320288806050e-01
8.224808697432500759e-02 -3.062152640560104611e-01
8.375749062810255996e-02 -3.132055965192003799e-01
8.523515562965050529e-02 -3.201556938111649320e-01
8.668064459052982063e-02 -3.270644452289679371e-01
8.809354398465663039e-02 -3.339307657511497163e-01
8.947346481732937340e-02 -3.407535967586415304e-01
9.082004322778508554e-02 -3.475319067010201879e-01
9.213294102612673564e-02 -3.542646917096421988e-01
9.341184616554659703e-02 -3.609509761591540578e-01
9.465647315084502189e-02 -3.675898131788390422e-01
9.586656338432519853e-02 -3.741802851152111753e-01
9.704188545022818246e-02 -3.807215039472316986e-01
9.818223533894121502e-02 -3.872126116554625019e-01
9.928743661229844086e-02 -3.936527805464417051e-01
1.003573405113620254e-01 -4.000412135335130182e-01
1.013918260081475564e-01 -4.063771443753103618e-01
1.023907998028287802e-01 -4.126598378730554351e-01
1.033541962680235016e-01 -4.188885900277978802e-01
1.042819773418260931e-01 -4.250627281586972228e-01
1.051741323713182852e-01 -4.311816109834240018e-01
1.060306779083354800e-01 -4.372446286617269751e-01
1.068516574593335045e-01 -4.432512028032058460e-01
1.076371411912334652e-01 -4.492007864403064765e-01
1.083872255951744967e-01 -4.550928639675453358e-01
1.091020331101349994e-01 -4.609269510479617193e-01
1.097817117084236016e-01 -4.667025944877906674e-01
1.104264344450545665e-01 -4.724193720803381291e-01
1.110363989730510093e-01 -4.780768924200461401e-01
1.116118270267379142e-01 -4.836747946877304472e-01
1.121529638750805580e-01 -4.892127484079700217e-01
1.126600777471482850e-01 -4.946904531796377236e-01
1.131334592317578824e-01 -5.001076383805556080e-01
1.135734206533624002e-01 -5.054640628472637509e-01
1.139802954262274237e-01 -5.107595145308997386e-01
1.143544373889188170e-01 -5.159938101301805302e-01
1.146962201211060850e-01 -5.211667947024911651e-01
1.150060362446494455e-01 -5.262783412540759098e-01
1.152842967109150574e-01 -5.313283503103473082e-01
1.155314300762121105e-01 -5.363167494673104496e-01
1.157478817672208671e-01 -5.412434929251230820e-01
1.159341133382114919e-01 -5.461085610047875516e-01
1.160906017218267805e-01 -5.509119596489970849e-01
1.162178384751367533e-01 -5.556537199081357237e-01
1.163163290226119084e-01 -5.603338974124394412e-01
1.163865918976208502e-01 -5.649525718313195277e-01
1.164291579839779600e-01 -5.695098463208456696e-01
1.164445697590181239e-01 -5.740058469603741553e-01
1.164333805396001731e-01 -5.784407221793086418e-01
1.163961537323781603e-01 -5.828146421749580419e-01
1.163334620896174787e-01 -5.871277983224614250e-01
1.162458869717530874e-01 -5.913804025777228413e-01
1.161340176178249084e-01 -5.955726868742936553e-01
1.159984504248591786e-01 -5.997049025151257595e-01
1.158397882371835774e-01 -6.037773195601000564e-01
1.156586396466076361e-01 -6.077902262102138353e-01
1.154556183043199402e-01 -6.117439281893017888e-01
1.152313422452901914e-01 -6.156387481241345494e-01
1.149864332259004918e-01 -6.194750249237293005e-01
1.147215160754519181e-01 -6.232531131586686035e-01
1.144372180621405777e-01 -6.269733824412226930e-01
1.141341682740217578e-01 -6.306362168070245300e-01
1.138129970154265203e-01 -6.342420140990365773e-01
1.134743352192298105e-01 -6.377911853545192855e-01
1.131188138753093098e-01 -6.412841541956804114e-01
1.127470634754840773e-01 -6.447213562246649765e-01
1.123597134751561921e-01 -6.481032384235123622e-01
1.119573917718338085e-01 -6.514302585596847273e-01
1.115407242006601629e-01 -6.547028845977348466e-01
1.111103340470240008e-01 -6.579215941176643767e-01
1.106668415762842583e-01 -6.610868737404853590e-01
1.102108635805880699e-01 -6.641992185614746802e-01
1.097430129427350576e-01 -6.672591315915810117e-01
1.092638982169847339e-01 -6.702671232074155494e-01
1.087741232266811464e-01 -6.732237106102290092e-01
1.082742866785228741e-01 -6.761294172942519110e-01
1.077649817932841980e-01 -6.789847725247417642e-01
1.072467959527541592e-01 -6.817903108260607858e-01
1.067203103626396254e-01 -6.845465714800746948e-01
1.061860997311528387e-01 -6.872540980351387052e-01
1.056447319629743586e-01 -6.899134378259128564e-01
1.050967678682708517e-01 -6.925251415042172898e-01
1.045427608864174240e-01 -6.950897625811216507e-01
1.039832568240727784e-01 -6.976078569804305962e-01
1.034187936072241132e-01 -7.000799826037087392e-01
1.028499010468191810e-01 -7.025066989069622680e-01
1.022771006175846320e-01 -7.048885664890753855e-01
1.017009052496273547e-01 -7.072261466920762851e-01
1.011218191324007587e-01 -7.095200012132856227e-01
1.005403375306222619e-01 -7.117706917293835645e-01
9.995694661171532214e-02 -7.139787795324104014e-01
9.937212328435302000e-02 -7.161448251776967311e-01
9.878633504768033480e-02 -7.182693881437036687e-01
9.820003985078859521e-02 -7.203530265037358937e-01
9.761368596202166237e-02 -7.223962966094747973e-01
9.702771184770055124e-02 -7.243997527862615637e-01
9.644254605984446671e-02 -7.263639470400496956e-01
9.585860713249078069e-02 -7.282894287759316132e-01
9.527630348620989842e-02 -7.301767445281273083e-01
9.469603334042378529e-02 -7.320264377013174784e-01
9.411818463314919336e-02 -7.338390483231884698e-01
9.354313494778868088e-02 -7.356151128080448132e-01
9.297125144661289031e-02 -7.373551637313398022e-01
9.240289081058385146e-02 -7.390597296149593598e-01
9.183839918517860967e-02 -7.407293347230929914e-01
9.127811213189565565e-02 -7.423644988685116353e-01
9.072235458512660500e-02 -7.439657372290655601e-01
9.017144081410541356e-02 -7.455335601742176799e-01
8.962567438964644251e-02 -7.470684731014044511e-01
8.908534815540751495e-02 -7.485709762820318414e-01
8.855074420343231334e-02 -7.500415647168883204e-01
8.802213385372843757e-02 -7.514807280007705925e-01
8.749977763767111116e-02 -7.528889501960984720e-01
8.698392528502493781e-02 -7.542667097153030742e-01
8.647481571439746828e-02 -7.556144792117616138e-01
8.597267702696359537e-02 -7.569327254790547688e-01
8.547772650329890642e-02 -7.582219093583163483e-01
8.499017060319152828e-02 -7.594824856534436730e-01
8.451020496831525286e-02 -7.607149030539379631e-01
8.403801442766034580e-02 -7.619196040651384783e-01
8.357377300563720302e-02 -7.630970249456149324e-01
8.311764393278615881e-02 -7.642475956514847013e-01
8.266977965904080683e-02 -7.653717397874137962e-01
8.223032186950891831e-02 -7.664698745640665667e-01
8.179940150275451238e-02 -7.675424107617663250e-01
8.137713877157043418e-02 -7.685897527001289697e-01
8.096364318625781653e-02 -7.696122982134305790e-01
8.055901358044076366e-02 -7.706104386314753807e-01
8.016333813944820363e-02 -7.715845587657239601e-01
7.977669443132734406e-02 -7.725350369004482243e-01
7.939914944054635160e-02 -7.734622447886774221e-01
7.903075960447575321e-02 -7.743665476527009650e-01
7.867157085273160377e-02 -7.752483041888964532e-01
7.832161864949585550e-02 -7.761078665766512064e-01
7.798092803891662483e-02 -7.769455804911469254e-01
7.764951369371869694e-02 -7.777617851197811127e-01
7.732737996715896567e-02 -7.785568131819968762e-01
7.701452094846408802e-02 -7.793309909522989631e-01
7.671092052190039978e-02 -7.800846382862330897e-01
7.641655242963441008e-02 -7.808180686491084099e-01
7.613138033854061071e-02 -7.815315891472466303e-01
7.585535791112160697e-02 -7.822255005615439405e-01
7.558842888071082289e-02 -7.829000973831317101e-01
7.533052713112733945e-02 -7.835556678509300044e-01
7.508157678095153664e-02 -7.841924939908859749e-01
7.484149227259646875e-02 -7.848108516566976167e-01
7.461017846634043771e-02 -7.854110105718208334e-01
7.438753073949418149e-02 -7.859932343725699599e-01
7.417343509086063436e-02 -7.865577806521157900e-01
7.396776825064965699e-02 -7.871049010051975880e-01
7.377039779600136349e-02 -7.876348410733664540e-01
7.358118227225875219e-02 -7.881478405905821827e-01
7.339997132013562076e-02 -7.886441334289893135e-01
7.322660580889990556e-02 -7.891239476447071688e-01
7.306091797569626289e-02 -7.895875055234675699e-01
7.290273157110521707e-02 -7.900350236259467973e-01
7.275186201104287542e-02 -7.904667128326345882e-01
7.260811653507079355e-02 -7.908827783881000606e-01
7.247129437118382533e-02 -7.912834199445071270e-01
7.234118690712390554e-02 -7.916688316042509443e-01
7.221757786825283576e-02 -7.920392019615827284e-01
7.210024350199474574e-02 -7.923947141431024743e-01
7.198895276884934025e-02 -7.927355458470027871e-01
7.188346753994784288e-02 -7.930618693809550201e-01
7.178354280111534647e-02 -7.933738516985340272e-01
7.168892686337412223e-02 -7.936716544340842727e-01
7.159936157980618943e-02 -7.939554339359390367e-01
7.151458256867514185e-02 -7.942253412979074501e-01
7.143431944268331668e-02 -7.944815223889529765e-01
7.135829604421957406e-02 -7.947241178809933970e-01
7.128623068643397120e-02 -7.949532632747583483e-01
7.121783639996015491e-02 -7.951690889236457949e-01
7.115282118507104681e-02 -7.953717200555281419e-01
7.109088826905420044e-02 -7.955612767924618023e-01
7.103173636855469875e-02 -7.957378741682624712e-01
7.097505995663175304e-02 -7.959016221439126904e-01
7.092054953424017927e-02 -7.960526256207748341e-01
7.086789190584702469e-02 -7.961909844515908663e-01
7.081677045886967947e-02 -7.963167934492488831e-01
7.076686544660060196e-02 -7.964301423933113355e-01
7.071785427428502191e-02 -7.965311160342967156e-01
7.066941178799306111e-02 -7.966197940957160384e-01
7.062121056591726120e-02 -7.966962512738691160e-01
7.057292121172528687e-02 -7.967605572354109489e-01
7.052421264957359215e-02 -7.968127766127002243e-01
7.047475242039970278e-02 -7.968529689969514607e-01
7.042420697908657878e-02 -7.968811889292093387e-01
7.037224199210062592e-02 -7.968974858891751945e-01
7.031852263519608459e-02 -7.969019042819134313e-01
7.026271389078059260e-02 -7.968944834224713780e-01
7.020448084453764781e-02 -7.968752575184504527e-01
7.014348898089886597e-02 -7.968442556505677121e-01
7.007940447697139086e-02 -7.968015017512508624e-01
7.001189449451898639e-02 -7.967470145813134730e-01
6.994062746961755839e-02 -7.966808077047580205e-01
6.986527339960001137e-02 -7.966028894617589451e-01
6.978550412692501037e-02 -7.965132629398785635e-01
6.970099361960668816e-02 -7.964119259435742393e-01
6.961141824786826193e-02 -7.962988709620529848e-01
6.951645705667786057e-02 -7.961740851355367798e-01
6.941579203385873920e-02 -7.960375502200010001e-01
6.930910837346974940e-02 -7.958892425504502377e-01
6.919609473417112633e-02 -7.957291330028034571e-01
6.907644349231424619e-02 -7.955571869544519892e-01
6.894985098950451308e-02 -7.953733642435696360e-01
6.881601777441584411e-02 -7.951776191272417194e-01
6.867464883864340952e-02 -7.949699002384954527e-01
6.852545384641500759e-02 -7.947501505423062440e-01
6.836814735798871223e-02 -7.945183072906616406e-01
6.820244904659773788e-02 -7.942743019767645185e-01
6.802808390882025824e-02 -7.940180602884625571e-01
6.784478246826719516e-02 -7.937495020609868224e-01
6.765228097251123340e-02 -7.934685412290918283e-01
6.745032158320109217e-02 -7.931750857786856734e-01
6.723865255931507634e-02 -7.928690376980450649e-01
6.701702843354449823e-02 -7.925502929287088216e-01
6.678521018180257063e-02 -7.922187413161482228e-01
6.654296538588505561e-02 -7.918742665603131226e-01
6.629006838931869594e-02 -7.915167461661565262e-01
6.602630044646262686e-02 -7.911460513942389916e-01
6.575144986492868771e-02 -7.907620472115221011e-01
6.546531214142622956e-02 -7.903645922424551440e-01
6.516769009112499678e-02 -7.899535387204688064e-01
6.485839397066887890e-02 -7.895287324399853368e-01
6.453724159497303825e-02 -7.890900127090607619e-01
6.420405844795080974e-02 -7.886372123027756142e-01
6.385867778733568534e-02 -7.881701574174913016e-01
6.350094074376141928e-02 -7.876886676260945741e-01
6.313069641428657730e-02 -7.871925558343506601e-01
6.274780195054693865e-02 -7.866816282384896386e-01
6.235212264173187885e-02 -7.861556842841552761e-01
6.194353199258403886e-02 -7.856145166268402313e-01
6.152191179662871989e-02 -7.850579110939407412e-01
6.108715220483817987e-02 -7.844856466485639057e-01
6.063915178994647853e-02 -7.838974953552182434e-01
6.017781760662388457e-02 -7.832932223475255196e-01
5.970306524772101692e-02 -7.826725857980938450e-01
5.921481889679965777e-02 -7.820353368906860503e-01
5.871301137715503882e-02 -7.813812197948308835e-01
5.819758419754039735e-02 -7.807099716430150327e-01
5.766848759479202557e-02 -7.800213225106049642e-01
5.712568057355840029e-02 -7.793149953986431289e-01
5.656913094332163133e-02 -7.785907062196660844e-01
5.599881535289812085e-02 -7.778481637866991871e-01
5.541471932260083610e-02 -7.770870698055730719e-01
5.481683727423330987e-02 -7.763071188707206804e-01
5.420517255906992515e-02 -7.755079984646078284e-01
5.357973748398768554e-02 -7.746893889609541839e-01
5.294055333588477963e-02 -7.738509636319019780e-01
5.228765040451910373e-02 -7.729923886592948712e-01
5.162106800389000549e-02 -7.721133231502250727e-01
5.094085449226995466e-02 -7.712134191570130248e-01
5.024706729098940561e-02 -7.702923217017839663e-01
4.953977290205160977e-02 -7.693496688058045763e-01
4.881904692465828532e-02 -7.683850915237488977e-01
4.808497407069779739e-02 -7.673982139830581861e-01
4.733764817924569768e-02 -7.663886534285671015e-01
4.657717223011111074e-02 -7.653560202725606665e-01
4.580365835644156780e-02 -7.642999181504362971e-01
4.501722785639350466e-02 -7.632199439821404363e-01
4.421801120385610018e-02 -7.621156880395509869e-01
4.340614805820841582e-02 -7.609867340199762964e-01
4.258178727306106970e-02 -7.598326591259451090e-01
4.174508690393934074e-02 -7.586530341514553522e-01
4.089621421483133346e-02 -7.574474235748571704e-01
4.003534568351904688e-02 -7.562153856585382972e-01
3.916266700559964398e-02 -7.549564725555824030e-01
3.827837309708070901e-02 -7.536702304235698424e-01
3.738266809542364899e-02 -7.523561995456881091e-01
3.647576535889547611e-02 -7.510139144593181992e-01
3.555788746407481660e-02 -7.496429040922603093e-01
3.462926620134373912e-02 -7.482426919067606264e-01
3.369014256818469999e-02 -7.468127960514974184e-01
3.274076676008416675e-02 -7.453527295216832993e-01
3.178139815883893049e-02 -7.438620003274338810e-01
3.081230531804185491e-02 -7.423401116705528047e-01
2.983376594551481742e-02 -7.407865621298743708e-01
2.884606688244437112e-02 -7.392008458553032124e-01
2.784950407896211177e-02 -7.375824527706860145e-01
2.684438256590604421e-02 -7.359308687856369602e-01
2.583101642247909169e-02 -7.342455760164454670e-01
2.480972873952178026e-02 -7.325260530161699091e-01
2.378085157810072570e-02 -7.307717750140323432e-01
2.274472592310650132e-02 -7.289822141642043896e-01
2.170170163154477860e-02 -7.271568398040775261e-01
2.065213737520324444e-02 -7.252951187220945117e-01
1.959640057736064533e-02 -7.233965154352126614e-01
1.853486734321088680e-02 -7.214604924760542604e-01
1.746792238365391103e-02 -7.194865106897960771e-01
1.639595893212142386e-02 -7.174740295408259527e-01
1.531937865407639876e-02 -7.154225074291975517e-01
1.423859154885281919e-02 -7.133314020168819436e-01
1.315401584347225539e-02 -7.112001705638199001e-01
1.206607787809352295e-02 -7.090282702737502607e-01
1.097521198274717391e-02 -7.068151586497790628e-01
9.881860345000270662e-03 -7.045602938596429166e-01
8.786472868212963361e-03 -7.022631351105930175e-01
7.689507020046670860e-03 -6.999231430338207494e-01
6.591427670885219303e-03 -6.975397800783178504e-01
5.492706921843198975e-03 -6.951125109140552372e-01
4.393823922048789576e-03 -6.926408028443361564e-01
3.295264674882864009e-03 -6.901241262271680110e-01
2.197521832881604853e-03 -6.875619549054726720e-01
1.101094481021996918e-03 -6.849537666459363239e-01
6.487908105895501265e-06 -6.822990435862794634e-01
-1.085786633993224282e-03 -6.795972726907050232e-01
-2.175212183473274052e-03 -6.768479462132611646e-01
-3.261266334348089657e-03 -6.740505621688384075e-01
-4.343421514989787013e-03 -6.712046248114893476e-01
-5.421145279647238135e-03 -6.683096451197441112e-01
-6.493900613089437224e-03 -6.653651412885726035e-01
-7.561146248501321443e-03 -6.623706392276178523e-01
-8.622336998725749213e-03 -6.593256730653014319e-01
-9.676924100928879779e-03 -6.562297856583894085e-01
-1.072435557471679290e-02 -6.530825291065684990e-01
-1.176407659371941916e-02 -6.498834652715788085e-01
-1.279552987060789127e-02 -6.466321663004084286e-01
-1.381815605548536441e-02 -6.433282151520478553e-01
-1.483139414754955365e-02 -6.399712061272758712e-01
-1.583468191989143015e-02 -6.365607454009232224e-01
-1.682745635724861022e-02 -6.330964515560492112e-01
-1.780915410649702713e-02 -6.295779561194361218e-01
-1.877921193961823443e-02 -6.260049040977961887e-01
-1.973706722883392106e-02 -6.223769545140603876e-01
-2.068215843356496775e-02 -6.186937809431048985e-01
-2.161392559881142317e-02 -6.149550720462525488e-01
-2.253181086451494508e-02 -6.111605321038702243e-01
-2.343525898541487518e-02 -6.073098815453694677e-01
-2.432371786085502086e-02 -6.034028574758988350e-01
-2.519663907396230140e-02 -5.994392141990122491e-01
-2.605347843955385656e-02 -5.954187237345788253e-01
-2.689369656009338305e-02 -5.913411763311873237e-01
-2.771675938896261959e-02 -5.872063809722978256e-01
-2.852213880026321924e-02 -5.830141658753759115e-01
-2.930931316431761857e-02 -5.787643789832396246e-01
-3.007776792799249366e-02 -5.744568884468507219e-01
-3.082699619891166032e-02 -5.700915830987660637e-01
-3.155649933259041529e-02 -5.656683729164702079e-01
-3.226578752146685991e-02 -5.611871894748046152e-01
-3.295438038476927733e-02 -5.566479863867107580e-01
-3.362180755810717514e-02 -5.520507397315024267e-01
-3.426760928164440667e-02 -5.473954484698849710e-01
-3.489133698565954900e-02 -5.426821348449457627e-01
-3.549255387227090441e-02 -5.379108447683369487e-01
-3.607083549206724360e-02 -5.330816481908882132e-01
-3.662577031434643970e-02 -5.281946394568801662e-01
-3.715696028964088349e-02 -5.232499376412278469e-01
-3.766402140318075853e-02 -5.182476868688244975e-01
-3.814658421791589094e-02 -5.131880566153081968e-01
-3.860429440570462001e-02 -5.080712419885236031e-01
-3.903681326525365591e-02 -5.028974639899561616e-01
-3.944381822538345350e-02 -4.976669697554358951e-01
-3.982500333217975363e-02 -4.923800327744094485e-01
-4.018007971858816862e-02 -4.870369530870918839e-01
-4.050877605500308176e-02 -4.816380574588273178e-01
-4.081083897940551708e-02 -4.761836995309848275e-01
-4.108603350561068623e-02 -4.706742599477408140e-01
-4.133414340819357990e-02 -4.651101464580967848e-01
-4.155497158267140723e-02 -4.594917939924956785e-01
-4.174834037954888721e-02 -4.538196647134064565e-01
-4.191409191084377595e-02 -4.480942480392537952e-01
-4.205208832774043337e-02 -4.423160606410718176e-01
-4.216221206805326194e-02 -4.364856464112673029e-01
-4.224436607220632967e-02 -4.306035764038810276e-01
-4.229847396648078739e-02 -4.246704487457280686e-01
-4.232448021232315671e-02 -4.186868885178042232e-01
-4.232235022054509077e-02 -4.126535476063371011e-01
-4.229207042930094307e-02 -4.065711045228478371e-01
-4.223364834478049445e-02 -4.004402641925909889e-01
-4.214711254360148374e-02 -3.942617577107180304e-01
-4.203251263595098042e-02 -3.880363420654925344e-01
-4.188991918857942753e-02 -3.817647998278787536e-01
-4.171942360681318851e-02 -3.754479388067906154e-01
-4.152113797481526980e-02 -3.690865916692729898e-01
-4.129519485338395413e-02 -3.626816155248523410e-01
-4.104174703464913421e-02 -3.562338914732776640e-01
-4.076096725308853141e-02 -3.497443241148316950e-01
-4.045304785234971057e-02 -3.432138410223591896e-01
-4.011820040743446780e-02 -3.366433921741405211e-01
-3.975665530186472951e-02 -3.300339493466972751e-01
-3.936866125951132833e-02 -3.233865054665846506e-01
-3.895448483083341351e-02 -3.167020739202128787e-01
-3.851440983334192270e-02 -3.099816878207076742e-01
-3.804873674615366630e-02 -3.032263992308151801e-01
-3.755778205856852292e-02 -2.964372783408467660e-01
-3.704187757266541592e-02 -2.896154126006878493e-01
-3.650136965995781635e-02 -2.827619058049021250e-01
-3.593661847222506811e-02 -2.758778771300367527e-01
-3.534799710667857475e-02 -2.689644601232985544e-01
-3.473589072569316372e-02 -2.620228016418946204e-01
-3.410069563138767856e-02 -2.550540607424708894e-01
-3.344281829540757256e-02 -2.480594075202979809e-01
-3.276267434433333126e-02 -2.410400218980928710e-01
-3.206068750121476851e-02 -2.339970923646916279e-01
-3.133728848381461818e-02 -2.269318146641750855e-01
-3.059291386025214665e-02 -2.198453904365241240e-01
-2.982800486283704311e-02 -2.127390258114360000e-01
-2.904300616102972743e-02 -2.056139299576084656e-01
-2.823836459460354886e-02 -1.984713135905532555e-01
-2.741452786826698018e-02 -1.913123874428963034e-01
-2.657194320920513997e-02 -1.841383607021068181e-01
-2.571105598923639768e-02 -1.769504394217346066e-01
-2.483230831354527046e-02 -1.697498249134461457e-01
-2.393613757826218436e-02 -1.625377121284997117e-01
-2.302297499949362836e-02 -1.553152880387125567e-01
-2.209324411679741695e-02 -1.480837300284748304e-01
-2.114735927450067665e-02 -1.408442043108705521e-01
-2.018572408471519530e-02 -1.335978643824876633e-01
-1.920872987637467499e-02 -1.263458495329358167e-01
-1.821675413512169328e-02 -1.190892834264331429e-01
-1.721015893936755914e-02 -1.118292727739253895e-01
-1.618928939836239422e-02 -1.045669061150859558e-01
-1.515447209859188682e-02 -9.730325273002657371e-02
-1.410601356527019234e-02 -9.003936170063357725e-02
-1.304419874609502594e-02 -8.277626114098070309e-02
-1.196928952475939667e-02 -7.551495761526202943e-02
-1.088152327194485958e-02 -6.825643576001630408e-02
-9.781111441649725791e-03 -6.100165812511317703e-02
-8.668238220706669939e-03 -5.375156524498483218e-02
-7.543059239213223410e-03 -4.650707594801481437e-02
-6.405700349331411303e-03 -3.926908790784040121e-02
-5.256256479498899736e-03 -3.203847843575538534e-02
-4.094790570561057663e-03 -2.481610550852194480e-02
-2.921332599670145580e-03 -1.760280902090737010e-02
-1.735878697048165442e-03 -1.039941224733830633e-02
-5.383903598771833110e-04 -3.206723492402197007e-03
6.712062332872026360e-04 3.974462094232605880e-03
1.893020805071587986e-03 1.114336056644467388e-02
3.127199457174434372e-03 1.829919712451233416e-02
4.373925042776505290e-03 2.544120398465479077e-02
5.633417433422827081e-03 3.256861820854090039e-02
6.905933680992959456e-03 3.968067952584335145e-02
8.191768075950345285e-03 4.677662818176388237e-02
9.491252103529579376e-03 5.385570283942435477e-02
1.080475429987198810e-02 6.091713856421791806e-02
1.213268001038841915e-02 6.796016491384704317e-02
1.347547105278823487e-02 7.498400415393760565e-02
1.483360528731164640e-02 8.198786961506174253e-02
1.620759609672889345e-02 8.897096420284483775e-02
1.759799177865895015e-02 9.593247906875904119e-02
1.900537485271341920e-02 1.028715924453396796e-01
2.043036128491504400e-02 1.097874686460203475e-01
2.187359963177659683e-02 1.166792572266445727e-01
2.333577010637033489e-02 1.235460923030239216e-01
2.481758356867780346e-02 1.303870920166985414e-01
2.631978044248484139e-02 1.372013581393579096e-01
2.784312956108458970e-02 1.439879758050930658e-01
2.938842694407117762e-02 1.507460133588544859e-01
3.095649450754262011e-02 1.574745223090462110e-01
3.254817871009141328e-02 1.641725373721045489e-01
3.416434913703136900e-02 1.708390765971090908e-01
3.580589702539288544e-02 1.774731415589188566e-01
3.747373373231238647e-02 1.840737176089446703e-01
3.916878914953619839e-02 1.906397741734412732e-01
4.089201006685894146e-02 1.971702650900694909e-01
4.264435848741648938e-02 2.036641289743916228e-01
4.442680989784164591e-02 2.101202896089363614e-01
4.624035149638883180e-02 2.165376563484074091e-01
4.808598038220723847e-02 2.229151245355705524e-01
4.996470170902433949e-02 2.292515759232491290e-01
5.187752680656282367e-02 2.355458790987244311e-01
5.382547127307368839e-02 2.417968899076459732e-01
5.580955304241602688e-02 2.480034518753052863e-01
5.783079042915301171e-02 2.541643966238099073e-01
5.989020015516527407e-02 2.602785442843164043e-01
6.198879536130402768e-02 2.663447039040338082e-01
6.412758360762277343e-02 2.723616738482119715e-01
6.630756486573147201e-02 2.783282421977403276e-01
6.852972950682051367e-02 2.842431871433806490e-01
7.079505628889337654e-02 2.901052773779561056e-01
7.310451034673881576e-02 2.959132724880972898e-01
7.545904118815299766e-02 3.016659233473518165e-01
7.785958069990611685e-02 3.073619725126488511e-01
8.030704116691783634e-02 3.130001546262330958e-01
8.280231330807785728e-02 3.185791968252704165e-01
8.534626433211811580e-02 3.240978191613944626e-01
8.793973601689974995e-02 3.295547350324741220e-01
9.058354281544339637e-02 3.349486516288889271e-01
9.327846999198596833e-02 3.402782703965463451e-01
9.602527179129882740e-02 3.455422875188359222e-01
9.882466964445396629e-02 3.507393944196134372e-01
1.016773504141696982e-01 3.558682782892207963e-01
1.045839646828110592e-01 3.609276226354124484e-01
1.075451250860565700e-01 3.659161078609297069e-01
1.105614046951809426e-01 3.708324118693049343e-01
1.136333354508322069e-01 3.756752107003051844e-01
1.167614066511049042e-01 3.804431791962625820e-01
1.199460634966382222e-01 3.851349917003235590e-01
1.231877056953756266e-01 3.897493227874770927e-01
1.264866861295422251e-01 3.942848480289917745e-01
1.298433095872912335e-01 3.987402447907023029e-01
1.332578315613780484e-01 4.031141930653497352e-01
1.367304571171046867e-01 4.074053763389792748e-01
1.402613398316714943e-01 4.116124824911640001e-01
1.438505808069464043e-01 4.157342047286129438e-01
1.474982277575348777e-01 4.197692425514910619e-01
1.512042741759026254e-01 4.237163027515747915e-01
1.549686585761568813e-01 4.275741004411412471e-01
1.587912638179491409e-01 4.313413601112832674e-01
1.626719165117990196e-01 4.350168167181427403e-01
1.666103865069848700e-01 4.385992167953550736e-01
1.706063864629719651e-01 4.420873195908091580e-01
1.746595715051761366e-01 4.454798982256545914e-01
1.787695389656790423e-01 4.487757408733092923e-01
1.829358282093248300e-01 4.519736519560773602e-01
1.871579205454337036e-01 4.550724533568310526e-01
1.914352392251754131e-01 4.580709856430893456e-01
1.957671495244404924e-01 4.609681093006985919e-01
2.001529589118462849e-01 4.637627059742270852e-01
2.045919173013066583e-01 4.664536797110955257e-01
2.090832173883873102e-01 4.690399582063906614e-01
2.136259950694576470e-01 4.715204940452600857e-01
2.182193299424443622e-01 4.738942659397438750e-01
2.228622458877795587e-01 4.761602799568771527e-01
2.275537117279329835e-01 4.783175707349006656e-01
2.322926419637139084e-01 4.803652026844153489e-01
2.370778975853289616e-01 4.823022711713623178e-01
2.419082869559861793e-01 4.841279036787451417e-01
2.467825667656518285e-01 4.858412609440797003e-01
2.516994430523784576e-01 4.874415380696353051e-01
2.566575722884560928e-01 4.889279656026295218e-01
2.616555625284691655e-01 4.902998105826385511e-01
2.666919746161924287e-01 4.915563775536297419e-01
2.717653234471100188e-01 4.926970095381402182e-01
2.768740792832158348e-01 4.937210889712899675e-01
2.820166691166312023e-01 4.946280385924829437e-01
2.871914780784698973e-01 4.954173222928139331e-01
2.923968508892909046e-01 4.960884459163915072e-01
2.976310933473991227e-01 4.966409580139807267e-01
3.028924738511957759e-01 4.970744505475591657e-01
3.081792249517264493e-01 4.973885595446064789e-01
3.134895449315525107e-01 4.975829657011361373e-01
3.188215994060474845e-01 4.976573949327087742e-01
3.241735229432257670e-01 4.976116188728851863e-01
3.295434206982248981e-01 4.974454553187804273e-01
3.349293700585970202e-01 4.971587686236191850e-01
3.403294222966116722e-01 4.967514700363921953e-01
3.457416042248343535e-01 4.962235179889396552e-01
3.511639198513279436e-01 4.955749183309904327e-01
3.565943520309123871e-01 4.948057245138922089e-01
3.620308641090272395e-01 4.939160377239706357e-01
3.674714015548634083e-01 4.929060069666394983e-01
3.729138935805601518e-01 4.917758291025682293e-01
3.783562547434109469e-01 4.905257488373944708e-01
3.837963865281767140e-01 4.891560586666122701e-01
3.892321789067704763e-01 4.876670987774440191e-01
3.946615118727540006e-01 4.860592569096214843e-01
4.000822569482691549e-01 4.843329681771401662e-01
4.054922786612156216e-01 4.824887148531632475e-01
4.108894359906890004e-01 4.805270261203493098e-01
4.162715837788859563e-01 4.784484777889710938e-01
4.216365741078979545e-01 4.762536919852594086e-01
4.269822576400170711e-01 4.739433368124654766e-01
4.323064849203908655e-01 4.715181259871882857e-01
4.376071076410724681e-01 4.689788184535323423e-01
4.428819798657276374e-01 4.663262179776816452e-01
4.481289592144636624e-01 4.635611727254821401e-01
4.533459080084582538e-01 4.606845748256077622e-01
4.585306943742699093e-01 4.576973599208601917e-01
4.636811933079098003e-01 4.546005067101171471e-01
4.687952876989550099e-01 4.513950364833910212e-01
4.738708693151713058e-01 4.480820126523924474e-01
4.789058397482965912e-01 4.446625402789294856e-01
4.838981113218177033e-01 4.411377656033672601e-01
4.888456079617385930e-01 4.375088755753000491e-01
4.937462660315037888e-01 4.337770973884533809e-01
4.985980351323900939e-01 4.299436980217430926e-01
5.033988788708263495e-01 4.260099837882706519e-01
5.081467755942350450e-01 4.219772998939140263e-01
5.128397190971138997e-01 4.178470300070273868e-01
5.174757192991891186e-01 4.136205958406105609e-01
5.220528028975797152e-01 4.092994567481614832e-01
5.265690139950001125e-01 4.048851093342605845e-01
5.310224147061179956e-01 4.003790870807689695e-01
5.354110857442484495e-01 3.957829599893584183e-01
5.397331269906340268e-01 3.910983342409119490e-01
5.439866580486036884e-01 3.863268518721585387e-01
5.481698187849448622e-01 3.814701904697322399e-01
5.522807698608506177e-01 3.765300628816543038e-01
5.563176932548187237e-01 3.715082169460616757e-01
5.602787927798844603e-01 3.664064352368259780e-01
5.641622945975628411e-01 3.612265348255092046e-01
5.679664477308574710e-01 3.559703670589311475e-01
5.716895245786689506e-01 3.506398173514405081e-01
5.753298214338871119e-01 3.452368049907917347e-01
5.788856590074114017e-01 3.397632829563530521e-01
5.823553829602727827e-01 3.342212377482014496e-01
5.857373644459652473e-01 3.286126892254720433e-01
5.890300006650048825e-01 3.229396904521671940e-01
5.922317154336462774e-01 3.172043275484577318e-01
5.953409597685763721e-01 3.114087195453502654e-01
5.983562124892949363e-01 3.055550182404249693e-01
6.012759808397585282e-01 2.996454080522092389e-01
6.040988011307357741e-01 2.936821058705921805e-01
6.068232394041684907e-01 2.876673609005498955e-01
6.094478921206807343e-01 2.816034544963190167e-01
6.119713868712078897e-01 2.754926999830232814e-01
6.143923831135440494e-01 2.693374424626496233e-01
6.167095729344150845e-01 2.631400586011536924e-01
6.189216818374956297e-01 2.569029563933822313e-01
6.210274695575765946e-01 2.506285749024089182e-01
6.230257309008820910e-01 2.443193839698039604e-01
6.249152966113092900e-01 2.379778838933024887e-01
6.266950342621366854e-01 2.316066050682666910e-01
6.283638491725109798e-01 2.252081075893299089e-01
6.299206853477765655e-01 2.187849808085548520e-01
6.313645264424649906e-01 2.123398428464631227e-01
6.326943967445068928e-01 2.058753400522851940e-01
6.339093621789690935e-01 1.993941464098093475e-01
6.350085313293594158e-01 1.928989628852648408e-01
6.359910564742765615e-01 1.863925167137289174e-01
6.368561346369174814e-01 1.798775606206337863e-01
6.376030086446893286e-01 1.733568719750616660e-01
6.382309681959106307e-01 1.668332518716304225e-01
6.387393509303243011e-01 1.603095241379342006e-01
6.391275434998889837e-01 1.537885342646533315e-01
6.393949826360677546e-01 1.472731482556640381e-01
6.395411562095874025e-01 1.407662513956685346e-01
6.395656042784116924e-01 1.342707469331196890e-01
6.394679201194526375e-01 1.277895546764667711e-01
6.392477512393295314e-01 1.213256095020299463e-01
6.389048003593025271e-01 1.148818597721170121e-01
6.384388263693280274e-01 1.084612656623216154e-01
6.378496452460281629e-01 1.020667973972879672e-01
6.371371309292339635e-01 9.570143339458567211e-02
6.363012161516525822e-01 8.936815831673741717e-02
6.353418932161251087e-01 8.306996103182845426e-02
6.342592147148795600e-01 7.680983248355427451e-02
6.330532941851647610e-01 7.059076347199322310e-02
6.317243066956439446e-01 6.441574234682928557e-02
6.302724893579694232e-01 5.828775261521451645e-02
6.286981417580295162e-01 5.220977046690972179e-02
6.270016263014577262e-01 4.618476221982148466e-02
6.251833684681400438e-01 4.021568168951128452e-02
6.232438569706377773e-01 3.430546748673279911e-02
6.211836438116504766e-01 2.845704024751197214e-02
6.190033442359040849e-01 2.267329980074245244e-02
6.167036365721429991e-01 1.695712227872764322e-02
6.142852619612257925e-01 1.131135717652664852e-02
6.117490239667049412e-01 5.738824366392114573e-03
6.090957880646623579e-01 2.423110739799838598e-04
6.063264810100161828e-01 -5.175431176601796857e-03
6.034420900769893459e-01 -1.051168964149296059e-02
6.004436621719320133e-01 -1.576379345178491320e-02
5.973323028172197180e-01 -2.092911671620267811e-02
5.941091750055171872e-01 -2.600508162347170416e-02
5.907754979242758608e-01 -3.098916153586284139e-02
5.873325455509408322e-01 -3.587888406522932172e-02
5.837816451199661083e-01 -4.067183412270591880e-02
5.801241754633762460e-01 -4.536565693314892345e-02
5.763615652272470191e-01 -4.995806100535299388e-02
5.724952909671499057e-01 -5.444682104906167774e-02
5.685268751262365639e-01 -5.882978082985107493e-02
5.644578839003084880e-01 -6.310485595303955142e-02
5.602899249948471994e-01 -6.727003656793018038e-02
5.560246452796184791e-01 -7.132338998386569817e-02
5.516637283470775532e-01 -7.526306318981276777e-02
5.472088919813911101e-01 -7.908728526946900983e-02
5.426618855454702350e-01 -8.279436970419909447e-02
5.380244872939330403e-01 -8.638271655647414282e-02
5.332985016204345730e-01 -8.985081452687818104e-02
5.284857562482571103e-01 -9.319724287818689779e-02
5.235880993734891575e-01 -9.642067322048200606e-02
5.186073967704944998e-01 -9.951987115176974541e-02
5.135455288697121645e-01 -1.024936977490815693e-01
5.084043878181073728e-01 -1.053411109055866490e-01
5.031858745328240401e-01 -1.080611665097999108e-01
4.978918957587702976e-01 -1.106530194635425013e-01
4.925243611409788613e-01 -1.131159245358935583e-01
4.870851803226527998e-01 -1.154492370509591637e-01
4.815762600798112469e-01 -1.176524134078657524e-01
4.759995015033898769e-01 -1.197250114319723946e-01
4.703567972395484298e-01 -1.216666905568613011e-01
4.646500287987554434e-01 -1.234772118372351735e-01
4.588810639440066286e-01 -1.251564377933859218e-01
4.530517541682442806e-01 -1.267043320884251312e-01
4.471639322707112174e-01 -1.281209590399697007e-01
4.412194100415903764e-01 -1.294064829684432039e-01
4.352199760638449932e-01 -1.305611673846008292e-01
4.291673936406875667e-01 -1.315853740192998167e-01
4.230633988565902781e-01 -1.324795616989098423e-01
4.169096987791814923e-01 -1.332442850701041626e-01
4.107079698087646169e-01 -1.338801931780809751e-01
4.044598561815743176e-01 -1.343880279025259639e-01
3.981669686322078516e-01 -1.347686222558662772e-01
3.918308832199870473e-01 -1.350228985485558697e-01
3.854531403232868692e-01 -1.351518664262896796e-01
3.790352438051414197e-01 -1.351566207841635725e-01
3.725786603526867191e-01 -1.350383395628871330e-01
3.660848189922476514e-01 -1.347982814322024048e-01
3.595551107810987523e-01 -1.344377833666905997e-01
3.529908886761788933e-01 -1.339582581191355870e-01
3.463934675792496032e-01 -1.333611915965823291e-01
3.397641245572348700e-01 -1.326481401441728658e-01
3.331040992357092723e-01 -1.318207277417602907e-01
3.264145943627499435e-01 -1.308806431182138463e-01
3.196967765396331318e-01 -1.298296367882133540e-01
3.129517771141137050e-01 -1.286695180162183982e-01
3.061806932313320129e-01 -1.274021517121696201e-01
2.993845890366831353e-01 -1.260294552633516862e-01
2.925644970243215237e-01 -1.245533953067226030e-01
2.857214195243226174e-01 -1.229759844458864215e-01
2.788563303208880240e-01 -1.212992779167741397e-01
2.719701763933883298e-01 -1.195253702059900225e-01
2.650638797714626183e-01 -1.176563916256913589e-01
2.581383394948378318e-01 -1.156945048487965644e-01
2.511944336680242418e-01 -1.136419014082613033e-01
2.442330215995474341e-01 -1.115007981641375490e-01
2.372549460149251110e-01 -1.092734337421239488e-01
2.302610353321720704e-01 -1.069620649473453367e-01
2.232521059882239256e-01 -1.045689631571559142e-01
2.162289648043262402e-01 -1.020964106968562657e-01
2.091924113781052363e-01 -9.954669720234221586e-02
2.021432404897830493e-01 -9.692211597387573319e-02
1.950822445097589730e-01 -9.422496032538307809e-02
1.880102157946041963e-01 -9.145751993393763657e-02
1.809279490584048689e-01 -8.862207719439846310e-02
1.738362437063241950e-01 -8.572090358452771897e-02
1.667359061172752344e-01 -8.275625604631936527e-02
1.596277518626888492e-01 -7.973037338973820720e-02
1.525126078485686820e-01 -7.664547272558963620e-02
1.453913143683111808e-01 -7.350374593481712182e-02
1.382647270541988993e-01 -7.030735618216260585e-02
1.311337187160319662e-01 -6.705843448281384456e-02
1.239991810560735486e-01 -6.375907633140553976e-02
1.168620262503504148e-01 -6.041133840352319595e-02
1.097231883874014158e-01 -5.701723534067332233e-02
1.025836247567819548e-01 -5.357873663051060387e-02
9.544431698104244299e-02 -5.009776359493556264e-02
8.830627198646645581e-02 -4.657618649945893807e-02
8.117052280958581001e-02 -4.301582179794449790e-02
7.403812923833932857e-02 -3.941842952744362139e-02
6.691017828869852413e-02 -3.578571086829263059e-02
5.978778451954039341e-02 -3.211930588487443838e-02
5.267209019052190855e-02 -2.842079146244547161e-02
4.556426526955748013e-02 -2.469167945510836182e-02
3.846550729820846781e-02 -2.093341505935514268e-02
3.137704112473327367e-02 -1.714737542656147307e-02
2.430011851571392545e-02 -1.333486852638643416e-02
1.723601765795970686e-02 -9.497132271199082432e-03
1.018604256278685116e-02 -5.635333909455697565e-03
3.151522384768457030e-03 -1.750569693421299977e-03
-3.866189333347563872e-03 2.156135176155093980e-03
-1.086571547863451892e-02 6.083826328775354675e-03
-1.784565623902306664e-02 1.003161972973432015e-02
-2.480459001879595227e-02 1.399870091887489565e-02
-3.174107439138398878e-02 1.798432399183574892e-02
-3.865364708375651492e-02 2.198781033568319998e-02
-4.554082698811914853e-02 2.600854713311906430e-02
-5.240111519792620132e-02 3.004598565135263577e-02
-5.923299606631896030e-02 3.409963933317433638e-02
-6.603493828598289150e-02 3.816908170876520678e-02
-7.280539599006657925e-02 4.225394414732086545e-02
-7.954280987419889981e-02 4.635391346768175103e-02
-8.624560833981523289e-02 5.046872942689878405e-02
-9.291220865898838777e-02 5.459818210507971781e-02
-9.954101816078636533e-02 5.874210920402245240e-02
-1.061304354388886428e-01 6.290039327610608133e-02
-1.126788515798488877e-01 6.707295889876485617e-02
-1.191846514109992650e-01 7.125976980864440202e-02
-1.256462147666144724e-01 7.546082600830789078e-02
-1.320619177706101044e-01 7.967616085715878427e-02
-1.384301341337458024e-01 8.390583815710050963e-02
-1.447492364630690864e-01 8.814994924238572782e-02
-1.510175975811716975e-01 9.240861008215095485e-02
-1.572335918527291154e-01 9.668195840326360146e-02
-1.633955965157607715e-01 1.009701508403528791e-01
-1.695019930150782062e-01 1.052733601192397672e-01
-1.755511683354599173e-01 1.095917722794142457e-01
-1.815415163322163794e-01 1.139255839407367077e-01
-1.874714390569474642e-01 1.182749996191229669e-01
-1.933393480764755146e-01 1.226402290956463692e-01
-1.991436657831148760e-01 1.270214848431905352e-01
-2.048828266946214893e-01 1.314189795145426776e-01
-2.105552787423704553e-01 1.358329234956132670e-01
-2.161594845464652748e-01 1.402635225272664266e-01
-2.216939226766726501e-01 1.447109753990945269e-01
-2.271570888982153147e-01 1.491754717182980083e-01
-2.325474974015929175e-01 1.536571897566877953e-01
-2.378636820157258858e-01 1.581562943786856135e-01
-2.431041974038019027e-01 1.626729350530384810e-01
-2.482676202412891220e-01 1.672072439508223707e-01
-2.533525503756326458e-01 1.717593341321465017e-01
-2.583576119671944227e-01 1.763292978238172326e-01
-2.632814546110043841e-01 1.809172047900324265e-01
-2.681227544389092055e-01 1.855231007980233660e-01
-2.728802152016772675e-01 1.901470061803545164e-01
-2.775525693306042929e-01 1.947889144954094709e-01
-2.821385789781197251e-01 1.994487912873902091e-01
-2.866370370368461762e-01 2.041265729469418366e-01
-2.910467681365146442e-01 2.088221656733135756e-01
-2.953666296180639250e-01 2.135354445387332434e-01
-2.995955124841956363e-01 2.182662526554567384e-01
-3.037323423255840482e-01 2.230144004457303708e-01
-3.077760802218588720e-01 2.277796650146562407e-01
-3.117257236164211465e-01 2.325617896257377859e-01
-3.155803071640729263e-01 2.373604832786350427e-01
-3.193389035503754747e-01 2.421754203884264045e-01
-3.230006242815940953e-01 2.470062405654507576e-01
-3.265646204440203482e-01 2.518525484945534076e-01
-3.300300834314224829e-01 2.567139139123472136e-01
-3.333962456393234630e-01 2.615898716808652824e-01
-3.366623811247783093e-01 2.664799219557630328e-01
-3.398278062302887426e-01 2.713835304470095799e-01
-3.428918801704878838e-01 2.763001287698026998e-01
-3.458540055802108437e-01 2.812291148832328225e-01
-3.487136290225815172e-01 2.861698536140299676e-01
-3.514702414557576149e-01 2.911216772625438431e-01
-3.541233786570006092e-01 2.960838862879218158e-01
-3.566726216027821805e-01 3.010557500692894739e-01
-3.591175968036792177e-01 3.060365077395808542e-01
-3.614579765928777610e-01 3.110253690885121380e-01
-3.636934793671683930e-01 3.160215155310747148e-01
-3.658238697794038430e-01 3.210241011377831799e-01
-3.678489588814722322e-01 3.260322537228204642e-01
-3.697686042169456289e-01 3.310450759861179870e-01
-3.715827098626658942e-01 3.360616467053304524e-01
-3.732912264186491469e-01 3.410810219735961879e-01
-3.748941509458119659e-01 3.461022364789199668e-01
-3.763915268511503487e-01 3.511243048209700679e-01
-3.777834437201393336e-01 3.561462228610658975e-01
-3.790700370962590826e-01 3.611669691011099581e-01
-3.802514882076966085e-01 3.661855060872283296e-01
-3.813280236414182123e-01 3.712007818338925458e-01
-3.822999149649541906e-01 3.762117312643353251e-01
-3.831674782963898629e-01 3.812172776631077564e-01
-3.839310738231976328e-01 3.862163341366887104e-01
-3.845911052707014499e-01 3.912078050781225835e-01
-3.851480193211037628e-01 3.961905876317484143e-01
-3.856023049841513783e-01 4.011635731541727257e-01
-3.859544929206527031e-01 4.061256486677455313e-01
-3.862051547201991730e-01 4.110756983029218437e-01
-3.863549021345655254e-01 4.160126047260005455e-01
-3.864043862683934072e-01 4.209352505488851981e-01
-3.863542967288769447e-01 4.258425197176488597e-01
-3.862053607362780916e-01 4.307332988768308724e-01
-3.859583421972040407e-01 4.356064787065595523e-01
-3.856140407426700278e-01 4.404609552297599206e-01
-3.851732907330570610e-01 4.452956310868670387e-01
-3.846369602321505488e-01 4.501094167756488629e-01
-3.840059499525110276e-01 4.549012318539191746e-01
-3.832811921744873063e-01 4.596700061030934981e-01
-3.824636496412283648e-01 4.644146806507360448e-01
-3.815543144320879265e-01 4.691342090504194151e-01
-3.805542068168462078e-01 4.738275583174061945e-01
-3.794643740931874509e-01 4.784937099188455445e-01
-3.782858894098847236e-01 4.831316607173546385e-01
-3.770198505781384157e-01 4.877404238670481340e-01
-3.756673788735106490e-01 4.923190296612319217e-01
-3.742296178308722743e-01 4.968665263311736191e-01
-3.727077320347561007e-01 5.013819807955230967e-01
-3.711029059074740233e-01 5.058644793601130285e-01
-3.694163424973083143e-01 5.103131283680415464e-01
-3.676492622690410994e-01 5.147270548000857371e-01
-3.658029018990239800e-01 5.191054068256399923e-01
-3.638785130769285892e-01 5.234473543045212729e-01
-3.618773613162443725e-01 5.277520892401090791e-01
-3.598007247755174998e-01 5.320188261844210897e-01
-3.576498930922420993e-01 5.362468025958413431e-01
-3.554261662312302450e-01 5.404352791503258535e-01
-3.531308533491972490e-01 5.445835400070276888e-01
-3.507652716772070023e-01 5.486908930293596942e-01
-3.483307454225282873e-01 5.527566699626182967e-01
-3.458286046913516265e-01 5.567802265693635455e-01
-3.432601844337229147e-01 5.607609427238227084e-01
-3.406268234119451122e-01 5.646982224666505790e-01
-3.379298631936000774e-01 5.685914940214393809e-01
-3.351706471702431411e-01 5.724402097744125673e-01
-3.323505196027179975e-01 5.762438462187855492e-01
-3.294708246939462293e-01 5.800019038653052572e-01
-3.265329056899375915e-01 5.837139071205142971e-01
-3.235381040096778071e-01 5.873794041342993433e-01
-3.204877584044508732e-01 5.909979666182995084e-01
-3.173832041470592835e-01 5.945691896367613083e-01
-3.142257722513144835e-01 5.980926913714288418e-01
-3.110167887220817162e-01 6.015681128620480322e-01
-3.077575738360794899e-01 6.049951177240611155e-01
-3.044494414535445781e-01 6.083733918450572320e-01
-3.010936983608065165e-01 6.117026430615128962e-01
-2.976916436437242464e-01 6.149826008173537861e-01
-2.942445680918815976e-01 6.182130158058212199e-01
-2.907537536333542616e-01 6.213936595961182530e-01
-2.872204727998109997e-01 6.245243242462584776e-01
-2.836459882216381123e-01 6.276048219035204045e-01
-2.800315521527300122e-01 6.306349843938555688e-01
-2.763784060245269569e-01 6.336146628015781879e-01
-2.726877800288385334e-01 6.365437270405974735e-01
-2.689608927289419138e-01 6.394220654184321617e-01
-2.651989506984044342e-01 6.422495841941833206e-01
-2.614031481870432994e-01 6.450262071316053003e-01
-2.575746668133958583e-01 6.477518750483637344e-01
-2.537146752830529706e-01 6.504265453625166504e-01
-2.498243291321722570e-01 6.530501916372120075e-01
-2.459047704954664126e-01 6.556228031245473487e-01
-2.419571278979476270e-01 6.581443843094765267e-01
-2.379825160696835140e-01 6.606149544546138230e-01
-2.339820357828112929e-01 6.630345471467293805e-01
-2.299567737100457199e-01 6.654032098456816868e-01
-2.259078023039040595e-01 6.677210034364882141e-01
-2.218361796958706056e-01 6.699880017851903569e-01
-2.177429496147171295e-01 6.722042912991162966e-01
-2.136291413231949377e-01 6.743699704921077842e-01
-2.094957695723178304e-01 6.764851495552298699e-01
-2.053438345724525882e-01 6.785499499334425311e-01
-2.011743219804478788e-01 6.805645039086702930e-01
-1.969882029020336156e-01 6.825289541896633061e-01
-1.927864339087280166e-01 6.844434535090144767e-01
-1.885699570685109017e-01 6.863081642276513961e-01
-1.843396999895243749e-01 6.881232579470848432e-01
-1.800965758760736390e-01 6.898889151296749844e-01
-1.758414835962233136e-01 6.916053247271275461e-01
-1.715753077602930332e-01 6.932726838174094741e-01
-1.672989188095692081e-01 6.948911972502485046e-01
-1.630131731145767482e-01 6.964610773013388823e-01
-1.587189130822593275e-01 6.979825433353650244e-01
-1.544169672714452990e-01 6.994558214779167393e-01
-1.501081505159866936e-01 7.008811442963556182e-01
-1.457932640549817749e-01 7.022587504896616872e-01
-1.414730956695090247e-01 7.035888845872747543e-01
-1.371484198253208886e-01 7.048717966569219007e-01
-1.328199978209623766e-01 7.061077420214041389e-01
-1.284885779408002637e-01 7.072969809843016042e-01
-1.241548956124713943e-01 7.084397785645355494e-01
-1.198196735682693637e-01 7.095364042397152016e-01
-1.154836220100195626e-01 7.105871316981819952e-01
-1.111474387770001043e-01 7.115922385996520383e-01
-1.068118095164958398e-01 7.125520063443442353e-01
-1.024774078565803687e-01 7.134667198504774932e-01
-9.814489558075098485e-02 7.143366673399988986e-01
-9.381492280404710171e-02 7.151621401324133043e-01
-8.948812815031528811e-02 7.159434324465596688e-01
-8.516513893028238025e-02 7.166808412101867143e-01
-8.084657132013861602e-02 7.173746658771646967e-01
-7.653303054032395414e-02 7.180252082521738632e-01
-7.222511103424797407e-02 7.186327723226959563e-01
-6.792339664668145538e-02 7.191976640981398994e-01
-6.362846080156375761e-02 7.197201914559254732e-01
-5.934086667900620449e-02 7.202006639943459021e-01
-5.506116739126468151e-02 7.206393928920304948e-01
-5.078990615748130155e-02 7.210366907738253728e-01
-4.652761647700479064e-02 7.213928715829099891e-01
-4.227482230111176409e-02 7.217082504589666936e-01
-3.803203820296430226e-02 7.219831436222197141e-01
-3.379976954565178104e-02 7.222178682631605895e-01
-2.957851264817468184e-02 7.224127424377791984e-01
-2.536875494924187291e-02 7.225680849681169748e-01
-2.117097516876045860e-02 7.226842153479643427e-01
-1.698564346691192051e-02 7.227614536535222900e-01
-1.281322160071238225e-02 7.228001204588525574e-01
-8.654163077968346496e-03 7.228005367559406924e-01
-4.508913308550938082e-03 7.227630238791991069e-01
-3.779097529077457551e-04 7.226879034342424957e-01
3.738417932241389074e-03 7.225754972307647517e-01
7.839647751089695582e-03 7.224261272193537309e-01
1.192536522885048744e-02 7.222401154320818861e-01
1.599516327483727074e-02 7.220177839267142295e-01
2.004864204854200915e-02 7.217594547343758604e-01
2.408540882874868339e-02 7.214654498105275149e-01
2.810507788569657772e-02 7.211360909890964788e-01
3.210727035632132687e-02 7.207716999396218682e-01
3.609161412257064216e-02 7.203725981272625090e-01
4.005774369281828173e-02 7.199391067755369633e-01
4.400530008636086010e-02 7.194715468316494889e-01
4.793393072100934904e-02 7.189702389342760291e-01
5.184328930375703415e-02 7.184355033836756776e-01
5.573303572452248389e-02 7.178676601140046021e-01
5.960283595294157966e-02 7.172670286677039764e-01
6.345236193820166792e-02 7.166339281718474563e-01
6.728129151188785850e-02 7.159686773163295159e-01
7.108930829382076322e-02 7.152715943337788485e-01
7.487610160085539368e-02 7.145429969810919157e-01
7.864136635861160296e-02 7.137832025224752908e-01
8.238480301610587309e-02 7.129925277138970952e-01
8.610611746324292604e-02 7.121712887888431709e-01
8.980502095113482297e-02 7.113198014452859486e-01
9.348123001520591835e-02 7.104383808337668693e-01
9.713446640104225760e-02 7.095273415465064293e-01
1.007644569929412870e-01 7.085869976074499199e-01
1.043709337451181884e-01 7.076176624631660417e-01
1.079536336155222931e-01 7.066196489745171228e-01
1.115122985022148766e-01 7.055932694090203405e-01
1.150466751822595279e-01 7.045388354338256720e-01
1.185565152530762140e-01 7.034566581092347448e-01
1.220415750762033069e-01 7.023470478826931984e-01
1.255016157234239982e-01 7.012103145831867224e-01
1.289364029251949539e-01 7.000467674159769338e-01
1.323457070213267806e-01 6.988567149576128124e-01
1.357293029138655349e-01 6.976404651511605159e-01
1.390869700221129546e-01 6.963983253015915142e-01
1.424184922397361830e-01 6.951306020712770817e-01
1.457236578939074545e-01 6.938376014755336385e-01
1.490022597064183663e-01 6.925196288781725329e-01
1.522540947567105896e-01 6.911769889870027495e-01
1.554789644467680920e-01 6.898099858492454661e-01
1.586766744678108909e-01 6.884189228468140520e-01
1.618470347687381850e-01 6.870041026914215365e-01
1.649898595262547785e-01 6.855658274194738055e-01
1.681049671166305326e-01 6.841043983867165501e-01
1.711921800890324197e-01 6.826201162625972207e-01
1.742513251403713104e-01 6.811132810243141211e-01
1.772822330916095090e-01 6.795841919505182238e-01
1.802847388654632566e-01 6.780331476146447267e-01
1.832586814654537377e-01 6.764604458778429308e-01
1.862039039562420339e-01 6.748663838814842331e-01
1.891202534451941752e-01 6.732512580392253643e-01
1.920075810651208914e-01 6.716153640286042226e-01
1.948657419581321937e-01 6.699589967821538705e-01
1.976945952605565493e-01 6.682824504780132679e-01
2.004940040888642527e-01 6.665860185300240826e-01
2.032638355265418972e-01 6.648699935772981462e-01
2.060039606118668765e-01 6.631346674732442326e-01
2.087142543265207151e-01 6.613803312740456075e-01
2.113945955849963754e-01 6.596072752265776939e-01
2.140448672247389772e-01 6.578157887557636307e-01
2.166649559969723859e-01 6.560061604513571787e-01
2.192547525581601542e-01 6.541786780541551938e-01
2.218141514620450006e-01 6.523336284416325626e-01
2.243430511522240267e-01 6.504712976130044844e-01
2.268413539552016078e-01 6.485919706737119927e-01
2.293089660738798496e-01 6.466959318193361561e-01
2.317457975814287141e-01 6.447834643189451764e-01
2.341517624154967891e-01 6.428548504978763845e-01
2.365267783727130757e-01 6.409103717199636785e-01
2.388707671034311641e-01 6.389503083692147367e-01
2.411836541066749717e-01 6.369749398309477728e-01
2.434653687252414378e-01 6.349845444724006027e-01
2.457158441409125760e-01 6.329793996228190167e-01
2.479350173697411064e-01 6.309597815530392229e-01
2.501228292573612899e-01 6.289259654545789058e-01
2.522792244742919077e-01 6.268782254182487801e-01
2.544041515111873375e-01 6.248168344123026241e-01
2.564975626739958159e-01 6.227420642601404488e-01
2.585594140789955198e-01 6.206541856175844529e-01
2.605896656476633932e-01 6.185534679497424193e-01
2.625882811013471319e-01 6.164401795074830881e-01
2.645552279557010222e-01 6.143145873035384952e-01
2.664904775148602689e-01 6.121769570882571454e-01
2.683940048653095656e-01 6.100275533250276716e-01
2.702657888694276478e-01 6.078666391653978485e-01
2.721058121586675815e-01 6.056944764239081680e-01
2.739140611263499725e-01 6.035113255526668441e-01
2.756905259200395641e-01 6.013174456156884506e-01
2.774352004334739163e-01 5.991130942630206180e-01
2.791480822980288989e-01 5.968985277046853222e-01
2.808291728736864723e-01 5.946740006844590809e-01
2.824784772394866583e-01 5.924397664535177022e-01
2.840960041834390548e-01 5.901960767439731192e-01
2.856817661918749085e-01 5.879431817423276252e-01
2.872357794382212060e-01 5.856813300628729291e-01
2.887580637711723019e-01 5.834107687210610127e-01
2.902486427022462068e-01 5.811317431068735440e-01
2.917075433927107109e-01 5.788444969582182686e-01
2.931347966398575311e-01 5.765492723343789150e-01
2.945304368626163738e-01 5.742463095895455893e-01
2.958945020864947040e-01 5.719358473464558612e-01
2.972270339278278994e-01 5.696181224701704071e-01
2.985280775773330730e-01 5.672933700420128567e-01
2.997976817829556828e-01 5.649618233337017070e-01
3.010358988319974949e-01 5.626237137816989531e-01
3.022427845325247886e-01 5.602792709618054090e-01
3.034183981940440367e-01 5.579287225640274794e-01
3.045628026074415073e-01 5.555722943677424697e-01
3.056760640241862892e-01 5.532102102171883029e-01
3.067582521347869684e-01 5.508426919973052893e-01
3.078094400465039016e-01 5.484699596099520402e-01
3.088297042603170839e-01 5.460922309505241712e-01
3.098191246471438953e-01 5.437097218849988867e-01
3.107777844233121645e-01 5.413226462274284279e-01
3.117057701252902158e-01 5.389312157179084739e-01
3.126031715836700142e-01 5.365356400010433680e-01
3.134700818964156199e-01 5.341361266049301504e-01
3.143065974013764530e-01 5.317328809206851581e-01
3.151128176480685328e-01 5.293261061825326186e-01
3.158888453687336839e-01 5.269160034484776656e-01
3.166347864486824260e-01 5.245027715815822056e-01
3.173507498959252660e-01 5.220866072318651741e-01
3.180368478101024410e-01 5.196677048188426129e-01
3.186931953507244897e-01 5.172462565147296631e-01
3.193199107047256513e-01 5.148224522283177951e-01
3.199171150533460795e-01 5.123964795895457058e-01
3.204849325383521963e-01 5.099685239347789834e-01
3.210234902276075108e-01 5.075387682928139688e-01
3.215329180800026165e-01 5.051073933716179187e-01
3.220133489097609658e-01 5.026745775458208998e-01
3.224649183501320238e-01 5.002404968449704059e-01
3.228877648164832359e-01 4.978053249425595239e-01
3.232820294688102947e-01 4.953692331458415810e-01
3.236478561736729209e-01 4.929323903864375467e-01
3.239853914655778100e-01 4.904949632117479030e-01
3.242947845078192892e-01 4.880571157771752544e-01
3.245761870527948956e-01 4.856190098391650056e-01
3.248297534018146915e-01 4.831808047490708247e-01
3.250556403644136449e-01 4.807426574478488313e-01
3.252540072171910546e-01 4.783047224615859516e-01
3.254250156621883439e-01 4.758671518978651038e-01
3.255688297848253199e-01 4.734300954429702113e-01
3.256856160114097731e-01 4.709937003599315997e-01
3.257755430662411245e-01 4.685581114874147191e-01
3.258387819283197762e-01 4.661234712394486390e-01
3.258755057876850381e-01 4.636899196059965367e-01
3.258858900013977267e-01 4.612575941543639590e-01
3.258701120491838688e-01 4.588266300314430834e-01
3.258283514887561072e-01 4.563971599667890899e-01
3.257607899108365124e-01 4.539693142765240941e-01
3.256676108938894587e-01 4.515432208680631443e-01
3.255489999585902683e-01 4.491190052456561776e-01
3.254051445220427219e-01 4.466967905167396613e-01
3.252362338517655327e-01 4.442766973990883717e-01
3.250424590194610497e-01 4.418588442287608720e-01
3.248240128545896166e-01 4.394433469688276972e-01
3.245810898977597447e-01 4.370303192188732533e-01
3.243138863539585248e-01 4.346198722252595514e-01
3.240226000456339905e-01 4.322121148921420075e-01
3.237074303656469754e-01 4.298071537932231512e-01
3.233685782301111700e-01 4.274050931842321988e-01
3.230062460311334815e-01 4.250060350161174449e-01
3.226206375894767331e-01 4.226100789489362075e-01
3.222119581071548611e-01 4.202173223664290580e-01
3.217804141199798185e-01 4.178278603912609634e-01
3.213262134500737277e-01 4.154417859009152392e-01
3.208495651583617159e-01 4.130591895442226047e-01
3.203506794970623628e-01 4.106801597585091335e-01
3.198297678621838669e-01 4.083047827873448332e-01
3.192870427460498539e-01 4.059331426988750380e-01
3.187227176898600467e-01 4.035653214047167370e-01
3.181370072363053358e-01 4.012013986794000231e-01
3.175301268822444678e-01 3.988414521803359536e-01
3.169022930314633335e-01 3.964855574682909500e-01
3.162537229475216316e-01 3.941337880283473649e-01
3.155846347067050583e-01 3.917862152913301199e-01
3.148952471510907958e-01 3.894429086556786546e-01
3.141857798417412861e-01 3.871039355097430912e-01
3.134564530120351189e-01 3.847693612544831887e-01
3.127074875211491856e-01 3.824392493265486581e-01
3.119391048076964323e-01 3.801136612217185795e-01
3.111515268435380843e-01 3.777926565186793262e-01
3.103449760877743380e-01 3.754762929031169594e-01
3.095196754409248463e-01 3.731646261921032215e-01
3.086758481993076009e-01 3.708577103587519241e-01
3.078137180096257586e-01 3.685555975571231935e-01
3.069335088237738485e-01 3.662583381473538680e-01
3.060354448538666894e-01 3.639659807209899567e-01
3.051197505274995669e-01 3.616785721264992870e-01
3.041866504432550466e-01 3.593961574949415816e-01
3.032363693264507054e-01 3.571187802657725396e-01
3.022691319851467107e-01 3.548464822127602170e-01
3.012851632664152457e-01 3.525793034699903350e-01
3.002846880128752227e-01 3.503172825579372596e-01
2.992679310195044406e-01 3.480604564095804987e-01
2.982351169907295763e-01 3.458088603965404073e-01
2.971864704978048888e-01 3.435625283552149467e-01
2.961222159364801931e-01 3.413214926128931848e-01
2.950425774849651517e-01 3.390857840138223889e-01
2.939477790621951026e-01 3.368554319452097823e-01
2.928380442864015887e-01 3.346304643631349274e-01
2.917135964339940823e-01 3.324109078183531407e-01
2.905746583987536269e-01 3.301967874819664583e-01
2.894214526513450014e-01 3.279881271709440549e-01
2.882542011991489628e-01 3.257849493734689128e-01
2.870731255464214482e-01 3.235872752740928671e-01
2.858784466547747427e-01 3.213951247786763776e-01
2.846703849039960432e-01 3.192085165390978752e-01
2.834491600531924838e-01 3.170274679777088656e-01
2.822149912022754448e-01 3.148519953115183623e-01
2.809680967537810381e-01 3.126821135760876613e-01
2.797086943750307642e-01 3.105178366491152531e-01
2.784370009606346730e-01 3.083591772736962167e-01
2.771532325953378617e-01 3.062061470812372233e-01
2.758576045172094759e-01 3.040587566140092179e-01
2.745503310811844289e-01 3.019170153473230700e-01
2.732316257229471246e-01 2.997809317113097616e-01
2.719017009231675108e-01 2.976505131122898495e-01
2.705607681720867408e-01 2.955257659537171011e-01
2.692090379344559969e-01 2.934066956566812046e-01
2.678467196148248686e-01 2.912933066799540116e-01
2.664740215231837794e-01 2.891856025395657115e-01
2.650911508409615758e-01 2.870835858278979469e-01
2.636983135873758322e-01 2.849872582322798831e-01
2.622957145861383177e-01 2.828966205530740741e-01
2.608835574325158446e-01 2.808116727212413566e-01
2.594620444607463883e-01 2.787324138153716158e-01
2.580313767118143642e-01 2.766588420781708746e-01
2.565917539015762361e-01 2.745909549323918841e-01
2.551433743892476680e-01 2.725287489961992216e-01
2.536864351462463363e-01 2.704722200979604030e-01
2.522211317253897911e-01 2.684213632904512425e-01
2.507476582304530299e-01 2.663761728644691296e-01
2.492662072860798717e-01 2.643366423618450090e-01
2.477769700080567072e-01 2.623027645878474035e-01
2.462801359739380247e-01 2.602745316229698735e-01
2.447758931940333949e-01 2.582519348340976406e-01
2.432644280827510330e-01 2.562349648850459349e-01
2.417459254302989080e-01 2.542236117464646838e-01
2.402205683747450082e-01 2.522178647051065425e-01
2.386885383744345168e-01 2.502177123724509955e-01
2.371500151807656720e-01 2.482231426926830853e-01
2.356051768113251454e-01 2.462341429500233270e-01
2.340541995233825501e-01 2.442506997754056164e-01
2.324972577877448543e-01 2.422727991525009672e-01
2.309345242629694817e-01 2.403004264230863274e-01
2.293661697699377333e-01 2.383335662917556441e-01
2.277923632667928910e-01 2.363722028299762024e-01
2.262132718242349516e-01 2.344163194794862959e-01
2.246290606011813185e-01 2.324658990550373672e-01
2.230398928207913412e-01 2.305209237464817262e-01
2.214459297468523435e-01 2.285813751202062927e-01
2.198473306605333855e-01 2.266472341199153584e-01
2.182442528375038437e-01 2.247184810667652854e-01
2.166368515254226690e-01 2.227950956588548026e-01
2.150252799217936828e-01 2.208770569700732322e-01
2.134096891521926054e-01 2.189643434483123097e-01
2.117902282488680343e-01 2.170569329130469516e-01
2.101670441297147640e-01 2.151548025522883878e-01
2.085402815776234431e-01 2.132579289189173999e-01
2.069100832202084572e-01 2.113662879264032457e-01
2.052765895099170068e-01 2.094798548439152641e-01
2.036399387045204623e-01 2.075986042908352092e-01
2.020002668479901620e-01 2.057225102306769748e-01
2.003577077517617600e-01 2.038515459644229255e-01
1.987123929763915386e-01 2.019856841232863520e-01
1.970644518136053513e-01 2.001248966609078528e-01
1.954140112687442754e-01 1.982691548449963537e-01
1.937611960436141922e-01 1.964184292484262850e-01
1.921061285197349644e-01 1.945726897397980215e-01
1.904489287420018107e-01 1.927319054734778214e-01
1.887897144027567697e-01 1.908960448791248432e-01
1.871286008262775524e-01 1.890650756507188668e-01
1.854657009536869183e-01 1.872389647351019870e-01
1.838011253282881285e-01 1.854176783200459366e-01
1.821349820813308873e-01 1.836011818218594160e-01
1.804673769182136844e-01 1.817894398725487526e-01
1.787984131051275627e-01 1.799824163065470439e-01
1.771281914561442239e-01 1.781800741470239147e-01
1.754568103207610474e-01 1.763823755917943714e-01
1.737843655719028269e-01 1.745892819988403843e-01
1.721109505943886897e-01 1.728007538714599611e-01
1.704366562738741375e-01 1.710167508430634475e-01
1.687615709862676228e-01 1.692372316616281847e-01
1.670857805876378166e-01 1.674621541738339214e-01
1.654093684046127888e-01 1.656914753088933323e-01
1.637324152252821463e-01 1.639251510620954866e-01
1.620549992906077374e-01 1.621631364780804774e-01
1.603771962863542178e-01 1.604053856338639727e-01
1.586990793355460561e-01 1.586518516216296193e-01
1.570207189914607782e-01 1.569024865313084771e-01
1.553421832311687456e-01 1.551572414329652205e-01
1.536635374496267414e-01 1.534160663590091733e-01
1.519848444543374644e-01 1.516789102862518002e-01
1.503061644605856728e-01 1.499457211178292504e-01
1.486275550872583895e-01 1.482164456650109652e-01
1.469490713532655701e-01 1.464910296289160252e-01
1.452707656745660103e-01 1.447694175821546969e-01
1.435926878618176694e-01 1.430515529504216843e-01
1.419148851186574634e-01 1.413373779940566566e-01
1.402374020406281785e-01 1.396268337895982814e-01
1.385602806147620825e-01 1.379198602113507199e-01
1.368835602198371915e-01 1.362163959129860658e-01
1.352072776273176014e-01 1.345163783092046539e-01
1.335314670029928985e-01 1.328197435574752783e-01
1.318561599093313053e-01 1.311264265398786322e-01
1.301813853085614092e-01 1.294363608450765646e-01
1.285071695664977698e-01 1.277494787504304674e-01
1.268335364571243074e-01 1.260657112042905259e-01
1.251605071679563475e-01 1.243849878084827276e-01
1.234881003061917837e-01 1.227072368010121706e-01
1.218163319056739247e-01 1.210323850390117584e-01
1.201452154346791534e-01 1.193603579819548788e-01
1.184747618045529083e-01 1.176910796751620136e-01
1.168049793792052538e-01 1.160244727336190995e-01
1.151358739854904667e-01 1.143604583261365604e-01
1.134674489244905105e-01 1.126989561598723266e-01
1.117997049837176904e-01 1.110398844652421280e-01
1.101326404502622203e-01 1.093831599812437605e-01
1.084662511249010475e-01 1.077286979412168944e-01
1.068005303371948322e-01 1.060764120590686199e-01
1.051354689615903171e-01 1.044262145159842170e-01
1.034710554345534550e-01 1.027780159476515132e-01
1.018072757727567224e-01 1.011317254320234504e-01
1.001441135923427095e-01 9.948725047764372942e-02
9.848155012929055152e-02 9.784449701256131560e-02
9.681956426090798651e-02 9.620336937385848275e-02
9.515813252847779569e-02 9.456377029782017662e-02
9.349722916107972015e-02 9.292560091076623729e-02
9.183682610062160467e-02 9.128876072057737212e-02
9.017689302810072416e-02 8.965314760893569601e-02
8.851739739112562955e-02 8.801865782430726148e-02
8.685830443272876678e-02 8.638518597569472268e-02
8.519957722149856805e-02 8.475262502718239332e-02
8.354117668305680033e-02 8.312086629330076026e-02
8.188306163291769746e-02 8.148979943523698699e-02
8.022518881075305086e-02 7.985931245791380584e-02
7.856751291610239440e-02 7.822929170796799614e-02
7.690998664555395714e-02 7.659962187264857114e-02
7.525256073143207769e-02 7.497018597966328968e-02
7.359518398202091749e-02 7.334086539799505866e-02
7.193780332336491279e-02 7.171153983971947921e-02
7.028036384266994618e-02 7.008208736284027296e-02
6.862280883335042381e-02 6.845238437517608965e-02
6.696507984174696060e-02 6.682230563931357281e-02
6.530711671555713971e-02 6.519172427865876918e-02
6.364885765401190332e-02 6.356051178460619955e-02
6.199023925983204730e-02 6.192853802484848957e-02
6.033119659300345550e-02 6.029567125285262286e-02
5.867166322640471332e-02 5.866177811852057999e-02
5.701157130332279444e-02 5.702672368005923254e-02
5.535085159689517864e-02 5.539037141707836565e-02
5.368943357151395590e-02 5.375258324494019968e-02
5.202724544622261416e-02 5.211321953037395538e-02
5.036421426014758840e-02 5.047213910837938800e-02
4.870026593999582376e-02 4.882919930043505552e-02
4.703532536965354671e-02 4.718425593402680862e-02
4.536931646191760814e-02 4.553716336351082417e-02
4.370216223239908881e-02 4.388777449233016714e-02
4.203378487562203780e-02 4.223594079659037659e-02
4.036410584335770046e-02 4.058151235001200563e-02
3.869304592521488617e-02 3.892433785026339077e-02
3.702052533152522251e-02 3.726426464668813887e-02
3.534646377854072652e-02 3.560113876942677669e-02
3.367078057597600038e-02 3.393480495994222190e-02
3.199339471691492465e-02 3.226510670294685523e-02
3.031422497010732853e-02 3.059188625973591202e-02
2.863318997466884896e-02 2.891498470291864464e-02
2.695020833720757070e-02 2.723424195254731117e-02
2.526519873138849404e-02 2.554949681363466452e-02
2.357807999994898651e-02 2.386058701505094914e-02
2.188877125917276789e-02 2.216734924978575050e-02
2.019719200582820173e-02 2.046961921655887640e-02
1.850326222657511233e-02 1.876723166276461630e-02
1.680690250983674083e-02 1.706002042872256652e-02
1.510803416013284384e-02 1.534781849321359415e-02
1.340657931486455290e-02 1.363045802027046394e-02
1.170246106353783899e-02 1.190777040718998814e-02
9.995603569408484379e-03 1.017958633373378108e-02
8.285932193525635814e-03 8.445735812474375326e-03
6.573373621150180313e-03 6.706048240249451453e-03
4.857855990509751809e-03 4.960352450669447411e-03
3.139309023863501302e-03 3.208476767636914140e-03
1.417664160824949615e-03 1.450249059815444941e-03
-3.071453060967677118e-04 -3.145032040037243348e-04
-2.035184093793829252e-03 -2.085952898702725378e-03
-3.766514788751396114e-03 -3.864273185870514826e-03
-5.501197705197136134e-03 -5.649637456136058500e-03
-7.239290741278603392e-03 -7.442219270875127801e-03
-8.980849233343024540e-03 -9.242192303367036121e-03
-1.072592580839926146e-02 -1.104973027947808717e-02
-1.247457023485226690e-02 -1.286500691795883222e-02
-1.422682927159230060e-02 -1.468819587043118657e-02
-1.598274651554898451e-02 -1.651947066116454810e-02
-1.774236224780340043e-02 -1.835900462672157563e-02
-1.950571327837058444e-02 -2.020697085556977246e-02
-2.127283278976538350e-02 -2.206354212775324397e-02
-2.304375017947080106e-02 -2.392889085471799904e-02
-2.481849090143134484e-02 -2.580318901938882803e-02
-2.659707630670044010e-02 -2.768660811659412468e-02
-2.837952348337435815e-02 -2.957931909393640701e-02
-3.016584509594949504e-02 -3.148149229320573728e-02
-3.195604922424255534e-02 -3.339329739243107609e-02
-3.375013920201835882e-02 -3.531490334866671521e-02
-3.554811345547403967e-02 -3.724647834160821347e-02
-3.734996534172702054e-02 -3.918818971812643159e-02
-3.915568298746080478e-02 -4.114020393781087082e-02
-4.096524912788063189e-02 -4.310268651960508235e-02
-4.277864094613947898e-02 -4.507580198962074514e-02
-4.459582991338734148e-02 -4.705971383020329801e-02
-4.641678162960094500e-02 -4.905458443032004179e-02
-4.824145566535714691e-02 -5.106057503734437453e-02
-5.006980540470085117e-02 -5.307784571028928422e-02
-5.190177788927025082e-02 -5.510655527454852431e-02
-5.373731366383066588e-02 -5.714686127818946471e-02
-5.557634662337601616e-02 -5.919891994984075034e-02
-5.741880386194592178e-02 -6.126288615820055239e-02
-5.926460552331075382e-02 -6.333891337319119685e-02
-6.111366465367162881e-02 -6.542715362877182805e-02
-6.296588705651878781e-02 -6.752775748741429718e-02
-6.482117114978946937e-02 -6.964087400623333868e-02
-6.667940782545983547e-02 -7.176665070475624075e-02
-6.854048031170623112e-02 -7.390523353430536457e-02
-7.040426403776084419e-02 -7.605676684895371076e-02
-7.227062650158794233e-02 -7.822139337800776415e-02
-7.413942714049381877e-02 -8.039925419995308520e-02
-7.601051720479073959e-02 -8.259048871779625656e-02
-7.788373963461669991e-02 -8.479523463571941866e-02
-7.975892894001646027e-02 -8.701362793694988884e-02
-8.163591108437989741e-02 -8.924580286274449992e-02
-8.351450337133176083e-02 -9.149189189237072473e-02
-8.539451433515490852e-02 -9.375202572395602285e-02
-8.727574363483464603e-02 -9.602633325607051740e-02
-8.915798195179336361e-02 -9.831494156989117883e-02
-9.104101089139157721e-02 -1.006179759117915573e-01
-9.292460288825826753e-02 -1.029355596761860059e-01
-9.480852111551463235e-02 -1.052678143884540896e-01
-9.669251939794565320e-02 -1.076148596877545827e-01
-9.857634212917359973e-02 -1.099768133095354594e-01
-1.004597241928834317e-01 -1.123537910675369567e-01
-1.023423908881431199e-01 -1.147459068350756284e-01
-1.042240578588639055e-01 -1.171532725253944252e-01
-1.061044310274378011e-01 -1.195759980708501757e-01
-1.079832065325920243e-01 -1.220141914007178419e-01
-1.098600706714943087e-01 -1.244679584173702669e-01
-1.117346998461406227e-01 -1.269374029705972740e-01
-1.136067605140625159e-01 -1.294226268298259153e-01
-1.154759091433834872e-01 -1.319237296539974569e-01
-1.173417921722545720e-01 -1.344408089588506605e-01
-1.192040459727045643e-01 -1.369739600813723313e-01
-1.210622968189348503e-01 -1.395232761411632216e-01
-1.229161608600948807e-01 -1.420888479984748209e-01
-1.247652440975704768e-01 -1.446707642086708934e-01
-1.266091423668263549e-01 -1.472691109728736791e-01
-1.284474413238381185e-01 -1.498839720845488444e-01
-1.302797164361602922e-01 -1.525154288717996687e-01
-1.321055329786745558e-01 -1.551635601351347427e-01
-1.339244460340653642e-01 -1.578284420804794419e-01
-1.357360004980793788e-01 -1.605101482472140184e-01
-1.375397310896250835e-01 -1.632087494310234810e-01
-1.393351623657725358e-01 -1.659243136013472397e-01
-1.411218087417231704e-01 -1.686569058132345589e-01
-1.428991745158192661e-01 -1.714065881134101965e-01
-1.446667538996710412e-01 -1.741734194403717351e-01
-1.464240310534838940e-01 -1.769574555183441866e-01
-1.481704801266747196e-01 -1.797587487449332777e-01
-1.499055653038693092e-01 -1.825773480723223430e-01
-1.516287408563855021e-01 -1.854132988818811556e-01
-1.533394511993032838e-01 -1.882666428520553548e-01
-1.550371309542379339e-01 -1.911374178194242546e-01
-1.567212050179324079e-01 -1.940256576328265870e-01
-1.583910886367957682e-01 -1.969313920004701346e-01
-1.600461874875168389e-01 -1.998546463299525622e-01
-1.616858977638901407e-01 -2.027954415611314676e-01
-1.633096062699984086e-01 -2.057537939918122893e-01
-1.649166905198993505e-01 -2.087297150962182657e-01
-1.665065188439696364e-01 -2.117232113362360613e-01
-1.680784505020696817e-01 -2.147342839654468594e-01
-1.696318358036908447e-01 -2.177629288259628204e-01
-1.711660162352570402e-01 -2.208091361381100404e-01
-1.726803245947554077e-01 -2.238728902830189327e-01
-1.741740851338743623e-01 -2.269541695781964741e-01
-1.756466137078345480e-01 -2.300529460461774311e-01
-1.770972179330961571e-01 -2.331691851763630918e-01
-1.785251973531371550e-01 -2.363028456801888610e-01
-1.799298436124915357e-01 -2.394538792397624405e-01
-1.813104406392444246e-01 -2.426222302501473971e-01
-1.826662648361816743e-01 -2.458078355554860206e-01
-1.839965852807906033e-01 -2.490106241791642527e-01
-1.853006639343110773e-01 -2.522305170482510017e-01
-1.865777558600362207e-01 -2.554674267124663056e-01
-1.878271094510602646e-01 -2.587212570579408566e-01
-1.890479666676696535e-01 -2.619919030160604012e-01
-1.902395632845725049e-01 -2.652792502677040476e-01
-1.914011291481581278e-01 -2.685831749432076587e-01
-1.925318884439742306e-01 -2.719035433184012751e-01
-1.936310599746047800e-01 -2.752402115070901045e-01
-1.946978574481285917e-01 -2.785930251503725419e-01
-1.957314897773280438e-01 -2.819618191031980636e-01
-1.967311613898160283e-01 -2.853464171186058662e-01
-1.976960725492350468e-01 -2.887466315300803443e-01
-1.986254196876796330e-01 -2.921622629325016929e-01
-1.995183957494777172e-01 -2.955930998621686401e-01
-2.003741905464609951e-01 -2.990389184764099539e-01
-2.011919911248378767e-01 -3.024994822332963129e-01
-2.019709821437730701e-01 -3.059745415719994366e-01
-2.027103462657632305e-01 -3.094638335943534768e-01
-2.034092645588816417e-01 -3.129670817481943756e-01
-2.040669169109519676e-01 -3.164839955130616111e-01
-2.046824824556910949e-01 -3.200142700888738423e-01
-2.052551400108460211e-01 -3.235575860881882426e-01
-2.057840685283292281e-01 -3.271136092326825673e-01
-2.062684475563369146e-01 -3.306819900544987756e-01
-2.067074577134152547e-01 -3.342623636031072376e-01
-2.071002811744159233e-01 -3.378543491583546055e-01
-2.074461021682610928e-01 -3.414575499503739731e-01
-2.077441074874134264e-01 -3.450715528870355042e-01
-2.079934870089229504e-01 -3.486959282896331391e-01
-2.081934342268959015e-01 -3.523302296375014908e-01
-2.083431467962063299e-01 -3.559739933222607622e-01
-2.084418270872432366e-01 -3.596267384123973954e-01
-2.084886827514579599e-01 -3.632879664288817256e-01
-2.084829272974506043e-01 -3.669571611325258553e-01
-2.084237806773024393e-01 -3.706337883237909026e-01
-2.083104698828351919e-01 -3.743172956557356268e-01
-2.081422295514455401e-01 -3.780071124608038735e-01
-2.079183025811359442e-01 -3.817026495921415630e-01
-2.076379407543307853e-01 -3.854032992801166846e-01
-2.073004053700374660e-01 -3.891084350047147034e-01
-2.069049678838812412e-01 -3.928174113844642990e-01
-2.064509105555131230e-01 -3.965295640825385881e-01
-2.059375271028582588e-01 -4.002442097306566637e-01
-2.053641233626455065e-01 -4.039606458713910220e-01
-2.047300179566243217e-01 -4.076781509194789543e-01
-2.040345429628528939e-01 -4.113959841426927388e-01
-2.032770445914058866e-01 -4.151133856628248520e-01
-2.024568838638280410e-01 -4.188295764772980156e-01
-2.015734372956292098e-01 -4.225437585018965159e-01
-2.006260975810944258e-01 -4.262551146350739839e-01
-1.996142742796531144e-01 -4.299628088442771778e-01
-1.985373945030322052e-01 -4.336659862746768956e-01
-1.973949036023928127e-01 -4.373637733806741146e-01
-1.961862658546318083e-01 -4.410552780805034878e-01
-1.949109651470077309e-01 -4.447395899342341252e-01
-1.935685056592355013e-01 -4.484157803454051905e-01
-1.921584125421765543e-01 -4.520829027865211902e-01
-1.906802325922397900e-01 -4.557399930485618311e-01
-1.891335349205935934e-01 -4.593860695146428363e-01
-1.875179116162826731e-01 -4.630201334579037709e-01
-1.858329784023342868e-01 -4.666411693636601798e-01
-1.840783752839336429e-01 -4.702481452758120462e-01
-1.822537671877453858e-01 -4.738400131674531113e-01
-1.803588445914574290e-01 -4.774157093355775316e-01
-1.783933241426268745e-01 -4.809741548197322136e-01
-1.763569492659103344e-01 -4.845142558444221481e-01
-1.742494907577687435e-01 -4.880349042850192220e-01
-1.720707473677483001e-01 -4.915349781568834064e-01
-1.698205463654491321e-01 -4.950133421273559264e-01
-1.674987440923097759e-01 -4.984688480502402763e-01
-1.651052264973513484e-01 -5.019003355223348173e-01
-1.626399096560501856e-01 -5.053066324615403948e-01
-1.601027402715231307e-01 -5.086865557060205045e-01
-1.574936961572410421e-01 -5.120389116338514013e-01
-1.548127867005127389e-01 -5.153624968025480868e-01
-1.520600533060062209e-01 -5.186560986078272428e-01
-1.492355698186171031e-01 -5.219184959609109997e-01
-1.463394429250154394e-01 -5.251484599836599987e-01
-1.433718125332510418e-01 -5.283447547207658079e-01
-1.403328521298269072e-01 -5.315061378682230941e-01
-1.372227691136957695e-01 -5.346313615172526568e-01
-1.340418051066759597e-01 -5.377191729128298903e-01
-1.307902362398232765e-01 -5.407683152259461501e-01
-1.274683734153458925e-01 -5.437775283387000780e-01
-1.240765625436896780e-01 -5.467455496413098359e-01
-1.206151847554720880e-01 -5.496711148401056679e-01
-1.170846565879911372e-01 -5.525529587755545480e-01
-1.134854301460800352e-01 -5.553898162493625668e-01
-1.098179932371302070e-01 -5.581804228596807249e-01
-1.060828694801585204e-01 -5.609235158434421331e-01
-1.022806183888319287e-01 -5.636178349248577302e-01
-9.841183542842432685e-02 -5.662621231690938561e-01
-9.447715204672069156e-02 -5.688551278401594580e-01
-9.047723567893398156e-02 -5.713956012620435843e-01
-8.641278972674801273e-02 -5.738823016821432699e-01
-8.228455351164284948e-02 -5.763139941360480023e-01
-7.809330220270613299e-02 -5.786894513127478490e-01
-7.383984671917315223e-02 -5.810074544193692958e-01
-6.952503360798797938e-02 -5.832667940445405153e-01
-6.514974489670391500e-02 -5.854662710195359665e-01
-6.071489792209547320e-02 -5.876046972763580012e-01
-5.622144513487128958e-02 -5.896808967019528946e-01
-5.167037388092809991e-02 -5.916937059877813709e-01
-4.706270615960272963e-02 -5.936419754740018817e-01
-4.239949835941181355e-02 -5.955245699875572063e-01
-3.768184097179588798e-02 -5.973403696734891355e-01
-3.291085828340123420e-02 -5.990882708188467465e-01
-2.808770804745852612e-02 -6.007671866685870832e-01
-2.321358113482546726e-02 -6.023760482329132415e-01
-1.828970116528105816e-02 -6.039138050855257234e-01
-1.331732411966257690e-02 -6.053794261523157694e-01
-8.297737933446125425e-03 -6.067719004900570257e-01
-3.232262072373925932e-03 -6.080902380547024144e-01
1.877752909266450221e-03 -6.093334704589283835e-01
7.030925827114342663e-03 -6.105006517186126747e-01
1.222584534136578194e-02 -6.115908589879690549e-01
1.746107044697475796e-02 -6.126031932831024207e-01
2.273513097885535017e-02 -6.135367801937814392e-01
2.804652813153390989e-02 -6.143907705832729604e-01
3.339373499270753554e-02 -6.151643412761008678e-01
3.877519709019983107e-02 -6.158566957336419900e-01
4.418933295181726173e-02 -6.164670647174883555e-01
4.963453467764858407e-02 -6.169947069405472551e-01
5.510916852436359425e-02 -6.174389097058641251e-01
6.061157550111256898e-02 -6.177989895331860160e-01
6.614007197665486282e-02 -6.180742927733053893e-01
7.169295029737962621e-02 -6.182641962102347621e-01
7.726847941591866165e-02 -6.183681076512859143e-01
8.286490553009506765e-02 -6.183854665051363719e-01
8.848045273197963079e-02 -6.183157443479744275e-01
9.411332366688290874e-02 -6.181584454778226156e-01
9.976170020213451228e-02 -6.179131074571387883e-01
1.054237441055604907e-01 -6.175793016437949312e-01
1.110975977335969811e-01 -6.171566337105280908e-01
1.167813847290293250e-01 -6.166447441529483431e-01
1.224732107283858229e-01 -6.160433087861810764e-01
1.281711640790537676e-01 -6.153520392301972119e-01
1.338733165662286118e-01 -6.145706833838747718e-01
1.395777241498492305e-01 -6.136990258878050053e-01
1.452824277116992191e-01 -6.127368885758323058e-01
1.509854538129080659e-01 -6.116841309152868389e-01
1.566848154621031664e-01 -6.105406504358350528e-01
1.623785128945085809e-01 -6.093063831468343849e-01
1.680645343623115850e-01 -6.079813039430417287e-01
1.737408569366392375e-01 -6.065654269984736002e-01
1.794054473215294376e-01 -6.050588061481814162e-01
1.850562626802765842e-01 -6.034615352576416791e-01
1.906912514745741083e-01 -6.017737485794201202e-01
1.963083543168719636e-01 -5.999956210967067882e-01
2.019055048363861404e-01 -5.981273688532637856e-01
2.074806305591969657e-01 -5.961692492692713952e-01
2.130316538028806383e-01 -5.941215614424895097e-01
2.185564925861095964e-01 -5.919846464341008696e-01
2.240530615536450165e-01 -5.897588875385246787e-01
2.295192729171409707e-01 -5.874447105364368760e-01
2.349530374121537313e-01 -5.850425839301619524e-01
2.403522652717220431e-01 -5.825530191605371444e-01
2.457148672168623649e-01 -5.799765708042843304e-01
2.510387554642825592e-01 -5.773138367508651170e-01
2.563218447515735465e-01 -5.745654583577231023e-01
2.615620533800961933e-01 -5.717321205827626818e-01
2.667573042757236945e-01 -5.688145520928513665e-01
2.719055260675382057e-01 -5.658135253470721882e-01
2.770046541845236909e-01 -5.627298566534043589e-01
2.820526319702174600e-01 -5.595644061974511807e-01
2.870474118152085974e-01 -5.563180780417931182e-01
2.919869563072892138e-01 -5.529918200944957674e-01
2.968692393989821876e-01 -5.495866240452680351e-01
3.016922475920608138e-01 -5.461035252677266527e-01
3.064539811386001178e-01 -5.425436026862033856e-01
3.111524552579726932e-01 -5.389079786055017696e-01
3.157857013691126591e-01 -5.351978185020017653e-01
3.203517683372535396e-01 -5.314143307744993994e-01
3.248487237342306821e-01 -5.275587664531715681e-01
3.292746551113148179e-01 -5.236324188650620659e-01
3.336276712834415070e-01 -5.196366232545026609e-01
3.379059036235519953e-01 -5.155727563569094674e-01
3.421075073656610344e-01 -5.114422359244288341e-01
3.462306629151256643e-01 -5.072465202019523778e-01
3.502735771644676643e-01 -5.029871073520720826e-01
3.542344848129840851e-01 -4.986655348276179955e-01
3.581116496882434941e-01 -4.942833786904851090e-01
3.619033660674542130e-01 -4.898422528755517757e-01
3.656079599965681437e-01 -4.853438083985798235e-01
3.692237906048644325e-01 -4.807897325070960015e-01
3.727492514126543033e-01 -4.761817477733706339e-01
3.761827716296270441e-01 -4.715216111287338641e-01
3.795228174412784150e-01 -4.668111128386103204e-01
3.827678932807490608e-01 -4.620520754177961376e-01
3.859165430833284560e-01 -4.572463524856601458e-01
3.889673515207940913e-01 -4.523958275611172919e-01
3.919189452127017637e-01 -4.475024127973942223e-01
3.947699939116666723e-01 -4.425680476567909194e-01
3.975192116596457104e-01 -4.375946975258298566e-01
4.001653579121914883e-01 -4.325843522713843647e-01
4.027072386276213112e-01 -4.275390247385738585e-01
4.051437073180504944e-01 -4.224607491914287860e-01
4.074736660592234716e-01 -4.173515796975321157e-01
4.096960664561184462e-01 -4.122135884580660492e-01
4.118099105613169386e-01 -4.070488640849045936e-01
4.138142517431902534e-01 -4.018595098266144472e-01
4.157081955010114016e-01 -3.966476417454421477e-01
4.174909002241887768e-01 -3.914153868475868658e-01
4.191615778929039249e-01 -3.861648811692682814e-01
4.207194947175559863e-01 -3.808982678213136963e-01
4.221639717145300730e-01 -3.756176949951955391e-01
4.234943852159624988e-01 -3.703253139336488142e-01
4.247101673113162223e-01 -3.650232768691937801e-01
4.258108062187648812e-01 -3.597137349340743251e-01
4.267958465845517191e-01 -3.543988360452968722e-01
4.276648897087065859e-01 -3.490807227686215652e-01
4.284175936956911013e-01 -3.437615301655096989e-01
4.290536735287848735e-01 -3.384433836271726892e-01
4.295729010672392767e-01 -3.331283966999941115e-01
4.299751049654755852e-01 -3.278186689067101312e-01
4.302601705138526800e-01 -3.225162835678272444e-01
4.304280394007821142e-01 -3.172233056278419561e-01
4.304787093962310629e-01 -3.119417794908858621e-01
4.304122339569237399e-01 -3.066737268704697317e-01
4.302287217538125486e-01 -3.014211446580284393e-01
4.299283361226694522e-01 -2.961860028149783663e-01
4.295112944389192777e-01 -2.909702422929931753e-01
4.289778674180883544e-01 -2.857757729871798213e-01
4.283283783435413161e-01 -2.806044717267889843e-01
4.275632022233990526e-01 -2.754581803080394797e-01
4.266827648788300564e-01 -2.703387035735498323e-01
4.256875419661156346e-01 -2.652478075427817661e-01
4.245780579351631223e-01 -2.601872175977829604e-01
4.233548849273428560e-01 -2.551586167283875772e-01
4.220186416157669651e-01 -2.501636438408949559e-01
4.205699919913127305e-01 -2.452038921340818634e-01
4.190096440978989256e-01 -2.402809075462366828e-01
4.173383487206946407e-01 -2.353961872767204033e-01
4.155568980310995753e-01 -2.305511783853615437e-01
4.136661241924823318e-01 -2.257472764727894987e-01
4.116668979307878118e-01 -2.209858244445974673e-01
4.095601270742323385e-01 -2.162681113620011919e-01
4.073467550663967263e-01 -2.115953713814376635e-01
4.050277594571018436e-01 -2.069687827853082251e-01
4.026041503754878015e-01 -2.023894671058425465e-01
4.000769689897737402e-01 -1.978584883438124775e-01
3.974472859581623108e-01 -1.933768522835912218e-01
3.947161998753680456e-01 -1.889455059058117725e-01
3.918848357192060705e-01 -1.845653368986381881e-01
3.889543433016418028e-01 -1.802371732684313055e-01
3.859258957286366143e-01 -1.759617830503562019e-01
3.828006878730407792e-01 -1.717398741192514011e-01
3.795799348646913263e-01 -1.675720941008604081e-01
3.762648706017526767e-01 -1.634590303833086677e-01
3.728567462872053317e-01 -1.594012102285052301e-01
3.693568289942518179e-01 -1.553991009829451819e-01
3.657664002642367351e-01 -1.514531103872044926e-01
3.620867547405136611e-01 -1.475635869832318536e-01
3.583191988415029838e-01 -1.437308206183762205e-01
3.544650494759946646e-01 -1.399550430449250649e-01
3.505256328035330493e-01 -1.362364286137812686e-01
3.465022830425253386e-01 -1.325750950607611500e-01
3.423963413284766832e-01 -1.289711043838742133e-01
3.382091546245389879e-01 -1.254244638098198639e-01
3.339420746863241418e-01 -1.219351268478316985e-01
3.295964570826964146e-01 -1.185029944288999992e-01
3.251736602740231130e-01 -1.151279161283129127e-01
3.206750447491130696e-01 -1.118096914693806343e-01
3.161019722218406103e-01 -1.085480713061298674e-01
3.114558048882083430e-01 -1.053427592826984283e-01
3.067379047443534734e-01 -1.021934133670990841e-01
3.019496329657744282e-01 -9.909964745697452670e-02
2.970923493478084820e-01 -9.606103305491980882e-02
2.921674118071655446e-01 -9.307710101091148935e-02
2.871761759440780160e-01 -9.014734332934215555e-02
2.821199946644191159e-01 -8.727121503813206616e-02
2.770002178608991228e-01 -8.444813611735307868e-02
2.718181921522391242e-01 -8.167749348477104654e-02
2.665752606790043888e-01 -7.895864303568200793e-02
2.612727629545609220e-01 -7.629091173438029561e-02
2.559120347694142650e-01 -7.367359975456444499e-02
2.504944081469716588e-01 -7.110598266594164718e-02
2.450212113485703558e-01 -6.858731366424614118e-02
2.394937689253971436e-01 -6.611682584183187217e-02
2.339134018147247807e-01 -6.369373449593818126e-02
2.282814274776648056e-01 -6.131723947165496069e-02
2.225991600754394784e-01 -5.898652753652794400e-02
2.168679106809356938e-01 -5.670077478365398438e-02
2.110889875220872403e-01 -5.445914906000143274e-02
2.052636962533981591e-01 -5.226081241657176690e-02
1.993933402516612496e-01 -5.010492357687690301e-02
1.934792209316945899e-01 -4.799064042005013464e-02
1.875226380776326418e-01 -4.591712247473872521e-02
1.815248901850537722e-01 -4.388353341973100230e-02
1.754872748089363887e-01 -4.188904358706940778e-02
1.694110889121576979e-01 -3.993283246316797763e-02
1.632976292089596826e-01 -3.801409118321974479e-02
1.571481924975307587e-01 -3.613202501391804544e-02
1.509640759755799810e-01 -3.428585581925069903e-02
1.447465775325417203e-01 -3.247482450384669983e-02
1.384969960118304089e-01 -3.069819342807483808e-02
1.322166314364063566e-01 -2.895524878880728625e-02
1.259067851908082791e-01 -2.724530295948440761e-02
1.195687601527992833e-01 -2.556769678285109038e-02
1.132038607678452630e-01 -2.392180180948649815e-02
1.068133930598611780e-01 -2.230702247503418834e-02
1.003986645720030269e-01 -2.072279820885536417e-02
9.396098423179483072e-02 -1.916860546669840737e-02
8.750166213557583617e-02 -1.764395967990278757e-02
8.102200924813056371e-02 -1.614841711364439769e-02
7.452333701444563419e-02 -1.468157662680441566e-02
6.800695688183433507e-02 -1.324308132619145262e-02
6.147417973213149117e-02 -1.183262010809654763e-02
5.492631522531951638e-02 -1.044992908049674485e-02
4.836467105774551467e-02 -9.094792859662081952e-03
4.179055213997823898e-02 -7.767045735449951138e-03
3.520525970131781202e-02 -6.466572700194461731e-03
2.861009032991294193e-02 -5.193310336801648663e-03
2.200633495932084738e-02 -3.947247562436861923e-03
1.539527781407466767e-02 -2.728426225021340912e-03
8.778195328347976334e-03 -1.536941550629222775e-03
2.156355053050978965e-03 -3.729424407699077904e-04
-4.468985432395031210e-03 7.633683805615687490e-04
-1.109657958682384177e-02 1.871734369298660994e-03
-1.772519293573260324e-02 2.951845311567780072e-03
-2.435360404471574591e-02 4.003337619386926338e-03
-3.098060542202449308e-02 5.025794768646063559e-03
-3.760500433543552401e-02 6.018747875555896520e-03
-4.422562353005869695e-02 6.981676407170733789e-03
-5.084130183542386050e-02 7.914009021098289409e-03
-5.745089465214315433e-02 8.815124529105156093e-03
-6.405327431053844944e-02 9.684352979009824836e-03
-7.064733029577795198e-02 1.052097684901776020e-02
-7.723196933626098881e-02 1.132423234850404858e-02
-8.380611535407041235e-02 1.209331081915504535e-02
-9.036870927832149625e-02 1.282736023036784578e-02
-9.691870872404985404e-02 1.352548676283477080e-02
-1.034550875409019216e-01 1.418675647432393605e-02
-1.099768352372971908e-01 1.481019704178626606e-02
-1.164829562868951313e-01 1.539479957407352551e-02
-1.229724693251419559e-01 1.593952048972885338e-02
-1.294444062443821930e-01 1.644328345451057105e-02
-1.358978111965210844e-01 1.690498137352020036e-02
-1.423317395125493767e-01 1.732347843303072565e-02
-1.487452565483757538e-01 1.769761218733278962e-02
-1.551374364664420968e-01 1.802619568615304591e-02
-1.615073609624742557e-01 1.830801963842187963e-02
-1.678541179465322664e-01 1.854185460839663513e-02
-1.741768001872570637e-01 1.872645324036703585e-02
-1.804745039278931318e-01 1.886055250838020170e-02
-1.867463274823147057e-01 1.894287598762922631e-02
-1.929913698189240079e-01 1.897213614434190010e-02
-1.992087291399096127e-01 1.894703664118935205e-02
-2.053975014629930151e-01 1.886627465540563486e-02
-2.115567792124171120e-01 1.872854320696148989e-02
-2.176856498255996808e-01 1.853253349428474195e-02
-2.237831943815404012e-01 1.827693723514345336e-02
-2.298484862567570230e-01 1.796044901042004316e-02
-2.358805898142512514e-01 1.758176860860932722e-02
-2.418785591307152372e-01 1.713960336894709835e-02
-2.478414367669519447e-01 1.663267052114808520e-02
-2.537682525862453575e-01 1.605969951978652999e-02
-2.596580226251798962e-01 1.541943437138187933e-02
-2.655097480212157968e-01 1.471063595228239151e-02
-2.713224140011079033e-01 1.393208431544296078e-02
-2.770949889340711958e-01 1.308258098418935145e-02
-2.828264234534023647e-01 1.216095123104599107e-02
-2.885156496500728696e-01 1.116604633966972182e-02
-2.941615803416303687e-01 1.009674584789538310e-02
-2.997631084195479523e-01 8.951959769847028792e-03
-3.053191062779704867e-01 7.730630795006521172e-03
-3.108284253266133668e-01 6.431736462068127214e-03
-3.162898955903642451e-01 5.054291305329305928e-03
-3.217023253979271469e-01 3.597348971291602915e-03
-3.270645011616451492e-01 2.060004303060747333e-03
-3.323751872503927229e-01 4.413953900483935655e-04
-3.376331259572203369e-01 -1.259294419606316051e-03
-3.428370375631765166e-01 -3.042834546569617160e-03
-3.479856204984970169e-01 -4.909945250552216756e-03
-3.530775516020818738e-01 -6.861295746098061699e-03
-3.581114864799295749e-01 -8.897502366835008392e-03
-3.630860599629151531e-01 -1.101912678117888955e-02
-3.679998866640233346e-01 -1.322667426254192646e-02
-3.728515616348645478e-01 -1.552059201715638714e-02
-3.776396611210046661e-01 -1.790126757266885527e-02
-3.823627434153511473e-01 -2.036902723069344834e-02
-3.870193498085287009e-01 -2.292413458654113390e-02
-3.916080056348836269e-01 -2.556678911934423537e-02
-3.961272214124482161e-01 -2.829712485579632952e-02
-4.005754940748876836e-01 -3.111520911070531081e-02
-4.049513082931605612e-01 -3.402104130751992805e-02
-4.092531378843089485e-01 -3.701455188193975010e-02
-4.134794473045064755e-01 -4.009560127164740750e-02
-4.176286932231989546e-01 -4.326397899511275069e-02
-4.216993261748833710e-01 -4.651940282231642465e-02
-4.256897922847963089e-01 -4.986151804011351718e-02
-4.295985350645186163e-01 -5.328989681481954843e-02
-4.334239972732437662e-01 -5.680403765443647890e-02
-4.371646228402104595e-01 -6.040336497276760364e-02
-4.408188588435827393e-01 -6.408722875746791781e-02
-4.443851575408325760e-01 -6.785490434387358993e-02
-4.478619784454954678e-01 -7.170559229622269770e-02
-4.512477904449829214e-01 -7.563841839764362529e-02
-4.545410739539842426e-01 -7.965243375002778459e-02
-4.577403230978405735e-01 -8.374661498464680554e-02
-4.608440479201714179e-01 -8.791986458408229677e-02
-4.638507766089198237e-01 -9.217101131576521666e-02
-4.667590577349355341e-01 -9.649881077711147670e-02
-4.695674624971414302e-01 -1.009019460519501310e-01
-4.722745869683196984e-01 -1.053790284776287001e-01
-4.748790543355541072e-01 -1.099285985218673711e-01
-4.773795171293838679e-01 -1.145491267681301162e-01
-4.797746594357709671e-01 -1.192390150079651601e-01
-4.820631990850716697e-01 -1.239965974384592273e-01
-4.842438898122853885e-01 -1.288201419626474886e-01
-4.863155233829752899e-01 -1.337078515904267795e-01
-4.882769316794164371e-01 -1.386578659372202926e-01
-4.901269887416691007e-01 -1.436682628173759912e-01
-4.918646127584833105e-01 -1.487370599289973006e-01
-4.934887680031339041e-01 -1.538622166266634117e-01
-4.949984667095168600e-01 -1.590416357782437617e-01
-4.963927708840839559e-01 -1.642731657017947877e-01
-4.976707940494422555e-01 -1.695546021783147228e-01
-4.988317029157326443e-01 -1.748836905359450189e-01
-4.998747189761736376e-01 -1.802581278010350063e-01
-5.007991200234604978e-01 -1.856755649113433215e-01
-5.016042415840213931e-01 -1.911336089865107724e-01
-5.022894782674296454e-01 -1.966298256508447195e-01
-5.028542850286099597e-01 -2.021617414033613225e-01
-5.032981783407808329e-01 -2.077268460299751818e-01
-5.036207372774115232e-01 -2.133225950526838610e-01
-5.038216045017872569e-01 -2.189464122105781452e-01
-5.039004871631037608e-01 -2.245956919675138330e-01
-5.038571576983237321e-01 -2.302678020413060078e-01
-5.036914545393468279e-01 -2.359600859493544422e-01
-5.034032827253388520e-01 -2.416698655656797923e-01
-5.029926144203750171e-01 -2.473944436844300321e-01
-5.024594893368221626e-01 -2.531311065850302966e-01
-5.018040150651723597e-01 -2.588771265942688693e-01
-5.010263673112876903e-01 -2.646297646407537174e-01
-5.001267900422786683e-01 -2.703862727973224134e-01
-4.991055955424515966e-01 -2.761438968071694977e-01
-4.979631643809929176e-01 -2.818998785896230652e-01
-4.966999452932450154e-01 -2.876514587217013919e-01
-4.953164549776187253e-01 -2.933958788917812033e-01
-4.938132778103489495e-01 -2.991303843219161873e-01
-4.921910654804424468e-01 -3.048522261555598467e-01
-4.904505365473050826e-01 -3.105586638076708317e-01
-4.885924759236350834e-01 -3.162469672743956073e-01
-4.866177342862743616e-01 -3.219144193997562353e-01
-4.845272274177697125e-01 -3.275583180969925401e-01
-4.823219354814688997e-01 -3.331759785224319703e-01
-4.800029022330045136e-01 -3.387647351999888978e-01
-4.775712341710553477e-01 -3.443219440946058141e-01
-4.750280996302714276e-01 -3.498449846331717628e-01
-4.723747278192499954e-01 -3.553312616716544081e-01
-4.696124078064345952e-01 -3.607782074073880296e-01
-4.667424874567614457e-01 -3.661832832356536338e-01
-4.637663723218459211e-01 -3.715439815498691178e-01
-4.606855244864410670e-01 -3.768578274848836673e-01
-4.575014613738270230e-01 -3.821223806030418224e-01
-4.542157545127243901e-01 -3.873352365228275862e-01
-4.508300282682305427e-01 -3.924940284900503840e-01
-4.473459585391948434e-01 -3.975964288916639666e-01
-4.437652714243445762e-01 -4.026401507124313106e-01
-4.400897418593785471e-01 -4.076229489347539814e-01
-4.363211922271346133e-01 -4.125426218820853475e-01
-4.324614909428253218e-01 -4.173970125064291881e-01
-4.285125510162400286e-01 -4.221840096204994008e-01
-4.244763285926840268e-01 -4.269015490751770781e-01
-4.203548214743257905e-01 -4.315476148829516800e-01
-4.161500676235109220e-01 -4.361202402880718920e-01
-4.118641436494930863e-01 -4.406175087841593396e-01
-4.074991632799297991e-01 -4.450375550800582669e-01
-4.030572758183885163e-01 -4.493785660146991656e-01
-3.985406645890140487e-01 -4.536387814217568426e-01
-3.939515453694142355e-01 -4.578164949448726428e-01
-3.892921648127387613e-01 -4.619100548041919496e-01
-3.845647988598411282e-01 -4.659178645149467668e-01
-3.797717511423460146e-01 -4.698383835587783830e-01
-3.749153513773728630e-01 -4.736701280084598675e-01
-3.699979537546143060e-01 -4.774116711066380692e-01
-3.650219353164050329e-01 -4.810616437991627192e-01
-3.599896943313879438e-01 -4.846187352235286627e-01
-3.549036486623337594e-01 -4.880816931528961788e-01
-3.497662341286523757e-01 -4.914493243961040037e-01
-3.445799028641103878e-01 -4.947204951540349893e-01
-3.393471216702570459e-01 -4.978941313326330498e-01
-3.340703703660520274e-01 -5.009692188128165302e-01
-3.287521401342027305e-01 -5.039448036774775153e-01
-3.233949318647180160e-01 -5.068199923957018571e-01
-3.180012544962069199e-01 -5.095939519642919135e-01
-3.125736233554732846e-01 -5.122659100066273563e-01
-3.071145584959988906e-01 -5.148351548288518931e-01
-3.016265830359220468e-01 -5.173010354333320571e-01
-2.961122214961851018e-01 -5.196629614892970261e-01
-2.905739981395574212e-01 -5.219204032605396781e-01
-2.850144353112915585e-01 -5.240728914900258939e-01
-2.794360517822387924e-01 -5.261200172412453524e-01
-2.738413610952929456e-01 -5.280614316961147470e-01
-2.682328699161087293e-01 -5.298968459092455729e-01
-2.626130763890959230e-01 -5.316260305183746482e-01
-2.569844684997576456e-01 -5.332488154107744016e-01
-2.513495224445126963e-01 -5.347650893454598542e-01
-2.457107010092071109e-01 -5.361747995310368609e-01
-2.400704519575830032e-01 -5.374779511590596082e-01
-2.344312064310464794e-01 -5.386746068927957820e-01
-2.287953773611327846e-01 -5.397648863113467810e-01
-2.231653578961338424e-01 -5.407489653091063220e-01
-2.175435198434134132e-01 -5.416270754506046226e-01
-2.119322121289868299e-01 -5.423995032808414107e-01
-2.063337592759956762e-01 -5.430665895912754060e-01
-2.007504599037548410e-01 -5.436287286417174069e-01
-1.951845852490945166e-01 -5.440863673384432886e-01
-1.896383777117466307e-01 -5.444400043689339164e-01
-1.841140494255676385e-01 -5.446901892937298095e-01
-1.786137808574043695e-01 -5.448375215959873064e-01
-1.731397194354260261e-01 -5.448826496894093596e-01
-1.676939782087644160e-01 -5.448262698853295616e-01
-1.622786345402938146e-01 -5.446691253198241434e-01
-1.568957288343877654e-01 -5.444120048418319424e-01
-1.515472633014663395e-01 -5.440557418633612530e-01
-1.462352007611354976e-01 -5.436012131729729413e-01
-1.409614634856822812e-01 -5.430493377138247979e-01
-1.357279320856613902e-01 -5.424010753276728991e-01
-1.305364444392489442e-01 -5.416574254663220067e-01
-1.253887946670055320e-01 -5.408194258721196190e-01
-1.202867321536075229e-01 -5.398881512291808793e-01
-1.152319606180541856e-01 -5.388647117871305792e-01
-1.102261372337760836e-01 -5.377502519592362029e-01
-1.052708717999798482e-01 -5.365459488968828961e-01
-1.003677259654888188e-01 -5.352530110424368326e-01
-9.551821250623138138e-02 -5.338726766626034070e-01
-9.072379465743160565e-02 -5.324062123644605071e-01
-8.598588550145183640e-02 -5.308549115964144027e-01
-8.130584741211693833e-02 -5.292200931363653105e-01
-7.668499155624486363e-02 -5.275030995694369729e-01
-7.212457745297840006e-02 -5.257052957576471286e-01
-6.762581259139421874e-02 -5.238280673039406032e-01
-6.318985210674038511e-02 -5.218728190130202949e-01
-5.881779851552465521e-02 -5.198409733514373077e-01
-5.451070150954206994e-02 -5.177339689094003772e-01
-5.026955780881164904e-02 -5.155532588667685046e-01
-4.609531107325026689e-02 -5.133003094656792831e-01
-4.198885187279205455e-02 -5.109765984922515214e-01
-3.795101771552772396e-02 -5.085836137697655746e-01
-3.398259313331397635e-02 -5.061228516657040322e-01
-3.008430982417720223e-02 -5.035958156149780152e-01
-2.625684685071938418e-02 -5.010040146616272505e-01
-2.250083089361243349e-02 -4.983489620212171456e-01
-1.881683655915189490e-02 -4.956321736660927457e-01
-1.520538673973637067e-02 -4.928551669355810683e-01
-1.166695302603276696e-02 -4.900194591731483751e-01
-8.201956169482382819e-03 -4.871265663924438938e-01
-4.810766593722037854e-03 -4.841780019740633545e-01
-1.493704953390073698e-03 -4.811752753947767247e-01
1.748957261277217512e-03 -4.781198909908621619e-01
4.916997075746221135e-03 -4.750133467570817891e-01
8.010239340121017015e-03 -4.718571331827356996e-01
1.102855599752944338e-02 -4.686527321261112489e-01
1.397186531381799934e-02 -4.654016157285325583e-01
1.684013107046866686e-02 -4.621052453691060768e-01
1.963336172268842494e-02 -4.587650706611354767e-01
2.235160952465853335e-02 -4.553825284910557603e-01
2.499496962395231225e-02 -4.519590421006339787e-01
2.756357912715629022e-02 -4.484960202130419127e-01
3.005761613873736415e-02 -4.449948562033105848e-01
3.247729877520638686e-02 -4.414569273135408034e-01
3.482288415663092884e-02 -4.378835939131381361e-01
3.709466737753863708e-02 -4.342761988042156962e-01
3.929298045924478622e-02 -4.306360665722090419e-01
4.141819128561596841e-02 -4.269645029816224735e-01
4.347070252425971892e-02 -4.232627944167283163e-01
4.545095053509945471e-02 -4.195322073669308649e-01
4.735940426826240612e-02 -4.157739879564087415e-01
4.919656415316586706e-02 -4.119893615175517221e-01
5.096296098065006275e-02 -4.081795322076086086e-01
5.265915477995136706e-02 -4.043456826678852867e-01
5.428573369226641354e-02 -4.004889737247347981e-01
5.584331284260013462e-02 -3.966105441315103119e-01
5.733253321153664039e-02 -3.927115103505681715e-01
5.875406050850862094e-02 -3.887929663743436848e-01
6.010858404808699929e-02 -3.848559835844547194e-01
6.139681563074245174e-02 -3.809016106477224328e-01
6.261948842947090421e-02 -3.769308734479479561e-01
6.377735588360738950e-02 -3.729447750522267846e-01
6.487119060108526014e-02 -3.689442957105452114e-01
6.590178327033413552e-02 -3.649303928873504632e-01
6.686994158294073953e-02 -3.609040013237564959e-01
6.777648916812667457e-02 -3.568660331290151033e-01
6.862226454003717002e-02 -3.528173778998500709e-01
6.940812005876195734e-02 -3.487589028662407276e-01
7.013492090594697359e-02 -3.446914530622082196e-01
7.080354407579064757e-02 -3.406158515201545556e-01
7.141487738215535064e-02 -3.365328994872957002e-01
7.196981848246158942e-02 -3.324433766627168385e-01
7.246927391897134418e-02 -3.283480414535896452e-01
7.291415817801272237e-02 -3.242476312490766843e-01
7.330539276763520240e-02 -3.201428627104755953e-01
7.364390531413178564e-02 -3.160344320761467873e-01
7.393062867781613479e-02 -3.119230154797970611e-01
7.416650008838293617e-02 -3.078092692806955188e-01
7.435246030013997753e-02 -3.036938304044307646e-01
7.448945276734875165e-02 -2.995773166928356601e-01
7.457842283986809706e-02 -2.954603272617230547e-01
7.462031697925425311e-02 -2.913434428651252017e-01
7.461608199543146025e-02 -2.872272262647438401e-01
7.456666430400860079e-02 -2.831122226033519484e-01
7.447300920428689963e-02 -2.789989597809398592e-01
7.433606017796590137e-02 -2.748879488324148523e-01
7.415675820853206979e-02 -2.707796843057231895e-01
7.393604112128210337e-02 -2.666746446392905812e-01
7.367484294390913568e-02 -2.625732925377341487e-01
7.337409328755761795e-02 -2.584760753448305803e-01
7.303471674823508453e-02 -2.543834254127868011e-01
7.265763232844313357e-02 -2.502957604668984981e-01
7.224375287888312736e-02 -2.462134839647345808e-01
7.179398456007002327e-02 -2.421369854490443840e-01
7.130922632367892033e-02 -2.380666408936198408e-01
7.079036941344030165e-02 -2.340028130414224250e-01
7.023829688538707483e-02 -2.299458517343216934e-01
6.965388314725229346e-02 -2.258960942338547884e-01
6.903799351681161323e-02 -2.218538655324756859e-01
6.839148379896031749e-02 -2.178194786548187933e-01
6.771519988130997314e-02 -2.137932349485590355e-01
6.700997734809471806e-02 -2.097754243645130190e-01
6.627664111217151932e-02 -2.057663257256856226e-01
6.551600506490523612e-02 -2.017662069850237327e-01
6.472887174372793373e-02 -1.977753254717046771e-01
6.391603201716972160e-02 -1.937939281258448110e-01
6.307826478715922169e-02 -1.898222517215744642e-01
6.221633670839987751e-02 -1.858605230784919349e-01
6.133100192463319944e-02 -1.819089592615613649e-01
6.042300182160464939e-02 -1.779677677695900018e-01
5.949306479655980251e-02 -1.740371467124725291e-01
5.854190604410025589e-02 -1.701172849774529316e-01
5.757022735823785764e-02 -1.662083623847112057e-01
5.657871695049604410e-02 -1.623105498326407881e-01
5.556804928390923770e-02 -1.584240094332359239e-01
5.453888492278197164e-02 -1.545488946380593198e-01
5.349187039807462574e-02 -1.506853503553174378e-01
5.242763808829031813e-02 -1.468335130586171655e-01
5.134680611573810838e-02 -1.429935108880180661e-01
5.024997825805921359e-02 -1.391654637440451481e-01
4.913774387490021933e-02 -1.353494833753572379e-01
4.801067784962481655e-02 -1.315456734608154987e-01
4.686934054595215393e-02 -1.277541296867100717e-01
4.571427777941272641e-02 -1.239749398199380820e-01
4.454602080351299787e-02 -1.202081837779554602e-01
4.336508631049063034e-02 -1.164539336963256039e-01
4.217197644654552269e-02 -1.127122539947121582e-01
4.096717884141642951e-02 -1.089832014421585060e-01
3.975116665217481859e-02 -1.052668252225081591e-01
3.852439862108719693e-02 -1.015631670008018683e-01
3.728731914739286113e-02 -9.787226099147715297e-02
3.604035837282670851e-02 -9.419413402918699885e-02
3.478393228070142396e-02 -9.052880564301410415e-02
3.351844280834653800e-02 -8.687628813483486145e-02
3.224427797268064610e-02 -8.323658666254832306e-02
3.096181200867781369e-02 -7.960969932884164046e-02
2.967140552045754998e-02 -7.599561727611010842e-02
2.837340564471474424e-02 -7.239432478810517435e-02
2.706814622617331745e-02 -6.880579939881380225e-02
2.575594800472436052e-02 -6.523001200901207275e-02
2.443711881388582752e-02 -6.166692701087722606e-02
2.311195379018943230e-02 -5.811650242095353636e-02
2.178073559307686091e-02 -5.457869002171347739e-02
2.044373463486021114e-02 -5.105343551186243556e-02
1.910120932027270513e-02 -4.754067866546987653e-02
1.775340629511512613e-02 -4.404035349992893589e-02
1.640056070347317707e-02 -4.055238845266900816e-02
1.504289645296219557e-02 -3.707670656646649965e-02
1.368062648743090248e-02 -3.361322568313285242e-02
1.231395306653820798e-02 -3.016185864527559657e-02
1.094306805159833695e-02 -2.672251350577034557e-02
9.568153197074769079e-03 -2.329509374451066428e-02
8.189380447089611437e-03 -1.987949849194090013e-02
6.806912236307360864e-03 -1.647562275882724636e-02
5.420901794542298813e-03 -1.308335767166626806e-02
4.031493454437540258e-03 -9.702590713093678376e-03
2.638822961559317282e-03 -6.333205966606192394e-03
1.243017786255129487e-03 -2.975084364890051569e-03
-1.558025633686122013e-04 3.718960589774722436e-04
-1.557526227994709966e-03 3.707859918218509021e-03
-2.962048683788298664e-03 7.032934217691022560e-03
-4.369272429854575979e-03 1.034724809865125716e-02
-5.779106677052781027e-03 1.365093258370833618e-02
-7.191467038744847606e-03 1.694412032273270863e-02
-8.606275224032067239e-03 2.022694534047139725e-02
-1.002345873400994902e-02 2.349954278659630025e-02
-1.144295056154487344e-02 2.676204868889445199e-02
-1.286468889505032465e-02 3.001459971028203055e-02
-1.428861682670451438e-02 3.325733291027918592e-02
-1.571468206553089386e-02 3.649038551156535970e-02
-1.714283665572269300e-02 3.971389467217981140e-02
-1.857303670056481559e-02 4.292799726390089665e-02
-2.000524209227344530e-02 4.613282965728526808e-02
-2.143941624803979984e-02 4.932852751381133771e-02
-2.287552585253344040e-02 5.251522558552074171e-02
-2.431354060708712517e-02 5.569305752250194863e-02
-2.575343298575466511e-02 5.886215568852451452e-02
-2.719517799840082128e-02 6.202265098506845598e-02
-2.863875296095308443e-02 6.517467268396814895e-02
-3.008413727291547879e-02 6.831834826882465794e-02
-3.153131220221944142e-02 7.145380328531675262e-02
-3.298026067745429835e-02 7.458116120048319253e-02
-3.443096708750087442e-02 7.770054327101783009e-02
-3.588341708856612744e-02 8.081206842058223649e-02
-3.733759741859071779e-02 8.391585312609663172e-02
-3.879349571898671467e-02 8.701201131294632185e-02
-4.025110036364154542e-02 9.010065425900626312e-02
-4.171040029510220126e-02 9.318189050735503631e-02
-4.317138486784738438e-02 9.625582578753050234e-02
-4.463404369852963516e-02 9.932256294514846262e-02
-4.609836652306831262e-02 1.023822018796937960e-01
-4.756434306045120852e-02 1.054348394902630826e-01
-4.903196288310524009e-02 1.084805696290396665e-01
-5.050121529367590512e-02 1.115194830622455030e-01
-5.197208920805751475e-02 1.145516674383239980e-01
-5.344457304450478397e-02 1.175772072630853760e-01
-5.491865461865558240e-02 1.205961838815440279e-01
-5.639432104428659942e-02 1.236086754661694098e-01
-5.787155863962573088e-02 1.266147570112703402e-01
-5.935035283903888903e-02 1.296145003332279111e-01
-6.083068810991265618e-02 1.326079740762922676e-01
-6.231254787455126065e-02 1.355952437236619956e-01
-6.379591443690713071e-02 1.385763716135595125e-01
-6.528076891396622505e-02 1.415514169600249894e-01
-6.676709117161555573e-02 1.445204358781562726e-01
-6.825485976481332484e-02 1.474834814135183025e-01
-6.974405188189325422e-02 1.504406035754577708e-01
-7.123464329283879515e-02 1.533918493740685784e-01
-7.272660830135624366e-02 1.563372628605475823e-01
-7.421991970059416133e-02 1.592768851706998778e-01
-7.571454873234856331e-02 1.622107545713530052e-01
-7.721046504960715762e-02 1.651389065094525654e-01
-7.870763668228192289e-02 1.680613736636120958e-01
-8.020603000599096921e-02 1.709781859979062346e-01
-8.170560971375279147e-02 1.738893708176994235e-01
-8.320633879046007708e-02 1.767949528273153048e-01
-8.470817849000628064e-02 1.796949541893529956e-01
-8.621108831494395108e-02 1.825893945854747957e-01
-8.771502599855485194e-02 1.854782912784867510e-01
-8.921994748922151830e-02 1.883616591755517822e-01
-9.072580693699205945e-02 1.912395108923778952e-01
-9.223255668223379056e-02 1.941118568182311765e-01
-9.374014724627827144e-02 1.969787051816347390e-01
-9.524852732396466015e-02 1.998400621166210311e-01
-9.675764377798690141e-02 2.026959317294056429e-01
-9.826744163496448081e-02 2.055463161653692805e-01
-9.977786408315181266e-02 2.083912156762343648e-01
-1.012888524717095451e-01 2.112306286873288086e-01
-1.028003463114623428e-01 2.140645518648364165e-01
-1.043122832770760344e-01 2.168929801829445336e-01
-1.058245992105840139e-01 2.197159069907980711e-01
-1.073372281261996131e-01 2.225333240791778633e-01
-1.088501022163574916e-01 2.253452217468293606e-01
-1.103631518589217042e-01 2.281515888663654679e-01
-1.118763056255090982e-01 2.309524129496806355e-01
-1.133894902908780256e-01 2.337476802128138631e-01
-1.149026308433284127e-01 2.365373756401981109e-01
-1.164156504960709992e-01 2.393214830482498778e-01
-1.179284706995191168e-01 2.420999851482409093e-01
-1.194410111544638164e-01 2.448728636084148702e-01
-1.209531898260886029e-01 2.476400991152969688e-01
-1.224649229587890797e-01 2.504016714341660843e-01
-1.239761250917614244e-01 2.531575594686487629e-01
-1.254867090753228887e-01 2.559077413194010275e-01
-1.269965860879359587e-01 2.586521943418533254e-01
-1.285056656539002029e-01 2.613908952029842525e-01
-1.300138556616869390e-01 2.641238199371024886e-01
-1.315210623828861891e-01 2.668509440006139322e-01
-1.330271904917392778e-01 2.695722423257519984e-01
-1.345321430852311484e-01 2.722876893732519843e-01
-1.360358217037210826e-01 2.749972591839581759e-01
-1.375381263520812358e-01 2.777009254293412721e-01
-1.390389555213285555e-01 2.803986614609194072e-01
-1.405382062107230490e-01 2.830904403585703388e-01
-1.420357739503148031e-01 2.857762349777223099e-01
-1.435315528239147764e-01 2.884560179954171466e-01
-1.450254354924777056e-01 2.911297619552407623e-01
-1.465173132178727022e-01 2.937974393111116855e-01
-1.480070758870239978e-01 2.964590224699240051e-01
-1.494946120364069042e-01 2.991144838330437317e-01
-1.509798088768803115e-01 3.017637958366531370e-01
-1.524625523188386234e-01 3.044069309909422927e-01
-1.539427269976706703e-01 3.070438619181510287e-01
-1.554202162995053649e-01 3.096745613894548721e-01
-1.568949023872314164e-01 3.122990023607031818e-01
-1.583666662267763092e-01 3.149171580070055376e-01
-1.598353876136314744e-01 3.175290017561753775e-01
-1.613009451996024746e-01 3.201345073210259962e-01
-1.627632165197827607e-01 3.227336487305336177e-01
-1.642220780197228558e-01 3.253264003598602683e-01
-1.656774050827939104e-01 3.279127369592524932e-01
-1.671290720577252586e-01 3.304926336818149180e-01
-1.685769522863049541e-01 3.330660661101665920e-01
-1.700209181312302698e-01 3.356330102819887196e-01
-1.714608410040975583e-01 3.381934427144682731e-01
-1.728965913935140430e-01 3.407473404276478712e-01
-1.743280388933261815e-01 3.432946809666878041e-01
-1.757550522309465624e-01 3.458354424230501989e-01
-1.771774992957710348e-01 3.483696034546152065e-01
-1.785952471676706677e-01 3.508971433047328170e-01
-1.800081621455515979e-01 3.534180418202305107e-01
-1.814161097759676156e-01 3.559322794683745794e-01
-1.828189548817759080e-01 3.584398373528064341e-01
-1.842165615908210596e-01 3.609406972284546211e-01
-1.856087933646435317e-01 3.634348415154420309e-01
-1.869955130271949151e-01 3.659222533119958487e-01
-1.883765827935499071e-01 3.684029164063680195e-01
-1.897518642986090465e-01 3.708768152877864321e-01
-1.911212186257759682e-01 3.733439351564414865e-01
-1.924845063356006025e-01 3.758042619325224765e-01
-1.938415874943807959e-01 3.782577822643192755e-01
-1.951923217027082824e-01 3.807044835353977086e-01
-1.965365681239496509e-01 3.831443538708629304e-01
-1.978741855126553983e-01 3.855773821427277426e-01
-1.992050322428833009e-01 3.880035579743915664e-01
-2.005289663364301367e-01 3.904228717442519425e-01
-2.018458454909588806e-01 3.928353145884565523e-01
-2.031555271080146274e-01 3.952408784028115241e-01
-2.044578683209203607e-01 3.976395558438616251e-01
-2.057527260225406607e-01 4.000313403291535508e-01
-2.070399568929072176e-01 4.024162260366989097e-01
-2.083194174266994880e-01 4.047942079036532803e-01
-2.095909639605648134e-01 4.071652816242202766e-01
-2.108544527002796098e-01 4.095294436468016608e-01
-2.121097397477348656e-01 4.118866911704042177e-01
-2.133566811277439468e-01 4.142370221403226527e-01
-2.145951328146616655e-01 4.165804352431077273e-01
-2.158249507588100857e-01 4.189169299008427272e-01
-2.170459909127005482e-01 4.212465062647351433e-01
-2.182581092570494707e-01 4.235691652080484371e-01
-2.194611618265756015e-01 4.258849083183804396e-01
-2.206550047355753941e-01 4.281937378893092006e-01
-2.218394942032715367e-01 4.304956569114234410e-01
-2.230144865789264463e-01 4.327906690627486008e-01
-2.241798383667133465e-01 4.350787786985879646e-01
-2.253354062503427624e-01 4.373599908407933556e-01
-2.264810471174373285e-01 4.396343111664824388e-01
-2.276166180836477759e-01 4.419017459962168437e-01
-2.287419765165095153e-01 4.441623022816592048e-01
-2.298569800590333223e-01 4.464159875927239396e-01
-2.309614866530208532e-01 4.486628101042384742e-01
-2.320553545621087121e-01 4.509027785821301260e-01
-2.331384423945327966e-01 4.531359023691551857e-01
-2.342106091256063449e-01 4.553621913701859647e-01
-2.352717141199157369e-01 4.575816560370740138e-01
-2.363216171532249721e-01 4.597943073531011171e-01
-2.373601784340838572e-01 4.620001568170377659e-01
-2.383872586251459813e-01 4.641992164268244903e-01
-2.394027188641826565e-01 4.663914986628888704e-01
-2.404064207848018442e-01 4.685770164711188235e-01
-2.413982265368577740e-01 4.707557832455042668e-01
-2.423779988065620228e-01 4.729278128104643653e-01
-2.433456008362823997e-01 4.750931194028744087e-01
-2.443008964440394892e-01 4.772517176538113581e-01
-2.452437500426886685e-01 4.794036225700287202e-01
-2.461740266587957027e-01 4.815488495151790671e-01
-2.470915919512001457e-01 4.836874141907995250e-01
-2.479963122292675459e-01 4.858193326170743842e-01
-2.488880544708277354e-01 4.879446211133883771e-01
-2.497666863398054493e-01 4.900632962786887759e-01
-2.506320762035348371e-01 4.921753749716684667e-01
-2.514840931497634990e-01 4.942808742907853214e-01
-2.523226070033466328e-01 4.963798115541323552e-01
-2.531474883426303446e-01 4.984722042791723817e-01
-2.539586085155219886e-01 5.005580701623530970e-01
-2.547558396552571658e-01 5.026374270586128068e-01
-2.555390546958538622e-01 5.047102929607949484e-01
-2.563081273872654942e-01 5.067766859789823997e-01
-2.570629323102239794e-01 5.088366243197646188e-01
-2.578033448907849357e-01 5.108901262654536035e-01
-2.585292414145693995e-01 5.129372101532578831e-01
-2.592404990407052856e-01 5.149778943544296439e-01
-2.599369958154762461e-01 5.170121972534000854e-01
-2.606186106856710483e-01 5.190401372269082270e-01
-2.612852235116439603e-01 5.210617326231445912e-01
-2.619367150800861466e-01 5.230770017409136496e-01
-2.625729671165078494e-01 5.250859628088315745e-01
-2.631938622974384634e-01 5.270886339645706187e-01
-2.637992842623463341e-01 5.290850332341592299e-01
-2.643891176252775033e-01 5.310751785113512202e-01
-2.649632479862240597e-01 5.330590875370739834e-01
-2.655215619422174322e-01 5.350367778789661966e-01
-2.660639470981556176e-01 5.370082669110167739e-01
-2.665902920773660090e-01 5.389735717933143988e-01
-2.671004865319042132e-01 5.409327094519162937e-01
-2.675944211525990157e-01 5.428856965588497729e-01
-2.680719876788430489e-01 5.448325495122525730e-01
-2.685330789081292191e-01 5.467732844166618422e-01
-2.689775887053470482e-01 5.487079170634638903e-01
-2.694054120118318796e-01 5.506364629115084730e-01
-2.698164448541771621e-01 5.525589370679003798e-01
-2.702105843528119777e-01 5.544753542689755399e-01
-2.705877287303483092e-01 5.563857288614680874e-01
-2.709477773197015438e-01 5.582900747838788202e-01
-2.712906305719876565e-01 5.601884055480500502e-01
-2.716161900642020677e-01 5.620807342209581670e-01
-2.719243585066853930e-01 5.639670734067238067e-01
-2.722150397503749764e-01 5.658474352288560549e-01
-2.724881387938550281e-01 5.677218313127295746e-01
-2.727435617902013720e-01 5.695902727683033184e-01
-2.729812160536272403e-01 5.714527701730890419e-01
-2.732010100659381102e-01 5.733093335553737235e-01
-2.734028534827925849e-01 5.751599723777005568e-01
-2.735866571397804758e-01 5.770046955206161732e-01
-2.737523330583166437e-01 5.788435112666865390e-01
-2.738997944513563154e-01 5.806764272847906305e-01
-2.740289557289387057e-01 5.825034506146915536e-01
-2.741397325035574983e-01 5.843245876518925463e-01
-2.742320415953663493e-01 5.861398441327833053e-01
-2.743058010372210198e-01 5.879492251200759689e-01
-2.743609300795628592e-01 5.897527349885389736e-01
-2.743973491951480770e-01 5.915503774110304480e-01
-2.744149800836218067e-01 5.933421553448349206e-01
-2.744137456759495053e-01 5.951280710183045608e-01
-2.743935701386995274e-01 5.969081259178115051e-01
-2.743543788781863668e-01 5.986823207750100462e-01
-2.742960985444760080e-01 6.004506555544134594e-01
-2.742186570352573294e-01 6.022131294412863545e-01
-2.741219834995820004e-01 6.039697408298552173e-01
-2.740060083414763703e-01 6.057204873118390287e-01
-2.738706632234287341e-01 6.074653656653008493e-01
-2.737158810697530309e-01 6.092043718438220345e-01
-2.735415960698377447e-01 6.109375009659999689e-01
-2.733477436812742911e-01 6.126647473052706516e-01
-2.731342606328730493e-01 6.143861042800562444e-01
-2.729010849275706474e-01 6.161015644442388028e-01
-2.726481558452256704e-01 6.178111194779603021e-01
-2.723754139453123391e-01 6.195147601787486247e-01
-2.720828010695059973e-01 6.212124764529698417e-01
-2.717702603441707332e-01 6.229042573076057909e-01
-2.714377361827476909e-01 6.245900908423595022e-01
-2.710851742880446835e-01 6.262699642420823665e-01
-2.707125216544309931e-01 6.279438637695280434e-01
-2.703197265699378016e-01 6.296117747584283331e-01
-2.699067386182705253e-01 6.312736816068912349e-01
-2.694735086807262259e-01 6.329295677711210821e-01
-2.690199889380259224e-01 6.345794157594555340e-01
-2.685461328720563090e-01 6.362232071267227562e-01
-2.680518952675288169e-01 6.378609224689133494e-01
-2.675372322135515790e-01 6.394925414181661383e-01
-2.670021011051189053e-01 6.411180426380669317e-01
-2.664464606445154926e-01 6.427374038192561478e-01
-2.658702708426400330e-01 6.443506016753436372e-01
-2.652734930202482189e-01 6.459576119391293725e-01
-2.646560898091129266e-01 6.475584093591246759e-01
-2.640180251531047406e-01 6.491529676963745388e-01
-2.633592643091930974e-01 6.507412597215754824e-01
-2.626797738483640510e-01 6.523232572124868511e-01
-2.619795216564645424e-01 6.538989309516319848e-01
-2.612584769349601821e-01 6.554682507242869383e-01
-2.605166102016179819e-01 6.570311853167523086e-01
-2.597538932911057641e-01 6.585877025149047270e-01
-2.589702993555125787e-01 6.601377691030250183e-01
-2.581658028647883518e-01 6.616813508628975882e-01
-2.573403796071016547e-01 6.632184125731798163e-01
-2.564940066891142623e-01 6.647489180090350169e-01
-2.556266625361742206e-01 6.662728299420255240e-01
-2.547383268924252042e-01 6.677901101402621276e-01
-2.538289808208298304e-01 6.693007193688061962e-01
-2.528986067031065432e-01 6.708046173903164933e-01
-2.519471882395837303e-01 6.723017629659416849e-01
-2.509747104489588043e-01 6.737921138564493262e-01
-2.499811596679726855e-01 6.752756268235881043e-01
-2.489665235509913588e-01 6.767522576316794547e-01
-2.479307910694954487e-01 6.782219610494317763e-01
-2.468739525114728994e-01 6.796846908519746933e-01
-2.457959994807182857e-01 6.811403998231040369e-01
-2.446969248960338961e-01 6.825890397577387692e-01
-2.435767229903293141e-01 6.840305614645784127e-01
-2.424353893096194978e-01 6.854649147689575450e-01
-2.412729207119208297e-01 6.868920485158950262e-01
-2.400893153660405843e-01 6.883119105733270793e-01
-2.388845727502570682e-01 6.897244478355237796e-01
-2.376586936508887082e-01 6.911296062266784057e-01
-2.364116801607554219e-01 6.925273307046686533e-01
-2.351435356775186947e-01 6.939175652649794968e-01
-2.338542649019097475e-01 6.953002529447849245e-01
-2.325438738358356905e-01 6.966753358271807750e-01
-2.312123697803631917e-01 6.980427550455636787e-01
-2.298597613335794654e-01 6.994024507881485553e-01
-2.284860583883245033e-01 7.007543623026200041e-01
-2.270912721297957682e-01 7.020984279009100382e-01
-2.256754150330202158e-01 7.034345849640961656e-01
-2.242385008601919805e-01 7.047627699474134921e-01
-2.227805446578732251e-01 7.060829183853742919e-01
-2.213015627540574626e-01 7.073949648969881654e-01
-2.198015727550902965e-01 7.086988431910753450e-01
-2.182805935424441124e-01 7.099944860716689288e-01
-2.167386452693519650e-01 7.112818254434954968e-01
-2.151757493572867552e-01 7.125607923175303338e-01
-2.135919284922966621e-01 7.138313168166181555e-01
-2.119872066211817008e-01 7.150933281811541198e-01
-2.103616089475182360e-01 7.163467547748154640e-01
-2.087151619275298964e-01 7.175915240903392167e-01
-2.070478932657936200e-01 7.188275627553366576e-01
-2.053598319107911851e-01 7.200547965381378646e-01
-2.036510080502971498e-01 7.212731503536595756e-01
-2.019214531066029772e-01 7.224825482692864842e-01
-2.001711997315774871e-01 7.236829135107620825e-01
-1.984002818015626057e-01 7.248741684680771735e-01
-1.966087344120999170e-01 7.260562347013517215e-01
-1.947965938724934287e-01 7.272290329466998271e-01
-1.929638977002030575e-01 7.283924831220714990e-01
-1.911106846150701921e-01 7.295465043330620070e-01
-1.892369945333734760e-01 7.306910148786813775e-01
-1.873428685617190559e-01 7.318259322570759284e-01
-1.854283489907615767e-01 7.329511731711934042e-01
-1.834934792887595034e-01 7.340666535343836063e-01
-1.815383040949608007e-01 7.351722884759253063e-01
-1.795628692128279913e-01 7.362679923464725551e-01
-1.775672216030972639e-01 7.373536787234108436e-01
-1.755514093766745165e-01 7.384292604161137863e-01
-1.735154817873749422e-01 7.394946494710947782e-01
-1.714594892245043245e-01 7.405497571770397469e-01
-1.693834832052845962e-01 7.415944940697185572e-01
-1.672875163671299903e-01 7.426287699367608575e-01
-1.651716424597746979e-01 7.436524938222899284e-01
-1.630359163372577247e-01 7.446655740314054306e-01
-1.608803939497687741e-01 7.456679181345075014e-01
-1.587051323353571852e-01 7.466594329714482114e-01
-1.565101896115148328e-01 7.476400246555086060e-01
-1.542956249666343760e-01 7.486095985771852312e-01
-1.520614986513498246e-01 7.495680594077827053e-01
-1.498078719697654160e-01 7.505153111027980106e-01
-1.475348072705832958e-01 7.514512569050924018e-01
-1.452423679381302790e-01 7.523757993478366046e-01
-1.429306183833027599e-01 7.532888402572255337e-01
-1.405996240344256631e-01 7.541902807549473176e-01
-1.382494513280448367e-01 7.550800212604026340e-01
-1.358801676996562180e-01 7.559579614926614788e-01
-1.334918415743855391e-01 7.568240004721503711e-01
-1.310845423576257329e-01 7.576780365220582292e-01
-1.286583404256472773e-01 7.585199672694546980e-01
-1.262133071161897491e-01 7.593496896461091605e-01
-1.237495147190491307e-01 7.601670998890022179e-01
-1.212670364666735556e-01 7.609720935405208664e-01
-1.187659465247783291e-01 7.617645654483256035e-01
-1.162463199830003346e-01 7.625444097648858000e-01
-1.137082328455973346e-01 7.633115199466666834e-01
-1.111517620222177427e-01 7.640657887529651582e-01
-1.085769853187495415e-01 7.648071082443841373e-01
-1.059839814282679260e-01 7.655353697809321734e-01
-1.033728299220967317e-01 7.662504640197462802e-01
-1.007436112410045881e-01 7.669522809124231788e-01
-9.809640668655122964e-02 7.676407097019544157e-01
-9.543129841260550306e-02 7.683156389192533631e-01
-9.274836941705232041e-02 7.689769563792702156e-01
-9.004770353370945835e-02 7.696245491766794400e-01
-8.732938542447839236e-02 7.702583036811396777e-01
-8.459350057174422344e-02 7.708781055321115572e-01
-8.184013527105686581e-02 7.714838396332284187e-01
-7.906937662410473688e-02 7.720753901462105162e-01
-7.628131253201436701e-02 7.726526404843176987e-01
-7.347603168899471959e-02 7.732154733053283602e-01
-7.065362357635374124e-02 7.737637705040424363e-01
-6.781417845691153912e-02 7.742974132042969027e-01
-6.495778736983875978e-02 7.748162817504895550e-01
-6.208454212594277655e-02 7.753202556986025229e-01
-5.919453530343589398e-02 7.758092138067200771e-01
-5.628786024420712186e-02 7.762830340250328476e-01
-5.336461105063385058e-02 7.767415934853239001e-01
-5.042488258295696468e-02 7.771847684899297892e-01
-4.746877045725290956e-02 7.776124345001693694e-01
-4.449637104403829369e-02 7.780244661242392556e-01
-4.150778146753060505e-02 7.784207371045649415e-01
-3.850309960560338585e-02 7.788011203046072417e-01
-3.548242409047232260e-02 7.791654876951168429e-01
-3.244585431013914667e-02 7.795137103398341871e-01
-2.939349041063618606e-02 7.798456583806290254e-01
-2.632543329910273788e-02 7.801612010220773108e-01
-2.324178464773360431e-02 7.804602065154717661e-01
-2.014264689863302926e-02 7.807425421422615752e-01
-1.702812326962203915e-02 7.810080741969214202e-01
-1.389831776102723460e-02 7.812566679692454219e-01
-1.075333516349849527e-02 7.814881877260640985e-01
-7.593281066898507903e-03 7.817024966923844520e-01
-4.418261870301365413e-03 7.818994570319504067e-01
-1.228384793144965403e-03 7.820789298272243784e-01
1.976242112412179841e-03 7.822407750587900832e-01
5.195509947894902392e-03 7.823848515841744788e-01
8.429308953620193168e-03 7.825110171160938322e-01
1.167752849246646296e-02 7.826191282001218052e-01
1.494005703225821657e-02 7.827090401917840001e-01
1.821678212671123953e-02 7.827806072330798504e-01
2.150759039488657487e-02 7.828336822284368557e-01
2.481236749910674388e-02 7.828681168201001572e-01
2.813099812127550781e-02 7.828837613629617831e-01
3.146336593754933686e-02 7.828804648988350046e-01
3.480935359129934403e-02 7.828580751301821294e-01
3.816884266431428557e-02 7.828164383932982862e-01
4.154171364617815360e-02 7.827553996309628559e-01
4.492784590176510107e-02 7.826748023645649921e-01
4.832711763679059525e-02 7.825744886657139965e-01
5.173940586135235969e-02 7.824542991273431003e-01
5.516458635139828703e-02 7.823140728343205286e-01
5.860253360805442457e-02 7.821536473335783946e-01
6.205312081474231162e-02 7.819728586037739682e-01
6.551621979201732726e-02 7.817715410244970853e-01
6.899170095005613401e-02 7.815495273450421276e-01
7.247943323871697263e-02 7.813066486527582288e-01
7.597928409510135150e-02 7.810427343409986900e-01
7.949111938853319070e-02 7.807576120766902550e-01
8.301480336287961337e-02 7.804511077675407860e-01
8.655019857613210910e-02 7.801230455289116517e-01
9.009716583716149974e-02 7.797732476503771437e-01
9.365556413955815340e-02 7.794015345620002311e-01
9.722525059247744128e-02 7.790077248003479671e-01
1.008060803483913082e-01 7.785916349742834086e-01
1.043979065276542384e-01 7.781530797305600267e-01
1.080005801397912052e-01 7.776918717192582431e-01
1.116139500014082103e-01 7.772078215590960681e-01
1.152378626506232601e-01 7.767007378026558051e-01
1.188721622579145820e-01 7.761704269015690105e-01
1.225166905332846501e-01 7.756166931716994561e-01
1.261712866296257340e-01 7.750393387583752736e-01
1.298357870421825155e-01 7.744381636017183546e-01
1.335100255039905481e-01 7.738129654021235204e-01
1.371938328771795945e-01 7.731635395859426385e-01
1.408870370400222283e-01 7.724896792714357474e-01
1.445894627696049095e-01 7.717911752350470334e-01
1.483009316199943584e-01 7.710678158780778224e-01
1.520212617957774903e-01 7.703193871938224246e-01
1.557502680208392720e-01 7.695456727352423254e-01
1.594877614022477130e-01 7.687464535832595480e-01
1.632335492891112405e-01 7.679215083157480137e-01
1.669874351262684575e-01 7.670706129773151583e-01
1.707492183026701471e-01 7.661935410499627341e-01
1.745186939943084159e-01 7.652900634247266076e-01
1.782956530015497310e-01 7.643599483743980239e-01
1.820798815807191939e-01 7.634029615274353642e-01
1.858711612697885596e-01 7.624188658431811927e-01
1.896692687080143991e-01 7.614074215885033858e-01
1.934739754493670361e-01 7.603683863159909073e-01
1.972850477696006799e-01 7.593015148438355677e-01
2.011022464667971688e-01 7.582065592375415441e-01
2.049253266552303332e-01 7.570832687936100980e-01
2.087540375523847525e-01 7.559313900253569196e-01
2.125881222589695863e-01 7.547506666510225282e-01
2.164273175317575626e-01 7.535408395843531393e-01
2.202713535490948005e-01 7.523016469278254181e-01
2.241199536689096605e-01 7.510328239687100726e-01
2.279728341790609458e-01 7.497341031781705745e-01
2.318297040398602238e-01 7.484052142136050634e-01
2.356902646186080363e-01 7.470458839244500382e-01
2.395542094159880675e-01 7.456558363616727636e-01
2.434212237841501258e-01 7.442347927911951988e-01
2.472909846363438580e-01 7.427824717114916986e-01
2.511631601479350495e-01 7.412985888756320474e-01
2.550374094486735910e-01 7.397828573180302847e-01
2.589133823060580375e-01 7.382349873861971945e-01
2.627907187996708083e-01 7.366546867777811203e-01
2.666690489863518532e-01 7.350416605832147399e-01
2.705479925560855259e-01 7.333956113342876559e-01
2.744271584784980234e-01 7.317162390589785348e-01
2.783061446398516492e-01 7.300032413428996225e-01
2.821845374704556875e-01 7.282563133977116854e-01
2.860619115624069009e-01 7.264751481368891817e-01
2.899378292775993127e-01 7.246594362592237992e-01
2.938118403459504258e-01 7.228088663404733660e-01
2.976834814538129592e-01 7.209231249335716907e-01
3.015522758225577804e-01 7.190018966778335407e-01
3.054177327773276440e-01 7.170448644176046216e-01
3.092793473059969878e-01 7.150517093308123018e-01
3.131365996083824155e-01 7.130221110678965912e-01
3.169889546357806953e-01 7.109557479016108683e-01
3.208358616209397995e-01 7.088522968881911801e-01
3.246767535985959352e-01 7.067114340404138106e-01
3.285110469167438763e-01 7.045328345130668080e-01
3.323381407388406039e-01 7.023161728013749272e-01
3.361574165371769563e-01 7.000611229529349888e-01
3.399682375777006160e-01 6.977673587937154309e-01
3.437699483966062397e-01 6.954345541686981491e-01
3.475618742690575469e-01 6.930623831977388294e-01
3.513433206704553724e-01 6.906505205472340814e-01
3.551135727307176415e-01 6.881986417181841231e-01
3.588718946820822486e-01 6.857064233512530915e-01
3.626175293010144296e-01 6.831735435494193931e-01
3.663496973448492344e-01 6.805996822188161710e-01
3.700675969838687074e-01 6.779845214283577448e-01
3.737704032295772194e-01 6.753277457887426616e-01
3.774572673600091743e-01 6.726290428514162256e-01
3.811273163429768074e-01 6.698881035280648266e-01
3.847796522582422329e-01 6.671046225312002864e-01
3.884133517196725616e-01 6.642782988363791219e-01
3.920274652985299424e-01 6.614088361665684257e-01
3.956210169491208850e-01 6.584959434991619620e-01
3.991930034381284687e-01 6.555393355961052215e-01
4.027423937790402531e-01 6.525387335575568715e-01
4.062681286731725239e-01 6.494938653994843936e-01
4.097691199588988642e-01 6.464044666555284202e-01
4.132442500707816935e-01 6.432702810034361951e-01
4.166923715104112746e-01 6.400910609162955289e-01
4.201123063308582761e-01 6.368665683387442211e-01
4.235028456367525007e-01 6.335965753882535356e-01
4.268627491021025899e-01 6.302808650815128200e-01
4.301907445080841441e-01 6.269192320858508749e-01
4.334855273031225642e-01 6.235114834955435281e-01
4.367457601877102746e-01 6.200574396327517279e-01
4.399700727265045130e-01 6.165569348727251153e-01
4.431570609903468516e-01 6.130098184927935678e-01
4.463052872309641872e-01 6.094159555445366472e-01
4.494132795911942591e-01 6.057752277483914316e-01
4.524795318536900535e-01 6.020875344098116644e-01
4.555025032311372235e-01 5.983527933559423806e-01
4.584806182011174069e-01 5.945709418916096389e-01
4.614122663888263753e-01 5.907419377732495702e-01
4.642958025009274459e-01 5.868657601992371964e-01
4.671295463138993020e-01 5.829424108148659744e-01
4.699117827202812792e-01 5.789719147300529389e-01
4.726407618362793994e-01 5.749543215476273783e-01
4.753146991742303040e-01 5.708897063998498167e-01
4.779317758834430441e-01 5.667781709906012377e-01
4.804901390629574554e-01 5.626198446404433451e-01
4.829879021497517355e-01 5.584148853315307193e-01
4.854231453859187417e-01 5.541634807491171433e-01
4.877939163682949442e-01 5.498658493161634464e-01
4.900982306839785640e-01 5.455222412173131863e-01
4.923340726351019825e-01 5.411329394082643462e-01
4.944993960561382407e-01 5.366982606063207539e-01
4.965921252269092090e-01 5.322185562576802198e-01
4.986101558843348824e-01 5.276942134767745873e-01
5.005513563358132689e-01 5.231256559527514005e-01
5.024135686769420905e-01 5.185133448179739535e-01
5.041946101160944549e-01 5.138577794732043236e-01
5.058922744081411071e-01 5.091594983639438077e-01
5.075043333993651817e-01 5.044190797022127803e-01
5.090285386853399263e-01 4.996371421279113823e-01
5.104626233832508797e-01 4.948143453037373574e-01
5.118043040198160254e-01 4.899513904375378814e-01
5.130512825356238205e-01 4.850490207258670305e-01
5.142012484063316347e-01 4.801080217124640837e-01
5.152518808807857731e-01 4.751292215553340470e-01
5.162008513357077000e-01 4.701134911961147855e-01
5.170458257461665319e-01 4.650617444254490640e-01
5.177844672706002349e-01 4.599749378381777776e-01
5.184144389486901039e-01 4.548540706722678517e-01
5.189334065099060478e-01 4.497001845255829133e-01
5.193390412900499298e-01 4.445143629448020661e-01
5.196290232526206143e-01 4.392977308810706027e-01
5.198010441113127822e-01 4.340514540072793470e-01
5.198528105494474305e-01 4.287767378922440753e-01
5.197820475316169420e-01 4.234748270274818482e-01
5.195865017023126864e-01 4.181470037027651965e-01
5.192639448657953016e-01 4.127945867271817226e-01
5.188121775409709757e-01 4.074189299930064401e-01
5.182290325845468892e-01 4.020214208803713496e-01
5.175123788752752363e-01 3.966034785014053710e-01
5.166601250516388300e-01 3.911665517832934591e-01
5.156702232949139653e-01 3.857121173905161959e-01
5.145406731491396490e-01 3.802416774873971783e-01
5.132695253691608173e-01 3.747567573430033994e-01
5.118548857875753200e-01 3.692589027813946156e-01
5.102949191911198001e-01 3.637496774812188916e-01
5.085878531967682470e-01 3.582306601296811333e-01
5.067319821176050620e-01 3.527034414369716320e-01
5.047256708083539545e-01 3.471696210183214948e-01
5.025673584803249661e-01 3.416308041519598437e-01
5.002555624754481123e-01 3.360885984223366818e-01
4.977888819890335381e-01 3.305446102591120816e-01
4.951660017309015838e-01 3.250004413834873263e-01
4.923856955145810566e-01 3.194576851745662971e-01
4.894468297643712607e-01 3.139179229694777362e-01
4.863483669301998380e-01 3.083827203120335092e-01
4.830893688003888853e-01 3.028536231656853150e-01
4.796689997026528651e-01 2.973321541074708252e-01
4.760865295838945799e-01 2.918198085205152559e-01
4.723413369596458633e-01 2.863180508034735006e-01
4.684329117242849172e-01 2.808283106159922271e-01
4.643608578134851284e-01 2.753519791799284300e-01
4.601248957106690574e-01 2.698904056565834542e-01
4.557248647895766891e-01 2.644448936206315603e-01
4.511607254853867710e-01 2.590166976517446207e-01
4.464325612871560822e-01 2.536070200650839546e-01
4.415405805446537268e-01 2.482170078018975101e-01
4.364851180829660837e-01 2.428477495013714738e-01
4.312666366185068378e-01 2.375002727746532982e-01
4.258857279703193166e-01 2.321755417016014289e-01
4.203431140607516436e-01 2.268744545702818805e-01
4.146396476997490921e-01 2.215978418785511939e-01
4.087763131471304767e-01 2.163464646162343574e-01
4.027542264472784295e-01 2.111210128454076573e-01
3.965746355306957738e-01 2.059221045951446505e-01
3.902389200768460742e-01 2.007502850857874610e-01
3.837485911326092847e-01 1.956060262963417173e-01
3.771052904805449746e-01 1.904897268869939209e-01
3.703107897509697599e-01 1.854017124870120936e-01
3.633669892716200334e-01 1.803422363564105291e-01
3.562759166483993600e-01 1.753114804277621230e-01
3.490397250704100895e-01 1.703095567324461879e-01
3.416606913321341144e-01 1.653365092133929626e-01
3.341412135653011317e-01 1.603923159241128771e-01
3.264838086726541411e-01 1.554768916114374622e-01
3.186911094555270885e-01 1.505900906770053227e-01
3.107658614269024899e-01 1.457317105100985333e-01
3.027109193014668742e-01 1.409014951820281580e-01
2.945292431541403633e-01 1.360991394898808937e-01
2.862238942386962637e-01 1.313242933351200792e-01
2.777980304584487525e-01 1.265765664203357121e-01
2.692549014816437714e-01 1.218555332453614692e-01
2.605978434952196388e-01 1.171607383821134385e-01
2.518302735921181257e-01 1.124917020058778805e-01
2.429556837894212840e-01 1.078479256594465086e-01
2.339776346774231908e-01 1.032288982255452625e-01
2.248997487034390952e-01 9.863410208245759758e-02
2.157257030989160052e-01 9.406301941771516573e-02
2.064592224643800600e-01 8.951513867524008017e-02
1.971040710341456503e-01 8.498996111246231999e-02
1.876640446516806282e-01 8.048700744573189514e-02
1.781429624972047099e-01 7.600582456482518623e-02
1.685446586215558484e-01 7.154599230047886671e-02
1.588729733545661549e-01 6.710713023262515620e-02
1.491317446719301332e-01 6.268890453118530770e-02
1.393247996214062590e-01 5.829103482568032124e-02
1.294559459264852386e-01 5.391330110420000654e-02
1.195289639023382616e-01 4.955555064596245396e-02
1.095475988335370410e-01 4.521770499420091349e-02
9.951555397398986758e-02 4.089976697676650508e-02
8.943648433469535142e-02 3.660182777983878033e-02
7.931399142216209730e-02 3.232407407479587214e-02
6.915161907761661897e-02 2.806679518897525760e-02
5.895285054284457593e-02 2.383039029742561876e-02
4.872110684196512276e-02 1.961537559488729654e-02
3.845974652012271178e-02 1.542239138578693769e-02
2.817206672205946338e-02 1.125220900625012455e-02
1.786130552946535444e-02 7.105737467936301677e-03
7.530645411065073347e-03 2.984029691266765205e-03
-2.816782420348551419e-03 -1.111711822018190965e-03
-1.317789299803051595e-02 -5.180130037602426185e-03
-2.354964222403732599e-02 -9.219709320773705752e-03
-3.392902142092207862e-02 -1.322877240562003731e-02
-4.431305209748653828e-02 -1.720547853621756662e-02
-5.469878118196426497e-02 -2.114782288741956506e-02
-6.508327692739220016e-02 -2.505363733892257416e-02
-7.546362563409932112e-02 -2.892059263869567465e-02
-8.583692926956289215e-02 -3.274620195368960207e-02
-9.620030400270583593e-02 -3.652782576988006236e-02
-1.065508796133193825e-01 -4.026267807244554575e-02
-1.168857996915300401e-01 -4.394783371176591569e-02
-1.272022225090768122e-01 -4.758023684264617303e-02
-1.374973224240746417e-01 -5.115671031268503866e-02
-1.477682916729354534e-01 -5.467396587037898215e-02
-1.580123424053722081e-01 -5.812861506339339623e-02
-1.682267088285988588e-01 -6.151718070127337734e-02
-1.784086493425511843e-01 -6.483610876351908470e-02
-1.885554485669332647e-01 -6.808178064238018523e-02
-1.986644191812739213e-01 -7.125052561901334958e-02
-2.087329035194425142e-01 -7.433863348115044012e-02
-2.187582748791752629e-01 -7.734236719962872542e-02
-2.287379385244330543e-01 -8.025797558976038859e-02
-2.386693323734282723e-01 -8.308170589137348072e-02
-2.485499273778360996e-01 -8.580981620839800428e-02
-2.583772276090107733e-01 -8.843858775509461090e-02
-2.681487700751731262e-01 -9.096433686149923981e-02
-2.778621242996471286e-01 -9.338342669545574015e-02
-2.875148916945807764e-01 -9.569227866283253059e-02
-2.971047047674325592e-01 -9.788738345125574947e-02
-3.066292261990084533e-01 -9.996531168602273976e-02
-3.160861478322789520e-01 -1.019227241698775210e-01
-3.254731896107261879e-01 -1.037563816810799233e-01
-3.347880985037560708e-01 -1.054631543067490185e-01
-3.440286474548819307e-01 -1.070400302908552925e-01
-3.531926343860882223e-01 -1.084841243785003573e-01
-3.622778812891126465e-01 -1.097926856402917650e-01
-3.712822334314076489e-01 -1.109631047627199774e-01
-3.802035587013737894e-01 -1.119929207924744152e-01
-3.890397471141351926e-01 -1.128798273246317541e-01
-3.977887104957145148e-01 -1.136216781265987907e-01
-4.064483823600192336e-01 -1.142164921916146159e-01
-4.150167179896130376e-01 -1.146624582175155282e-01
-4.234916947278408728e-01 -1.149579385083351335e-01
-4.318713124865705133e-01 -1.151014722981713589e-01
-4.401535944706036485e-01 -1.150917784985770465e-01
-4.483365881167475919e-01 -1.149277578725482751e-01
-4.564183662426345989e-01 -1.146084946399683613e-01
-4.643970283976677216e-01 -1.141332575211390088e-01
-4.722707024059540348e-01 -1.135015002267575901e-01
-4.800375460887978951e-01 -1.127128614044134447e-01
-4.876957491522752042e-01 -1.117671640533440813e-01
-4.952435352235839972e-01 -1.106644144208245306e-01
-5.026791640183189136e-01 -1.094048003951336723e-01
-5.100009336194946119e-01 -1.079886894115828777e-01
-5.172071828481089595e-01 -1.064166258895458961e-01
-5.242962937042341398e-01 -1.046893282198260444e-01
-5.312666938570931308e-01 -1.028076853230164289e-01
-5.381168591622902397e-01 -1.007727528007387463e-01
-5.448453161843169745e-01 -9.858574870277808655e-02
-5.514506447026390479e-01 -9.624804893417898688e-02
-5.579314801800803192e-01 -9.376118232727606583e-02
-5.642865161728236600e-01 -9.112682540445987689e-02
-5.705145066621554184e-01 -8.834679685814789130e-02
-5.766142682890552651e-01 -8.542305177500142399e-02
-5.825846824738678542e-01 -8.235767563184540063e-02
-5.884246974045603817e-01 -7.915287809103760397e-02
-5.941333298784652328e-01 -7.581098662318569437e-02
-5.997096669838879457e-01 -7.233443998511254747e-02
-6.051528676095432324e-01 -6.872578158084236000e-02
-6.104621637713938398e-01 -6.498765273310733170e-02
-6.156368617481475791e-01 -6.112278589246533667e-02
-6.206763430183506181e-01 -5.713399781058298155e-02
-6.255800649937095503e-01 -5.302418270356429320e-02
-6.303475615449560809e-01 -4.879630543041962865e-02
-6.349784433182090737e-01 -4.445339471086984240e-02
-6.394723978413922039e-01 -3.999853640566505830e-02
-6.438291894218108879e-01 -3.543486688149866115e-02
-6.480486588374543278e-01 -3.076556648140457706e-02
-6.521307228259796140e-01 -2.599385312026125661e-02
-6.560753733766280238e-01 -2.112297602368490290e-02
-6.598826768315126934e-01 -1.615620962722733034e-02
-6.635527728038074224e-01 -1.109684765135057760e-02
-6.670858729213399174e-01 -5.948197366199448055e-03
-6.704822594049500983e-01 -7.135740587228822651e-04
-6.737422834917214942e-01 4.603704286798793177e-03
-6.768663637138179201e-01 1.000032208523538024e-02
-6.798549840441685532e-01 1.547297101598674174e-02
-6.827086919206359905e-01 2.101835465058113361e-02
-6.854280961605981881e-01 2.663319283724077668e-02
-6.880138647780371652e-01 3.231422583851317754e-02
-6.904667227153196141e-01 3.805821821940696958e-02
-6.927874495018218060e-01 4.386196248471713188e-02
-6.949768768514481554e-01 4.972228246544382890e-02
-6.970358862108981812e-01 5.563603645533524156e-02
-6.989654062702661541e-01 6.160012009965618041e-02
-7.007664104472207667e-01 6.761146903927281460e-02
-7.024399143556172564e-01 7.366706131405389990e-02
-7.039869732689351123e-01 7.976391953043493466e-02
-7.054086795884477734e-01 8.589911279873724270e-02
-7.067061603254864988e-01 9.206975844651327234e-02
-7.078805746066020310e-01 9.827302351479008657e-02
-7.089331112098311571e-01 1.045061260445934864e-01
-7.098649861396778560e-01 1.107663361615886244e-01
-7.106774402477924468e-01 1.170509769670313172e-01
-7.113717369057179774e-01 1.233574252435312713e-01
-7.119491597354479229e-01 1.296831119843477320e-01
-7.124110104029244273e-01 1.360255227551118440e-01
-7.127586064790050191e-01 1.423821978969720958e-01
-7.129932793718295470e-01 1.487507325801993574e-01
-7.131163723339543070e-01 1.551287767172982168e-01
-7.131292385470595629e-01 1.615140347445968017e-01
-7.130332392865190716e-01 1.679042652812123837e-01
-7.128297421676075274e-01 1.742972806741280578e-01
-7.125201194746588751e-01 1.806909464379642394e-01
-7.121057465740315839e-01 1.870831805978104556e-01
-7.115880004113303015e-01 1.934719529432515350e-01
-7.109682580929410634e-01 1.998552842014740261e-01
-7.102478955515880710e-01 2.062312451370537647e-01
-7.094282862952896451e-01 2.125979555857376302e-01
-7.085108002388031956e-01 2.189535834292302419e-01
-7.074968026163785950e-01 2.252963435176768836e-01
-7.063876529744081978e-01 2.316244965462200267e-01
-7.051847042423541323e-01 2.379363478916721175e-01
-7.038893018801462009e-01 2.442302464150282737e-01
-7.025027831001005030e-01 2.505045832352192914e-01
-7.010264761612666762e-01 2.567577904791729093e-01
-6.994616997340106224e-01 2.629883400129404691e-01
-6.978097623325530963e-01 2.691947421583361644e-01
-6.960719618131145925e-01 2.753755443992232932e-01
-6.942495849352751103e-01 2.815293300812961030e-01
-6.923439069841199611e-01 2.876547171089172683e-01
-6.903561914507372332e-01 2.937503566422944856e-01
-6.882876897686217577e-01 2.998149317980154938e-01
-6.861396411035589615e-01 3.058471563557220718e-01
-6.839132721945836435e-01 3.118457734734491060e-01
-6.816097972436425678e-01 3.178095544139356021e-01
-6.792304178516284097e-01 3.237372972840072416e-01
-6.767763229985072071e-01 3.296278257889190821e-01
-6.742486890653133225e-01 3.354799880033741410e-01
-6.716486798958494209e-01 3.412926551607398107e-01
-6.689774468959915898e-01 3.470647204618416692e-01
-6.662361291685734432e-01 3.527950979045549884e-01
-6.634258536818862240e-01 3.584827211352730192e-01
-6.605477354699140768e-01 3.641265423232168952e-01
-6.576028778624878335e-01 3.697255310584264265e-01
-6.545923727436220307e-01 3.752786732741730247e-01
-6.515173008363696061e-01 3.807849701944391319e-01
-6.483787320125981024e-01 3.862434373070321447e-01
-6.451777256261701510e-01 3.916531033628144476e-01
-6.419153308680694003e-01 3.970130094014774902e-01
-6.385925871420872202e-01 4.023222078042305583e-01
-6.352105244597461287e-01 4.075797613737155434e-01
-6.317701638531939556e-01 4.127847424414299304e-01
-6.282725178048627068e-01 4.179362320029039179e-01
-6.247185906927387178e-01 4.230333188808419465e-01
-6.211093792501377608e-01 4.280750989164294751e-01
-6.174458730389258410e-01 4.330606741889788114e-01
-6.137290549351671620e-01 4.379891522640879109e-01
-6.099599016262160500e-01 4.428596454704673002e-01
-6.061393841183015940e-01 4.476712702056032112e-01
-6.022684682536844081e-01 4.524231462704094153e-01
-5.983481152364817923e-01 4.571143962330434518e-01
-5.943792821662806647e-01 4.617441448220541145e-01
-5.903629225786694024e-01 4.663115183490523230e-01
-5.862999869918281703e-01 4.708156441610952259e-01
-5.821914234583209780e-01 4.752556501230005837e-01
-5.780381781212342585e-01 4.796306641298119233e-01
-5.738411957738005498e-01 4.839398136496617653e-01
-5.696014204216344190e-01 4.881822252972871645e-01
-5.653197958466992246e-01 4.923570244384706251e-01
-5.609972661721012166e-01 4.964633348256999867e-01
-5.566347764267849385e-01 5.005002782653494853e-01
-5.522332731091839086e-01 5.044669743167022880e-01
-5.477937047488443678e-01 5.083625400231436275e-01
-5.433170224650119007e-01 5.121860896758666515e-01
-5.388041805211324364e-01 5.159367346104444252e-01
-5.342561368741821637e-01 5.196135830366188646e-01
-5.296738537176965966e-01 5.232157399016692523e-01
-5.250582980173300607e-01 5.267423067877167187e-01
-5.204104420377239082e-01 5.301923818433234015e-01
-5.157312638594245824e-01 5.335650597497314518e-01
-5.110217478845336947e-01 5.368594317220791723e-01
-5.062828853297317577e-01 5.400745855459156974e-01
-5.015156747052600394e-01 5.432096056493223024e-01
-4.967211222784051472e-01 5.462635732109039077e-01
-4.919002425199695550e-01 5.492355663039159008e-01
-4.870540585321775917e-01 5.521246600767287793e-01
-4.821836024564074008e-01 5.549299269698111381e-01
-4.772899158591049629e-01 5.576504369693616736e-01
-4.723740500941888687e-01 5.602852578976751374e-01
-4.674370666402228314e-01 5.628334557402641103e-01
-4.624800374105869083e-01 5.652940950097177231e-01
-4.575040450348667465e-01 5.676662391461883006e-01
-4.525101831096351446e-01 5.699489509543562704e-01
-4.474995564167983386e-01 5.721412930766255345e-01
-4.424732811076521610e-01 5.742423285022426604e-01
-4.374324848507962216e-01 5.762511211119381027e-01
-4.323783069420508718e-01 5.781667362576092817e-01
-4.273118983745295973e-01 5.799882413764713140e-01
-4.222344218670375238e-01 5.817147066390129240e-01
-4.171470518489887036e-01 5.833452056299990307e-01
-4.120509744000755425e-01 5.848788160616580356e-01
-4.069473871429601930e-01 5.863146205181026804e-01
-4.018374990873173624e-01 5.876517072299251021e-01
-3.967225304236174921e-01 5.888891708778122291e-01
-3.916037122651194191e-01 5.900261134239209726e-01
-3.864822863366216277e-01 5.910616449696566299e-01
-3.813595046086212803e-01 5.919948846384011087e-01
-3.762366288756388011e-01 5.928249614816354374e-01
-3.711149302775800241e-01 5.935510154068119881e-01
-3.659956887631439781e-01 5.941721981252433560e-01
-3.608801924944207706e-01 5.946876741181832404e-01
-3.557697371919809615e-01 5.950966216191970748e-01
-3.506656254199165823e-01 5.953982336108495366e-01
-3.455691658104706465e-01 5.955917188336574686e-01
-3.404816722280763486e-01 5.956763028052023401e-01
-3.354044628728176658e-01 5.956512288472428640e-01
-3.303388593235286885e-01 5.955157591186165389e-01
-3.252861855209609465e-01 5.952691756516872434e-01
-3.202477666916661581e-01 5.949107813900667008e-01
-3.152249282134691466e-01 5.944399012253194226e-01
-3.102189944236412034e-01 5.938558830303527492e-01
-3.052312873711219288e-01 5.931580986871963779e-01
-3.002631255143799471e-01 5.923459451068937565e-01
-2.953158223667570192e-01 5.914188452392421524e-01
-2.903906850913835491e-01 5.903762490701647270e-01
-2.854890130480119970e-01 5.892176346045367996e-01
-2.806120962943630670e-01 5.879425088323503301e-01
-2.757612140448402194e-01 5.865504086761607061e-01
-2.709376330897054208e-01 5.850409019178528514e-01
-2.661426061780761132e-01 5.834135881028317261e-01
-2.613773703683278105e-01 5.816680994198590859e-01
-2.566431453497416415e-01 5.798041015548498489e-01
-2.519411317394579242e-01 5.778212945170642101e-01
-2.472725093590269485e-01 5.757194134362479954e-01
-2.426384354950604783e-01 5.734982293294050848e-01
-2.380400431486923152e-01 5.711575498360166314e-01
-2.334784392787542795e-01 5.686972199206564715e-01
-2.289547030437486252e-01 5.661171225420963404e-01
-2.244698840478681345e-01 5.634171792881353946e-01
-2.200250005964675404e-01 5.605973509755265427e-01
-2.156210379665260690e-01 5.576576382145166377e-01
-2.112589466977587704e-01 5.545980819376571391e-01
-2.069396409101358081e-01 5.514187638926735247e-01
-2.026639966536558646e-01 5.481198070993096305e-01
-1.984328502962732221e-01 5.447013762701943262e-01
-1.942469969559337262e-01 5.411636781958788500e-01
-1.901071889826824179e-01 5.375069620943088156e-01
-1.860141344968186672e-01 5.337315199250796116e-01
-1.819684959890401632e-01 5.298376866689115117e-01
-1.779708889884817347e-01 5.258258405728375440e-01
-1.740218808044802501e-01 5.216964033616581231e-01
-1.701219893478076450e-01 5.174498404162410914e-01
-1.662716820369976589e-01 5.130866609192672456e-01
-1.624713747952523102e-01 5.086074179690220909e-01
-1.587214311432506297e-01 5.040127086618000352e-01
-1.550221613929916031e-01 4.993031741434631465e-01
-1.513738219475964375e-01 4.944794996306132173e-01
-1.477766147117497153e-01 4.895424144017734847e-01
-1.442306866172087809e-01 4.844926917588461279e-01
-1.407361292675178843e-01 4.793311489590039720e-01
-1.372929787057600159e-01 4.740586471170120664e-01
-1.339012153088461887e-01 4.686760910778119404e-01
-1.305607638114889002e-01 4.631844292589993861e-01
-1.272714934626280048e-01 4.575846534626284434e-01
-1.240332183166837909e-01 4.518777986555227999e-01
-1.208456976615830958e-01 4.460649427170482184e-01
-1.177086365850753547e-01 4.401472061530110613e-01
-1.146216866803871914e-01 4.341257517740758631e-01
-1.115844468917888133e-01 4.280017843367999175e-01
-1.085964645001493145e-01 4.217765501450634336e-01
-1.056572362480432403e-01 4.154513366093681714e-01
-1.027662096034425709e-01 4.090274717611360744e-01
-9.992278416048411271e-02 4.025063237188277188e-01
-9.712631317524933472e-02 3.958893001023516822e-01
-9.437610523392064854e-02 3.891778473919220716e-01
-9.167142605010808465e-02 3.823734502271837754e-01
-8.901150038755156757e-02 3.754776306421279131e-01
-8.639551410381612895e-02 3.684919472310148603e-01
-8.382261631000453850e-02 3.614179942402502288e-01
-8.129192164092019501e-02 3.542574005809176474e-01
-7.880251262951937230e-02 3.470118287564543103e-01
-7.635344217891149032e-02 3.396829736998007720e-01
-7.394373612458571277e-02 3.322725615142380073e-01
-7.157239587898112099e-02 3.247823481120922784e-01
-6.923840114997453776e-02 3.172141177455092831e-01
-6.694071272432755570e-02 3.095696814236649219e-01
-6.467827530664677083e-02 3.018508752109967386e-01
-6.245002040393715648e-02 2.940595584014659702e-01
-6.025486924540973677e-02 2.861976115643859453e-01
-5.809173572681769482e-02 2.782669344581196746e-01
-5.595952936827042201e-02 2.702694438089181528e-01
-5.385715827421061475e-02 2.622070709533985133e-01
-5.178353208403940755e-02 2.540817593447221578e-01
-4.973756490176234335e-02 2.458954619243998996e-01
-4.771817819300039343e-02 2.376501383639645915e-01
-4.572430363778745566e-02 2.293477521834575983e-01
-4.375488592775783614e-02 2.209902677569240692e-01
-4.180888549663491771e-02 2.125796472188590525e-01
-3.988528117336859191e-02 2.041178472898785567e-01
-3.798307274783835341e-02 1.956068160448132254e-01
-3.610128343975665954e-02 1.870484896519267748e-01
-3.423896226225725536e-02 1.784447891180084012e-01
-3.239518627264820205e-02 1.697976170806191343e-01
-3.056906270391845926e-02 1.611088546956419565e-01
-2.875973097180190008e-02 1.523803586752772721e-01
-2.696636455348611072e-02 1.436139585385083905e-01
-2.518817273535645107e-02 1.348114541424164925e-01
-2.342440222844166531e-02 1.259746135681408530e-01
-2.167433865139739568e-02 1.171051714391937865e-01
-1.993730788185732461e-02 1.082048277516343276e-01
-1.821267727770903289e-02 9.927524729464701214e-02
-1.649985677023491082e-02 9.031805973568809986e-02
-1.479829983102154412e-02 8.133486043597293325e-02
-1.310750431402279981e-02 7.232721204923678315e-02
-1.142701317315730769e-02 6.329664693920529495e-02
-9.756415054325839886e-03 5.424467042913104498e-02
-8.095344758837608179e-03 4.517276487059752876e-02
-6.443483573053077063e-03 3.608239448948975109e-02
-4.800559456767827804e-03 2.697501093589514676e-02
-3.166347080698905803e-03 1.785205943353545405e-02
-1.540667701645515031e-03 8.714985395082877617e-03
7.661113727458479516e-05 -4.347586554798721359e-04
1.685576094239471523e-03 -9.595706031447479023e-03
3.286268716438056625e-03 -1.876636889239340772e-02
4.878686338386728494e-03 -2.794523150573537118e-02
6.462783198531107942e-03 -3.713074394646457416e-02
8.038471778090527931e-03 -4.632131640524914107e-02
9.605624361648024134e-03 -5.551531425188610536e-02
1.116407481413628222e-02 -6.471105397177093210e-02
1.271362056390684669e-02 -7.390680005967972810e-02
1.425402477684922786e-02 -8.310076292009641041e-02
1.578501870232429383e-02 -9.229109778872722492e-02
1.730630416822942497e-02 -1.014759046577472235e-01
1.881755619997621531e-02 -1.106532291592531581e-01
2.031842573659009554e-02 -1.198210643383921525e-01
2.180854241655449943e-02 -1.289773532302797565e-01
2.328751740630696787e-02 -1.381199921431106037e-01
2.475494624535812260e-02 -1.472468345435110348e-01
2.621041168367888030e-02 -1.563556954385579845e-01
2.765348648911153395e-02 -1.654443561511607097e-01
2.908373620497217704e-02 -1.745105693908573785e-01
3.050072184054747337e-02 -1.835520645296028208e-01
3.190400247974745085e-02 -1.925665530010468862e-01
3.329313779565123976e-02 -2.015517337514493301e-01
3.466769046100293128e-02 -2.105052986801665416e-01
3.602722844683570180e-02 -2.194249380171715558e-01
3.737132720329683355e-02 -2.283083455940184137e-01
3.869957171840859855e-02 -2.371532239728419422e-01
4.001155845192500005e-02 -2.459572894052771408e-01
4.130689714266227996e-02 -2.547182765995744114e-01
4.258521248869523435e-02 -2.634339432796610203e-01
4.384614570065159533e-02 -2.721020745245298911e-01
4.508935592902624245e-02 -2.807204868801779218e-01
4.631452156700160971e-02 -2.892870322394783811e-01
4.752134143071023997e-02 -2.977996014879010778e-01
4.870953581925108189e-02 -3.062561279150338711e-01
4.987884745706111511e-02 -3.146545903934365729e-01
5.102904232149063635e-02 -3.229930163275888111e-01
5.215991035863243308e-02 -3.312694843766375574e-01
5.327126609061133555e-02 -3.394821269553299770e-01
5.436294911768951854e-02 -3.476291325180497216e-01
5.543482451865450189e-02 -3.557087476312306151e-01
5.648678315306238096e-02 -3.637192788396847454e-01
5.751874186900030050e-02 -3.716590943325607799e-01
5.853064362010962363e-02 -3.795266254147640628e-01
5.952245749568346733e-02 -3.873203677897387176e-01
6.049417866770956387e-02 -3.950388826595614411e-01
6.144582825879468801e-02 -4.026807976483263163e-01
6.237745313493470167e-02 -4.102448075547951434e-01
6.328912562714800183e-02 -4.177296749403151543e-01
6.418094318600503501e-02 -4.251342305579879355e-01
6.505302797311401930e-02 -4.324573736290885928e-01
6.590552639362445841e-02 -4.396980719727210940e-01
6.673860857380897738e-02 -4.468553619947005506e-01
6.755246778777868055e-02 -4.539283485416533148e-01
6.834731983734987359e-02 -4.609162046263133306e-01
6.912340238905850809e-02 -4.678181710299978979e-01
6.988097427226308556e-02 -4.746335557882276346e-01
7.062031474222657534e-02 -4.813617335654508667e-01
7.134172271199407112e-02 -4.880021449248047039e-01
7.204551595681157883e-02 -4.945542954988329520e-01
7.273203029473696013e-02 -5.010177550670338320e-01
7.340161874699918654e-02 -5.073921565460839389e-01
7.405465068155375752e-02 -5.136771948985290326e-01
7.469151094317089123e-02 -5.198726259656776261e-01
7.531259897326458841e-02 -5.259782652303677253e-01
7.591832792254427087e-02 -5.319939865151968039e-01
7.650912375943857979e-02 -5.379197206217276594e-01
7.708542437709031692e-02 -5.437554539160737166e-01
7.764767870158822971e-02 -5.495012268661814137e-01
7.819634580394277390e-02 -5.551571325359943021e-01
7.873189401816732547e-02 -5.607233150415741330e-01
7.925480006767277041e-02 -5.661999679741190894e-01
7.976554820202416685e-02 -5.715873327946785487e-01
8.026462934595918197e-02 -5.768856972052199827e-01
8.075254026241268646e-02 -5.820953935005532820e-01
8.122978273113379277e-02 -5.872167969054506997e-01
8.169686274433959894e-02 -5.922503239011500664e-01
8.215428972069080404e-02 -5.971964305452464039e-01
8.260257573873869275e-02 -6.020556107888170860e-01
8.304223479084416049e-02 -6.068283947944417278e-01
8.347378205843053456e-02 -6.115153472586050132e-01
8.389773320930776768e-02 -6.161170657417909258e-01
8.431460371766502648e-02 -6.206341790093956590e-01
8.472490820721439997e-02 -6.250673453864068474e-01
8.512915981784302533e-02 -6.294172511286151295e-01
8.552786959602773353e-02 -6.336846088129512999e-01
8.592154590915099255e-02 -6.378701557493546836e-01
8.631069388376200191e-02 -6.419746524164140489e-01
8.669581486773028645e-02 -6.459988809228409679e-01
8.707740591615523162e-02 -6.499436434966755494e-01
8.745595930080546365e-02 -6.538097610039479424e-01
8.783196204279564157e-02 -6.575980714983689079e-01
8.820589546813414894e-02 -6.613094288034568891e-01
8.857823478571125175e-02 -6.649447011283616815e-01
8.894944868724044551e-02 -6.685047697184929305e-01
8.931999896862261035e-02 -6.719905275419264523e-01
8.969034017214080889e-02 -6.754028780124146092e-01
9.006091924887155153e-02 -6.787427337497053959e-01
9.043217524065189084e-02 -6.820110153777442230e-01
9.080453898091730980e-02 -6.852086503612108137e-01
9.117843281370086039e-02 -6.883365718807343825e-01
9.155427033006680038e-02 -6.913957177470204662e-01
9.193245612123196464e-02 -6.943870293540175265e-01
9.231338554762494319e-02 -6.973114506711584060e-01
9.269744452312306260e-02 -7.001699272746209068e-01
9.308500931370533582e-02 -7.029634054174632718e-01
9.347644634976540190e-02 -7.056928311384154107e-01
9.387211205132847680e-02 -7.083591494090293317e-01
9.427235266543240733e-02 -7.109633033188259565e-01
9.467750411493575102e-02 -7.135062332980093291e-01
9.508789185804258914e-02 -7.159888763772646048e-01
9.550383075783835940e-02 -7.184121654840970317e-01
9.592562496116638360e-02 -7.207770287751285032e-01
9.635356778618214824e-02 -7.230843890037138566e-01
9.678794161795928330e-02 -7.253351629222068997e-01
9.722901781154227874e-02 -7.275302607181668435e-01
9.767705660187479821e-02 -7.296705854837631788e-01
9.813230702005128203e-02 -7.317570327176095013e-01
9.859500681538893585e-02 -7.337904898582319202e-01
9.906538238283782438e-02 -7.357718358483547050e-01
9.954364869528031790e-02 -7.377019407291688369e-01
1.000300092403208080e-01 -7.395816652637309252e-01
1.005246559611840396e-01 -7.414118605886290680e-01
1.010277692013926282e-01 -7.431933678930404685e-01
1.015395176529270277e-01 -7.449270181242970690e-01
1.020600583076034518e-01 -7.466136317190688043e-01
1.025895364114588482e-01 -7.482540183592716332e-01
1.031280854219497334e-01 -7.498489767518015103e-01
1.036758269678347694e-01 -7.513992944311993494e-01
1.042328708116291996e-01 -7.529057475843470293e-01
1.047993148145657388e-01 -7.543691008963013811e-01
1.053752449040429029e-01 -7.557901074163730915e-01
1.059607350435647494e-01 -7.571695084435630108e-01
1.065558472052188788e-01 -7.585080334304736827e-01
1.071606313447850956e-01 -7.598063999048195738e-01
1.077751253795879161e-01 -7.610653134076672544e-01
1.083993551692475354e-01 -7.622854674475438852e-01
1.090333344995203790e-01 -7.634675434695614715e-01
1.096770650694447735e-01 -7.646122108387141125e-01
1.103305364820435508e-01 -7.657201268365122493e-01
1.109937262388578094e-01 -7.667919366701342332e-01
1.116665997386217524e-01 -7.678282734932786457e-01
1.123491102804021896e-01 -7.688297584379188976e-01
1.130411990715582543e-01 -7.697970006561718481e-01
1.137427952408932852e-01 -7.707305973715006253e-01
1.144538158573840531e-01 -7.716311339384904766e-01
1.151741659548985997e-01 -7.724991839104479174e-01
1.159037385633173989e-01 -7.733353091140853230e-01
1.166424147464800165e-01 -7.741400597305698739e-01
1.173900636474028564e-01 -7.749139743822323068e-01
1.181465425411892811e-01 -7.756575802242426931e-01
1.189116968960849258e-01 -7.763713930405797825e-01
1.196853604431026286e-01 -7.770559173436378808e-01
1.204673552546489806e-01 -7.777116464768298876e-01
1.212574918325688561e-01 -7.783390627195656553e-01
1.220555692060210640e-01 -7.789386373940050401e-01
1.228613750395599752e-01 -7.795108309730006679e-01
1.236746857518107728e-01 -7.800560931886695304e-01
1.244952666450672429e-01 -7.805748631410527327e-01
1.253228720461418422e-01 -7.810675694063419217e-01
1.261572454587580883e-01 -7.815346301441784549e-01
1.269981197277344487e-01 -7.819764532035478055e-01
1.278452172151869903e-01 -7.823934362268216702e-01
1.286982499889354481e-01 -7.827859667515203457e-01
1.295569200232452589e-01 -7.831544223093941381e-01
1.304209194120099502e-01 -7.834991705224474412e-01
1.312899305944210948e-01 -7.838205691955555388e-01
1.321636265931328547e-01 -7.841189664053480612e-01
1.330416712648725408e-01 -7.843947005850619991e-01
1.339237195633968258e-01 -7.846481006050904927e-01
1.348094178146549693e-01 -7.848794858489834825e-01
1.356984040039409256e-01 -7.850891662846778418e-01
1.365903080747972731e-01 -7.852774425307662565e-01
1.374847522393479737e-01 -7.854446059176357631e-01
1.383813512997045803e-01 -7.855909385433366143e-01
1.392797129800363853e-01 -7.857167133240612333e-01
1.401794382688331120e-01 -7.858221940391463267e-01
1.410801217708464173e-01 -7.859076353705269913e-01
1.419813520681556807e-01 -7.859732829366016249e-01
1.428827120897358804e-01 -7.860193733204839939e-01
1.437837794888892073e-01 -7.860461340926454543e-01
1.446841270278371727e-01 -7.860537838279670897e-01
1.455833229687464314e-01 -7.860425321172445079e-01
1.464809314704237364e-01 -7.860125795732034737e-01
1.473765129898799708e-01 -7.859641178311080889e-01
1.482696246879419144e-01 -7.858973295440530027e-01
1.491598208380647828e-01 -7.858123883730503412e-01
1.500466532374749029e-01 -7.857094589720393651e-01
1.509296716197709998e-01 -7.855886969679517495e-01
1.518084240680819264e-01 -7.854502489359863615e-01
1.526824574278905222e-01 -7.852942523702524102e-01
1.535513177186254852e-01 -7.851208356499526086e-01
1.544145505431227527e-01 -7.849301180012846491e-01
1.552717014940707130e-01 -7.847222094552497307e-01
1.561223165565666093e-01 -7.844972108015599854e-01
1.569659425059272972e-01 -7.842552135388444201e-01
1.578021272999117208e-01 -7.839962998213599876e-01
1.586304204645525018e-01 -7.837205424024122902e-01
1.594503734728082156e-01 -7.834280045747008536e-01
1.602615401152938657e-01 -7.831187401078003596e-01
1.610634768623714907e-01 -7.827927931829953279e-01
1.618557432169376586e-01 -7.824501983256852977e-01
1.626379020572698564e-01 -7.820909803355774459e-01
1.634095199693600953e-01 -7.817151542148861321e-01
1.641701675681900841e-01 -7.813227250947587521e-01
1.649194198074738216e-01 -7.809136881601436153e-01
1.656568562774338171e-01 -7.804880285733200029e-01
1.663820614902283279e-01 -7.800457213963057912e-01
1.670946251527110904e-01 -7.795867315123610197e-01
1.677941424262571757e-01 -7.791110135467997910e-01
1.684802141734381697e-01 -7.786185117873267725e-01
1.691524471913961325e-01 -7.781091601041123518e-01
1.698104544318102260e-01 -7.775828818698167222e-01
1.704538552074181257e-01 -7.770395898797767265e-01
1.710822753850912981e-01 -7.764791862725662908e-01
1.716953475655350614e-01 -7.759015624511393927e-01
1.722927112497192881e-01 -7.753065990047675049e-01
1.728740129922031743e-01 -7.746941656319822345e-01
1.734389065415651576e-01 -7.740641210647303261e-01
1.739870529681905864e-01 -7.734163129939545245e-01
1.745181207797140421e-01 -7.727505779968097954e-01
1.750317860244499091e-01 -7.720667414657289562e-01
1.755277323831937186e-01 -7.713646175395465487e-01
1.760056512497922554e-01 -7.706440090369008900e-01
1.764652418009255153e-01 -7.699047073921267970e-01
1.769062110555694456e-01 -7.691464925938595876e-01
1.773282739246285489e-01 -7.683691331265694036e-01
1.777311532512529935e-01 -7.675723859152521200e-01
1.781145798423706128e-01 -7.667559962735011059e-01
1.784782924919832980e-01 -7.659196978551920942e-01
1.788220379967859486e-01 -7.650632126100135322e-01
1.791455711646761650e-01 -7.641862507430816631e-01
1.794486548167287809e-01 -7.632885106788827034e-01
1.797310597832124102e-01 -7.623696790297904702e-01
1.799925648942277967e-01 -7.614294305694091491e-01
1.802329569655398422e-01 -7.604674282110035488e-01
1.804520307801759094e-01 -7.594833229912762995e-01
1.806495890663507298e-01 -7.584767540597661117e-01
1.808254424722722520e-01 -7.574473486741402084e-01
1.809794095383683299e-01 -7.563947222016644822e-01
1.811113166674596930e-01 -7.553184781271435888e-01
1.812209980933912612e-01 -7.542182080676234079e-01
1.813082958486129104e-01 -7.530934917941659590e-01
1.813730597311849768e-01 -7.519438972610016370e-01
1.814151472716578894e-01 -7.507689806423853973e-01
1.814344237002607774e-01 -7.495682863774781879e-01
1.814307619148003980e-01 -7.483413472235920239e-01
1.814040424496599913e-01 -7.470876843181404325e-01
1.813541534462507765e-01 -7.458068072496458756e-01
1.812809906252488279e-01 -7.444982141381616403e-01
1.811844572609257464e-01 -7.431613917254751289e-01
1.810644641578451342e-01 -7.417958154754680233e-01
1.809209296301831360e-01 -7.404009496850106897e-01
1.807537794838859346e-01 -7.389762476057868401e-01
1.805629470018684790e-01 -7.375211515774341420e-01
1.803483729324100726e-01 -7.360350931724128909e-01
1.801100054808952577e-01 -7.345174933530010941e-01
1.798478003049967799e-01 -7.329677626408395152e-01
1.795617205133930860e-01 -7.313853012994346869e-01
1.792517366680610180e-01 -7.297694995300527676e-01
1.789178267901771757e-01 -7.281197376814230182e-01
1.785599763696175957e-01 -7.264353864736838862e-01
1.781781783780279627e-01 -7.247158072370031290e-01
1.777724332854000999e-01 -7.229603521653029663e-01
1.773427490800776885e-01 -7.211683645855199165e-01
1.768891412920667316e-01 -7.193391792428385223e-01
1.764116330195238669e-01 -7.174721226023159648e-01
1.759102549582480246e-01 -7.155665131673326629e-01
1.753850454339944687e-01 -7.136216618152810831e-01
1.748360504373889790e-01 -7.116368721509127582e-01
1.742633236612100012e-01 -7.096114408777434157e-01
1.736669265397766115e-01 -7.075446581879116792e-01
1.730469282901538897e-01 -7.054358081708818062e-01
1.724034059548755771e-01 -7.032841692413522861e-01
1.717364444458518435e-01 -7.010890145867330059e-01
1.710461365891157992e-01 -6.988496126345277171e-01
1.703325831700456261e-01 -6.965652275399371041e-01
1.695958929786697267e-01 -6.942351196939877678e-01
1.688361828546562915e-01 -6.918585462524557972e-01
1.680535777315655399e-01 -6.894347616858373939e-01
1.672482106799293988e-01 -6.869630183505843757e-01
1.664202229487070916e-01 -6.844425670817995133e-01
1.655697640046559505e-01 -6.818726578075424705e-01
1.646969915691397501e-01 -6.792525401848744648e-01
1.638020716518888142e-01 -6.765814642577219207e-01
1.628851785812182318e-01 -6.738586811366036322e-01
1.619464950301981454e-01 -6.710834437002219932e-01
1.609862120382715700e-01 -6.682550073188708861e-01
1.600045290278009347e-01 -6.653726305995674162e-01
1.590016538150301750e-01 -6.624355761527636055e-01
1.579778026149434023e-01 -6.594431113804349875e-01
