# x2 y2
7.999390780625565966e-01 6.980962574913365457e-03
7.999391635714437898e-01 6.976065038253835039e-03
7.999394197378604243e-01 6.961372403146149669e-03
7.999398454810701109e-01 6.936884594325857557e-03
7.999404389998419074e-01 6.902601486763850977e-03
7.999411977724448786e-01 6.858522906283363169e-03
7.999421185566404358e-01 6.804648630424120839e-03
7.999431973896722337e-01 6.740978389553489193e-03
7.999444295882538469e-01 6.667511868223911266e-03
7.999458097485535601e-01 6.584248706778568841e-03
7.999473317461769373e-01 6.491188503202809448e-03
7.999489887361459495e-01 6.388330815223454071e-03
7.999507731528758825e-01 6.275675162654922173e-03
7.999526767101483582e-01 6.153221029992383094e-03
7.999546904010808035e-01 6.020967869252690993e-03
7.999568044980933657e-01 5.878915103062266369e-03
7.999590085528697214e-01 5.727062127992353473e-03
7.999612913963165539e-01 5.565408318141744706e-03
7.999636411385155910e-01 5.393953028967454245e-03
7.999660451686728679e-01 5.212695601362342564e-03
7.999684901550613292e-01 5.021635365981247899e-03
7.999709620449588776e-01 4.820771647813933310e-03
7.999734460645797629e-01 4.610103771007282268e-03
7.999759267189996415e-01 4.389631063933994125e-03
7.999783877920741970e-01 4.159352864510593162e-03
7.999808123463498788e-01 3.919268525762609721e-03
7.999831827229673120e-01 3.669377421638695888e-03
7.999854805415560488e-01 3.409678953072791882e-03
7.999876867001205483e-01 3.140172554294776413e-03
7.999897813749174968e-01 2.860857699389444866e-03
7.999917440203219154e-01 2.571733909104158798e-03
7.999935533686842737e-01 2.272800757904864903e-03
7.999951874301749477e-01 1.964057881281437105e-03
7.999966234926181308e-01 1.645504983300654766e-03
7.999978381213130874e-01 1.317141844409107062e-03
7.999988071588415295e-01 9.789683294839052023e-04
7.999995057248627806e-01 6.309843961327211504e-04
7.999999082158930630e-01 2.731901032425522349e-04
7.999999883050703531e-01 -9.441438022311036938e-05
7.999997189419028043e-01 -4.718287661776928332e-04
7.999990723520008506e-01 -8.590526381168951675e-04
7.999980200367922123e-01 -1.256085441574952485e-03
7.999965327732168063e-01 -1.662926474332701923e-03
7.999945806134044490e-01 -2.079574876376477730e-03
7.999921328843316859e-01 -2.506029619609681600e-03
7.999891581874571944e-01 -2.942289497315228770e-03
7.999856243983358706e-01 -3.388353113370597830e-03
7.999814986662104888e-01 -3.844218871214451216e-03
7.999767474135783818e-01 -4.309884962566168203e-03
7.999713363357345841e-01 -4.785349355897669348e-03
7.999652304002886627e-01 -5.270609784658306964e-03
7.999583938466550137e-01 -5.765663735252959943e-03
7.999507901855147374e-01 -6.270508434773625246e-03
7.999423821982495353e-01 -6.785140838485056829e-03
7.999331319363449655e-01 -7.309557617064695728e-03
7.999230007207622783e-01 -7.843755143597749141e-03
7.999119491412796101e-01 -8.387729480327017761e-03
7.998999370557968724e-01 -8.941476365159231263e-03
7.998869235896091112e-01 -9.504991197927555382e-03
7.998728671346415631e-01 -1.007826902641099746e-02
7.998577253486489624e-01 -1.066130453211217542e-02
7.998414551543757689e-01 -1.125409201579334779e-02
7.998240127386768705e-01 -1.185662538277129467e-02
7.998053535515969870e-01 -1.246889812797304271e-02
7.997854323054082171e-01 -1.309090332075248629e-02
7.997642029736030667e-01 -1.372263358946838353e-02
7.997416187898424011e-01 -1.436408110582625131e-02
7.997176322468568799e-01 -1.501523756898340278e-02
7.996921950953002067e-01 -1.567609418942019633e-02
7.996652583425517546e-01 -1.634664167257657633e-02
7.996367722514695631e-01 -1.702687020225698844e-02
7.996066863390889345e-01 -1.771676942380404768e-02
7.995749493752668524e-01 -1.841632842704253245e-02
7.995415093812711094e-01 -1.912553572899527987e-02
7.995063136283105942e-01 -1.984437925637247066e-02
7.994693086360062928e-01 -2.057284632783552836e-02
7.994304401708013375e-01 -2.131092363603828699e-02
7.993896532443071079e-01 -2.205859722944638474e-02
7.993468921115853831e-01 -2.281585249393645182e-02
7.993021002693625476e-01 -2.358267413417846139e-02
7.992552204541758520e-01 -2.435904615480136842e-02
7.992061946404487305e-01 -2.514495184134574526e-02
7.991549640384927322e-01 -2.594037374100457635e-02
7.991014690924358455e-01 -2.674529364315505336e-02
7.990456494780719954e-01 -2.755969255968325135e-02
7.989874441006339367e-01 -2.838355070510445791e-02
7.989267910924833238e-01 -2.921684747648178176e-02
7.988636278107167366e-01 -3.005956143314535492e-02
7.987978908346882179e-01 -3.091167027621491425e-02
7.987295159634408837e-01 -3.177315082792873252e-02
7.986584382130507143e-01 -3.264397901078166381e-02
7.985845918138750887e-01 -3.352412982647547113e-02
7.985079102077076163e-01 -3.441357733468396185e-02
7.984283260448339359e-01 -3.531229463163741700e-02
7.983457711809871515e-01 -3.622025382852776809e-02
7.982601766742010163e-01 -3.713742602973921919e-02
7.981714727815549804e-01 -3.806378131090770028e-02
7.980795889558125467e-01 -3.899928869681205251e-02
7.979844538419471611e-01 -3.994391613910113631e-02
7.978859952735533057e-01 -4.089763049386010985e-02
7.977841402691411288e-01 -4.186039749902100565e-02
7.976788150283091738e-01 -4.283218175161914582e-02
7.975699449277953157e-01 -4.381294668490232080e-02
7.974574545173984674e-01 -4.480265454529425845e-02
7.973412675157733887e-01 -4.580126636921835054e-02
7.972213068060897134e-01 -4.680874195978505098e-02
7.970974944315554200e-01 -4.782503986334746965e-02
7.969697515908006347e-01 -4.885011734592963062e-02
7.968379986331168841e-01 -4.988393036953232135e-02
7.967021550535504648e-01 -5.092643356832032842e-02
7.965621394878441563e-01 -5.197758022469618766e-02
7.964178697072252788e-01 -5.303732224526559041e-02
7.962692626130345452e-01 -5.410561013669838715e-02
7.961162342311950413e-01 -5.518239298149062166e-02
7.959586997065125624e-01 -5.626761841363241146e-02
7.957965732968084183e-01 -5.736123259418655917e-02
7.956297683668770437e-01 -5.846318018678312717e-02
7.954581973822665297e-01 -5.957340433303470045e-02
7.952817719028764110e-01 -6.069184662787785456e-02
7.951004025763692695e-01 -6.181844709484556055e-02
7.949139991313918241e-01 -6.295314416127591184e-02
7.947224703706012860e-01 -6.409587463346236302e-02
7.945257241634915424e-01 -6.524657367175061562e-02
7.943236674390166119e-01 -6.640517476558746579e-02
7.941162061780049353e-01 -6.757160970852639503e-02
7.939032454053608356e-01 -6.874580857319596838e-02
7.936846891820488192e-01 -6.992769968623493981e-02
7.934604405968554985e-01 -7.111720960320062901e-02
7.932304017579248079e-01 -7.231426308345496878e-02
7.929944737840615154e-01 -7.351878306503237259e-02
7.927525567957978136e-01 -7.473069063949704105e-02
7.925045499062197685e-01 -7.594990502679173361e-02
7.922503512115475210e-01 -7.717634355008506919e-02
7.919898577814639129e-01 -7.840992161062110277e-02
7.917229656491884260e-01 -7.965055266257639599e-02
7.914495698012904423e-01 -8.089814818792886997e-02
7.911695641672364943e-01 -8.215261767134354742e-02
7.908828416086690627e-01 -8.341386857507936126e-02
7.905892939084077087e-01 -8.468180631392077662e-02
7.902888117591742034e-01 -8.595633423013990249e-02
7.899812847520291115e-01 -8.723735356849161848e-02
7.896666013645230464e-01 -8.852476345124654644e-02
7.893446489485509421e-01 -8.981846085326543327e-02
7.890153137179101162e-01 -9.111834057711828971e-02
7.886784807355555760e-01 -9.242429522825233723e-02
7.883340339005460162e-01 -9.373621519021134441e-02
7.879818559346800644e-01 -9.505398859990983607e-02
7.876218283688170008e-01 -9.637750132296460381e-02
7.872538315288764021e-01 -9.770663692908759801e-02
7.868777445215151545e-01 -9.904127666754020121e-02
7.864934452194769499e-01 -1.003812994426535321e-01
7.861008102466104930e-01 -1.017265817894157098e-01
7.856997149625530863e-01 -1.030769978491280214e-01
7.852900334470773736e-01 -1.044324193451313942e-01
7.848716384840980220e-01 -1.057927155586054907e-01
7.844444015453331254e-01 -1.071577533044408698e-01
7.840081927736223255e-01 -1.085273969071845479e-01
7.835628809658956584e-01 -1.099015081770617352e-01
7.831083335557936786e-01 -1.112799463860722343e-01
7.826444165959353105e-01 -1.126625682441627363e-01
7.821709947398340912e-01 -1.140492278754755007e-01
7.816879312234610300e-01 -1.154397767946724607e-01
7.811950878464533066e-01 -1.168340638833355871e-01
7.806923249529696962e-01 -1.182319353664425532e-01
7.801795014121921668e-01 -1.196332347889166176e-01
7.796564745984753131e-01 -1.210378029922517251e-01
7.791231003711442948e-01 -1.224454780912102997e-01
7.785792330539426098e-01 -1.238560954505939365e-01
7.780247254141349211e-01 -1.252694876620857600e-01
7.774594286412629396e-01 -1.266854845211637381e-01
7.768831923255627991e-01 -1.281039130040834140e-01
7.762958644360441474e-01 -1.295245972449300398e-01
7.756972912982389445e-01 -1.309473585127381157e-01
7.750873175716215258e-01 -1.323720151886785823e-01
7.744657862267110282e-01 -1.337983827433130712e-01
7.738325385218567387e-01 -1.352262737139133530e-01
7.731874139797206835e-01 -1.366554976818473988e-01
7.725302503634587925e-01 -1.380858612500314997e-01
7.718608836526161809e-01 -1.395171680204488063e-01
7.711791480187414338e-01 -1.409492185717347856e-01
7.704848758007334375e-01 -1.423818104368314019e-01
7.697778974799314167e-01 -1.438147380807116849e-01
7.690580416549601672e-01 -1.452477928781763239e-01
7.683251350163464721e-01 -1.466807630917261462e-01
7.675790023209156931e-01 -1.481134338495135594e-01
7.668194663659916310e-01 -1.495455871233775658e-01
7.660463479634078698e-01 -1.509770017069678172e-01
7.652594659133548083e-01 -1.524074531939638433e-01
7.644586369780758117e-01 -1.538367139563967256e-01
7.636436758554357995e-01 -1.552645531230812947e-01
7.628143951523798094e-01 -1.566907365581694800e-01
7.619706053583061856e-01 -1.581150268398346936e-01
7.611121148183742635e-01 -1.595371832390997946e-01
7.602387297067740857e-01 -1.609569616988225094e-01
7.593502539999796852e-01 -1.623741148128536316e-01
7.584464894500159149e-01 -1.637883918053849308e-01
7.575272355577635786e-01 -1.651995385105056724e-01
7.565922895463350617e-01 -1.666072973519880929e-01
7.556414463345464405e-01 -1.680114073233249794e-01
7.546744985105224846e-01 -1.694116039680431673e-01
7.536912363054637520e-01 -1.708076193603208504e-01
7.526914475676109717e-01 -1.721991820859374855e-01
7.516749177364429046e-01 -1.735860172235873244e-01
7.506414298171444344e-01 -1.749678463265914030e-01
7.495907643553816335e-01 -1.763443874050442117e-01
7.485226994124257738e-01 -1.777153549084344586e-01
7.474370105406649145e-01 -1.790804597087825856e-01
7.463334707595475903e-01 -1.804394090843386422e-01
7.452118505320004527e-01 -1.817919067038906711e-01
7.440719177413668284e-01 -1.831376526117326486e-01
7.429134376689117136e-01 -1.844763432133483538e-01
7.417361729719413876e-01 -1.858076712618668691e-01
7.405398836625880499e-01 -1.871313258453521922e-01
7.393243270873097739e-01 -1.884469923749904074e-01
7.380892579071581805e-01 -1.897543525742432236e-01
7.368344280788678979e-01 -1.910530844690387919e-01
7.355595868368243195e-01 -1.923428623790756631e-01
7.342644806759641707e-01 -1.936233569103180119e-01
7.329488533356693925e-01 -1.948942349487660930e-01
7.316124457847146267e-01 -1.961551596555879129e-01
7.302549962073260348e-01 -1.974057904637027128e-01
7.288762399904199496e-01 -1.986457830759109644e-01
7.274759097120802043e-01 -1.998747894646695222e-01
7.260537351313445242e-01 -2.010924578736142110e-01
7.246094431793641544e-01 -2.022984328209364024e-01
7.231427579520077753e-01 -2.034923551047245482e-01
7.216534007039798748e-01 -2.046738618103844387e-01
7.201410898445237407e-01 -2.058425863202586747e-01
7.186055409347864575e-01 -2.069981583255650348e-01
7.170464666869159620e-01 -2.081402038407839938e-01
7.154635769649729804e-01 -2.092683452206223760e-01
7.138565787877293456e-01 -2.103822011796910307e-01
7.122251763334386254e-01 -2.114813868150317022e-01
7.105690709466566668e-01 -2.125655136316377813e-01
7.088879611471962106e-01 -2.136341895711131034e-01
7.071815426413006200e-01 -2.146870190436183101e-01
7.054495083351219886e-01 -2.157236029632580987e-01
7.036915483505927771e-01 -2.167435387870650376e-01
7.019073500437789104e-01 -2.177464205577394063e-01
7.000965980258061494e-01 -2.187318389503068172e-01
6.982589741864534405e-01 -2.196993813228597103e-01
6.963941577205057243e-01 -2.206486317715498358e-01
6.945018251569632373e-01 -2.215791711900020611e-01
6.925816503912065603e-01 -2.224905773333226422e-01
6.906333047202127817e-01 -2.233824248868756801e-01
6.886564568809292464e-01 -2.242542855400048163e-01
6.866507730919031438e-01 -2.251057280648774417e-01
6.846159170982746289e-01 -2.259363184006304148e-01
6.825515502202367246e-01 -2.267456197429978115e-01
6.804573314050743615e-01 -2.275331926395996462e-01
6.783329172828869158e-01 -2.282985950910744744e-01
6.761779622261115952e-01 -2.290413826582333168e-01
6.739921184129545884e-01 -2.297611085754174554e-01
6.717750358948512135e-01 -2.304573238702372628e-01
6.695263626680667546e-01 -2.311295774898700361e-01
6.672457447495587779e-01 -2.317774164340930254e-01
6.649328262572216097e-01 -2.324003858952233825e-01
6.625872494946317692e-01 -2.329980294051366974e-01
6.602086550404222542e-01 -2.335698889895310715e-01
6.577966818424054729e-01 -2.341155053295989608e-01
6.553509673165768268e-01 -2.346344179312660483e-01
6.528711474511224022e-01 -2.351261653021503029e-01
6.503568569155637746e-01 -2.355902851363900485e-01
6.478077291751698219e-01 -2.360263145074807944e-01
6.452233966107671082e-01 -2.364337900692575212e-01
6.426034906440845074e-01 -2.368122482651475735e-01
6.399476418687661816e-01 -2.371612255458137031e-01
6.372554801871872510e-01 -2.374802585952967560e-01
6.345266349532125982e-01 -2.377688845657573991e-01
6.317607351210334787e-01 -2.380266413209061738e-01
6.289574094002223781e-01 -2.382530676881998155e-01
6.261162864171440079e-01 -2.384477037198696747e-01
6.232369948828626605e-01 -2.386100909628350308e-01
6.203191637676849224e-01 -2.387397727375396017e-01
6.173624224824771911e-01 -2.388362944257369502e-01
6.143664010668971054e-01 -2.388992037672328927e-01
6.113307303846782226e-01 -2.389280511655774708e-01
6.082550423261037231e-01 -2.389223900026833380e-01
6.051389700178071429e-01 -2.388817769623257647e-01
6.019821480400349145e-01 -2.388057723624656958e-01
5.987842126515020569e-01 -2.386939404963115408e-01
5.955448020219740179e-01 -2.385458499820206080e-01
5.922635564727005697e-01 -2.383610741209149231e-01
5.889401187248276548e-01 -2.381391912640659358e-01
5.855741341559067559e-01 -2.378797851870802782e-01
5.821652510646211365e-01 -2.375824454728905910e-01
5.787131209438370893e-01 -2.372467679023373965e-01
5.752173987620909923e-01 -2.368723548522937428e-01
5.716777432536084280e-01 -2.364588157010661940e-01
5.680938172169531786e-01 -2.360057672407724905e-01
5.644652878223892500e-01 -2.355128340963710820e-01
5.607918269280358636e-01 -2.349796491509892338e-01
5.570731114048841359e-01 -2.344058539771659289e-01
5.533088234707351782e-01 -2.337910992735975080e-01
5.494986510331074658e-01 -2.331350453069420403e-01
5.456422880411518905e-01 -2.324373623582109138e-01
5.417394348465982556e-01 -2.316977311732406342e-01
5.377897985737442044e-01 -2.309158434167106477e-01
5.337930934984841391e-01 -2.300914021291394773e-01
5.297490414363574818e-01 -2.292241221862601486e-01
5.256573721395823018e-01 -2.283137307601440513e-01
5.215178237030191344e-01 -2.273599677814119036e-01
5.173301429789929351e-01 -2.263625864018374012e-01
5.130940860008810223e-01 -2.253213534566199105e-01
5.088094184153519883e-01 -2.242360499255706963e-01
5.044759159231180234e-01 -2.231064713924268139e-01
5.000933647280427774e-01 -2.219324285014789844e-01
4.956615619944151896e-01 -2.207137474106695418e-01
4.911803163121796767e-01 -2.194502702402892358e-01
4.866494481698816488e-01 -2.181418555163771034e-01
4.820687904350597353e-01 -2.167883786078973196e-01
4.774381888417847941e-01 -2.153897321567505296e-01
4.727575024850156349e-01 -2.139458264996470238e-01
4.680266043214084126e-01 -2.124565900808556562e-01
4.632453816761801235e-01 -2.109219698548170929e-01
4.584137367555962683e-01 -2.093419316776002348e-01
4.535315871646116714e-01 -2.077164606861603424e-01
4.485988664291588601e-01 -2.060455616643498966e-01
4.436155245225391619e-01 -2.043292593946218205e-01
4.385815283953315991e-01 -2.025675989943578892e-01
4.334968625081954130e-01 -2.007606462357546806e-01
4.283615293668999735e-01 -1.989084878481943430e-01
4.231755500588739727e-01 -1.970112318020350584e-01
4.179389647905222827e-01 -1.950690075727587458e-01
4.126518334245178332e-01 -1.930819663844252909e-01
4.073142360162287368e-01 -1.910502814313965181e-01
4.019262733483994765e-01 -1.889741480773091675e-01
3.964880674631576785e-01 -1.868537840302977870e-01
3.909997621903755216e-01 -1.846894294934958436e-01
3.854615236713686555e-01 -1.824813472898704769e-01
3.798735408768690314e-01 -1.802298229604817337e-01
3.742360261181658654e-01 -1.779351648352948401e-01
3.685492155502612666e-01 -1.755977040757174534e-01
3.628133696658435992e-01 -1.732177946880784636e-01
3.570287737788367943e-01 -1.707958135073200656e-01
3.511957384962388073e-01 -1.683321601502267284e-01
3.453146001769184514e-01 -1.658272569375766892e-01
3.393857213759968738e-01 -1.632815487846651370e-01
3.334094912733943095e-01 -1.606955030597172485e-01
3.273863260850802259e-01 -1.580696094097806537e-01
3.213166694555218417e-01 -1.554043795537641270e-01
3.152009928297798136e-01 -1.527003470423674014e-01
3.090397958036589787e-01 -1.499580669847332404e-01
3.028336064502754055e-01 -1.471781157417372810e-01
2.965829816213541026e-01 -1.443610905859205595e-01
2.902885072215304896e-01 -1.415076093281638081e-01
2.839507984538735541e-01 -1.386183099112964223e-01
2.775705000348057117e-01 -1.356938499709292589e-01
2.711482863765387052e-01 -1.327349063638996185e-01
2.646848617350915922e-01 -1.297421746648177998e-01
2.581809603219023530e-01 -1.267163686313049764e-01
2.516373463769820962e-01 -1.236582196386150079e-01
2.450548142015016029e-01 -1.205684760844347725e-01
2.384341881476321479e-01 -1.174479027647641893e-01
2.317763225633992508e-01 -1.142972802218774064e-01
2.250821016902338212e-01 -1.111174040654739903e-01
2.183524395108418226e-01 -1.079090842682334239e-01
2.115882795449411102e-01 -1.046731444370915809e-01
2.047905945903520375e-01 -1.014104210616662560e-01
1.979603864068719132e-01 -9.812176274136891196e-02
1.910986853403154051e-01 -9.480802939285049025e-02
1.842065498840766424e-01 -9.147009143954937249e-02
1.772850661755603352e-01 -8.810882898522931495e-02
1.703353474248566757e-01 -8.472513097352746270e-02
1.633585332730998207e-01 -8.131989433567110570e-02
1.563557890780670201e-01 -7.789402312867316214e-02
1.493283051247584481e-01 -7.444842766647924437e-02
1.422772957589539533e-01 -7.098402364672146136e-02
1.352039984420906338e-01 -6.750173127592562494e-02
1.281096727262575341e-01 -6.400247439623346635e-02
1.209955991486699467e-01 -6.048717961693100831e-02
1.138630780456773850e-01 -5.695677545431337974e-02
1.067134282871816525e-01 -5.341219148367065683e-02
9.954798593330074774e-02 -4.985435750743466565e-02
9.236810281619198260e-02 -4.628420274377098576e-02
8.517514505114101575e-02 -4.270265504012726865e-02
7.797049148230608684e-02 -3.911064011643861082e-02
7.075553206983323240e-02 -3.550908084281900745e-02
6.353166622639730421e-02 -3.189889655662153656e-02
5.630030111250558522e-02 -2.828100242369502304e-02
4.906284990107728783e-02 -2.465630884849040472e-02
4.182073002280045637e-02 -2.102572093734156322e-02
3.457536140451106244e-02 -1.739013801875771703e-02
2.732816471328214369e-02 -1.375045322390755498e-02
2.008055961898499997e-02 -1.010755312964023434e-02
1.283396308778625428e-02 -6.462317465402378502e-03
5.589787718340982758e-03 -2.815618884285941981e-03
-1.650559868634632332e-03 8.316772027821550672e-04
-8.885680578144400377e-03 4.478712731970646566e-03
-1.611418431846628474e-02 8.124637034129633673e-03
-2.333469140277852349e-02 1.176860682977859396e-02
-3.054583387112241866e-02 1.540978617734056755e-02
-3.774625673093004452e-02 1.904734638139060632e-02
-4.493461911620103000e-02 2.268046586840316570e-02
-5.210959536708364981e-02 2.630833003795407521e-02
-5.926987603302688590e-02 2.993013109755060519e-02
-6.641416880378669951e-02 3.354506788921896021e-02
-7.354119937335953927e-02 3.715234571569858701e-02
-8.064971224238801084e-02 4.075117617359025335e-02
-8.773847146475236003e-02 4.434077700013022705e-02
-9.480626134396516469e-02 4.792037193944259643e-02
-1.018518870846713553e-01 5.148919063321932832e-02
-1.088741754040718768e-01 5.504646853981598476e-02
-1.158719751074901300e-01 5.859144688478729046e-02
-1.228441576316342543e-01 6.212337264494671718e-02
-1.297896175584229705e-01 6.564149856714540654e-02
-1.367072731015683829e-01 6.914508322216161851e-02
-1.435960665674787251e-01 7.263339109336158783e-02
-1.504549647914774080e-01 7.610569269917744073e-02
-1.572829595498459465e-01 7.956126474792052372e-02
-1.640790679477843739e-01 8.299939032302183772e-02
-1.708423327830627114e-01 8.641935909646447644e-02
-1.775718228848879865e-01 8.982046756792078090e-02
-1.842666334273413975e-01 9.320201932694233138e-02
-1.909258862166361426e-01 9.656332533544420560e-02
-1.975487299513983830e-01 9.990370422768407588e-02
-2.041343404551749230e-01 1.032224826249353300e-01
-2.106819208804156240e-01 1.065189954620981982e-01
-2.171907018832451297e-01 1.097925863235659216e-01
-2.236599417684401736e-01 1.130426077857588640e-01
-2.300889266041390713e-01 1.162684217638564887e-01
-2.364769703059342587e-01 1.194693998603864049e-01
-2.428234146901285251e-01 1.226449237134642489e-01
-2.491276294960725890e-01 1.257943853426241043e-01
-2.553890123776271781e-01 1.289171874903217163e-01
-2.616069888639288576e-01 1.320127439573379746e-01
-2.677810122897540390e-01 1.350804799304550219e-01
-2.739105636959025536e-01 1.381198323009151241e-01
-2.799951517001201817e-01 1.411302499723128268e-01
-2.860343123391888565e-01 1.441111941566975974e-01
-2.920276088829011352e-01 1.470621386577969925e-01
-2.979746316207192991e-01 1.499825701403869060e-01
-3.038749976219938809e-01 1.528719883849564143e-01
-3.097283504706829227e-01 1.557299065269193428e-01
-3.155343599755668360e-01 1.585558512797370367e-01
-3.212927218570088561e-01 1.613493631414102403e-01
-3.270031574113448358e-01 1.641099965838964114e-01
-3.326654131540263681e-01 1.668373202250959531e-01
-3.382792604426628769e-01 1.695309169831357154e-01
-3.438444950811321288e-01 1.721903842127577022e-01
-3.493609369059406666e-01 1.748153338236944632e-01
-3.548284293560250990e-01 1.774053923809837396e-01
-3.602468390271856835e-01 1.799602011872394880e-01
-3.656160552123468022e-01 1.824794163469583841e-01
-3.709359894288268844e-01 1.849627088129973396e-01
-3.762065749337933362e-01 1.874097644154107956e-01
-3.814277662290624926e-01 1.898202838728866859e-01
-3.865995385563875675e-01 1.921939827870632889e-01
-3.917218873843545945e-01 1.945305916200538721e-01
-3.967948278879877000e-01 1.968298556555411194e-01
-4.018183944221312975e-01 1.990915349438411863e-01
-4.067926399896554801e-01 2.013154042313667347e-01
-4.117176357054976865e-01 2.035012528749487182e-01
-4.165934702575199711e-01 2.056488847414995047e-01
-4.214202493651316717e-01 2.077581180935251237e-01
-4.261980952365890252e-01 2.098287854610125791e-01
-4.309271460258509157e-01 2.118607335002355985e-01
-4.356075552898293068e-01 2.138538228400360397e-01
-4.402394914468406584e-01 2.158079279161509156e-01
-4.448231372370243797e-01 2.177229367941642402e-01
-4.493586891854543519e-01 2.195987509816685057e-01
-4.538463570686391835e-01 2.214352852302293728e-01
-4.582863633850596252e-01 2.232324673277457372e-01
-4.626789428303613727e-01 2.249902378818017246e-01
-4.670243417777801276e-01 2.267085500946051102e-01
-4.713228177643404293e-01 2.283873695301041618e-01
-4.755746389833317433e-01 2.300266738738712680e-01
-4.797800837835328736e-01 2.316264526863357764e-01
-4.839394401756149655e-01 2.331867071499420518e-01
-4.880530053461257234e-01 2.347074498107991347e-01
-4.921210851794167729e-01 2.361887043153814425e-01
-4.961439937878506790e-01 2.376305051428267423e-01
-5.001220530505862127e-01 2.390328973333676610e-01
-5.040555921612116519e-01 2.403959362134199251e-01
-5.079449471844691422e-01 2.417196871178382278e-01
-5.117904606222800634e-01 2.430042251098353256e-01
-5.155924809892560301e-01 2.442496346990457590e-01
-5.193513623978521787e-01 2.454560095582018486e-01
-5.230674641532966351e-01 2.466234522388714989e-01
-5.267411503584034094e-01 2.477520738866936245e-01
-5.303727895283513183e-01 2.488419939565293948e-01
-5.339627542154948836e-01 2.498933399279306966e-01
-5.375114206442457299e-01 2.509062470213128115e-01
-5.410191683560485743e-01 2.518808579151966542e-01
-5.444863798644520303e-01 2.528173224648748718e-01
-5.479134403202626791e-01 2.537157974228333446e-01
-5.513007371867477691e-01 2.545764461612479712e-01
-5.546486599248420246e-01 2.553994383968551385e-01
-5.579575996882948363e-01 2.561849499184805645e-01
-5.612279490286856687e-01 2.569331623174936352e-01
-5.644601016102162028e-01 2.576442627214372005e-01
-5.676544519341817363e-01 2.583184435310693083e-01
-5.708113950730130393e-01 2.589559021610332024e-01
-5.739313264137652082e-01 2.595568407843606984e-01
-5.770146414109275090e-01 2.601214660809962886e-01
-5.800617353484139871e-01 2.606499889905156131e-01
-5.830730031105932909e-01 2.611426244691960052e-01
-5.860488389622037220e-01 2.615995912515845512e-01
-5.889896363369973020e-01 2.620211116166941689e-01
-5.918957876349497660e-01 2.624074111589455027e-01
-5.947676840278698362e-01 2.627587185639593814e-01
-5.976057152732356936e-01 2.630752653892915460e-01
-6.004102695360852282e-01 2.633572858501904701e-01
-6.031817332187814351e-01 2.636050166104471626e-01
-6.059204907984749866e-01 2.638186965783940741e-01
-6.086269246720790171e-01 2.639985667081007903e-01
-6.113014150085797072e-01 2.641448698058029287e-01
-6.139443396084911519e-01 2.642578503415911051e-01
-6.165560737702773242e-01 2.643377542663784552e-01
-6.191369901635526141e-01 2.643848288341551500e-01
-6.216874587088792037e-01 2.643993224295307920e-01
-6.242078464639778668e-01 2.643814844005561993e-01
-6.266985175161685628e-01 2.643315648968117548e-01
-6.291598328808621909e-01 2.642498147127374519e-01
-6.315921504059218705e-01 2.641364851361776012e-01
-6.339958246817168908e-01 2.639918278021044507e-01
-6.363712069566940244e-01 2.638160945514790301e-01
-6.387186450582906794e-01 2.636095372952033666e-01
-6.410384833190215792e-01 2.633724078831111148e-01
-6.433310625075676636e-01 2.631049579779398684e-01
-6.455967197647012323e-01 2.628074389342253125e-01
-6.478357885438861263e-01 2.624801016820493271e-01
-6.500485985563899671e-01 2.621231966155744275e-01
-6.522354757207518006e-01 2.617369734862916575e-01
-6.543967421164523790e-01 2.613216813009048289e-01
-6.565327159416332048e-01 2.608775682237726157e-01
-6.586437114747177857e-01 2.604048814838278436e-01
-6.607300390397903289e-01 2.599038672858881571e-01
-6.627920049755903209e-01 2.593747707262732405e-01
-6.648299116079838811e-01 2.588178357126406648e-01
-6.668440572257792187e-01 2.582333048879498771e-01
-6.688347360597514113e-01 2.576214195584637379e-01
-6.708022382647520487e-01 2.569824196256954019e-01
-6.727468499047764006e-01 2.563165435222079513e-01
-6.746688529408670920e-01 2.556240281511711343e-01
-6.765685252217368273e-01 2.549051088295827272e-01
-6.784461404769948079e-01 2.541600192350576548e-01
-6.803019683128646022e-01 2.533889913560908314e-01
-6.821362742102858867e-01 2.525922554456977998e-01
-6.839493195252945856e-01 2.517700399783378007e-01
-6.857413614915777167e-01 2.509225716100248471e-01
-6.875126532251076839e-01 2.500500751415303813e-01
-6.892634437307536555e-01 2.491527734845853659e-01
-6.909939779107838742e-01 2.482308876309863299e-01
-6.927044965751625316e-01 2.472846366245128047e-01
-6.943952364535579402e-01 2.463142375355639735e-01
-6.960664302089762945e-01 2.453199054384234690e-01
-6.977183064529368650e-01 2.443018533910602530e-01
-6.993510897621129097e-01 2.432602924173788428e-01
-7.009650006963585867e-01 2.421954314918283169e-01
-7.025602558180507051e-01 2.411074775262837810e-01
-7.041370677126708166e-01 2.399966353591146961e-01
-7.056956450105589251e-01 2.388631077463569952e-01
-7.072361924097750885e-01 2.377070953549030030e-01
-7.087589106999988564e-01 2.365287967576293338e-01
-7.102639967874087024e-01 2.353284084303846613e-01
-7.117516437204798319e-01 2.341061247507546517e-01
-7.132220407166389720e-01 2.328621379985316431e-01
-7.146753731897269590e-01 2.315966383578094145e-01
-7.161118227782076184e-01 2.303098139206339323e-01
-7.175315673740746414e-01 2.290018506921349117e-01
-7.189347811524049447e-01 2.276729325970697493e-01
-7.203216346015108851e-01 2.263232414877103804e-01
-7.216922945536423661e-01 2.249529571530072825e-01
-7.230469242161946530e-01 2.235622573289660631e-01
-7.243856832033798154e-01 2.221513177101720748e-01
-7.257087275683169469e-01 2.207203119624029375e-01
-7.270162098355017477e-01 2.192694117362699036e-01
-7.283082790336181667e-01 2.177987866818291707e-01
-7.295850807286515805e-01 2.163086044641094052e-01
-7.308467570572688699e-01 2.147990307794993281e-01
-7.320934467604313101e-01 2.132702293729437371e-01
-7.333252852172051917e-01 2.117223620559001429e-01
-7.345424044787378648e-01 2.101555887250035892e-01
-7.357449333023702298e-01 2.085700673813963846e-01
-7.369329971858529227e-01 2.069659541506758405e-01
-7.381067184016398830e-01 2.053434033034182704e-01
-7.392662160312305497e-01 2.037025672762364514e-01
-7.404116059995338173e-01 2.020435966933341598e-01
-7.415430011092303264e-01 2.003666403885148717e-01
-7.426605110751056671e-01 1.986718454276139578e-01
-7.437642425583341765e-01 1.969593571313165703e-01
-7.448542992006885743e-01 1.952293190983303561e-01
-7.459307816586554507e-01 1.934818732288810517e-01
-7.469937876374359575e-01 1.917171597485010093e-01
-7.480434119248109415e-01 1.899353172320862315e-01
-7.490797464248528659e-01 1.881364826281903546e-01
-7.501028801914670918e-01 1.863207912835370683e-01
-7.511128994617446430e-01 1.844883769677221619e-01
-7.521098876891094687e-01 1.826393718980886538e-01
-7.530939255762483242e-01 1.807739067647507469e-01
-7.540650911078030649e-01 1.788921107557508716e-01
-7.550234595828184680e-01 1.769941115823312761e-01
-7.559691036469268210e-01 1.750800355043037049e-01
-7.569020933242588400e-01 1.731500073555045927e-01
-7.578224960490713702e-01 1.712041505693201737e-01
-7.587303766970787677e-01 1.692425872042701562e-01
-7.596257976164777492e-01 1.672654379696406624e-01
-7.605088186586590471e-01 1.652728222511540834e-01
-7.613794972085933255e-01 1.632648581366691609e-01
-7.622378882148868051e-01 1.612416624419046318e-01
-7.630840442194972706e-01 1.592033507361763633e-01
-7.639180153871028001e-01 1.571500373681479212e-01
-7.647398495341217739e-01 1.550818354915844133e-01
-7.655495921573727269e-01 1.529988570911118562e-01
-7.663472864623721570e-01 1.509012130079746827e-01
-7.671329733912681803e-01 1.487890129657926108e-01
-7.679066916504011520e-01 1.466623655963154027e-01
-7.686684777374936939e-01 1.445213784651739886e-01
-7.694183659684623589e-01 1.423661580976316454e-01
-7.701563885038553714e-01 1.401968100043321508e-01
-7.708825753749077858e-01 1.380134387070521274e-01
-7.715969545092198345e-01 1.358161477644548587e-01
-7.722995517560531376e-01 1.336050397978531812e-01
-7.729903909112476601e-01 1.313802165169833114e-01
-7.736694937417603057e-01 1.291417787457936339e-01
-7.743368800098247018e-01 1.268898264482520022e-01
-7.749925674967348410e-01 1.246244587541819465e-01
-7.756365720262543562e-01 1.223457739851258608e-01
-7.762689074876549800e-01 1.200538696802472827e-01
-7.768895858583849678e-01 1.177488426222760010e-01
-7.774986172263744777e-01 1.154307888635019708e-01
-7.780960098119774626e-01 1.130998037518262528e-01
-7.786817699895586253e-01 1.107559819568767617e-01
-7.792559023087262116e-01 1.083994174961927098e-01
-7.798184095152189688e-01 1.060302037614912346e-01
-7.803692925714507123e-01 1.036484335450160582e-01
-7.809085506767177165e-01 1.012541990659851232e-01
-7.814361812870783686e-01 9.884759199713694100e-02
-7.819521801349065271e-01 9.642870349138835118e-02
-7.824565412481299109e-01 9.399762420861187961e-02
-7.829492569691571813e-01 9.155444434253832975e-02
-7.834303179735029321e-01 8.909925364779530677e-02
-7.838997132881175833e-01 8.663214146708828056e-02
-7.843574303094293931e-01 8.415319675853380477e-02
-7.848034548211080264e-01 8.166250812315195562e-02
-7.852377710115556741e-01 7.916016383252640065e-02
-7.856603614911368272e-01 7.664625185664152018e-02
-7.860712073091530305e-01 7.412085989190270174e-02
-7.864702879705739447e-01 7.158407538934807857e-02
-7.868575814525302636e-01 6.903598558306238420e-02
-7.872330642205813689e-01 6.647667751879594855e-02
-7.875967112447648244e-01 6.390623808280183893e-02
-7.879484960154370388e-01 6.132475403089260313e-02
-7.882883905589157525e-01 5.873231201773088106e-02
-7.886163654529341205e-01 5.612899862635520321e-02
-7.889323898419144943e-01 5.351490039795276515e-02
-7.892364314520727842e-01 5.089010386188090596e-02
-7.895284566063639486e-01 4.825469556595102238e-02
-7.898084302392778255e-01 4.560876210697446115e-02
-7.900763159114940759e-01 4.295239016158298312e-02
-7.903320758244083422e-01 4.028566651732556209e-02
-7.905756708345397232e-01 3.760867810405035816e-02
-7.908070604678263393e-01 3.492151202557663286e-02
-7.910262029338228640e-01 3.222425559166400971e-02
-7.912330551398082390e-01 2.951699635028178642e-02
-7.914275727048130094e-01 2.679982212018745813e-02
-7.916097099735774911e-01 2.407282102381699818e-02
-7.917794200304503205e-01 2.133608152049257939e-02
-7.919366547132354883e-01 1.858969243995410581e-02
-7.920813646270010722e-01 1.583374301621752467e-02
-7.922134991578557717e-01 1.306832292176565713e-02
-7.923330064867044609e-01 1.029352230207554453e-02
-7.924398336029928602e-01 7.509431810487278425e-03
-7.925339263184496552e-01 4.716142643416465496e-03
-7.926152292808346100e-01 1.913746575917703308e-03
-7.926836859877044450e-01 -8.976640024015436481e-04
-7.927392388002022505e-01 -3.717996051108347910e-03
-7.927818289568813181e-01 -6.547155842312975260e-03
-7.928113965875720481e-01 -9.385048923675642918e-03
-7.928278807272990392e-01 -1.223158008104364980e-02
-7.928312193302586852e-01 -1.508665330072245930e-02
-7.928213492838631637e-01 -1.795017173137323369e-02
-7.927982064228611403e-01 -2.082203764553453018e-02
-7.927617255435410737e-01 -2.370215240076855440e-02
-7.927118404180267808e-01 -2.659041640042503901e-02
-7.926484838086698126e-01 -2.948672905402492661e-02
-7.925715874825487450e-01 -3.239098873725947125e-02
-7.924810822260812682e-01 -3.530309275160087995e-02
-7.923768978597547363e-01 -3.822293728352751940e-02
-7.922589632529828396e-01 -4.115041736335649930e-02
-7.921272063390958351e-01 -4.408542682368679633e-02
-7.919815541304676687e-01 -4.702785825744765225e-02
-7.918219327337878699e-01 -4.997760297555187137e-02
-7.916482673654827718e-01 -5.293455096415608518e-02
-7.914604823672926059e-01 -5.589859084151997670e-02
-7.912585012220079150e-01 -5.886960981447139640e-02
-7.910422465693706107e-01 -6.184749363446978565e-02
-7.908116402221461172e-01 -6.483212655327211249e-02
-7.905666031823663786e-01 -6.782339127819640712e-02
-7.903070556577529437e-01 -7.082116892698625543e-02
-7.900329170783200183e-01 -7.382533898227316982e-02
-7.897441061131627027e-01 -7.683577924563869677e-02
-7.894405406874325237e-01 -7.985236579127272250e-02
-7.891221379995034813e-01 -8.287497291923323628e-02
-7.887888145383323835e-01 -8.590347310830170890e-02
-7.884404861010123611e-01 -8.893773696843915166e-02
-7.880770678105251115e-01 -9.197763319284144035e-02
-7.876984741336918727e-01 -9.502302850959297442e-02
-7.873046188993235717e-01 -9.807378763292200208e-02
-7.868954153165725884e-01 -1.011297732140571809e-01
-7.864707759934860265e-01 -1.041908457916851244e-01
-7.860306129557617094e-01 -1.072568637420125981e-01
-7.855748376657051280e-01 -1.103276832284329212e-01
-7.851033610413891140e-01 -1.134031581507977393e-01
-7.846160934760149086e-01 -1.164831400942970274e-01
-7.841129448574726268e-01 -1.195674782779485301e-01
-7.835938245881027830e-01 -1.226560195026973332e-01
-7.830586416046528830e-01 -1.257486080991306321e-01
-7.825073043984327459e-01 -1.288450858748055872e-01
-7.819397210356617833e-01 -1.319452920611986768e-01
-7.813557991780081258e-01 -1.350490632602719676e-01
-7.807554461033168192e-01 -1.381562333906657947e-01
-7.801385687265234292e-01 -1.412666336335177408e-01
-7.795050736207504993e-01 -1.443800923779099965e-01
-7.788548670385817552e-01 -1.474964351659520112e-01
-7.781878549335133899e-01 -1.506154846374990197e-01
-7.775039429815748804e-01 -1.537370604745129654e-01
-7.768030366031164480e-01 -1.568609793450668477e-01
-7.760850409847603881e-01 -1.599870548470008480e-01
-7.753498611015074982e-01 -1.631150974512320384e-01
-7.745974017389980482e-01 -1.662449144447230576e-01
-7.738275675159185241e-01 -1.693763098731156103e-01
-7.730402629065509235e-01 -1.725090844830347026e-01
-7.722353922634577206e-01 -1.756430356640678037e-01
-7.714128598402986148e-01 -1.787779573904268171e-01
-7.705725698147707359e-01 -1.819136401622969967e-01
-7.697144263116684204e-01 -1.850498709468829106e-01
-7.688383334260556756e-01 -1.881864331191545614e-01
-7.679441952465453358e-01 -1.913231064023034889e-01
-7.670319158786788050e-01 -1.944596668079160151e-01
-7.661013994683992800e-01 -1.975958865758712102e-01
-7.651525502256156797e-01 -2.007315341139725151e-01
-7.641852724478455094e-01 -2.038663739373211825e-01
-7.631994705439362203e-01 -2.070001666074411939e-01
-7.621950490578559556e-01 -2.101326686711647851e-01
-7.611719126925481360e-01 -2.132636325992895987e-01
-7.601299663338448864e-01 -2.163928067250160125e-01
-7.590691150744349747e-01 -2.195199351821768841e-01
-7.579892642378776024e-01 -2.226447578432710073e-01
-7.568903194026608272e-01 -2.257670102573112458e-01
-7.557721864262978428e-01 -2.288864235875005260e-01
-7.546347714694582320e-01 -2.320027245487479850e-01
-7.534779810201279737e-01 -2.351156353450386538e-01
-7.523017219177974280e-01 -2.382248736066716055e-01
-7.511059013776739679e-01 -2.413301523273791438e-01
-7.498904270149140405e-01 -2.444311798013449055e-01
-7.486552068688764328e-01 -2.475276595601345331e-01
-7.474001494273936341e-01 -2.506192903095573188e-01
-7.461251636510604079e-01 -2.537057658664746418e-01
-7.448301589975401260e-01 -2.567867750955753481e-01
-7.435150454458903102e-01 -2.598620018461345049e-01
-7.421797335209077140e-01 -2.629311248887796770e-01
-7.408241343174953863e-01 -2.659938178522808783e-01
-7.394481595250568251e-01 -2.690497491603898172e-01
-7.380517214519179969e-01 -2.720985819687511409e-01
-7.366347330497854395e-01 -2.751399741019076584e-01
-7.351971079382442209e-01 -2.781735779904286332e-01
-7.337387604293036381e-01 -2.811990406081856242e-01
-7.322596055519978719e-01 -2.842160034098055177e-01
-7.307595590770508132e-01 -2.872241022683313938e-01
-7.292385375416150506e-01 -2.902229674131204251e-01
-7.276964582740952370e-01 -2.932122233680151124e-01
-7.261332394190680439e-01 -2.961914888898227738e-01
-7.245487999623120290e-01 -2.991603769071389252e-01
-7.229430597559598493e-01 -3.021184944595560751e-01
-7.213159395437892529e-01 -3.050654426372997330e-01
-7.196673609866677257e-01 -3.080008165213349858e-01
-7.179972466881665571e-01 -3.109242051239924365e-01
-7.163055202203638672e-01 -3.138351913301620222e-01
-7.145921061498529125e-01 -3.167333518391083902e-01
-7.128569300639748807e-01 -3.196182571069632328e-01
-7.110999185972977088e-01 -3.224894712899561422e-01
-7.093209994583575817e-01 -3.253465521884444378e-01
-7.075201014566860902e-01 -3.281890511918116315e-01
-7.056971545301450321e-01 -3.310165132243026442e-01
-7.038520897725848435e-01 -3.338284766918727664e-01
-7.019848394618543042e-01 -3.366244734301311325e-01
-7.000953370881778381e-01 -3.394040286534604212e-01
-6.981835173829225027e-01 -3.421666609054040409e-01
-6.962493163477752045e-01 -3.449118820104144501e-01
-6.942926712843506820e-01 -3.476391970270625298e-01
-6.923135208242454652e-01 -3.503481042028158687e-01
-6.903118049595613481e-01 -3.530380949304915972e-01
-6.882874650739083666e-01 -3.557086537065102805e-01
-6.862404439739073769e-01 -3.583592580910659464e-01
-6.841706859212017822e-01 -3.609893786703481933e-01
-6.820781366649919519e-01 -3.635984790209536577e-01
-6.799627434750991073e-01 -3.661860156766280627e-01
-6.778244551755655545e-01 -3.687514380974951100e-01
-6.756632221787950421e-01 -3.712941886419266480e-01
-6.734789965202312434e-01 -3.738137025412258119e-01
-6.712717318935734756e-01 -3.763094078772931672e-01
-6.690413836865192199e-01 -3.787807255634627612e-01
-6.667879090170250045e-01 -3.812270693286954892e-01
-6.645112667700667775e-01 -3.836478457053305036e-01
-6.622114176348814496e-01 -3.860424540206009447e-01
-6.598883241426611868e-01 -3.884102863921311544e-01
-6.575419507046725842e-01 -3.907507277276371371e-01
-6.551722636507599784e-01 -3.930631557290644729e-01
-6.527792312681937048e-01 -3.953469409014038205e-01
-6.503628238408107887e-01 -3.976014465664336472e-01
-6.479230136883962210e-01 -3.998260288816467556e-01
-6.454597752062380955e-01 -4.020200368646270062e-01
-6.429730849047918806e-01 -4.041828124231511277e-01
-6.404629214493726685e-01 -4.063136903912933917e-01
-6.379292656997961330e-01 -4.084119985718279722e-01
-6.353721007498728257e-01 -4.104770577852191460e-01
-6.327914119666584458e-01 -4.125081819255083659e-01
-6.301871870293541678e-01 -4.145046780234055150e-01
-6.275594159677401196e-01 -4.164658463169023661e-01
-6.249080912000212207e-01 -4.183909803297290453e-01
-6.222332075699541498e-01 -4.202793669579840685e-01
-6.195347623831177764e-01 -4.221302865652699632e-01
-6.168127554421810599e-01 -4.239430130866698176e-01
-6.140671890810149858e-01 -4.257168141419100382e-01
-6.112980681974877761e-01 -4.274509511580516508e-01
-6.085054002847763988e-01 -4.291446795020557592e-01
-6.056891954610187367e-01 -4.307972486235747134e-01
-6.028494664971266737e-01 -4.324079022083187618e-01
-5.999862288425716894e-01 -4.339758783423462440e-01
-5.970995006489530077e-01 -4.355004096876293751e-01
-5.941893027911475667e-01 -4.369807236692442864e-01
-5.912556588858428608e-01 -4.384160426745306038e-01
-5.882985953072460417e-01 -4.398055842645633984e-01
-5.853181411997606665e-01 -4.411485613982794041e-01
-5.823143284874201520e-01 -4.424441826695880153e-01
-5.792871918798665476e-01 -4.436916525577980219e-01
-5.762367688746623529e-01 -4.448901716916805471e-01
-5.731630997557215501e-01 -4.460389371274795511e-01
-5.700662275876517970e-01 -4.471371426411778760e-01
-5.669461982057981686e-01 -4.481839790353059350e-01
-5.638030602017862769e-01 -4.491786344605832593e-01
-5.606368649043639296e-01 -4.501202947526555809e-01
-5.574476663553514788e-01 -4.510081437841896301e-01
-5.542355212805128994e-01 -4.518413638325618487e-01
-5.510004890551756240e-01 -4.526191359633714995e-01
-5.477426316644304904e-01 -4.533406404299840098e-01
-5.444620136577621450e-01 -4.540050570892948389e-01
-5.411587020979663487e-01 -4.546115658338883425e-01
-5.378327665042341721e-01 -4.551593470407362951e-01
-5.344842787892915004e-01 -4.556475820365725182e-01
-5.311133131905071414e-01 -4.560754535800409792e-01
-5.277199461948983705e-01 -4.564421463607081231e-01
-5.243042564579869502e-01 -4.567468475149885632e-01
-5.208663247164817545e-01 -4.569887471590187156e-01
-5.174062336947862217e-01 -4.571670389384808741e-01
-5.139240680053607235e-01 -4.572809205953498601e-01
-5.104199140429930281e-01 -4.573295945515077898e-01
-5.068938598730634570e-01 -4.573122685091403627e-01
-5.033459951139213073e-01 -4.572281560677952661e-01
-4.997764108135218653e-01 -4.570764773579494289e-01
-4.961851993205094180e-01 -4.568564596909018283e-01
-4.925724541499668652e-01 -4.565673382247674716e-01
-4.889382698440883357e-01 -4.562083566463137063e-01
-4.852827418280739047e-01 -4.557787678683459243e-01
-4.816059662615799208e-01 -4.552778347423053762e-01
-4.779080398861047518e-01 -4.547048307857053384e-01
-4.741890598687273917e-01 -4.540590409239932401e-01
-4.704491236426614487e-01 -4.533397622463798959e-01
-4.666883287451303319e-01 -4.525463047751369094e-01
-4.629067726531110316e-01 -4.516779922478217912e-01
-4.591045526175412395e-01 -4.507341629118422066e-01
-4.552817654966269112e-01 -4.497141703307270255e-01
-4.514385075889312260e-01 -4.486173842014283819e-01
-4.475748744669728607e-01 -4.474431911819238827e-01
-4.436909608121007986e-01 -4.461909957283507477e-01
-4.397868602514587999e-01 -4.448602209408494823e-01
-4.358626651978942390e-01 -4.434503094172415616e-01
-4.319184666937045947e-01 -4.419607241136254139e-01
-4.279543542591553451e-01 -4.403909492109161494e-01
-4.239704157467409917e-01 -4.387404909863072411e-01
-4.199667372021939071e-01 -4.370088786885791832e-01
-4.159434027332802319e-01 -4.351956654161288629e-01
-4.119004943874500779e-01 -4.333004289965428635e-01
-4.078380920394388820e-01 -4.313227728664825178e-01
-4.037562732899369067e-01 -4.292623269505953520e-01
-3.996551133764656982e-01 -4.271187485381180982e-01
-3.955346850976153017e-01 -4.248917231557841623e-01
-3.913950587518074675e-01 -4.225809654355889844e-01
-3.872363020917552467e-01 -4.201862199759238692e-01
-3.830584802957924251e-01 -4.177072621945323028e-01
-3.788616559572407505e-01 -4.151438991716887017e-01
-3.746458890929724728e-01 -4.124959704819589068e-01
-3.704112371723117803e-01 -4.097633490128420042e-01
-3.661577551673933506e-01 -4.069459417685505898e-01
-3.618854956260684208e-01 -4.040436906571409081e-01
-3.575945087684118673e-01 -4.010565732591547250e-01
-3.532848426078410986e-01 -3.979846035758946021e-01
-3.489565430978037730e-01 -3.948278327554133327e-01
-3.446096543049336214e-01 -3.915863497942567162e-01
-3.402442186095086529e-01 -3.882602822129654907e-01
-3.358602769339639194e-01 -3.848497967033067124e-01
-3.314578690001349637e-01 -3.813550997451727320e-01
-3.270370336158095470e-01 -3.777764381910647673e-01
-3.225978089910661595e-01 -3.741140998160467079e-01
-3.181402330847690751e-01 -3.703684138310394669e-01
-3.136643439814673640e-01 -3.665397513573117050e-01
-3.091701802988224834e-01 -3.626285258600052686e-01
-3.046577816255467974e-01 -3.586351935385378997e-01
-3.001271889896967027e-01 -3.545602536717101239e-01
-2.955784453570049486e-01 -3.504042489153587070e-01
-2.910115961587771971e-01 -3.461677655504026285e-01
-2.864266898487072832e-01 -3.418514336791387831e-01
-2.818237784877869467e-01 -3.374559273676724369e-01
-2.772029183562990662e-01 -3.329819647323840615e-01
-2.725641705916904689e-01 -3.284303079683713600e-01
-2.679076018509189971e-01 -3.238017633178411625e-01
-2.632332849956626197e-01 -3.190971809764691636e-01
-2.585412997985633288e-01 -3.143174549357933278e-01
-2.538317336684593473e-01 -3.094635227597631877e-01
-2.491046823923355191e-01 -3.045363652936290411e-01
-2.443602508914874405e-01 -2.995370063034203389e-01
-2.395985539891662408e-01 -2.944665120443353268e-01
-2.348197171867286992e-01 -2.893259907564406652e-01
-2.300238774450779899e-01 -2.841165920861689065e-01
-2.252111839679392657e-01 -2.788395064321831929e-01
-2.203817989832675683e-01 -2.734959642142767988e-01
-2.155358985188439991e-01 -2.680872350640798873e-01
-2.106736731678713337e-01 -2.626146269364441621e-01
-2.057953288401420666e-01 -2.570794851404983872e-01
-2.009010874941137836e-01 -2.514831912894843202e-01
-1.959911878449974998e-01 -2.458271621686133890e-01
-1.910658860437447204e-01 -2.401128485203317675e-01
-1.861254563216066249e-01 -2.343417337465270034e-01
-1.811701915947466213e-01 -2.285153325273942826e-01
-1.762004040232093283e-01 -2.226351893568569995e-01
-1.712164255184008832e-01 -2.167028769946748867e-01
-1.662186081931112391e-01 -2.107199948356019981e-01
-1.612073247480270699e-01 -2.046881671962665628e-01
-1.561829687886474582e-01 -1.986090415207724114e-01
-1.511459550665306406e-01 -1.924842865064258779e-01
-1.460967196388877343e-01 -1.863155901514635671e-01
-1.410357199407052675e-01 -1.801046577272105709e-01
-1.359634347638377927e-01 -1.738532096777601066e-01
-1.308803641378878946e-01 -1.675629794510386517e-01
-1.257870291081852332e-01 -1.612357112660255942e-01
-1.206839714068284330e-01 -1.548731578219617322e-01
-1.155717530135545734e-01 -1.484770779565890153e-01
-1.104509556041952112e-01 -1.420492342618703274e-01
-1.053221798856487368e-01 -1.355913906671996905e-01
-1.001860448176853380e-01 -1.291053100018693389e-01
-9.504318672347578101e-02 -1.225927515504683929e-01
-8.989425829251235234e-02 -1.160554686169305294e-01
-8.473992748154063337e-02 -1.094952061150859801e-01
-7.958087632121280119e-02 -1.029136982057348437e-01
-7.441779963835043477e-02 -9.631266600235105502e-02
-6.925140370591248429e-02 -8.969381536945772448e-02
-6.408240483490024175e-02 -8.305883483934067835e-02
-5.891152792439613428e-02 -7.640939367393020931e-02
-5.373950498761476124e-02 -6.974714009924365410e-02
-4.856707367311036139e-02 -6.307369973955598286e-02
-4.339497580100987184e-02 -5.639067427731012105e-02
-3.822395593421901161e-02 -4.969964036256871442e-02
-3.305476000387858049e-02 -4.300214879245731203e-02
-2.788813400689260646e-02 -3.629972397654179783e-02
-2.272482279108589687e-02 -2.959386369847510911e-02
-1.756556894054067675e-02 -2.288603917767190188e-02
-1.241111177001325006e-02 -1.617769542747143907e-02
-7.262186433217132642e-03 -9.470251898520576361e-03
-2.119523145384272222e-03 -2.765103388327055933e-03
3.016153483859362883e-03 3.936378809498874976e-03
8.144125015386805000e-03 1.063284554945648219e-02
1.326367965493424617e-02 1.732296831050103569e-02
1.837411265153526818e-02 2.400543754727715862e-02
2.347472663665128856e-02 3.067896096142017082e-02
2.856483192168046692e-02 3.734226173876087351e-02
3.364374677160841820e-02 4.399407679719535835e-02
3.871079767171742292e-02 5.063315508729060443e-02
4.376531960262863841e-02 5.725825598364719937e-02
4.880665633667169434e-02 6.386814779990879209e-02
5.383416076585184618e-02 7.046160645444751736e-02
5.884719526873238848e-02 7.703741430751656627e-02
6.384513212054332421e-02 8.359435918436691759e-02
6.882735394795075345e-02 9.013123359276919988e-02
7.379325422730609318e-02 9.664683413779653898e-02
7.874223782293199303e-02 1.031399611317735387e-01
8.367372156016605889e-02 1.096094183930971522e-01
8.858713482647617710e-02 1.160540132242167399e-01
9.348192019300649580e-02 1.224725565564421248e-01
9.835753404834662872e-02 1.288638632473665391e-01
1.032134472361274646e-01 1.352267525154939865e-01
1.080491456881506607e-01 1.415600484960482242e-01
1.128641310451207191e-01 1.478625809018253023e-01
1.176579212575923628e-01 1.541331857732335664e-01
1.224300511604293762e-01 1.603707063022581925e-01
1.271800730148372194e-01 1.665739937158982886e-01
1.319075570128495634e-01 1.727419082055992317e-01
1.366120917399699930e-01 1.788733198902557886e-01
1.412932845924859959e-01 1.849671098014722126e-01
1.459507621467458771e-01 1.910221708808665098e-01
1.505841704784170454e-01 1.970374089802908457e-01
1.551931754304176625e-01 2.030117438568768973e-01
1.597774628288192722e-01 2.089441101557873992e-01
1.643367386465589552e-01 2.148334583744656578e-01
1.688707291152842516e-01 2.206787558030069707e-01
1.733791807860655121e-01 2.264789874360377542e-01
1.778618605400721642e-01 2.322331568521767975e-01
1.823185555506141031e-01 2.379402870577744245e-01
1.867490731981994168e-01 2.435994212921776814e-01
1.911532409404753663e-01 2.492096237922700741e-01
1.955309061390829162e-01 2.547699805144729157e-01
1.998819358455875828e-01 2.602795998127892529e-01
2.042062165487555647e-01 2.657376130718205887e-01
2.085036538855064014e-01 2.711431752939930107e-01
2.127741723179311650e-01 2.764954656405065325e-01
2.170177147787833438e-01 2.817936879257633698e-01
2.212342422878602055e-01 2.870370710652443424e-01
2.254237335416834909e-01 2.922248694769975508e-01
2.295861844788653072e-01 2.973563634370718356e-01
2.337216078235082040e-01 3.024308593893768049e-01
2.378300326089470285e-01 3.074476902105883758e-01
2.419115036840831789e-01 3.124062154308359096e-01
2.459660812045031397e-01 3.173058214110133224e-01
2.499938401105046837e-01 3.221459214776513647e-01
2.539948695940826839e-01 3.269259560163682576e-01
2.579692725568489831e-01 3.316453925249924772e-01
2.619171650607843294e-01 3.363037256275138720e-01
2.658386757736325157e-01 3.409004770500745352e-01
2.697339454106667533e-01 3.454351955602605329e-01
2.736031261744736875e-01 3.499074568709958921e-01
2.774463811943076452e-01 3.543168635103757236e-01
2.812638839664882706e-01 3.586630446588037202e-01
2.850558177972219442e-01 3.629456559548213668e-01
2.888223752491446139e-01 3.671643792710354015e-01
2.925637575927942935e-01 3.713189224615623396e-01
2.962801742641403280e-01 3.754090190824139750e-01
2.999718423292100922e-01 3.794344280862566587e-01
3.036389859567716343e-01 3.833949334929699360e-01
3.072818358999537258e-01 3.872903440374308448e-01
3.109006289876026785e-01 3.911204927959381350e-01
3.144956076261005706e-01 3.948852367926805607e-01
3.180670193122965839e-01 3.985844565876378587e-01
3.216151161581293216e-01 4.022180558472844281e-01
3.251401544274513666e-01 4.057859608994461298e-01
3.286423940854992232e-01 4.092881202736349811e-01
3.321220983613891731e-01 4.127245042281634801e-01
3.355795333239570133e-01 4.160951042653095455e-01
3.390149674712043537e-01 4.193999326357752966e-01
3.424286713335554788e-01 4.226390218336499305e-01
3.458209170910787056e-01 4.258124240830545304e-01
3.491919782047755438e-01 4.289202108176115025e-01
3.525421290619944470e-01 4.319624721538452006e-01
3.558716446359820873e-01 4.349393163595856038e-01
3.591808001595434563e-01 4.378508693184060552e-01
3.624698708127447322e-01 4.406972739910904324e-01
3.657391314245556080e-01 4.434786898750846529e-01
3.689888561882971318e-01 4.461952924628498351e-01
3.722193183907282488e-01 4.488472726999929718e-01
3.754307901545776982e-01 4.514348364440124439e-01
3.786235421943043855e-01 4.539582039244575151e-01
3.817978435848403129e-01 4.564176092052579237e-01
3.849539615430594974e-01 4.588132996499453276e-01
3.880921612216859384e-01 4.611455353904446164e-01
3.912127055153488686e-01 4.634145888000790192e-01
3.943158548784703177e-01 4.656207439713923590e-01
3.974018671546635795e-01 4.677642961993552229e-01
4.004709974173080722e-01 4.698455514704868441e-01
4.035234978209575885e-01 4.718648259583850257e-01
4.065596174632333804e-01 4.738224455261270673e-01
4.095796022568467531e-01 4.757187452359641355e-01
4.125836948113923430e-01 4.775540688667025968e-01
4.155721343245524779e-01 4.793287684391337455e-01
4.185451564823471915e-01 4.810432037498383329e-01
4.215029933680717322e-01 4.826977419136648795e-01
4.244458733795575811e-01 4.842927569151525558e-01
4.273740211543994305e-01 4.858286291691364944e-01
4.302876575027931860e-01 4.873057450907514188e-01
4.331869993476331615e-01 4.887244966750196595e-01
4.360722596715214117e-01 4.900852810861857645e-01
4.389436474703496960e-01 4.913885002569359228e-01
4.418013677131191752e-01 4.926345604976176684e-01
4.446456213076704911e-01 4.938238721155515654e-01
4.474766050720033195e-01 4.949568490445085955e-01
4.502945117108752560e-01 4.960339084844032631e-01
4.530995297973741121e-01 4.970554705512373328e-01
4.558918437591698569e-01 4.980219579373080796e-01
4.586716338691591011e-01 4.989337955816797177e-01
4.614390762402270640e-01 4.997914103508995232e-01
4.641943428238562985e-01 5.005952307299254000e-01
4.669376014123266527e-01 5.013456865232188697e-01
4.696690156442575592e-01 5.020432085659394250e-01
4.723887450132527310e-01 5.026882284451714700e-01
4.750969448794204464e-01 5.032811782310928628e-01
4.777937664835477660e-01 5.038224902179956333e-01
4.804793569637205719e-01 5.043125966750457989e-01
4.831538593741904197e-01 5.047519296066718120e-01
4.858174127062944159e-01 5.051409205224550725e-01
4.884701519112509827e-01 5.054800002163885031e-01
4.911122079246579841e-01 5.057695985553665174e-01
4.937437076925302870e-01 5.060101442767562796e-01
4.963647741987229356e-01 5.062020647948999308e-01
4.989755264935976653e-01 5.063457860163876889e-01
5.015760797237917012e-01 5.064417321639382852e-01
5.041665451629643302e-01 5.064903256087203154e-01
5.067470302434002871e-01 5.064919867109390905e-01
5.093176385883571022e-01 5.064471336685170133e-01
5.118784700450510483e-01 5.063561823736859591e-01
5.144296207181859870e-01 5.062195462773109167e-01
5.169711830039332989e-01 5.060376362607617029e-01
5.195032456242798524e-01 5.058108605151468984e-01
5.220258936616651857e-01 5.055396244277218232e-01
5.245392085938396232e-01 5.052243304752843667e-01
5.270432683288757136e-01 5.048653781243677141e-01
5.295381472402741485e-01 5.044631637380414535e-01
5.320239162021094259e-01 5.040180804891309929e-01
5.345006426241674102e-01 5.035305182796665502e-01
5.369683904870301561e-01 5.030008636663703125e-01
5.394272203770644758e-01 5.024294997919959149e-01
5.418771895212843859e-01 5.018168063223309439e-01
5.443183518220510164e-01 5.011631593886756164e-01
5.467507578915838939e-01 5.004689315356137813e-01
5.491744550862577290e-01 4.997344916738910570e-01
5.515894875406652798e-01 4.989602050382192511e-01
5.539958962014243093e-01 4.981464331498263731e-01
5.563937188607159801e-01 4.972935337835744929e-01
5.587829901895391416e-01 4.964018609394704740e-01
5.611637417706694109e-01 4.954717648183953882e-01
5.635360021313149392e-01 4.945035918018823029e-01
5.658997967754585412e-01 4.934976844357761294e-01
5.682551482158841871e-01 4.924543814176074452e-01
5.706020760058784225e-01 4.913740175875223049e-01
5.729405967706076019e-01 4.902569239226060582e-01
5.752707242381651653e-01 4.891034275344473548e-01
5.775924692702885110e-01 4.879138516697896777e-01
5.799058398927459113e-01 4.866885157141218610e-01
5.822108413253885839e-01 4.854277351980631483e-01
5.845074760118735835e-01 4.841318218063994094e-01
5.867957436490520706e-01 4.828010833896355658e-01
5.890756412160270683e-01 4.814358239779276127e-01
5.913471630028783732e-01 4.800363437972671177e-01
5.936103006390556214e-01 4.786029392877886868e-01
5.958650431214395082e-01 4.771359031240823834e-01
5.981113768420700527e-01 4.756355242373892511e-01
6.003492856155417945e-01 4.741020878395688642e-01
6.025787507060625936e-01 4.725358754487277713e-01
6.047997508541773648e-01 4.709371649164039164e-01
6.070122623031515285e-01 4.693062304562049536e-01
6.092162588250121802e-01 4.676433426738039745e-01
6.114117117462440909e-01 4.659487685981992255e-01
6.135985899731347670e-01 4.642227717141495513e-01
6.157768600167639050e-01 4.624656119957002431e-01
6.179464860176332452e-01 4.606775459407200235e-01
6.201074297699274984e-01 4.588588266063714505e-01
6.222596507454019044e-01 4.570097036454446870e-01
6.244031061168873187e-01 4.551304233434851909e-01
6.265377507814036129e-01 4.532212286566520421e-01
6.286635373828751705e-01 4.512823592502479553e-01
6.307804163344353787e-01 4.493140515378635236e-01
6.328883358403113446e-01 4.473165387210852328e-01
6.349872419172789551e-01 4.452900508297196192e-01
6.370770784156747357e-01 4.432348147624876056e-01
6.391577870399546280e-01 4.411510543281501606e-01
6.412293073687855838e-01 4.390389902870287520e-01
6.432915768746592100e-01 4.368988403928855679e-01
6.453445309430124732e-01 4.347308194351360289e-01
6.473881028908442525e-01 4.325351392813658880e-01
6.494222239848120859e-01 4.303120089201296627e-01
6.514468234587973416e-01 4.280616345040121340e-01
6.534618285309227170e-01 4.257842193929343710e-01
6.554671644200116276e-01 4.234799641976919604e-01
6.574627543614721681e-01 4.211490668237130031e-01
6.594485196225923218e-01 4.187917225150298295e-01
6.614243795172363161e-01 4.164081238984574385e-01
6.633902514199225831e-01 4.139984610279752175e-01
6.653460507792752221e-01 4.115629214293140548e-01
6.672916911308326426e-01 4.091016901447481202e-01
6.692270841092013978e-01 4.066149497780965349e-01
6.711521394595439949e-01 4.041028805399412005e-01
6.730667650483850295e-01 4.015656602930683938e-01
6.749708668737286477e-01 3.990034645981453965e-01
6.768643490744716829e-01 3.964164667596419833e-01
6.787471139391045849e-01 3.938048378720127030e-01
6.806190619136880393e-01 3.911687468661532163e-01
6.824800916090970615e-01 3.885083605561482356e-01
6.843300998075215746e-01 3.858238436863284937e-01
6.861689814682168098e-01 3.831153589786568947e-01
6.879966297324933144e-01 3.803830671804634411e-01
6.898129359279414619e-01 3.776271271125504758e-01
6.916177895718818025e-01 3.748476957176919422e-01
6.934110783740365935e-01 3.720449281095493665e-01
6.951926882384145134e-01 3.692189776220288211e-01
6.969625032644080065e-01 3.663699958591052352e-01
6.987204057470940421e-01 3.634981327451388133e-01
7.004662761767379564e-01 3.606035365757116473e-01
7.021999932374961562e-01 3.576863540690109478e-01
7.039214338053156883e-01 3.547467304177873149e-01
7.056304729450280089e-01 3.517848093419161382e-01
7.073269839066375075e-01 3.488007331415923229e-01
7.090108381208017896e-01 3.457946427511860987e-01
7.106819051935058251e-01 3.427666777937914411e-01
7.123400528999279668e-01 3.397169766364969701e-01
7.139851471775013891e-01 3.366456764464095253e-01
7.156170521181710598e-01 3.335529132474626124e-01
7.172356299598467988e-01 3.304388219780394209e-01
7.188407410770580874e-01 3.273035365494452176e-01
7.204322439708085168e-01 3.241471899052582040e-01
7.220099952576384261e-01 3.209699140815928109e-01
7.235738496578942858e-01 3.177718402683081811e-01
7.251236599832115992e-01 3.145530988711958686e-01
7.266592771232142089e-01 3.113138195751776194e-01
7.281805500314335600e-01 3.080541314085503690e-01
7.296873257104545818e-01 3.047741628083105447e-01
7.311794491962901876e-01 3.014740416865939188e-01
7.326567635419916069e-01 2.981538954982638767e-01
7.341191098004968829e-01 2.948138513096862923e-01
7.355663270067268611e-01 2.914540358687253141e-01
7.369982521589281133e-01 2.880745756759968135e-01
7.384147201992736775e-01 2.846755970574168515e-01
7.398155639937225025e-01 2.812572262380826360e-01
7.412006143111469214e-01 2.778195894175238267e-01
7.425696998017283779e-01 2.743628128463633242e-01
7.439226469746325066e-01 2.708870229044264555e-01
7.452592801749631235e-01 2.673923461803399126e-01
7.465794215600058958e-01 2.638789095526595796e-01
7.478828910747601366e-01 2.603468402725700459e-01
7.491695064267710480e-01 2.567962660481981629e-01
7.504390830602606366e-01 2.532273151305835523e-01
7.516914341295664048e-01 2.496401164013506979e-01
7.529263704718907046e-01 2.460347994621272794e-01
7.541437005793637516e-01 2.424114947257564046e-01
7.553432305704295135e-01 2.387703335093471213e-01
7.565247641605523654e-01 2.351114481292144731e-01
7.576881026322523915e-01 2.314349719977568109e-01
7.588330448044737775e-01 2.277410397223210980e-01
7.599593870012875119e-01 2.240297872061089990e-01
7.610669230199329505e-01 2.203013517511750174e-01
7.621554440982047929e-01 2.165558721635730821e-01
7.632247388811839173e-01 2.127934888607054820e-01
7.642745933873205111e-01 2.090143439809322157e-01
7.653047909738696086e-01 2.052185814954990417e-01
7.663151123016853639e-01 2.014063473228439871e-01
7.673053352993755016e-01 1.975777894453440708e-01
7.682752351268206104e-01 1.937330580285642478e-01
7.692245841380633831e-01 1.898723055430746598e-01
7.701531518435704715e-01 1.859956868889010018e-01
7.710607048718718382e-01 1.821033595226760060e-01
7.719470069305833793e-01 1.781954835875614873e-01
7.728118187668167050e-01 1.742722220460125315e-01
7.736548981269830705e-01 1.703337408154549371e-01
7.744759997159982312e-01 1.663802089069524870e-01
7.752748751558932172e-01 1.624117985669378261e-01
7.760512729438417967e-01 1.584286854220864904e-01
7.768049384096109566e-01 1.544310486274130534e-01
7.775356136724471678e-01 1.504190710176700474e-01
7.782430375974052073e-01 1.463929392621328429e-01
7.789269457511382999e-01 1.423528440228559455e-01
7.795870703571556870e-01 1.382989801164850319e-01
7.802231402505706015e-01 1.342315466797145973e-01
7.808348808323503087e-01 1.301507473384788949e-01
7.814220140230907496e-01 1.260567903809678425e-01
7.819842582163357703e-01 1.219498889345602133e-01
7.825213282314650298e-01 1.178302611467677563e-01
7.830329352661777875e-01 1.136981303702849777e-01
7.835187868485993246e-01 1.095537253522409216e-01
7.839785867890464166e-01 1.053972804277506087e-01
7.844120351314832762e-01 1.012290357178634997e-01
7.848188281047094872e-01 9.704923733200872260e-02
7.851986580733227861e-01 9.285813757503630361e-02
7.855512134885036524e-01 8.865599515895493388e-02
7.858761788386727787e-01 8.444307541946600992e-02
7.861732346000804839e-01 8.021965053739489593e-02
7.864420571873854682e-01 7.598599976511934140e-02
7.866823189042957409e-01 7.174240965809429438e-02
7.868936878943390001e-01 6.748917431157341884e-02
7.870758280918477290e-01 6.322659560262298972e-02
7.872283991732393904e-01 5.895498343752637177e-02
7.873510565086899726e-01 5.467465600467144582e-02
7.874434511142978099e-01 5.038594003301527513e-02
7.875052296048485889e-01 4.608917105621325450e-02
7.875360341472978920e-01 4.178469368249938115e-02
7.875355024150960670e-01 3.747286187039987337e-02
7.875032675434920915e-01 3.315403921035720014e-02
7.874389580859613158e-01 2.882859921233709571e-02
7.873421979719108510e-01 2.449692559948477011e-02
7.872126064658293565e-01 2.015941260789064216e-02
7.870497981280579758e-01 1.581646529251724831e-02
7.868533827773724898e-01 1.146849983933266592e-02
7.866229654555748629e-01 7.115943883683389926e-03
7.863581463943092320e-01 2.759236834932884963e-03
7.860585209843296006e-01 -1.601169792621967569e-03
7.857236797474557166e-01 -5.964812042556166816e-03
7.853532083114745932e-01 -1.033121317285683183e-02
7.849466873882529061e-01 -1.469988330622588879e-02
7.845036927553434847e-01 -1.907031907419212691e-02
7.840237952413818823e-01 -2.344200325509346317e-02
7.835065607155882184e-01 -2.781440440601389008e-02
7.829515500816968121e-01 -3.218697648877792694e-02
7.823583192766614403e-01 -3.655915849012955632e-02
7.817264192744908247e-01 -4.093037403624817661e-02
7.810553960955912700e-01 -4.530003100177981690e-02
7.803447908220013662e-01 -4.966752111359096222e-02
7.795941396189283168e-01 -5.403221954948436712e-02
7.788029737630016713e-01 -5.839348453214763396e-02
7.779708196776782270e-01 -6.275065691864298301e-02
7.770971989762497367e-01 -6.710305978578300079e-02
7.761816285129102821e-01 -7.144999801177850940e-02
7.752236204423602617e-01 -7.579075785458661008e-02
7.742226822884326065e-01 -8.012460652743433331e-02
7.731783170222372714e-01 -8.445079177204005416e-02
7.720900231503295963e-01 -8.876854143010637355e-02
7.709572948134182369e-01 -9.307706301371251878e-02
7.697796218961328041e-01 -9.737554327529002185e-02
7.685564901483753486e-01 -1.016631477779260245e-01
7.672873813187861547e-01 -1.059390204667999547e-01
7.659717733008513108e-01 -1.102022832426252374e-01
7.646091402921786351e-01 -1.144520355380349436e-01
7.631989529674667594e-01 -1.186873538979218712e-01
7.617406786656797379e-01 -1.229072915648158071e-01
7.602337815919373298e-01 -1.271108780704577890e-01
7.586777230346068990e-01 -1.312971188348088236e-01
7.570719615980781025e-01 -1.354649947738119087e-01
7.554159534516700081e-01 -1.396134619173076408e-01
7.537091525951046256e-01 -1.437414510385903732e-01
7.519510111409475339e-01 -1.478478672971761942e-01
7.501409796143836406e-01 -1.519315898964432587e-01
7.482785072706628071e-01 -1.559914717578937404e-01
7.463630424305043309e-01 -1.600263392138747132e-01
7.443940328337048662e-01 -1.640349917206871122e-01
7.423709260111450714e-01 -1.680162015941011611e-01
7.402931696753289881e-01 -1.719687137693848844e-01
7.381602121295377517e-01 -1.758912455880426440e-01
7.359715026956035189e-01 -1.797824866135456501e-01
7.337264921602473233e-01 -1.836410984784230538e-01
7.314246332398446349e-01 -1.874657147651618005e-01
7.290653810634013521e-01 -1.912549409234449715e-01
7.266481936734413560e-01 -1.950073542263310034e-01
7.241725325444147154e-01 -1.987215037680473140e-01
7.216378631181412651e-01 -2.023959105061373387e-01
7.190436553557089105e-01 -2.060290673507563508e-01
7.163893843051445387e-01 -2.096194393039660375e-01
7.136745306840674985e-01 -2.131654636519209334e-01
7.108985814764332556e-01 -2.166655502128739530e-01
7.080610305423629125e-01 -2.201180816439577415e-01
7.051613792399433756e-01 -2.235214138097133818e-01
7.021991370577719271e-01 -2.268738762153424959e-01
6.991738222569070516e-01 -2.301737725076560548e-01
6.960849625207758962e-01 -2.334193810466714536e-01
6.929320956114770613e-01 -2.366089555507790154e-01
6.897147700308132734e-01 -2.397407258183547052e-01
6.864325456842816919e-01 -2.428128985286329145e-01
6.830849945461509032e-01 -2.458236581245799024e-01
6.796717013236567295e-01 -2.487711677804153032e-01
6.761922641182664950e-01 -2.516535704563212517e-01
6.726462950818751230e-01 -2.544689900427532514e-01
6.690334210657296055e-01 -2.572155325966232753e-01
6.653532842598143260e-01 -2.598912876714651321e-01
6.616055428203831967e-01 -2.624943297435115563e-01
6.577898714832834948e-01 -2.650227197354155795e-01
6.539059621606978512e-01 -2.674745066391289172e-01
6.499535245189174137e-01 -2.698477292392176263e-01
6.459322865347735254e-01 -2.721404179376364918e-01
6.418419950283744679e-01 -2.743505966807128216e-01
6.376824161698442239e-01 -2.764762849887950624e-01
6.334533359578189415e-01 -2.785155000887139520e-01
6.291545606675460478e-01 -2.804662591488703005e-01
6.247859172665317651e-01 -2.823265816164240438e-01
6.203472537958147903e-01 -2.840944916556882305e-01
6.158384397150928891e-01 -2.857680206864608996e-01
6.112593662101024616e-01 -2.873452100206262960e-01
6.066099464608484260e-01 -2.888241135949555782e-01
6.018901158695033615e-01 -2.902028007976084623e-01
5.970998322470362218e-01 -2.914793593854113074e-01
5.922390759578992636e-01 -2.926518984885378982e-01
5.873078500223896103e-01 -2.937185516987674827e-01
5.823061801766123979e-01 -2.946774802370362156e-01
5.772341148903008534e-01 -2.955268761955253121e-01
5.720917253430999327e-01 -2.962649658490634219e-01
5.668791053602837415e-01 -2.968900130301398432e-01
5.615963713092578802e-01 -2.974003225613540136e-01
5.562436619585913178e-01 -2.977942437386466024e-01
5.508211383017247442e-01 -2.980701738581876259e-01
5.453289833479133542e-01 -2.982265617793244394e-01
5.397674018833731324e-01 -2.982619115155312750e-01
5.341366202060127133e-01 -2.981747858448482447e-01
5.284368858375483313e-01 -2.979638099308483667e-01
5.226684672171892920e-01 -2.976276749447425707e-01
5.168316533814825142e-01 -2.971651416788113065e-01
5.109267536352671835e-01 -2.965750441409463756e-01
5.049540972190446064e-01 -2.958562931197060708e-01
4.989140329783904870e-01 -2.950078797089152882e-01
4.928069290413256698e-01 -2.940288787805021009e-01
4.866331725098161920e-01 -2.929184523939404872e-01
4.803931691717830965e-01 -2.916758531303745294e-01
4.740873432401621068e-01 -2.903004273392322254e-01
4.677161371256655098e-01 -2.887916182848987989e-01
4.612800112499445548e-01 -2.871489691808145617e-01
4.547794439058375771e-01 -2.853721260981852414e-01
4.482149311713056195e-01 -2.834608407363600202e-01
4.415869868835009537e-01 -2.814149730418264994e-01
4.348961426791779772e-01 -2.792344936627101371e-01
4.281429481073402155e-01 -2.769194862256458278e-01
4.213279708196156492e-01 -2.744701494219057292e-01
4.144517968433605315e-01 -2.718867988897336052e-01
4.075150309419128813e-01 -2.691698688799453176e-01
4.005182970657398811e-01 -2.663199136920095800e-01
3.934622388974579055e-01 -2.633376088680292604e-01
3.863475204928379925e-01 -2.602237521322990910e-01
3.791748270189537751e-01 -2.569792640644167347e-01
3.719448655895781219e-01 -2.536051884942875922e-01
3.646583661967895962e-01 -2.501026926077655754e-01
3.573160827365204906e-01 -2.464730667521426166e-01
3.499187941244595312e-01 -2.427177239312094392e-01
3.424673054973241815e-01 -2.388381989801818261e-01
3.349624494930460439e-01 -2.348361474114098457e-01
3.274050876018690936e-01 -2.307133439224630655e-01
3.197961115787611996e-01 -2.264716805589100102e-01
3.121364449058884327e-01 -2.221131645248971276e-01
3.044270442922076270e-01 -2.176399156354592024e-01
2.966689011955211952e-01 -2.130541634053855216e-01
2.888630433506096384e-01 -2.083582437704047385e-01
2.810105362853400068e-01 -2.035545954374520239e-01
2.731124848049674148e-01 -1.986457558618449082e-01
2.651700344232160722e-01 -1.936343568503295920e-01
2.571843727171974070e-01 -1.885231197901764411e-01
2.491567305818174205e-01 -1.833148505058257716e-01
2.410883833581093094e-01 -1.780124337460270989e-01
2.329806518089434508e-01 -1.726188273060215439e-01
2.248349029149058487e-01 -1.671370557911192045e-01
2.166525504628688814e-01 -1.615702040300866227e-01
2.084350554000189149e-01 -1.559214101491419036e-01
2.001839259269776461e-01 -1.501938583201517241e-01
1.919007173052975912e-01 -1.443907711999268262e-01
1.835870313571895951e-01 -1.385154020814406972e-01
1.752445156390386172e-01 -1.325710267824791178e-01
1.668748622752607436e-01 -1.265609353027924433e-01
1.584798064455476552e-01 -1.204884232874157135e-01
1.500611245266961769e-01 -1.143567833415393142e-01
1.416206319001565850e-01 -1.081692962512419420e-01
1.331601804481999662e-01 -1.019292221745353721e-01
1.246816557751193599e-01 -9.563979187841908924e-02
1.161869742048965981e-01 -8.930419810975054329e-02
1.076780796228014869e-01 -8.292558720025988706e-02
9.915694024469545731e-02 -7.650705101830890253e-02
9.062554541331541147e-02 -7.005161939106646640e-02
8.208590253414105309e-02 -6.356225312946162109e-02
7.354003427295358053e-02 -5.704183779315408209e-02
6.498997614107032694e-02 -5.049317833230476671e-02
5.643777459070570268e-02 -4.391899473560256784e-02
4.788548573046699786e-02 -3.732191879857649219e-02
3.933517474872111341e-02 -3.070449210190895339e-02
3.078891610043960059e-02 -2.406916525631974668e-02
2.224879447225391882e-02 -1.741829842957109964e-02
1.371690649319670663e-02 -1.075416312438814970e-02
5.195363108501049876e-03 -4.078945126655408870e-03
-3.313707514731090154e-03 2.605251504953831621e-03
-1.180815672347751422e-02 9.296399579580394423e-03
-2.028581196149453758e-02 1.599254325016974398e-02
-2.874447342152219864e-02 2.269179205107929587e-02
-3.718191099149989465e-02 2.939231473037057230e-02
-4.559586170518006853e-02 3.609233310224763125e-02
-5.398402787932785052e-02 4.279011612437316758e-02
-6.234407608066952489e-02 4.948397437359369766e-02
-7.067363702007109505e-02 5.617225505542738917e-02
-7.897030642350177931e-02 6.285333764131523226e-02
-8.723164688326887073e-02 6.952563018671387152e-02
-9.545519065205781972e-02 7.618756634558060403e-02
-1.036384433087245427e-01 8.283760306481913194e-02
-1.117788881996802097e-01 8.947421891700169105e-02
-1.198739915432138203e-01 9.609591301152076159e-02
-1.279212080755805503e-01 1.027012044129266277e-01
-1.359179871159871544e-01 1.092886319897472813e-01
-1.438617789313195727e-01 1.158567546165130691e-01
-1.517500412891239214e-01 1.224041516548347031e-01
-1.595802460976028514e-01 1.289294236451054843e-01
-1.673498860430597535e-01 1.354311931477143183e-01
-1.750564811473785953e-01 1.419081056807624530e-01
-1.826975851800749229e-01 1.483588307095388692e-01
-1.902707918707130241e-01 1.547820626509764930e-01
-1.977737408777658079e-01 1.611765218636885544e-01
-2.052041234791514290e-01 1.675409556007947387e-01
-2.125596879576698572e-01 1.738741389085136091e-01
-2.198382446614204622e-01 1.801748754584096002e-01
-2.270376707250950643e-01 1.864419983052797436e-01
-2.341559144429009587e-01 1.926743705660096673e-01
-2.411909992879141540e-01 1.988708860174000503e-01
-2.481410275759922957e-01 2.050304696130562931e-01
-2.550041837751153562e-01 2.111520779210200316e-01
-2.617787374632586372e-01 2.172346994849931323e-01
-2.684630459397364111e-01 2.232773551128269529e-01
-2.750555564964429212e-01 2.292790980964892755e-01
-2.815548083566485338e-01 2.352390143680376522e-01
-2.879594342900066994e-01 2.411562225962619044e-01
-2.942681619132545556e-01 2.470298742286578808e-01
-3.004798146867664332e-01 2.528591534832852483e-01
-3.065933126176844103e-01 2.586432772948792369e-01
-3.126076726808044715e-01 2.643814952193458412e-01
-3.185220089687775813e-01 2.700730893004928967e-01
-3.243355325834919034e-01 2.757173739025544079e-01
-3.300475512807408141e-01 2.813136955117532811e-01
-3.356574688804735418e-01 2.868614325098408635e-01
-3.411647844550549924e-01 2.923599949222474015e-01
-3.465690913080575752e-01 2.978088241431833261e-01
-3.518700757561444292e-01 3.032073926397567121e-01
-3.570675157266107735e-01 3.085552036369106910e-01
-3.621612791831115841e-01 3.138517907847478416e-01
-3.671513223920258029e-01 3.190967178095880930e-01
-3.720376880417961551e-01 3.242895781499137153e-01
-3.768205032274368205e-01 3.294299945781791195e-01
-3.814999773122161875e-01 3.345176188093115233e-01
-3.860763996783136975e-01 3.395521310965979866e-01
-3.905501373780029262e-01 3.445332398155419029e-01
-3.949216326966452639e-01 3.494606810361828853e-01
-3.991914006384784108e-01 3.543342180842968259e-01
-4.033600263458673729e-01 3.591536410918387823e-01
-4.074281624623391496e-01 3.639187665369472136e-01
-4.113965264493635310e-01 3.686294367738020550e-01
-4.152658978664623968e-01 3.732855195526110226e-01
-4.190371156238364980e-01 3.778869075299967628e-01
-4.227110752162912544e-01 3.824335177700590727e-01
-4.262887259468283729e-01 3.869252912364022912e-01
-4.297710681478447703e-01 3.913621922754366156e-01
-4.331591504074495114e-01 3.957442080912857985e-01
-4.364540668079760488e-01 4.000713482126672105e-01
-4.396569541833301731e-01 4.043436439521392867e-01
-4.427689894013820959e-01 4.085611478581497313e-01
-4.457913866771721079e-01 4.127239331603505534e-01
-4.487253949222769767e-01 4.168320932086876929e-01
-4.515722951352534320e-01 4.208857409068036959e-01
-4.543333978376655757e-01 4.248850081403315326e-01
-4.570100405597881110e-01 4.288300452006881813e-01
-4.596035853796843762e-01 4.327210202050091881e-01
-4.621154165189669261e-01 4.365581185128931674e-01
-4.645469379981743696e-01 4.403415421406494112e-01
-4.668995713543350745e-01 4.440715091737673648e-01
-4.691747534229367966e-01 4.477482531783387731e-01
-4.713739341861901133e-01 4.513720226121841206e-01
-4.734985746891479108e-01 4.549430802364411441e-01
-4.755501450249416950e-01 4.584617025283825309e-01
-4.775301223901007863e-01 4.619281790962301848e-01
-4.794399892106517846e-01 4.653428120967353920e-01
-4.812812313394301822e-01 4.687059156562862761e-01
-4.830553363247986343e-01 4.720178152962977158e-01
-4.847637917507339189e-01 4.752788473636263000e-01
-4.864080836480365044e-01 4.784893584667365696e-01
-4.879896949762189129e-01 4.816497049183273149e-01
-4.895101041754462701e-01 4.847602521851067658e-01
-4.909707837877387293e-01 4.878213743453786444e-01
-4.923731991464906921e-01 4.908334535550774036e-01
-4.937188071332255235e-01 4.937968795228607211e-01
-4.950090550003795054e-01 4.967120489948383955e-01
-4.962453792587981360e-01 4.995793652494837644e-01
-4.974292046285279656e-01 5.023992376032407892e-01
-4.985619430514030004e-01 5.051720809273040347e-01
-4.996449927638481614e-01 5.078983151760164683e-01
-5.006797374282598856e-01 5.105783649272886970e-01
-5.016675453212697811e-01 5.132126589354111257e-01
-5.026097685771553358e-01 5.158016296965909353e-01
-5.035077424846258198e-01 5.183457130275072045e-01
-5.043627848351900367e-01 5.208453476571455187e-01
-5.051761953212920986e-01 5.233009748321283405e-01
-5.059492549823947360e-01 5.257130379357287664e-01
-5.066832256971870452e-01 5.280819821207136666e-01
-5.073793497200986824e-01 5.304082539561301157e-01
-5.080388492603133965e-01 5.326923010881097209e-01
-5.086629261014922188e-01 5.349345719147393652e-01
-5.092527612604349496e-01 5.371355152750040274e-01
-5.098095146829406676e-01 5.392955801517842485e-01
-5.103343249751529642e-01 5.414152153888542873e-01
-5.108283091687128019e-01 5.434948694217998089e-01
-5.112925625180794187e-01 5.455349900227437487e-01
-5.117281583284196689e-01 5.475360240587447969e-01
-5.121361478125099342e-01 5.494984172637022990e-01
-5.125175599751373712e-01 5.514226140235797269e-01
-5.128734015235408839e-01 5.533090571747359965e-01
-5.132046568024725142e-01 5.551581878151273797e-01
-5.135122877525160057e-01 5.569704451281285440e-01
-5.137972338903491476e-01 5.587462662186928330e-01
-5.140604123096850220e-01 5.604860859615634627e-01
-5.143027177016817886e-01 5.621903368612206631e-01
-5.145250223936638223e-01 5.638594489232422458e-01
-5.147281764050443131e-01 5.654938495367325402e-01
-5.149130075193962819e-01 5.670939633674709768e-01
-5.150803213716673712e-01 5.686602122614070609e-01
-5.152309015495856181e-01 5.701930151581293682e-01
-5.153655097083514880e-01 5.716927880139190954e-01
-5.154848856977627403e-01 5.731599437339933711e-01
-5.155897477009654395e-01 5.745948921135324294e-01
-5.156807923840697194e-01 5.759980397870836377e-01
-5.157586950559174266e-01 5.773697901859253800e-01
-5.158241098373295141e-01 5.787105435029700207e-01
-5.158776698392043558e-01 5.800206966647871720e-01
-5.159199873488811150e-01 5.813006433103166115e-01
-5.159516540242176097e-01 5.825507737758500726e-01
-5.159732410948756343e-01 5.837714750858495893e-01
-5.159852995703329004e-01 5.849631309491831743e-01
-5.159883604541871671e-01 5.861261217603479512e-01
-5.159829349643383356e-01 5.872608246052626324e-01
-5.159695147586751407e-01 5.883676132712105655e-01
-5.159485721659116120e-01 5.894468582605201235e-01
-5.159205604212560026e-01 5.904989268075746534e-01
-5.158859139066079846e-01 5.915241828987496397e-01
-5.158450483950149934e-01 5.925229872948840626e-01
-5.157983612991299260e-01 5.934956975558968173e-01
-5.157462319234373815e-01 5.944426680671734964e-01
-5.156890217200325033e-01 5.953642500673517191e-01
-5.156270745477500306e-01 5.962607916771507366e-01
-5.155607169344598173e-01 5.971326379288948161e-01
-5.154902583423536244e-01 5.979801307963976686e-01
-5.154159914360596506e-01 5.988036092248845144e-01
-5.153381923534364750e-01 5.996034091606408101e-01
-5.152571209788948670e-01 6.003798635800937644e-01
-5.151730212191163449e-01 6.011333025180436440e-01
-5.150861212810305956e-01 6.018640530947778622e-01
-5.149966339519256309e-01 6.025724395418159407e-01
-5.149047568815656728e-01 6.032587832260503102e-01
-5.148106728661924203e-01 6.039234026720610160e-01
-5.147145501342851315e-01 6.045666135824026011e-01
-5.146165426339600613e-01 6.051887288556756506e-01
-5.145167903218836880e-01 6.057900586022095801e-01
-5.144154194535739411e-01 6.063709101572094529e-01
-5.143125428749627526e-01 6.069315880912238281e-01
-5.142082603150887055e-01 6.074723942178203995e-01
-5.141026586797862175e-01 6.079936275983625071e-01
-5.139958123462334827e-01 6.084955845438042576e-01
-5.138877834582167292e-01 6.089785586134350837e-01
-5.137786222219649090e-01 6.094428406105198981e-01
-5.136683672024044967e-01 6.098887185748026463e-01
-5.135570456196784095e-01 6.103164777718506073e-01
-5.134446736457700666e-01 6.107264006792345601e-01
-5.133312567010666072e-01 6.111187669695589131e-01
-5.132167897506949572e-01 6.114938534903624490e-01
-5.131012576004554404e-01 6.118519342409315387e-01
-5.129846351921788505e-01 6.121932803460756745e-01
-5.128668878983243529e-01 6.125181600269330451e-01
-5.127479718156368049e-01 6.128268385688788733e-01
-5.126278340576758685e-01 6.131195782866267763e-01
-5.125064130460306178e-01 6.133966384866202937e-01
-5.123836388000276854e-01 6.136582754268229412e-01
-5.122594332247439874e-01 6.139047422740200322e-01
-5.121337103971288496e-01 6.141362890587603873e-01
-5.120063768500489054e-01 6.143531626280673841e-01
-5.118773318540590367e-01 6.145556065960546821e-01
-5.117464676967129478e-01 6.147438612925931745e-01
-5.116136699592255255e-01 6.149181637101727160e-01
-5.114788177902965804e-01 6.150787474491126172e-01
-5.113417841769203331e-01 6.152258426612708941e-01
-5.112024362119946819e-01 6.153596759924124804e-01
-5.110606353585600559e-01 6.154804705233896112e-01
-5.109162377104961017e-01 6.155884457102928087e-01
-5.107690942495103359e-01 6.156838173237317857e-01
-5.106190510982628883e-01 6.157667973873997003e-01
-5.104659497694719050e-01 6.158375941160776357e-01
-5.103096274108560593e-01 6.158964118532309628e-01
-5.101499170457743926e-01 6.159434510083483527e-01
-5.099866478094347011e-01 6.159789079941685452e-01
-5.098196451805463436e-01 6.160029751639406470e-01
-5.096487312083031185e-01 6.160158407488527388e-01
-5.094737247345939579e-01 6.160176887957677927e-01
-5.092944416113398542e-01 6.160086991053905781e-01
-5.091106949128739734e-01 6.159890471709953408e-01
-5.089222951432859077e-01 6.159589041178270552e-01
-5.087290504386595691e-01 6.159184366432943758e-01
-5.085307667641484342e-01 6.158678069580565406e-01
-5.083272481058366266e-01 6.158071727281084762e-01
-5.081182966573485338e-01 6.157366870179565854e-01
-5.079037130011736512e-01 6.156564982349750359e-01
-5.076832962846888897e-01 6.155667500750237053e-01
-5.074568443908652471e-01 6.154675814694063885e-01
-5.072241541036592860e-01 6.153591265332345461e-01
-5.069850212680948598e-01 6.152415145152663190e-01
-5.067392409450508506e-01 6.151148697492747619e-01
-5.064866075607844520e-01 6.149793116069979249e-01
-5.062269150512178628e-01 6.148349544527198507e-01
-5.059599570010367975e-01 6.146819075995191284e-01
-5.056855267776438900e-01 6.145202752672257462e-01
-5.054034176600326056e-01 6.143501565421120025e-01
-5.051134229626410566e-01 6.141716453383470053e-01
-5.048153361542601081e-01 6.139848303612335245e-01
-5.045089509720761534e-01 6.137897950722452922e-01
-5.041940615309333795e-01 6.135866176558748553e-01
-5.038704624279053412e-01 6.133753709883061900e-01
-5.035379488422758731e-01 6.131561226079097482e-01
-5.031963166310301494e-01 6.129289346875679279e-01
-5.028453624199642480e-01 6.126938640088265275e-01
-5.024848836905246863e-01 6.124509619378690761e-01
-5.021146788624931689e-01 6.122002744033075983e-01
-5.017345473726388949e-01 6.119418418757804901e-01
-5.013442897494593264e-01 6.116756993493468464e-01
-5.009437076841367631e-01 6.114018763246651389e-01
-5.005326040978375080e-01 6.111203967939424775e-01
-5.001107832054895175e-01 6.108312792276373582e-01
-4.996780505761653224e-01 6.105345365629026855e-01
-4.992342131902094415e-01 6.102301761937489744e-01
-4.987790794932435157e-01 6.099181999629130768e-01
-4.983124594471874946e-01 6.095986041554122270e-01
-4.978341645784305491e-01 6.092713794937671956e-01
-4.973440080232943705e-01 6.089365111348767901e-01
-4.968418045709211972e-01 6.085939786685230501e-01
-4.963273707037246241e-01 6.082437561174957041e-01
-4.958005246355424722e-01 6.078858119393135695e-01
-4.952610863476220038e-01 6.075201090295312412e-01
-4.947088776225749829e-01 6.071466047266143029e-01
-4.941437220764347549e-01 6.067652508183705162e-01
-4.935654451889454064e-01 6.063759935499224429e-01
-4.929738743322121253e-01 6.059787736332148400e-01
-4.923688387978416570e-01 6.055735262580397293e-01
-4.917501698226955931e-01 6.051601811045791424e-01
-4.911177006133795597e-01 6.047386623574519948e-01
-4.904712663695890429e-01 6.043088887212650917e-01
-4.898107043064272581e-01 6.038707734376619340e-01
-4.891358536758104725e-01 6.034242243038687725e-01
-4.884465557870714125e-01 6.029691436927394621e-01
-4.877426540268685606e-01 6.025054285743010052e-01
-4.870239938785061451e-01 6.020329705388026698e-01
-4.862904229407666312e-01 6.015516558212771203e-01
-4.855417909463521919e-01 6.010613653276215551e-01
-4.847779497800314141e-01 6.005619746622077315e-01
-4.839987534965796145e-01 6.000533541570356455e-01
-4.832040583386016386e-01 5.995353689024434107e-01
-4.823937227543209083e-01 5.990078787793913229e-01
-4.815676074154101038e-01 5.984707384933367624e-01
-4.807255752349455236e-01 5.979237976097225848e-01
-4.798674913855510149e-01 5.973669005911008689e-01
-4.789932233178026966e-01 5.967998868359148945e-01
-4.781026407789585875e-01 5.962225907189675489e-01
-4.771956158320699304e-01 5.956348416336041396e-01
-4.762720228755353835e-01 5.950364640356382573e-01
-4.753317386631455976e-01 5.944272774890542177e-01
-4.743746423246693045e-01 5.938070967135170575e-01
-4.734006153870242706e-01 5.931757316337284980e-01
-4.724095417960729182e-01 5.925329874306627387e-01
-4.714013079390804162e-01 5.918786645947201608e-01
-4.703758026678663828e-01 5.912125589808411297e-01
-4.693329173226797879e-01 5.905344618656168665e-01
-4.682725457568217009e-01 5.898441600064423529e-01
-4.671945843620353145e-01 5.891414357027532356e-01
-4.660989320946832271e-01 5.884260668593906951e-01
-4.649854905027225316e-01 5.876978270521391323e-01
-4.638541637534879247e-01 5.869564855954839677e-01
-4.627048586622901083e-01 5.862018076126335187e-01
-4.615374847218287613e-01 5.854335541078558025e-01
-4.603519541324218589e-01 5.846514820411730096e-01
-4.591481818330419573e-01 5.838553444054669361e-01
-4.579260855331549473e-01 5.830448903060385657e-01
-4.566855857453458456e-01 5.822198650426735345e-01
-4.554266058187166899e-01 5.813800101942597776e-01
-4.541490719730369996e-01 5.805250637060057617e-01
-4.528529133336250401e-01 5.796547599793065997e-01
-4.515380619669319695e-01 5.787688299643067857e-01
-4.502044529168005571e-01 5.778670012552016289e-01
-4.488520242413662209e-01 5.769489981883290097e-01
-4.474807170505628040e-01 5.760145419430897640e-01
-4.460904755441953418e-01 5.750633506457466515e-01
-4.446812470505379089e-01 5.740951394761368842e-01
-4.432529820654101393e-01 5.731096207773455076e-01
-4.418056342916855117e-01 5.721065041683746077e-01
-4.403391606791788315e-01 5.710854966598466476e-01
-4.388535214648617844e-01 5.700463027727780130e-01
-4.373486802133470519e-01 5.689886246604534126e-01
-4.358246038575833703e-01 5.679121622334351027e-01
-4.342812627396997471e-01 5.668166132877328067e-01
-4.327186306519338332e-01 5.657016736361601961e-01
-4.311366848775785576e-01 5.645670372429002493e-01
-4.295354062318768040e-01 5.634123963613003605e-01
-4.279147791027951286e-01 5.622374416749101877e-01
-4.262747914916002467e-01 5.610418624417790046e-01
-4.246154350531656241e-01 5.598253466420169966e-01
-4.229367051359286256e-01 5.585875811286309389e-01
-4.212386008214213939e-01 5.573282517816293691e-01
-4.195211249632933015e-01 5.560470436653979220e-01
-4.177842842257425415e-01 5.547436411893381658e-01
-4.160280891212743692e-01 5.534177282717525070e-01
-4.142525540477003942e-01 5.520689885069651748e-01
-4.124576973242917721e-01 5.506971053356500834e-01
-4.106435412270020291e-01 5.493017622183454796e-01
-4.088101120226671492e-01 5.478826428121175152e-01
-4.069574400020993798e-01 5.464394311503373292e-01
-4.050855595119806085e-01 5.449718118255274524e-01
-4.031945089854692132e-01 5.434794701752283519e-01
-4.012843309714289597e-01 5.419620924708292709e-01
-3.993550721621887400e-01 5.404193661093033008e-01
-3.974067834197467231e-01 5.388509798077750768e-01
-3.954395198003257117e-01 5.372566238008528172e-01
-3.934533405771921122e-01 5.356359900406376662e-01
-3.914483092616505289e-01 5.339887723993280710e-01
-3.894244936221256115e-01 5.323146668743206078e-01
-3.873819657012438356e-01 5.306133717957091100e-01
-3.853208018308307281e-01 5.288845880360744101e-01
-3.832410826447402163e-01 5.271280192224451211e-01
-3.811428930894304457e-01 5.253433719503116661e-01
-3.790263224322094060e-01 5.235303559995625466e-01
-3.768914642670684878e-01 5.216886845522054061e-01
-3.747384165180284721e-01 5.198180744117281149e-01
-3.725672814399247357e-01 5.179182462239504403e-01
-3.703781656165580638e-01 5.159889246992052092e-01
-3.681711799561446785e-01 5.140298388356832060e-01
-3.659464396839960942e-01 5.120407221437686118e-01
-3.637040643323703470e-01 5.100213128711839072e-01
-3.614441777274312040e-01 5.079713542287546124e-01
-3.591669079732612846e-01 5.058905946166003531e-01
-3.568723874328779688e-01 5.037787878505463057e-01
-3.545607527062005215e-01 5.016356933885476321e-01
-3.522321446049264670e-01 4.994610765569089672e-01
-3.498867081242769128e-01 4.972547087760741946e-01
-3.475245924115734075e-01 4.950163677857556399e-01
-3.451459507316165243e-01 4.927458378691679242e-01
-3.427509404288378025e-01 4.904429100761165117e-01
-3.403397228862041768e-01 4.881073824446975906e-01
-3.379124634808575722e-01 4.857390602213461639e-01
-3.354693315364757900e-01 4.833377560789735572e-01
-3.330105002723484642e-01 4.809032903329247821e-01
-3.305361467491668703e-01 4.784354911544816957e-01
-3.280464518115279171e-01 4.759341947816312368e-01
-3.255416000271615928e-01 4.733992457268168530e-01
-3.230217796228964655e-01 4.708304969813804086e-01
-3.204871824173793904e-01 4.682278102164033617e-01
-3.179380037505748491e-01 4.655910559796472281e-01
-3.153744424100710098e-01 4.629201138882912403e-01
-3.127967005542298673e-01 4.602148728171616687e-01
-3.102049836322162135e-01 4.574752310821432744e-01
-3.075995003009539541e-01 4.547010966184579228e-01
-3.049804623390562908e-01 4.518923871534991088e-01
-3.023480845577836140e-01 4.490490303738997602e-01
-2.997025847090902251e-01 4.461709640865184623e-01
-2.970441833908200602e-01 4.432581363730158097e-01
-2.943731039491213619e-01 4.403105057377024178e-01
-2.916895723781506855e-01 4.373280412483331880e-01
-2.889938172171419017e-01 4.343107226695196998e-01
-2.862860694449208543e-01 4.312585405884364897e-01
-2.835665623719462181e-01 4.281714965324959765e-01
-2.808355315299655985e-01 4.250496030786634072e-01
-2.780932145593726923e-01 4.218928839540880826e-01
-2.753398510943589894e-01 4.187013741277244572e-01
-2.725756826459532212e-01 4.154751198926188716e-01
-2.698009524830442540e-01 4.122141789385412314e-01
-2.670159055114835756e-01 4.089186204146370018e-01
-2.642207881513676249e-01 4.055885249817839378e-01
-2.614158482125976679e-01 4.022239848543301410e-01
-2.586013347688167485e-01 3.988251038309070795e-01
-2.557774980298238576e-01 3.953919973139935484e-01
-2.529445892125637974e-01 3.919247923179320359e-01
-2.501028604107912168e-01 3.884236274650800236e-01
-2.472525644635048814e-01 3.848886529697999048e-01
-2.443939548222483771e-01 3.813200306099799319e-01
-2.415272854173695360e-01 3.777179336857938163e-01
-2.386528105233285679e-01 3.740825469653995539e-01
-2.357707846231433535e-01 3.704140666172902052e-01
-2.328814622720545291e-01 3.667127001290073629e-01
-2.299850979604914358e-01 3.629786662119330320e-01
-2.270819459764150949e-01 3.592121946918828690e-01
-2.241722602671091802e-01 3.554135263852195581e-01
-2.212562943004863225e-01 3.515829129602207059e-01
-2.183343009259711698e-01 3.477206167834272499e-01
-2.154065322350169620e-01 3.438269107507104794e-01
-2.124732394213072473e-01 3.399020781028001537e-01
-2.095346726406870641e-01 3.359464122250157558e-01
-2.065910808708661395e-01 3.319602164309516379e-01
-2.036427117709251333e-01 3.279438037298696429e-01
-2.006898115406584582e-01 3.238974965775615611e-01
-1.977326247797746572e-01 3.198216266104442207e-01
-1.947713943469753517e-01 3.157165343626623932e-01
-1.918063612189277178e-01 3.115825689659764697e-01
-1.888377643491430946e-01 3.074200878322234654e-01
-1.858658405267683000e-01 3.032294563181467950e-01
-1.828908242353008140e-01 2.990110473724036377e-01
-1.799129475112299925e-01 2.947652411645648729e-01
-1.769324398026157485e-01 2.904924246959404432e-01
-1.739495278276118051e-01 2.861929913920788771e-01
-1.709644354329497573e-01 2.818673406768045231e-01
-1.679773834524045661e-01 2.775158775276775902e-01
-1.649885895652707379e-01 2.731390120127890619e-01
-1.619982681548944037e-01 2.687371588088278695e-01
-1.590066301673158378e-01 2.643107367003882935e-01
-1.560138829701028795e-01 2.598601680605269193e-01
-1.530202302114729296e-01 2.553858783126185528e-01
-1.500258716798339720e-01 2.508882953736093491e-01
-1.470310031639055770e-01 2.463678490788231978e-01
-1.440358163136196690e-01 2.418249705885419654e-01
-1.410404985020474178e-01 2.372600917766509165e-01
-1.380452326886497105e-01 2.326736446017291238e-01
-1.350501972842069187e-01 2.280660604610527664e-01
-1.320555660178526769e-01 2.234377695280911069e-01
-1.290615078067124943e-01 2.187892000741909759e-01
-1.260681866287312047e-01 2.141207777752836272e-01
-1.230757613993718191e-01 2.094329250045912638e-01
-1.200843858529700436e-01 2.047260601124829549e-01
-1.170942084296480168e-01 2.000005966948080749e-01
-1.141053721688170541e-01 1.952569428512400951e-01
-1.111180146104369659e-01 1.904955004353804937e-01
-1.081322677053525583e-01 1.857166642986191052e-01
-1.051482577361860793e-01 1.809208215299988320e-01
-1.021661052504393430e-01 1.761083506946184429e-01
-9.918592500764006337e-02 1.712796210734021662e-01
-9.620782594256049869e-02 1.664349919073808137e-01
-9.323191114673395896e-02 1.615748116499610976e-01
-9.025827787069984343e-02 1.566994172310040567e-01
-8.728701754961920578e-02 1.518091333368904450e-01
-8.431821585510651529e-02 1.469042717111048724e-01
-8.135195277633266997e-02 1.419851304802417502e-01
-7.838830273364694179e-02 1.370519935106756515e-01
-7.542733472815510432e-02 1.321051298014911668e-01
-7.246911253084853399e-02 1.271447929195750060e-01
-6.951369491502679132e-02 1.221712204830616988e-01
-6.656113593585588628e-02 1.171846336995568949e-01
-6.361148526097648581e-02 1.121852369657470316e-01
-6.066478855609003240e-02 1.071732175351165217e-01
-5.772108792941615940e-02 1.021487452605141510e-01
-5.478042243880359985e-02 9.711197241824220949e-02
-5.184282866510481202e-02 9.206303362015982872e-02
-4.890834135515853553e-02 8.700204581997705855e-02
-4.597699413737621477e-02 8.192910841947265155e-02
-4.304882031248685736e-02 7.684430347977655451e-02
-4.012385372144972040e-02 7.174769604210845531e-02
-3.720212969190606067e-02 6.663933456146023393e-02
-3.428368606380011174e-02 6.151925145565068087e-02
-3.136856429396672752e-02 5.638746377097092477e-02
-2.845681063856569937e-02 5.124397396429108964e-02
-2.554847741124310900e-02 4.608877080002476978e-02
-2.264362431385169572e-02 4.092183035878804720e-02
-1.974231983546181901e-02 3.574311715295142022e-02
-1.684464271427715820e-02 3.055258534261034997e-02
-1.395068345596389703e-02 2.535018004385122814e-02
-1.106054590081068101e-02 2.013583871956506344e-02
-8.174348831128441795e-03 1.490949264155969067e-02
-5.292227609354160922e-03 9.671068411341410265e-03
-2.414335836510572708e-03 4.420489525756465810e-03
4.591529800090365931e-04 -8.423220272795184371e-04
3.328043760873478085e-03 -6.117444158415308308e-03
6.192118203347252159e-03 -1.140495306772409956e-02
9.051133155950352727e-03 -1.670492165273110285e-02
1.190481903121048957e-02 -2.201741794930961449e-02
1.475287826822169190e-02 -2.734250362058945893e-02
1.759498385626934169e-02 -3.268023250814780511e-02
2.043077793015179999e-02 -3.803064925859100942e-02
2.325987044702843010e-02 -4.339378803721821720e-02
2.608183795368995694e-02 -4.876967133882373351e-02
2.889622245208900431e-02 -5.415830890388759200e-02
3.170253036983505801e-02 -5.955969674648237122e-02
3.450023164115839647e-02 -6.497381629822998605e-02
3.728875890263405601e-02 -7.040063367064067212e-02
4.006750680673970555e-02 -7.584009903619773341e-02
4.283583145514302526e-02 -8.129214612666926798e-02
4.559304995248952830e-02 -8.675669184537571077e-02
4.833844008041543461e-02 -9.223363598853701051e-02
5.107124009055746816e-02 -9.772286106942382200e-02
5.379064861448434876e-02 -1.032242322378213450e-01
5.649582468774511090e-02 -1.087375972863417750e-01
5.918588788460943384e-02 -1.142627867343451453e-01
6.185991855957984065e-02 -1.197996139796899395e-01
6.451695819137126531e-02 -1.253478755081980089e-01
6.715600982477226699e-02 -1.309073511505796650e-01
6.977603860563180715e-02 -1.364778043766135540e-01
7.237597240411774990e-02 -1.420589826165731817e-01
7.495470252139241341e-02 -1.476506176002480575e-01
7.751108447490084874e-02 -1.532524257043603733e-01
8.004393885758598337e-02 -1.588641082997500620e-01
8.255205226650075279e-02 -1.644853520903329924e-01
8.503417829648030057e-02 -1.701158294365288093e-01
8.748903859475881672e-02 -1.757551986565991653e-01
8.991532397264523357e-02 -1.814031043000763899e-01
9.231169557061957853e-02 -1.870591773882386011e-01
9.467678607345714203e-02 -1.927230356173399994e-01
9.700920097222720528e-02 -1.983942835210519284e-01
9.930751987025487892e-02 -2.040725125892937641e-01
1.015702978303508197e-01 -2.097573013413241982e-01
1.037960667608314180e-01 -2.154482153516252829e-01
1.059833368380436180e-01 -2.211448072277369670e-01
1.081305979632852243e-01 -2.268466165397752810e-01
1.102363212521750846e-01 -2.325531697019212474e-01
1.122989605546673153e-01 -2.382639798066567560e-01
1.143169540040281373e-01 -2.439785464129960724e-01
1.162887255932017472e-01 -2.496963552903712358e-01
1.182126867770771361e-01 -2.554168781202155181e-01
1.200872380992468735e-01 -2.611395721576373896e-01
1.219107708418981084e-01 -2.668638798558720104e-01
1.236816686975246715e-01 -2.725892284564843671e-01
1.253983094611741400e-01 -2.783150295485301573e-01
1.270590667419607134e-01 -2.840406786000921890e-01
1.286623116925758592e-01 -2.897655544657931626e-01
1.302064147555234142e-01 -2.954890188740346701e-01
1.316897474247860078e-01 -3.012104158978456403e-01
1.331106840216017551e-01 -3.069290714133163789e-01
1.344676034829940248e-01 -3.126442925496847880e-01
1.357588911616542937e-01 -3.183553671351900261e-01
1.369829406357231938e-01 -3.240615631428481747e-01
1.381381555269604600e-01 -3.297621281403209093e-01
1.392229513257287610e-01 -3.354562887480411204e-01
1.402357572211487269e-01 -3.411432501097428349e-01
1.411750179347083245e-01 -3.468221953794975998e-01
1.420391955555343477e-01 -3.524922852293042030e-01
1.428267713754554635e-01 -3.581526573812071068e-01
1.435362477219000454e-01 -3.638024261678234339e-01
1.441661497865938668e-01 -3.694406821250598716e-01
1.447150274479379051e-01 -3.750664916206712385e-01
1.451814570848589114e-01 -3.806788965221881704e-01
1.455640433798481015e-01 -3.862769139075778457e-01
1.458614211088156143e-01 -3.918595358218537328e-01
1.460722569153168615e-01 -3.974257290826602729e-01
1.461952510666227611e-01 -4.029744351376760014e-01
1.462291391890408743e-01 -4.085045699764801030e-01
1.461726939798248803e-01 -4.140150240993063502e-01
1.460247268929466824e-01 -4.195046625448933808e-01
1.457840897959574167e-01 -4.249723249794012947e-01
1.454496765951069914e-01 -4.304168258481277931e-01
1.450204248258628870e-01 -4.358369545914991261e-01
1.444953172059326996e-01 -4.412314759265608677e-01
1.438733831478764269e-01 -4.465991301949202574e-01
1.431537002283871929e-01 -4.519386337778290574e-01
1.423353956113182217e-01 -4.572486795788190950e-01
1.414176474215472212e-01 -4.625279375740182775e-01
1.403996860668018376e-01 -4.677750554300056374e-01
1.392807955045971269e-01 -4.729886591887754177e-01
1.380603144515018810e-01 -4.781673540190999327e-01
1.367376375320052129e-01 -4.833097250333036055e-01
1.353122163643434295e-01 -4.884143381681851914e-01
1.337835605807367878e-01 -4.934797411285500313e-01
1.321512387795946708e-01 -4.985044643915496621e-01
1.304148794073740070e-01 -5.034870222697676034e-01
1.285741715679088459e-01 -5.084259140307365588e-01
1.266288657571781606e-01 -5.133196250703333519e-01
1.245787745216493381e-01 -5.181666281372638849e-01
1.224237730385066558e-01 -5.229653846056361299e-01
1.201637996162632782e-01 -5.277143457924106107e-01
1.177988561144577007e-01 -5.324119543163319257e-01
1.153290082813488437e-01 -5.370566454947600654e-01
1.127543860087421579e-01 -5.416468487746788352e-01
1.100751835033116910e-01 -5.461809891940001549e-01
1.072916593740223246e-01 -5.506574888691726510e-01
1.044041366355007439e-01 -5.550747685049987057e-01
1.014130026274507601e-01 -5.594312489224766427e-01
9.831870885047055975e-02 -5.637253526004244453e-01
9.512177071888200386e-02 -5.679555052266030968e-01
9.182276723143631414e-02 -5.721201372540291041e-01
8.842234056103262518e-02 -5.762176854581733121e-01
8.492119556482308207e-02 -5.802465944907607698e-01
8.132009921635244276e-02 -5.842053184259268228e-01
7.761987996161148762e-02 -5.880923222945533269e-01
7.382142700113897282e-02 -5.919060836026852623e-01
6.992568950053235088e-02 -5.956450938300361653e-01
6.593367573196404208e-02 -5.993078599047099164e-01
6.184645214950493242e-02 -6.028929056504068740e-01
5.766514240127212920e-02 -6.063987732025417632e-01
5.339092628160191367e-02 -6.098240243898717106e-01
4.902503862663037948e-02 -6.131672420784242128e-01
4.456876815682636606e-02 -6.164270314747171131e-01
4.002345627017056540e-02 -6.196020213854784853e-01
3.539049578980207889e-02 -6.226908654313001446e-01
3.067132967006963584e-02 -6.256922432118984245e-01
2.586744966501910992e-02 -6.286048614208987750e-01
2.098039496342904431e-02 -6.314274549083128685e-01
1.601175079455791073e-02 -6.341587876891383591e-01
1.096314700881817483e-02 -6.367976538967683453e-01
5.836256637599124275e-03 -6.393428786801639285e-01
6.327944364781235009e-04 -6.417933190440087143e-01
-4.645484583969711201e-03 -6.441478646313278933e-01
-9.996786635577820102e-03 -6.464054384483136628e-01
-1.541928063408126715e-02 -6.485649975313629856e-01
-2.091109968063711855e-02 -6.506255335565805931e-01
-2.647034253939561932e-02 -6.525860733922530521e-01
-3.209507510725018165e-02 -6.544456795950370775e-01
-3.778333187200852428e-02 -6.562034508508375330e-01
-4.353311735536058436e-02 -6.578585223615719402e-01
-4.934240753715923855e-02 -6.594100661792312579e-01
-5.520915125769090825e-02 -6.608572914888458660e-01
-6.113127159477657613e-02 -6.621994448421564261e-01
-6.710666721272032231e-02 -6.634358103439605969e-01
-7.313321368031514003e-02 -6.645657097932745616e-01
-7.920876475529797789e-02 -6.655885027815953148e-01
-8.533115363286314370e-02 -6.665035867506822198e-01
-9.149819415603077655e-02 -6.673103970124034667e-01
-9.770768198589252496e-02 -6.680084067332955344e-01
-1.039573957299635976e-01 -6.685971268865764650e-01
-1.102450980270878733e-01 -6.690761061744394667e-01
-1.165685365875613888e-01 -6.694449309235058765e-01
-1.229254451873563192e-01 -6.697032249563810158e-01
-1.293135446155462276e-01 -6.698506494422843405e-01
-1.357305435742502120e-01 -6.698869027297538192e-01
-1.421741395306280464e-01 -6.698117201644360197e-01
-1.486420195206667738e-01 -6.696248738949726054e-01
-1.551318609047139252e-01 -6.693261726699787362e-01
-1.616413320749101046e-01 -6.689154616290915456e-01
-1.681680931148775149e-01 -6.683926220910243465e-01
-1.747097964122186486e-01 -6.677575713415243586e-01
-1.812640872245603885e-01 -6.670102624240727973e-01
-1.878286042000746614e-01 -6.661506839361028831e-01
-1.944009798535788758e-01 -6.651788598334409386e-01
-2.009788409994921199e-01 -6.640948492455938101e-01
-2.075598091430951309e-01 -6.628987463044153650e-01
-2.141415008316986945e-01 -6.615906799885922229e-01
-2.207215279674836494e-01 -6.601708139862847435e-01
-2.272974980839246317e-01 -6.586393465781499312e-01
-2.338670145878486428e-01 -6.569965105428575702e-01
-2.404276769693269866e-01 -6.552425730870905518e-01
-2.469770809817200263e-01 -6.533778358018919041e-01
-2.535128187943296307e-01 -6.514026346470900286e-01
-2.600324791202306418e-01 -6.493173399653960898e-01
-2.665336473219654945e-01 -6.471223565276229550e-01
-2.730139054979102142e-01 -6.448181236103277536e-01
-2.794708325522008430e-01 -6.424051151070303556e-01
-2.859020042512385729e-01 -6.398838396739925383e-01
-2.923049932698620901e-01 -6.372548409113915069e-01
-2.986773692303780203e-01 -6.345186975805421348e-01
-3.050166987377257444e-01 -6.316760238576517583e-01
-3.113205454141245165e-01 -6.287274696244122829e-01
-3.175864699366304222e-01 -6.256737207955460622e-01
-3.238120300810990448e-01 -6.225154996832331644e-01
-3.299947807761072771e-01 -6.192535653981438015e-01
-3.361322741704495520e-01 -6.158887142866038555e-01
-3.422220597178651791e-01 -6.124217804032024981e-01
-3.482616842827041537e-01 -6.088536360179370721e-01
-3.542486922702633989e-01 -6.051851921567681369e-01
-3.601806257855568738e-01 -6.014173991742205461e-01
-3.660550248242951943e-01 -5.975512473564349447e-01
-3.718694274998596838e-01 -5.935877675528257180e-01
-3.776213703100446684e-01 -5.895280318342513981e-01
-3.833083884473332259e-01 -5.853731541753459666e-01
-3.889280161564306892e-01 -5.811242911583963666e-01
-3.944777871427480043e-01 -5.767826426958813091e-01
-3.999552350354593777e-01 -5.723494527685127897e-01
-4.053578939086867061e-01 -5.678260101753449529e-01
-4.106832988642731830e-01 -5.632136492922289461e-01
-4.159289866794943502e-01 -5.585137508346113000e-01
-4.210924965229281836e-01 -5.537277426203837116e-01
-4.261713707415530350e-01 -5.488571003282091132e-01
-4.311631557219710031e-01 -5.439033482464611380e-01
-4.360654028284622896e-01 -5.388680600076305449e-01
-4.408756694203513904e-01 -5.337528593027780488e-01
-4.455915199509317137e-01 -5.285594205703351145e-01
-4.502105271499218242e-01 -5.232894696532979228e-01
-4.547302732911351342e-01 -5.179447844186026995e-01
-4.591483515467287835e-01 -5.125271953322312335e-01
-4.634623674290436202e-01 -5.070385859833785869e-01
-4.676699403206885930e-01 -5.014808935507975018e-01
-4.717687050931127501e-01 -4.958561092042654828e-01
-4.757563138134929259e-01 -4.901662784339473888e-01
-4.796304375393170005e-01 -4.844135013003043611e-01
-4.833887681995642782e-01 -4.785999325970898277e-01
-4.870290205609023593e-01 -4.727277819199081077e-01
-4.905489342767965222e-01 -4.667993136327779347e-01
-4.939462760168960576e-01 -4.608168467251496647e-01
-4.972188416735189853e-01 -4.547827545518698944e-01
-5.003644586414875972e-01 -4.486994644486845263e-01
-5.033809881669957242e-01 -4.425694572160116524e-01
-5.062663277606138656e-01 -4.363952664639023649e-01
-5.090184136689477334e-01 -4.301794778113564588e-01
-5.116352233988884501e-01 -4.239247279334514840e-01
-5.141147782878183747e-01 -4.176337034501017009e-01
-5.164551461125632681e-01 -4.113091396506663444e-01
-5.186544437293336696e-01 -4.049538190491035472e-01
-5.207108397363702235e-01 -3.985705697648796453e-01
-5.226225571504939937e-01 -3.921622637254386090e-01
-5.243878760882949575e-01 -3.857318146866675623e-01
-5.260051364422488884e-01 -3.792821760684980115e-01
-5.274727405416594905e-01 -3.728163386035246996e-01
-5.287891557879692561e-01 -3.663373277973371311e-01
-5.299529172536927568e-01 -3.598482012000976948e-01
-5.309626302339792714e-01 -3.533520454898071983e-01
-5.318169727396460100e-01 -3.468519733686266093e-01
-5.325146979204072872e-01 -3.403511202746057895e-01
-5.330546364069943532e-01 -3.338526409121649330e-01
-5.334356985608961210e-01 -3.273597056057069854e-01
-5.336568766205719294e-01 -3.208754964817883137e-01
-5.337172467331843251e-01 -3.144032034863273317e-01
-5.336159708611819541e-01 -3.079460202443968231e-01
-5.333522985534285832e-01 -3.015071397712018597e-01
-5.329255685710224677e-01 -2.950897500438937060e-01
-5.323352103584857442e-01 -2.886970294448975571e-01
-5.315807453516162573e-01 -2.823321420884281063e-01
-5.306617881139926718e-01 -2.759982330428370489e-01
-5.295780472948907747e-01 -2.696984234623486243e-01
-5.283293264022190794e-01 -2.634358056426161498e-01
-5.269155243849873438e-01 -2.572134380153301425e-01
-5.253366360208011621e-01 -2.510343400978610751e-01
-5.235927521048971967e-01 -2.449014874145789278e-01
-5.216840594383160834e-01 -2.388178064070860529e-01
-5.196108406139168245e-01 -2.327861693510966390e-01
-5.173734736000896728e-01 -2.268093892981164761e-01
-5.149724311231828056e-01 -2.208902150603850312e-01
-5.124082798508393655e-01 -2.150313262577707718e-01
-5.096816793796186129e-01 -2.092353284454259443e-01
-5.067933810314373400e-01 -2.035047483410256930e-01
-5.037442264645252132e-01 -1.978420291703372191e-01
-5.005351461056926077e-01 -1.922495261496744989e-01
-4.971671574117940695e-01 -1.867295021235103047e-01
-4.936413629692881777e-01 -1.812841233751362191e-01
-4.899589484417585794e-01 -1.759154556277784109e-01
-4.861211803761496530e-01 -1.706254602530104525e-01
-4.821294038792828252e-01 -1.654159907026450105e-01
-4.779850401769403234e-01 -1.602887891795563569e-01
-4.736895840684296477e-01 -1.552454835620605822e-01
-4.692446012900661767e-01 -1.502875845956163081e-01
-4.646517258014288831e-01 -1.454164833646522381e-01
-4.599126570085437793e-01 -1.406334490563410922e-01
-4.550291569383470014e-01 -1.359396270270949725e-01
-4.500030473788335650e-01 -1.313360371814729088e-01
-4.448362069992650714e-01 -1.268235726720839396e-01
-4.395305684646220734e-01 -1.224029989279270536e-01
-4.340881155582105300e-01 -1.180749530174635131e-01
-4.285108803259178312e-01 -1.138399433515502879e-01
-4.228009402550951812e-01 -1.096983497302019828e-01
-4.169604155004131840e-01 -1.056504237359890408e-01
-4.109914661683065074e-01 -1.016962894757278413e-01
-4.048962896707859471e-01 -9.783594467098766234e-02
-3.986771181584770618e-01 -9.406926209681798490e-02
-3.923362160417418476e-01 -9.039599136701370607e-02
-3.858758776076548491e-01 -8.681576106316729602e-02
-3.792984247394671216e-01 -8.332808120372592331e-02
-3.726062047439930858e-01 -7.993234604826360279e-02
-3.658015882911148653e-01 -7.662783723121507906e-02
-3.588869674683256572e-01 -7.341372721837835513e-02
-3.518647539519471623e-01 -7.028908307859443871e-02
-3.447373772953499227e-01 -6.725287056214712678e-02
-3.375072833332156685e-01 -6.430395847659176045e-02
-3.301769326996016884e-01 -6.144112334992524183e-02
-3.227487994563226215e-01 -5.866305437023999758e-02
-3.152253698269592008e-01 -5.596835859026755289e-02
-3.076091410306678320e-01 -5.335556638450728029e-02
-2.999026202088816984e-01 -5.082313714595587673e-02
-2.921083234370189241e-01 -4.836946520878709910e-02
-2.842287748124245894e-01 -4.599288598270218076e-02
-2.762665056090051197e-01 -4.369168228404612941e-02
-2.682240534883792993e-01 -4.146409084818997171e-02
-2.601039617568851048e-01 -3.930830900708970344e-02
-2.519087786574565890e-01 -3.722250151535866358e-02
-2.436410566852514337e-01 -3.520480750762866595e-02
-2.353033519159676290e-01 -3.325334756940934167e-02
-2.268982233360713752e-01 -3.136623090310813877e-02
-2.184282321646784930e-01 -2.954156257030454702e-02
-2.098959411575982981e-01 -2.777745079081922475e-02
-2.013039138850950260e-01 -2.607201427853622633e-02
-1.926547139762400662e-01 -2.442338959334938719e-02
-1.839509043243413577e-01 -2.282973848799130234e-02
-1.751950462498285677e-01 -2.128925522786062619e-02
-1.663896986191604754e-01 -1.980017386128885004e-02
-1.575374169207430786e-01 -1.836077541697184179e-02
-1.486407523015024212e-01 -1.696939500453065186e-02
-1.397022505705647621e-01 -1.562442879336384260e-02
-1.307244511793787534e-01 -1.432434084409872632e-02
-1.217098861904699070e-01 -1.306766976607187658e-02
-1.126610792497027280e-01 -1.185303517335450918e-02
-1.035805445793058222e-01 -1.067914391094043625e-02
-9.447078601078813531e-02 -9.544796021845158851e-03
-8.533429607808996897e-02 -8.448890425079014221e-03
-7.617355519167534617e-02 -7.390430273824744045e-03
-6.699103091364917717e-02 -6.368527962720749169e-03
-5.778917735226665742e-02 -5.382409753033390309e-03
-4.857043469135575303e-02 -4.431419984765816444e-03
-3.933722886625963533e-02 -3.515024845498149197e-03
-3.009197139307165023e-02 -2.632815667063470588e-03
-2.083705935242178772e-02 -1.784511723104897918e-03
-1.157487552324986541e-02 -9.699625031748815296e-04
-2.307788656234897873e-03 -1.891494423345574383e-04
6.961846128690631769e-03 5.578129108385621038e-04
1.623168684064415709e-02 1.270676300400341852e-03
2.549940403487737858e-02 1.949058750927712413e-03
3.476268017316243991e-02 2.592445139427967948e-03
4.401920895197225514e-02 3.200188348129906490e-03
5.326669462135681654e-02 3.771510989646509326e-03
6.250285131448249376e-02 4.305507690875509663e-03
7.172540240381147791e-02 4.801147917285530919e-03
8.093207989523314161e-02 5.257279315065643832e-03
9.012062386652633372e-02 5.672631545088235860e-03
9.928878195172367860e-02 6.045820579803184991e-03
1.084343088685870704e-01 6.375353432061081627e-03
1.175549659827666432e-01 6.659633283430888007e-03
1.266485208994456990e-01 6.896964978769848376e-03
1.357127470714741824e-01 7.085560853557826277e-03
1.447454234121328120e-01 7.223546860722740437e-03
1.537443339006998311e-01 7.308968964276962854e-03
1.627072671697854245e-01 7.339799767955401677e-03
1.716320160648215354e-01 7.313945348121242418e-03
1.805163771679800799e-01 7.229252261404917057e-03
1.893581502810109674e-01 7.083514698811077537e-03
1.981551378638814476e-01 6.874481759316430907e-03
2.069051444285575636e-01 6.599864817250500337e-03
2.156059758896842760e-01 6.257344958980004535e-03
2.242554388762290074e-01 5.844580465587001505e-03
2.328513400102696917e-01 5.359214319325789067e-03
2.413914851610274581e-01 4.798881712668567889e-03
2.498736786839015900e-01 4.161217539696393519e-03
2.582957226556728547e-01 3.443863850464523590e-03
2.666554161181873273e-01 2.644477249778343086e-03
2.749505543437115174e-01 1.760736222553127561e-03
2.831789281357767751e-01 7.903483686148571330e-04
2.913383231797201378e-01 -2.689424695703768187e-04
2.994265194572788280e-01 -1.419349202165909318e-03
3.074412907395355776e-01 -2.663034625617011208e-03
3.153804041722505502e-01 -4.002104709556197903e-03
3.232416199671711565e-01 -5.438602051343111032e-03
3.310226912122891108e-01 -6.974499512162224413e-03
3.387213638132525739e-01 -8.611694048142992663e-03
3.463353765772257953e-01 -1.035200074953446236e-02
3.538624614494590426e-01 -1.219714710052133277e-02
3.613003439116934112e-01 -1.414876747183219097e-02
3.686467435502804868e-01 -1.620839785784100595e-02
3.758993748005884372e-01 -1.837747086939983676e-02
3.830559478728777778e-01 -2.065731099316070463e-02
3.901141698633921462e-01 -2.304913012763681879e-02
3.970717460529354925e-01 -2.555402340572288100e-02
4.039263813937032932e-01 -2.817296531281970884e-02
4.106757821836183320e-01 -3.090680610910961912e-02
4.173176579259086916e-01 -3.375626856387731189e-02
4.238497233701602473e-01 -3.672194500907982606e-02
4.302697007296016896e-01 -3.980429471863472513e-02
4.365753220679381430e-01 -4.300364161910574801e-02
4.427643318476598977e-01 -4.632017233663282552e-02
4.488344896304258258e-01 -4.975393458406829339e-02
4.547835729188586806e-01 -5.330483589134799027e-02
4.606093801279208533e-01 -5.697264268114982100e-02
4.663097336729472020e-01 -6.075697969086790717e-02
4.718824831604320202e-01 -6.465732974086874085e-02
4.773255086667912983e-01 -6.867303384789680276e-02
4.826367240895568789e-01 -7.280329168137228413e-02
4.878140805548238923e-01 -7.704716235916242439e-02
4.928555698642532734e-01 -8.140356557824840467e-02
4.977592279645511875e-01 -8.587128307452024378e-02
5.025231384220943953e-01 -9.044896040475469690e-02
5.071454358852484079e-01 -9.513510904265393142e-02
5.116243095169513699e-01 -9.992810877966168404e-02
5.159580063802703398e-01 -1.048262104201412026e-01
5.201448347599337829e-01 -1.098275387593913022e-01
5.241831674032375599e-01 -1.149300958319233734e-01
5.280714446642601478e-01 -1.201317644164117404e-01
5.318081775359667640e-01 -1.254303117827840763e-01
5.353919505555421177e-01 -1.308233936660406771e-01
5.388214245691465010e-01 -1.363085584505913661e-01
5.420953393432510481e-01 -1.418832515481804890e-01
5.452125160107408330e-01 -1.475448199518470949e-01
5.481718593410876972e-01 -1.532905169478326890e-01
5.509723598250706456e-01 -1.591175069669250042e-01
5.536130955657513342e-01 -1.650228705563947518e-01
5.560932339686778247e-01 -1.710036094534704010e-01
5.584120332255848584e-01 -1.770566517411835405e-01
5.605688435871809538e-01 -1.831788570674172112e-01
5.625631084219251399e-01 -1.893670219080994810e-01
5.643943650590128591e-01 -1.956178848557026395e-01
5.660622454150893157e-01 -2.019281319145231346e-01
5.675664764054746403e-01 -2.082944017846467544e-01
5.689068801419205901e-01 -2.147132911170138159e-01
5.700833739201014438e-01 -2.211813597226149342e-01
5.710959700011699613e-01 -2.276951357195356740e-01
5.719447751927796419e-01 -2.342511206023452086e-01
5.726299902359626159e-01 -2.408457942191625789e-01
5.731519090051799825e-01 -2.474756196426409760e-01
5.735109175296925210e-01 -2.541370479220686485e-01
5.737074928451552092e-01 -2.608265227047896206e-01
5.737422016850053375e-01 -2.675404847161892419e-01
5.736156990217821106e-01 -2.742753760885574543e-01
5.733287264690041241e-01 -2.810276445302355430e-01
5.728821105546191284e-01 -2.877937473275448688e-01
5.722767608773411396e-01 -2.945701551731043644e-01
5.715136681573996791e-01 -3.013533558152354797e-01
5.705939021933551514e-01 -3.081398575242368931e-01
5.695186097366662370e-01 -3.149261923723725709e-01
5.682890122956640866e-01 -3.217089193254522028e-01
5.669064038804672023e-01 -3.284846271448820243e-01
5.653721487001848178e-01 -3.352499371000281503e-01
5.636876788235085645e-01 -3.420015054916492048e-01
5.618544918134684707e-01 -3.487360259880305513e-01
5.598741483467732927e-01 -3.554502317762629482e-01
5.577482698277299589e-01 -3.621408975318788359e-01
5.554785360062748367e-01 -3.688048412107624574e-01
5.530666826091590327e-01 -3.754389256678972719e-01
5.505144989927888144e-01 -3.820400601081064274e-01
5.478238258256782345e-01 -3.886052013744650813e-01
5.449965528078831722e-01 -3.951313550805360952e-01
5.420346164342036976e-01 -4.016155765929853572e-01
5.389399978073323716e-01 -4.080549718714861496e-01
5.357147205065266871e-01 -4.144466981731125266e-01
5.323608485167699023e-01 -4.207879646286598607e-01
5.288804842227827763e-01 -4.270760326985157951e-01
5.252757664716527497e-01 -4.333082165158361754e-01
5.215488687072554752e-01 -4.394818831248674673e-01
5.177019971790756125e-01 -4.455944526222953006e-01
5.137373892274723630e-01 -4.516433982094935073e-01
5.096573116468966491e-01 -4.576262461635101086e-01
5.054640591280508133e-01 -4.635405757345392175e-01
5.011599527794805553e-01 -4.693840189775199678e-01
4.967473387286192033e-01 -4.751542605253564200e-01
4.922285868018508870e-01 -4.808490373110794192e-01
4.876060892827390747e-01 -4.864661382460758743e-01
4.828822597471633116e-01 -4.920034038612904337e-01
4.780595319737379612e-01 -4.974587259180646703e-01
4.731403589275323118e-01 -5.028300469950259810e-01
4.681272118147951633e-01 -5.081153600571636231e-01
4.630225792060860823e-01 -5.133127080129515907e-01
4.578289662249397374e-01 -5.184201832650814357e-01
4.525488937989460281e-01 -5.234359272600680457e-01
4.471848979698981874e-01 -5.283581300416826387e-01
4.417395292594576972e-01 -5.331850298128582022e-01
4.362153520866068890e-01 -5.379149125103889206e-01
4.306149442329949562e-01 -5.425461113964331616e-01
4.249408963521405513e-01 -5.470770066705051837e-01
4.191958115183416211e-01 -5.515060251053219842e-01
4.133823048110275566e-01 -5.558316397095502959e-01
4.075030029302133538e-01 -5.600523694201815506e-01
4.015605438386411485e-01 -5.641667788269439932e-01
3.955575764261424210e-01 -5.681734779308473815e-01
3.894967601917235234e-01 -5.720711219386436230e-01
3.833807649388438765e-01 -5.758584110946768364e-01
3.772122704793637316e-01 -5.795340905512926799e-01
3.709939663416326749e-01 -5.830969502786729208e-01
3.647285514782197535e-01 -5.865458250146646790e-01
3.584187339688186258e-01 -5.898795942548789029e-01
3.520672307139056656e-01 -5.930971822830434226e-01
3.456767671147995546e-01 -5.961975582413117092e-01
3.392500767358351821e-01 -5.991797362399454707e-01
3.327899009444604261e-01 -6.020427755055164365e-01
3.262989885251644240e-01 -6.047857805665022290e-01
3.197800952632560145e-01 -6.074079014748846594e-01
3.132359834946463195e-01 -6.099083340621023197e-01
3.066694216179255417e-01 -6.122863202274571037e-01
3.000831835651809332e-01 -6.145411482568280404e-01
2.934800482281728629e-01 -6.166721531693102332e-01
2.868627988366660997e-01 -6.186787170891649978e-01
2.802342222859124932e-01 -6.205602696402501284e-01
2.735971084104886764e-01 -6.223162883598849504e-01
2.669542492019187918e-01 -6.239462991289086435e-01
2.603084379677479965e-01 -6.254498766144973576e-01
2.536624684299835231e-01 -6.268266447221340076e-01
2.470191337610875282e-01 -6.280762770529568773e-01
2.403812255559754640e-01 -6.291984973625699418e-01
2.337515327387701403e-01 -6.301930800172588221e-01
2.271328404033616799e-01 -6.310598504434454803e-01
2.205279285871277750e-01 -6.317986855661111845e-01
2.139395709775003263e-01 -6.324095142318403306e-01
2.073705335513902070e-01 -6.328923176120744287e-01
2.008235731478220654e-01 -6.332471295821280322e-01
1.943014359744749120e-01 -6.334740370714964097e-01
1.878068560491818195e-01 -6.335731803809947493e-01
1.813425535777878073e-01 -6.335447534622881127e-01
1.749112332701316386e-01 -6.333890041554297579e-01
1.685155825962723897e-01 -6.331062343800969439e-01
1.621582699854353382e-01 -6.326968002763155852e-01
1.558419429705133752e-01 -6.321611122905894664e-01
1.495692262813034246e-01 -6.314996352035033844e-01
1.433427198900028565e-01 -6.307128880950421124e-01
1.371649970128230589e-01 -6.298014442440724725e-01
1.310386020719005451e-01 -6.287659309586590695e-01
1.249660486219957289e-01 -6.276070293341333706e-01
1.189498172467596537e-01 -6.263254739361151513e-01
1.129923534296316812e-01 -6.249220524059695414e-01
1.070960654046811400e-01 -6.233976049865124214e-01
1.012633219929466588e-01 -6.217530239660999936e-01
9.549645043003968103e-02 -6.199892530396043933e-01
8.979773419096270803e-02 -6.181072865851371390e-01
8.416941081825723980e-02 -6.161081688557714653e-01
7.861366975973080318e-02 -6.139929930859113760e-01
7.313265022211462574e-02 -6.117629005123605967e-01
6.772843904708042428e-02 -6.094190793105563886e-01
6.240306861608518885e-02 -6.069627634468548472e-01
5.715851479053071782e-02 -6.043952314481733090e-01
5.199669489369646014e-02 -6.017178050907163733e-01
4.691946574086200417e-02 -5.989318480099310449e-01
4.192862172394129505e-02 -5.960387642342418468e-01
3.702589295684277637e-02 -5.930399966455299765e-01
3.221294348761882809e-02 -5.899370253697012734e-01
2.749136958329045921e-02 -5.867313661010700176e-01
2.286269809302682310e-02 -5.834245683646468450e-01
1.832838489512639280e-02 -5.800182137207579025e-01
1.388981343298006932e-02 -5.765139139167412274e-01
9.548293344914526859e-03 -5.729133089907643139e-01
5.305059192502792342e-03 -5.692180653330736195e-01
1.161269291598432396e-03 -5.654298737102300132e-01
-2.881995349998445199e-03 -5.615504472580956641e-01
-6.823731984706427056e-03 -5.575815194495139515e-01
-1.066301696399341026e-02 -5.535248420427808513e-01
-1.439900646110536808e-02 -5.493821830171119469e-01
-1.803093707532721357e-02 -5.451553245013930349e-01
-2.155812631581099925e-02 -5.408460607025487032e-01
-2.497997296342474582e-02 -5.364561958398710306e-01
-2.829595730948220034e-02 -5.319875420916275743e-01
-3.150564127062921438e-02 -5.274419175602049759e-01
-3.460866837956627640e-02 -5.228211442619548066e-01
-3.760476365169057589e-02 -5.181270461477751610e-01
-4.049373332813299697e-02 -5.133614471603028528e-01
-4.327546449604763312e-02 -5.085261693333998911e-01
-4.594992458738039742e-02 -5.036230309393904259e-01
-4.851716075770184933e-02 -4.986538446892573861e-01
-5.097729914702248122e-02 -4.936204159907249256e-01
-5.333054402483822232e-02 -4.885245412688511424e-01
-5.557717682194801556e-02 -4.833680063534270266e-01
-5.771755505187597945e-02 -4.781525849371283110e-01
-5.975211112498490795e-02 -4.728800371079993625e-01
-6.168135105861538570e-02 -4.675521079594642249e-01
-6.350585308679440599e-02 -4.621705262806600212e-01
-6.522626617326082732e-02 -4.567370033294770870e-01
-6.684330843172120451e-02 -4.512532316902720386e-01
-6.835776545740501753e-02 -4.457208842177832198e-01
-6.977048857411266569e-02 -4.401416130683581951e-01
-7.108239300105773095e-02 -4.345170488191536506e-01
-7.229445594389088958e-02 -4.288487996755409037e-01
-7.340771461435469103e-02 -4.231384507665104655e-01
-7.442326418306710600e-02 -4.173875635274402751e-01
-7.534225566995472745e-02 -4.115976751691673430e-01
-7.616589377686772133e-02 -4.057702982318851515e-01
-7.689543466689913176e-02 -3.999069202219802666e-01
-7.753218369491055029e-02 -3.940090033295294836e-01
-7.807749309372646884e-02 -3.880779842237910282e-01
-7.853275962041278424e-02 -3.821152739236606255e-01
-7.889942216699380451e-02 -3.761222577397083655e-01
-7.917895933988960966e-02 -3.701002952840763416e-01
-7.937288701228084609e-02 -3.640507205442084504e-01
-7.948275585351638473e-02 -3.579748420160815403e-01
-7.951014883959361956e-02 -3.518739428923364776e-01
-7.945667874863959756e-02 -3.457492813004579557e-01
-7.932398564522391560e-02 -3.396020905859216676e-01
-7.911373435723356717e-02 -3.334335796350256231e-01
-7.882761194893661560e-02 -3.272449332319471438e-01
-7.846732519375970716e-02 -3.210373124444136916e-01
-7.803459805020551698e-02 -3.148118550322572817e-01
-7.753116914423779926e-02 -3.085696758730296363e-01
-7.695878926136973108e-02 -3.023118673987902350e-01
-7.631921885160097840e-02 -2.960395000381583763e-01
-7.561422555026664494e-02 -2.897536226577173690e-01
-7.484558171778749047e-02 -2.834552629969082638e-01
-7.401506200123952883e-02 -2.771454280906266998e-01
-7.312444092060693679e-02 -2.708251046738540668e-01
-7.217549048252797084e-02 -2.644952595628287662e-01
-7.116997782431250252e-02 -2.581568400074598646e-01
-7.010966289097808612e-02 -2.518107740099534975e-01
-6.899629614804408950e-02 -2.454579706049323240e-01
-6.783161633282264180e-02 -2.390993200966923804e-01
-6.661734824696435853e-02 -2.327356942496702774e-01
-6.535520059304861240e-02 -2.263679464286842136e-01
-6.404686385806163118e-02 -2.199969116860654716e-01
-6.269400824667153982e-02 -2.136234067934233427e-01
-6.129828166729994754e-02 -2.072482302164865009e-01
-5.986130777409442993e-02 -2.008721620322302115e-01
-5.838468406803082322e-02 -1.944959637883502401e-01
-5.686998006051935395e-02 -1.881203783060676482e-01
-5.531873550304938769e-02 -1.817461294282348150e-01
-5.373245868657955393e-02 -1.753739217157917196e-01
-5.211262481457490381e-02 -1.690044400967324334e-01
-5.046067445378327188e-02 -1.626383494729322088e-01
-4.877801206704801551e-02 -1.562762942913987485e-01
-4.706600463265192547e-02 -1.499188980877530775e-01
-4.532598035487478416e-02 -1.435667630109925819e-01
-4.355922747061641287e-02 -1.372204693398030029e-01
-4.176699315707893545e-02 -1.308805750018580960e-01
-3.995048254559713241e-02 -1.245476151086249428e-01
-3.811085784675383170e-02 -1.182221015191446400e-01
-3.624923759189019323e-02 -1.119045224470598260e-01
-3.436669599601682723e-02 -1.055953421257322250e-01
-3.246426244692568464e-02 -9.929500054663865927e-02
-3.054292112499412681e-02 -9.300391328627420628e-02
-2.860361075773371065e-02 -8.672247143651155843e-02
-2.664722451256901214e-02 -8.045104165271475816e-02
-2.467461003063264879e-02 -7.418996633289080822e-02
-2.268656960351111973e-02 -6.793956393973053787e-02
-2.068386049390052994e-02 -6.170012947557763916e-02
-1.866719540001754440e-02 -5.547193511817295752e-02
-1.663724306238961725e-02 -4.925523102246903706e-02
-1.459462901032826387e-02 -4.305024629097589650e-02
-1.253993644400941410e-02 -3.685719011201685213e-02
-1.047370724666590869e-02 -3.067625306205019886e-02
-8.396443119975505187e-03 -2.450760856490069584e-02
-6.308606834364682836e-03 -1.835141449750518627e-02
-4.210623584643857775e-03 -1.220781492864192463e-02
-2.102882440228770466e-03 -6.076941974245020361e-03
1.426212181560027048e-05 4.108224964133322388e-05
2.140488613484647917e-03 6.146143597317077489e-03
4.275506875476564606e-03 1.223813380996113809e-02
6.419056373308584806e-03 1.831694840199463159e-02
8.570904463558570718e-03 2.438248454151061007e-02
1.073084464375262392e-02 3.043463894893441712e-02
1.289869479903810179e-02 3.647330583743051136e-02
1.507429545818361749e-02 4.249837491740633688e-02
1.725750807064763137e-02 4.850972948583276434e-02
1.944821331548057808e-02 5.450724461906347740e-02
2.164630945172263399e-02 6.049078548550293477e-02
2.385171071875241688e-02 6.646020579190593802e-02
2.606434579377298055e-02 7.241534637439447919e-02
2.828415631232561456e-02 7.835603394252298182e-02
3.051109545644903331e-02 8.428207998203300633e-02
3.274512661384676449e-02 9.019327981930790050e-02
3.498622211025731454e-02 9.608941184811352343e-02
3.723436201612734253e-02 1.019702369169710882e-01
3.948953302770508156e-02 1.078354978735302089e-01
4.175172742179489305e-02 1.136849192605926123e-01
4.402094208266449371e-02 1.195182071569986376e-01
4.629717759896079254e-02 1.253350491554335311e-01
4.858043742797929498e-02 1.311351144683192693e-01
5.087072712423401644e-02 1.369180541523260519e-01
5.316805362897736309e-02 1.426835014416352743e-01
5.547242461712775796e-02 1.484310721798965949e-01
5.778384789794860366e-02 1.541603653408120944e-01
6.010233086578981032e-02 1.598709636274280033e-01
6.242787999722970715e-02 1.655624341404926259e-01
6.476050039104136458e-02 1.712343291066178996e-01
6.710019534752570403e-02 1.768861866574378550e-01
6.944696598392430253e-02 1.825175316514839330e-01
7.180081088279405277e-02 1.881278765310358259e-01
7.416172577044111147e-02 1.937167222068008621e-01
7.652970322271374082e-02 1.992835589638471405e-01
7.890473239567569186e-02 2.048278673828011209e-01
8.128679877889677385e-02 2.103491192708858704e-01
8.367588396931291417e-02 2.158467785979217290e-01
8.607196546381201685e-02 2.213203024329320479e-01
8.847501646890515437e-02 2.267691418774850920e-01
9.088500572602148386e-02 2.321927429923562325e-01
9.330189735115573813e-02 2.375905477145288103e-01
9.572565068773869479e-02 2.429619947619205134e-01
9.815622017177488834e-02 2.483065205236000272e-01
1.005935552084061269e-01 2.536235599335553426e-01
1.030376000592005403e-01 2.589125473263830246e-01
1.054882937395680842e-01 2.641729172735175490e-01
1.079455699258034529e-01 2.694041053988491807e-01
1.104093568713482298e-01 2.746055491727874553e-01
1.128795773319383744e-01 2.797766886840074019e-01
1.153561484993683717e-01 2.849169673882702702e-01
1.178389819436614916e-01 2.900258328338514158e-01
1.203279835634830097e-01 2.951027373632268413e-01
1.228230535446723226e-01 3.001471387907738708e-01
1.253240863268070271e-01 3.051585010563359623e-01
1.278309705777306848e-01 3.101362948545672849e-01
1.303435891760019727e-01 3.150799982400520061e-01
1.328618192012359644e-01 3.199890972082374829e-01
1.353855319323168382e-01 3.248630862522752794e-01
1.379145928534698529e-01 3.297014688959017947e-01
1.404488616681783264e-01 3.345037582025197631e-01
1.429881923209362360e-01 3.392694772606791309e-01
1.455324330268150113e-01 3.439981596461666458e-01
1.480814263088236493e-01 3.486893498609457409e-01
1.506350090430302602e-01 3.533426037491947946e-01
1.531930125113996621e-01 3.579574888907103292e-01
1.557552624622942083e-01 3.625335849719502623e-01
1.583215791785727855e-01 3.670704841350046488e-01
1.608917775532017758e-01 3.715677913047863989e-01
1.634656671722879151e-01 3.760251244947413474e-01
1.660430524054196111e-01 3.804421150913872007e-01
1.686237325031882117e-01 3.848184081179854554e-01
1.712075017017569700e-01 3.891536624776724684e-01
1.737941493343100330e-01 3.934475511763595446e-01
1.763834599492211108e-01 3.976997615257347740e-01
1.789752134347457613e-01 4.019099953266880298e-01
1.815691851500448317e-01 4.060779690334972436e-01
1.841651460623202063e-01 4.102034138991079715e-01
1.867628628898359566e-01 4.142860761018484217e-01
1.893620982505868078e-01 4.183257168539246118e-01
1.919626108163589584e-01 4.223221124920413794e-01
1.945641554719215738e-01 4.262750545505049615e-01
1.971664834790781695e-01 4.301843498171635805e-01
1.997693426452908094e-01 4.340498203725458026e-01
2.023724774965910134e-01 4.378713036125647662e-01
2.049756294544729518e-01 4.416486522551563154e-01
2.075785370164716648e-01 4.453817343312289623e-01
2.101809359401101418e-01 4.490704331603037613e-01
2.127825594298999312e-01 4.527146473112264591e-01
2.153831383270819466e-01 4.563142905483442702e-01
2.179824013017801765e-01 4.598692917635361921e-01
2.205800750472479699e-01 4.633795948944965382e-01
2.231758844758829630e-01 4.668451588296707033e-01
2.257695529166867388e-01 4.702659573002491156e-01
2.283608023138463117e-01 4.736419787596273245e-01
2.309493534261161107e-01 4.769732262507436760e-01
2.335349260266828542e-01 4.802597172617080190e-01
2.361172391032007323e-01 4.835014835701411107e-01
2.386960110576847316e-01 4.866985710766427164e-01
2.412709599059555121e-01 4.898510396278085155e-01
2.438418034763443487e-01 4.929589628292229686e-01
2.464082596073561282e-01 4.960224278488476468e-01
2.489700463440128464e-01 4.990415352112334557e-01
2.515268821325943316e-01 5.020163985829803055e-01
2.540784860135156809e-01 5.049471445498708855e-01
2.566245778120695986e-01 5.078339123861004278e-01
2.591648783267950784e-01 5.106768538160301185e-01
2.616991095152206848e-01 5.134761327688805999e-01
2.642269946767634159e-01 5.162319251267919462e-01
2.667482586325508054e-01 5.189444184666618387e-01
2.692626279019676439e-01 5.216138117961791609e-01
2.717698308757214853e-01 5.242403152844644643e-01
2.742695979852484700e-01 5.268241499877235334e-01
2.767616618682744445e-01 5.293655475703157309e-01
2.792457575303758377e-01 5.318647500216375779e-01
2.817216225023873033e-01 5.343220093692124806e-01
2.841889969935135207e-01 5.367375873883741821e-01
2.866476240400196440e-01 5.391117553089241898e-01
2.890972496493847688e-01 5.414447935191386563e-01
2.915376229398126129e-01 5.437369912674917538e-01
2.939684962750072628e-01 5.459886463624548103e-01
2.963896253941384895e-01 5.482000648707258117e-01
2.988007695369162553e-01 5.503715608142314419e-01
3.012016915637303338e-01 5.525034558662407225e-01
3.035921580707969247e-01 5.545960790469164348e-01
3.059719395002833409e-01 5.566497664186225158e-01
3.083408102453823463e-01 5.586648607813008427e-01
3.106985487503248211e-01 5.606417113682141684e-01
3.130449376053229815e-01 5.625806735423487526e-01
3.153797636364497059e-01 5.644821084937575728e-01
3.177028179904723415e-01 5.663463829381157888e-01
3.200138962146619193e-01 5.681738688167496942e-01
3.223127983316114720e-01 5.699649429983918436e-01
3.245993289091054224e-01 5.717199869829031611e-01
3.268732971250867814e-01 5.734393866071922918e-01
3.291345168277852729e-01 5.751235317535546843e-01
3.313828065910657261e-01 5.767728160606409027e-01
3.336179897650676240e-01 5.783876366372550093e-01
3.358398945222198506e-01 5.799683937791716426e-01
3.380483538987085201e-01 5.815154906891532027e-01
3.402432058314897034e-01 5.830293332003350093e-01
3.424242931909440291e-01 5.845103295031380819e-01
3.445914638092732463e-01 5.859588898758588682e-01
3.467445705047380589e-01 5.873754264190748087e-01
3.488834711018554691e-01 5.887603527939955228e-01
3.510080284476590484e-01 5.901140839648777447e-01
3.531181104241434832e-01 5.914370359456164739e-01
3.552135899570125765e-01 5.927296255506105949e-01
3.572943450208466709e-01 5.939922701499952273e-01
3.593602586408213839e-01 5.952253874293242930e-01
3.614112188910951762e-01 5.964293951537757987e-01
3.634471188900011418e-01 5.976047109369440058e-01
3.654678567921617605e-01 5.987517520142776606e-01
3.674733357776648890e-01 5.998709350212095837e-01
3.694634640384253377e-01 6.009626757760215821e-01
3.714381547618636481e-01 6.020273890674748829e-01
3.733973261120309695e-01 6.030654884472319566e-01
3.753409012083100960e-01 6.040773860270900464e-01
3.772688081018216177e-01 6.050634922810359528e-01
3.791809797496611401e-01 6.060242158521269573e-01
3.810773539870967452e-01 6.069599633641979963e-01
3.829578734978519861e-01 6.078711392383855383e-01
3.848224857825910394e-01 6.087581455144563947e-01
3.866711431257387477e-01 6.096213816769209259e-01
3.885038025607442380e-01 6.104612444859089937e-01
3.903204258339114108e-01 6.112781278127761286e-01
3.921209793669085397e-01 6.120724224804097169e-01
3.939054342180685619e-01 6.128445161081941261e-01
3.956737660425890812e-01 6.135947929615943597e-01
3.974259550517381112e-01 6.143236338063089441e-01
3.991619859711654783e-01 6.150314157669475312e-01
4.008818479984249117e-01 6.157185121901737057e-01
4.025855347597934175e-01 6.163852925122615956e-01
4.042730442664884127e-01 6.170321221310037796e-01
4.059443788703657741e-01 6.176593622819107621e-01
4.075995452191829016e-01 6.182673699186370664e-01
4.092385542115115071e-01 6.188564975975673343e-01
4.108614209513688498e-01 6.194270933664958179e-01
4.124681647026481879e-01 6.199795006573275424e-01
4.140588088434075109e-01 6.205140581827315316e-01
4.156333808200874946e-01 6.210310998366731505e-01
4.171919121017139132e-01 6.215309545987528494e-01
4.187344381341375210e-01 6.220139464422755893e-01
4.202609982943664724e-01 6.224803942459788964e-01
4.217716358450335767e-01 6.229306117093430517e-01
4.232663978890377487e-01 6.233649072714074757e-01
4.247453353244019514e-01 6.237835840330206993e-01
4.262085027993749442e-01 6.241869396824447636e-01
4.276559586678023717e-01 6.245752664242454344e-01
4.290877649447967235e-01 6.249488509113871881e-01
4.305039872627149933e-01 6.253079741804657976e-01
4.319046948274646858e-01 6.256529115900006932e-01
4.332899603751420026e-01 6.259839327617192639e-01
4.346598601290077024e-01 6.263013015247592685e-01
4.360144737567991369e-01 6.266052758627236319e-01
4.373538843283715782e-01 6.268961078635149065e-01
4.386781782736618451e-01 6.271740436718861167e-01
4.399874453409537978e-01 6.274393234446427048e-01
4.412817785554306038e-01 6.276921813084304080e-01
4.425612741779886283e-01 6.279328453200467841e-01
4.438260316642792525e-01 6.281615374292213172e-01
4.450761536239530303e-01 6.283784734437982689e-01
4.463117457800623855e-01 6.285838629972737568e-01
4.475329169285803266e-01 6.287779095186281086e-01
4.487397788979918811e-01 6.289608102044030868e-01
4.499324465089051817e-01 6.291327559929755786e-01
4.511110375336245260e-01 6.292939315409767920e-01
4.522756726556298457e-01 6.294445152018146583e-01
4.534264754288946930e-01 6.295846790062562537e-01
4.545635722369786302e-01 6.297145886450252750e-01
4.556870922518184153e-01 6.298344034533811531e-01
4.567971673921433773e-01 6.299442763976418336e-01
4.578939322814372659e-01 6.300443540636132544e-01
4.589775242053613091e-01 6.301347766468983203e-01
4.600480830685513833e-01 6.302156779450526214e-01
4.611057513507003103e-01 6.302871853515616962e-01
4.621506740618313569e-01 6.303494198516128577e-01
4.631829986966644608e-01 6.304024960196419336e-01
4.642028751879787585e-01 6.304465220186294960e-01
4.652104558588649463e-01 6.304815996011331469e-01
4.662058953737646672e-01 6.305078241120358751e-01
4.671893506881880098e-01 6.305252844929976064e-01
4.681609809969977665e-01 6.305340632885956254e-01
4.691209476811512014e-01 6.305342366541452082e-01
4.700694142527791497e-01 6.305258743651891429e-01
4.710065462984944773e-01 6.305090398286495867e-01
4.719325114208018368e-01 6.304837900956365981e-01
4.728474791774984198e-01 6.304501758759073482e-01
4.737516210189394172e-01 6.304082415539747908e-01
4.746451102230522801e-01 6.303580252068599066e-01
4.755281218279716615e-01 6.302995586234902969e-01
4.764008325621780782e-01 6.302328673257417968e-01
4.772634207720155008e-01 6.301579705911249940e-01
4.781160663464657512e-01 6.300748814771164330e-01
4.789589506390591334e-01 6.299836068471360573e-01
4.797922563868007861e-01 6.298841473981715566e-01
4.806161676259865234e-01 6.297764976900546152e-01
4.814308696048017477e-01 6.296606461763825102e-01
4.822365486925724865e-01 6.295365752370949419e-01
4.830333922855636342e-01 6.294042612127002112e-01
4.838215887092065515e-01 6.292636744401522986e-01
4.846013271166468295e-01 6.291147792903772906e-01
4.853727973835034182e-01 6.289575342074473774e-01
4.861361899987370339e-01 6.287918917493959814e-01
4.868916959515240395e-01 6.286177986306716869e-01
4.876395066140396528e-01 6.284351957662213106e-01
4.883798136200591111e-01 6.282440183171924541e-01
4.891128087392814239e-01 6.280441957382472129e-01
4.898386837473012179e-01 6.278356518264682773e-01
4.905576302911406339e-01 6.276183047718439934e-01
4.912698397502709424e-01 6.273920672093136197e-01
4.919755030930545447e-01 6.271568462723464688e-01
4.926748107285442990e-01 6.269125436480342817e-01
4.933679523535845490e-01 6.266590556336635309e-01
4.940551167951592326e-01 6.263962731947383400e-01
4.947364918479461582e-01 6.261240820244156069e-01
4.954122641070391464e-01 6.258423626043151389e-01
4.960826187958042865e-01 6.255509902666583910e-01
4.967477395888501568e-01 6.252498352576890683e-01
4.974078084300910252e-01 6.249387628023255203e-01
4.980630053458964812e-01 6.246176331699855311e-01
4.987135082533213915e-01 6.242863017415274385e-01
4.993594927634261715e-01 6.239446190772393042e-01
5.000011319796928699e-01 6.235924309858122960e-01
5.006385962915620436e-01 6.232295785942221222e-01
5.012720531631148502e-01 6.228558984184433545e-01
5.019016669169340528e-01 6.224712224349187029e-01
5.025275985131907319e-01 6.220753781526922044e-01
5.031500053239960080e-01 6.216681886861292750e-01
5.037690409030843863e-01 6.212494728281208189e-01
5.043848547508831270e-01 6.208190451236866858e-01
5.049975920750446878e-01 6.203767159438732248e-01
5.056073935465106306e-01 6.199222915598514572e-01
5.062143950511961421e-01 6.194555742171090618e-01
5.068187274373826545e-01 6.189763622096335904e-01
5.074205162589098261e-01 6.184844499539802198e-01
5.080198815142713542e-01 6.179796280631167926e-01
5.086169373817173156e-01 6.174616834199397886e-01
5.092117919504730583e-01 6.169303992503508693e-01
5.098045469481938818e-01 6.163855551957864165e-01
5.103952974647680829e-01 6.158269273850934811e-01
5.109841316725949323e-01 6.152542885056471178e-01
5.115711305434647027e-01 6.146674078736016344e-01
5.121563675621676470e-01 6.140660515031775013e-01
5.127399084369628213e-01 6.134499821748852222e-01
5.133218108070468633e-01 6.128189595025875791e-01
5.139021239471490698e-01 6.121727399993155405e-01
5.144808884694015427e-01 6.115110771417452407e-01
5.150581360226101912e-01 6.108337214332635323e-01
5.156338889890790256e-01 6.101404204655398456e-01
5.162081601791160823e-01 6.094309189785462877e-01
5.167809525233665324e-01 6.087049589189574839e-01
5.173522587631103065e-01 6.079622794968875255e-01
5.179220611386660122e-01 6.072026172409106248e-01
5.184903310760339279e-01 6.064257060513431608e-01
5.190570288719198455e-01 6.056312772517534748e-01
5.196221033772743247e-01 6.048190596386925355e-01
5.201854916794810268e-01 6.039887795296390305e-01
5.207471187833313531e-01 6.031401608091677691e-01
5.213068972909140619e-01 6.022729249733638213e-01
5.218647270805532035e-01 6.013867911725110371e-01
5.224204949849233781e-01 6.004814762521042404e-01
5.229740744684759912e-01 5.995566947922370549e-01
5.235253253042962962e-01 5.986121591454420798e-01
5.240740932505306704e-01 5.976475794730620184e-01
5.246202097265035835e-01 5.966626637802519006e-01
5.251634914886582628e-01 5.956571179497229807e-01
5.257037403064500625e-01 5.946306457743496532e-01
5.262407426383208797e-01 5.935829489887847199e-01
5.267742693078942828e-01 5.925137273002247795e-01
5.273040751805229132e-01 5.914226784184997143e-01
5.278298988403317127e-01 5.903094980856589125e-01
5.283514622679019723e-01 5.891738801052486263e-01
5.288684705187446378e-01 5.880155163714859690e-01
5.293806114027268528e-01 5.868340968985431561e-01
5.298875551646100579e-01 5.856293098501745842e-01
5.303889541658798334e-01 5.844008415699271097e-01
5.308844425680514512e-01 5.831483766121843271e-01
5.313736360176459783e-01 5.818715977743118550e-01
5.318561313330496532e-01 5.805701861301746369e-01
5.323315061934785763e-01 5.792438210653073627e-01
5.327993188302921901e-01 5.778921803140382174e-01
5.332591077209112296e-01 5.765149399988549472e-01
5.337103912856191457e-01 5.751117746723312107e-01
5.341526675875460928e-01 5.736823573619218575e-01
5.345854140361560036e-01 5.722263596179480993e-01
5.350080870945823630e-01 5.707434515651014229e-01
5.354201219911884913e-01 5.692333019577872077e-01
5.358209324357493530e-01 5.676955782396465588e-01
5.362099103406854361e-01 5.661299466075886411e-01
5.365864255478178801e-01 5.645360720806625876e-01
5.369498255611324655e-01 5.629136185741081544e-01
5.372994352860932521e-01 5.612622489789125257e-01
5.376345567760700828e-01 5.595816252472055607e-01
5.379544689864951268e-01 5.578714084838138909e-01
5.382584275373951677e-01 5.561312590442949455e-01
5.385456644849986318e-01 5.543608366397630993e-01
5.388153881031532144e-01 5.525598004488088133e-01
5.390667826753444691e-01 5.507278092368047551e-01
5.392990082981463651e-01 5.488645214828860031e-01
5.395112006969927654e-01 5.469695955148621280e-01
5.397024710552029703e-01 5.450426896523287157e-01
5.398719058572531981e-01 5.430834623582061482e-01
5.400185667473361706e-01 5.410915723989325743e-01
5.401414904043070342e-01 5.390666790135105746e-01
5.402396884341720273e-01 5.370084420915870460e-01
5.403121472813312565e-01 5.349165223607226238e-01
5.403578281598448996e-01 5.327905815829860892e-01
5.403756670060496647e-01 5.306302827609792327e-01
5.403645744539138374e-01 5.284352903533673373e-01
5.403234358345703203e-01 5.262052704999724551e-01
5.402511112015364603e-01 5.239398912564344757e-01
5.401464353831724186e-01 5.216388228384368775e-01
5.400082180639982354e-01 5.193017378754375413e-01
5.398352438965390299e-01 5.169283116738241368e-01
5.396262726454241765e-01 5.145182224893626310e-01
5.393800393655123759e-01 5.120711518087839309e-01
5.390952546158744862e-01 5.095867846402957202e-01
5.387706047115019548e-01 5.070648098127759074e-01
5.384047520146583166e-01 5.045049202833634672e-01
5.379963352678318600e-01 5.019068134531015080e-01
5.375439699702790897e-01 4.992701914902647475e-01
5.370462488001830348e-01 4.965947616609445170e-01
5.365017420844826468e-01 4.938802366664144516e-01
5.359089983184353034e-01 4.911263349867693306e-01
5.352665447370070773e-01 4.883327812302711846e-01
5.345728879401834277e-01 4.854993064877883846e-01
5.338265145742918660e-01 4.826256486916845612e-01
5.330258920714330273e-01 4.797115529784458099e-01
5.321694694490887168e-01 4.767567720543124388e-01
5.312556781719571797e-01 4.737610665631306617e-01
5.302829330780355344e-01 4.707242054555916821e-01
5.292496333709155731e-01 4.676459663590069038e-01
5.281541636802145057e-01 4.645261359467161011e-01
5.269948951919878333e-01 4.613645103062012920e-01
5.257701868508992682e-01 4.581608953049482458e-01
5.244783866358252444e-01 4.549151069530811275e-01
5.231178329104735347e-01 4.516269717617601986e-01
5.216868558504708098e-01 4.482963270963361002e-01
5.201837789482465224e-01 4.449230215232364283e-01
5.186069205968895091e-01 4.415069151495554234e-01
5.169545957539918302e-01 4.380478799543254809e-01
5.152251176863174020e-01 4.345458001104643420e-01
5.134167997959322438e-01 4.310005722963964336e-01
5.115279575282305480e-01 4.274121059963884584e-01
5.095569103620534168e-01 4.237803237886638152e-01
5.075019838818586315e-01 4.201051616204043437e-01
5.053615119316327009e-01 4.163865690688088872e-01
5.031338388499594361e-01 4.126245095874254698e-01
5.008173217853610915e-01 4.088189607370564804e-01
4.984103330907151408e-01 4.049699144006101981e-01
4.959112627952169672e-01 4.010773769813671952e-01
4.933185211520119684e-01 3.971413695842239133e-01
4.906305412592588677e-01 3.931619281795910026e-01
4.878457817520012174e-01 3.891391037497376471e-01
4.849627295618369471e-01 3.850729624175039389e-01
4.819799027409596426e-01 3.809635855574408092e-01
4.788958533467273515e-01 3.768110698895743016e-01
4.757091703824793405e-01 3.726155275561507940e-01
4.724184827898735284e-01 3.683770861818707609e-01
4.690224624875640735e-01 3.640958889182814850e-01
4.655198274505709666e-01 3.597720944731719328e-01
4.619093448242228561e-01 3.554058771259747118e-01
4.581898340660793822e-01 3.509974267303532791e-01
4.543601701087534028e-01 3.465469487053243758e-01
4.504192865360751585e-01 3.420546640164299212e-01
4.463661787645543111e-01 3.375208091486349149e-01
4.421999072216190596e-01 3.329456360727929276e-01
4.379196005116298696e-01 3.283294122076532151e-01
4.335244585602013867e-01 3.236724203795339205e-01
4.290137557269026458e-01 3.189749587819011856e-01
4.243868438759557105e-01 3.142373409372059001e-01
4.196431553941191717e-01 3.094598956634051490e-01
4.147822061445238795e-01 3.046429670476782370e-01
4.098035983448236608e-01 2.997869144298733746e-01
4.047070233576504639e-01 2.948921123982431447e-01
3.994922643809984963e-01 2.899589508000051663e-01
3.941591990258401790e-01 2.849878347692176295e-01
3.887078017679650443e-01 2.799791847743802187e-01
3.831381462607670874e-01 2.749334366880330505e-01
3.774504074954578847e-01 2.698510418804859201e-01
3.716448637949844036e-01 2.647324673395896055e-01
3.657218986277491202e-01 2.595781958182237226e-01
3.596820022271036144e-01 2.543887260108821380e-01
3.535257730024917722e-01 2.491645727604058780e-01
3.472539187280586082e-01 2.439062672955255584e-01
3.408672574945358913e-01 2.386143574994636363e-01
3.343667184102483980e-01 2.332894082093723842e-01
3.277533420371609996e-01 2.279320015458860538e-01
3.210282805480197954e-01 2.225427372715148011e-01
3.141927975908234694e-01 2.171222331760533919e-01
3.072482678471034068e-01 2.116711254865687453e-01
3.001961762707974213e-01 2.061900692989331318e-01
2.930381169948871323e-01 2.006797390272573867e-01
2.857757918934346053e-01 1.951408288669781443e-01
2.784110087872295747e-01 1.895740532667890554e-01
2.709456792819557869e-01 1.839801474040893003e-01
2.633818162286339915e-01 1.783598676581849007e-01
2.557215307971429930e-01 1.727139920751538660e-01
2.479670291548926320e-01 1.670433208181145990e-01
2.401206087442946946e-01 1.613486765966544445e-01
2.321846541546083165e-01 1.556309050694518747e-01
2.241616325861228720e-01 1.498908752147155854e-01
2.160540889075745485e-01 1.441294796640375520e-01
2.078646403113064700e-01 1.383476349966993590e-01
1.995959705750908197e-01 1.325462819934679626e-01
1.912508239449106362e-01 1.267263858515626507e-01
1.828319986594588442e-01 1.208889363658352534e-01
1.743423401448551957e-01 1.150349480854072626e-01
1.657847339171684142e-01 1.091654604600344469e-01
1.571620982408909462e-01 1.032815379964088787e-01
1.484773766035116793e-01 9.738427045136072158e-02
1.397335300796548052e-01 9.147477309637369602e-02
1.309335296726096831e-01 8.555418709573608949e-02
1.220803487359464479e-01 7.962368004858283443e-02
1.131769555925319359e-01 7.368444675250540588e-02
1.042263064815197038e-01 6.773771025250807654e-02
9.523133897440921869e-02 6.178472324293954321e-02
8.619496600737241998e-02 5.582676989050611160e-02
7.712007067688800288e-02 4.986516814239705386e-02
6.800950193745769479e-02 4.390127257379650150e-02
5.886607132223625749e-02 3.793647781272263542e-02
4.969255077878281801e-02 3.197222255678006109e-02
4.049167167278655555e-02 2.600999416627369776e-02
3.126612496369599037e-02 2.005133378229179142e-02
2.201856250028180750e-02 1.409784187886681250e-02
1.275159932528613371e-02 8.151184118136645118e-03
3.467816821489833057e-03 2.213097340128422630e-03
-5.830233517587130043e-03 -3.714604511703689660e-03
-1.514002594527222301e-02 -9.630024748203958040e-03
-2.445905621939817309e-02 -1.553117880157128816e-02
-3.378483753104472020e-02 -2.141598982039349952e-02
-4.311489685487418511e-02 -2.728228518968850436e-02
-5.244677193356819811e-02 -3.312779413899380465e-02
-6.177800905762934058e-02 -3.895014655843692664e-02
-7.110616174281073065e-02 -4.474687309449076889e-02
-8.042879034662908655e-02 -5.051540654805786179e-02
-8.974346260821980392e-02 -5.625308455148769760e-02
-9.904775504659127372e-02 -6.195715346119273770e-02
-1.083392551139549242e-01 -6.762477337068006911e-02
-1.176155639744806691e-01 -7.325302412590040113e-02
-1.268742997644548287e-01 -7.883891221075128852e-02
-1.361131011860846896e-01 -8.437937836444470152e-02
-1.453296312922557898e-01 -8.987130579293817201e-02
-1.545215813311371644e-01 -9.531152884217058974e-02
-1.636866745354663144e-01 -1.006968420098883210e-01
-1.728226697596400574e-01 -1.060240091840052856e-01
-1.819273648868018900e-01 -1.112897730075779745e-01
-1.909985999466682627e-01 -1.164908642826953944e-01
-2.000342599020794587e-01 -1.216240113372855092e-01
-2.090322770776480432e-01 -1.266859492896356687e-01
-2.179906332171689387e-01 -1.316734291551059921e-01
-2.269073611675847812e-01 -1.365832267480199258e-01
-2.357805461963663196e-01 -1.414121513390783624e-01
-2.446083269563174845e-01 -1.461570540349396707e-01
-2.533888961172773291e-01 -1.508148358519751930e-01
-2.621205006881727195e-01 -1.553824554607609321e-01
-2.708014420556364987e-01 -1.598569365817550381e-01
-2.794300757670905022e-01 -1.642353750159300241e-01
-2.880048110870712108e-01 -1.685149452970197692e-01
-2.965241103557424984e-01 -1.726929069545604101e-01
-3.049864881781657600e-01 -1.767666103791536436e-01
-3.133905104720937085e-01 -1.807335022834010430e-01
-3.217347934009287536e-01 -1.845911307538092572e-01
-3.300180022170885463e-01 -1.883371498906761254e-01
-3.382388500394566400e-01 -1.919693240345596019e-01
-3.463960965868880248e-01 -1.954855315794393478e-01
-3.544885468879421242e-01 -1.988837683740953821e-01
-3.625150499851770847e-01 -2.021621507145760221e-01
-3.704744976504523724e-01 -2.053189179319041824e-01
-3.783658231258392179e-01 -2.083524345803796363e-01
-3.861879999028681176e-01 -2.112611922329855618e-01
-3.939400405510526948e-01 -2.140438108914759496e-01
-4.016209956048591989e-01 -2.166990400197468802e-01
-4.092299525166135932e-01 -2.192257592100301522e-01
-4.167660346812109839e-01 -2.216229784923287038e-01
-4.242284005369743038e-01 -2.238898382983214586e-01
-4.316162427455570993e-01 -2.260256090917029392e-01
-4.389287874524562816e-01 -2.280296906775885757e-01
-4.461652936284445925e-01 -2.299016112042188975e-01
-4.533250524911103252e-01 -2.316410258707148895e-01
-4.604073870046466732e-01 -2.332477153551028026e-01
-4.674116514551175383e-01 -2.347215839772096579e-01
-4.743372310976127215e-01 -2.360626576113564190e-01
-4.811835418709875523e-01 -2.372710813640255267e-01
-4.879500301752828229e-01 -2.383471170318779420e-01
-4.946361727064224612e-01 -2.392911403556186312e-01
-5.012414763423749253e-01 -2.401036380852778762e-01
-5.077654780746637675e-01 -2.407852048724876404e-01
-5.142077449788966526e-01 -2.413365400052827625e-01
-5.205678742178492246e-01 -2.417584440008610502e-01
-5.268454930705922523e-01 -2.420518150715801897e-01
-5.330402589811797931e-01 -2.422176454792721867e-01
-5.391518596205051583e-01 -2.422570177927120816e-01
-5.451800129550977703e-01 -2.421711010627805027e-01
-5.511244673168411712e-01 -2.419611469295394057e-01
-5.569850014678606742e-01 -2.416284856750658960e-01
-5.627614246551448929e-01 -2.411745222354867990e-01
-5.684535766497955667e-01 -2.406007321852252356e-01
-5.740613277661974490e-01 -2.399086577060000613e-01
-5.795845788567910439e-01 -2.390999035526330807e-01
-5.850232612785541964e-01 -2.381761330272029187e-01
-5.903773368277444034e-01 -2.371390639725468041e-01
-5.956467976398860387e-01 -2.359904647955656798e-01
-6.008316660524481989e-01 -2.347321505302102096e-01
-6.059319944280968651e-01 -2.333659789494570980e-01
-6.109478649368564884e-01 -2.318938467349869470e-01
-6.158793892959432137e-01 -2.303176857126876254e-01
-6.207267084664562784e-01 -2.286394591615006355e-01
-6.254899923065192491e-01 -2.268611582025383822e-01
-6.301694391808488893e-01 -2.249847982747921193e-01
-6.347652755271010472e-01 -2.230124157031619925e-01
-6.392777553796729073e-01 -2.209460643639566679e-01
-6.437071598519794602e-01 -2.187878124524178236e-01
-6.480537965784962662e-01 -2.165397393562766282e-01
-6.523179991181472515e-01 -2.142039326387712994e-01
-6.565001263208342097e-01 -2.117824851340367465e-01
-6.606005616591412721e-01 -2.092774921572321811e-01
-6.646197125274129203e-01 -2.066910488312820315e-01
-6.685580095105763121e-01 -2.040252475316099712e-01
-6.724159056252028144e-01 -2.012821754497754467e-01
-6.761938755354122144e-01 -1.984639122764904617e-01
-6.798924147463025758e-01 -1.955725280040553349e-01
-6.835120387776505435e-01 -1.926100808478607984e-01
-6.870532823206498829e-01 -1.895786152862273255e-01
-6.905166983804793546e-01 -1.864801602175011896e-01
-6.939028574074772582e-01 -1.833167272329899733e-01
-6.972123464196722242e-01 -1.800903090040363586e-01
-7.004457681193805296e-01 -1.768028777812259977e-01
-7.036037400065107139e-01 -1.734563840034978321e-01
-7.066868934911556543e-01 -1.700527550146701539e-01
-7.096958730079524491e-01 -1.665938938847114081e-01
-7.126313351345947567e-01 -1.630816783328883912e-01
-7.154939477167820971e-01 -1.595179597497718427e-01
-7.182843890017629462e-01 -1.559045623149366011e-01
-7.210033467825158748e-01 -1.522432822070843850e-01
-7.236515175544739886e-01 -1.485358869032142592e-01
-7.262296056865735761e-01 -1.447841145633971260e-01
-7.287383226082696508e-01 -1.409896734976450183e-01
-7.311783860140201874e-01 -1.371542417113367773e-01
-7.335505190866089542e-01 -1.332794665256280264e-01
-7.358554497405329631e-01 -1.293669642692779620e-01
-7.380939098865501036e-01 -1.254183200383213737e-01
-7.402666347183406437e-01 -1.214350875200479740e-01
-7.423743620221145978e-01 -1.174187888777716293e-01
-7.444178315098577414e-01 -1.133709146929320066e-01
-7.463977841767970300e-01 -1.092929239611140219e-01
-7.483149616835322870e-01 -1.051862441386461067e-01
-7.501701057631843250e-01 -1.010522712365031772e-01
-7.519639576537850978e-01 -9.689236995832969934e-02
-7.536972575560416665e-01 -9.270787387947948543e-02
-7.553707441165056213e-01 -8.850008566406475374e-02
-7.569851539360872295e-01 -8.427027731710674818e-02
-7.585412211037736441e-01 -8.001969046897630666e-02
-7.600396767553240229e-01 -7.574953668942852048e-02
-7.614812486566514549e-01 -7.146099782862423699e-02
-7.628666608115259873e-01 -6.715522638266620270e-02
-7.641966330931816431e-01 -6.283334588126184006e-02
-7.654718808993501433e-01 -5.849645129525105069e-02
-7.666931148302005283e-01 -5.414560946184303336e-02
-7.678610403886179103e-01 -4.978185952551396343e-02
-7.689763577022186158e-01 -4.540621339263116452e-02
-7.700397612664726665e-01 -4.101965619796432705e-02
-7.710519397082677973e-01 -3.662314678136870116e-02
-7.720135755692372204e-01 -3.221761817300933251e-02
-7.729253451081514736e-01 -2.780397808560362838e-02
-7.737879181216618107e-01 -2.338310941225869855e-02
-7.746019577826750435e-01 -1.895587072857553290e-02
-7.753681204956328621e-01 -1.452309679777352702e-02
-7.760870557679708792e-01 -1.008559907768781516e-02
-7.767594060970257619e-01 -5.644166228575747679e-03
-7.773858068716725800e-01 -1.199564620741749854e-03
-7.779668862879755009e-01 3.247461158923825586e-03
-7.785032652781445073e-01 7.696187802321091675e-03
-7.789955574521034709e-01 1.214591277820270543e-02
-7.794443690509902378e-01 1.659595383360960852e-02
-7.798502989119164841e-01 2.104564849931252202e-02
-7.802139384433423031e-01 2.549435359983098781e-02
-7.805358716104280337e-01 2.994144476854575243e-02
-7.808166749297491549e-01 3.438631596835851900e-02
-7.810569174727814978e-01 3.882837901831376337e-02
-7.812571608775769061e-01 4.326706312654378384e-02
-7.814179593680776748e-01 4.770181442985304415e-02
-7.815398597805338632e-01 5.213209554021693004e-02
-7.816234015965126680e-01 5.655738509844211725e-02
-7.816691169820042528e-01 6.097717733517427768e-02
-7.816775308321584070e-01 6.539098163944023767e-02
-7.816491608211990627e-01 6.979832213484585268e-02
-7.815845174570905662e-01 7.419873726355240284e-02
-7.814841041405471422e-01 7.859177937810413184e-02
-7.813484172279998585e-01 8.297701434117396579e-02
-7.811779460981504997e-01 8.735402113325833884e-02
-7.809731732217715106e-01 9.172239146834232359e-02
-7.807345742344149464e-01 9.608172941753101437e-02
-7.804626180117286705e-01 1.004316510406255691e-01
-7.801577667470822597e-01 1.047717840256179450e-01
-7.798204760312295036e-01 1.091017673360469009e-01
-7.794511949337521450e-01 1.134212508661647106e-01
-7.790503660860399471e-01 1.177298951038352609e-01
-7.786184257655816010e-01 1.220273708010916752e-01
-7.781558039813563088e-01 1.263133586522519891e-01
-7.776629245601291984e-01 1.305875489795078892e-01
-7.771402052334641652e-01 1.348496414258724407e-01
-7.765880577252870509e-01 1.390993446553854818e-01
-7.760068878398383996e-01 1.433363760604510206e-01
-7.753970955498705742e-01 1.475604614762011380e-01
-7.747590750849535635e-01 1.517713349017475455e-01
-7.740932150197619155e-01 1.559687382282100854e-01
-7.733998983622325518e-01 1.601524209733825588e-01
-7.726795026414833290e-01 1.643221400229119000e-01
-7.719323999953962012e-01 1.684776593778594400e-01
-7.711589572577781659e-01 1.726187499085057864e-01
-7.703595360450171681e-01 1.767451891142771681e-01
-7.695344928421584685e-01 1.808567608896473888e-01
-7.686841790883374159e-01 1.849532552958971510e-01
-7.678089412615052289e-01 1.890344683385846158e-01
-7.669091209623938310e-01 1.931002017506083523e-01
-7.659850549976714440e-01 1.971502627807209529e-01
-7.650370754622433100e-01 2.011844639873759943e-01
-7.640655098206592388e-01 2.052026230377689830e-01
-7.630706809875923424e-01 2.092045625119570429e-01
-7.620529074073587594e-01 2.131901097119252297e-01
-7.610125031324490585e-01 2.171590964754805120e-01
-7.599497779010496723e-01 2.211113589948539848e-01
-7.588650372135324895e-01 2.250467376398913311e-01
-7.577585824078942878e-01 2.289650767857141223e-01
-7.566307107341314619e-01 2.328662246447414375e-01
-7.554817154275370594e-01 2.367500331029587235e-01
-7.543118857809074651e-01 2.406163575603222637e-01
-7.531215072156522972e-01 2.444650567751981973e-01
-7.519108613517988537e-01 2.482959927127212918e-01
-7.506802260768858925e-01 2.521090303969840130e-01
-7.494298756137411921e-01 2.559040377669452582e-01
-7.481600805871417847e-01 2.596808855359661883e-01
-7.468711080893537524e-01 2.634394470548785949e-01
-7.455632217445494758e-01 2.671795981784907958e-01
-7.442366817721047800e-01 2.709012171354377441e-01
-7.428917450487726448e-01 2.746041844012981348e-01
-7.415286651697374776e-01 2.782883825748773132e-01
-7.401476925085507252e-01 2.819536962575829309e-01
-7.387490742759477147e-01 2.856000119358103051e-01
-7.373330545775504952e-01 2.892272178662533832e-01
-7.358998744704565720e-01 2.928352039640679250e-01
-7.344497720187191936e-01 2.964238616938115189e-01
-7.329829823477171935e-01 2.999930839630845503e-01
-7.314997376974221588e-01 3.035427650188028958e-01
-7.300002674745615927e-01 3.070728003460320155e-01
-7.284847983036825125e-01 3.105830865693157139e-01
-7.269535540771181470e-01 3.140735213564312400e-01
-7.254067560038587326e-01 3.175440033245106597e-01
-7.238446226573318487e-01 3.209944319484587250e-01
-7.222673700220889614e-01 3.244247074716177792e-01
-7.206752115394057245e-01 3.278347308186091436e-01
-7.190683581517953726e-01 3.312244035102993589e-01
-7.174470183464367601e-01 3.345936275808306104e-01
-7.158113981975169349e-01 3.379423054966670947e-01
-7.141617014074942427e-01 3.412703400775970453e-01
-7.124981293472756327e-01 3.445776344196403995e-01
-7.108208810953180468e-01 3.478640918198103726e-01
-7.091301534756433433e-01 3.511296157026812526e-01
-7.074261410947793038e-01 3.543741095487089598e-01
-7.057090363776159503e-01 3.575974768242614621e-01
-7.039790296021852800e-01 3.607996209133065291e-01
-7.022363089333585329e-01 3.639804450507176381e-01
-7.004810604554663200e-01 3.671398522571441836e-01
-6.987134682038356193e-01 3.702777452754136833e-01
-6.969337141952474113e-01 3.733940265084065291e-01
-6.951419784573124039e-01 3.764885979583776354e-01
-6.933384390567661759e-01 3.795613611676690313e-01
-6.915232721266801885e-01 3.826122171607821976e-01
-6.896966518925922163e-01 3.856410663877603007e-01
-6.878587506975519794e-01 3.886478086688475164e-01
-6.860097390260841976e-01 3.916323431403850308e-01
-6.841497855270683992e-01 3.945945682018970890e-01
-6.822790570355344864e-01 3.975343814643388374e-01
-6.803977185933747229e-01 4.004516796994611605e-01
-6.785059334689733657e-01 4.033463587902558767e-01
-6.766038631757524957e-01 4.062183136824462637e-01
-6.746916674896363819e-01 4.090674383369846678e-01
-6.727695044654362633e-01 4.118936256835175058e-01
-6.708375304521545512e-01 4.146967675747864623e-01
-6.688959001072125599e-01 4.174767547419292457e-01
-6.669447664096020967e-01 4.202334767506400448e-01
-6.649842806719659105e-01 4.229668219581599331e-01
-6.630145925516071070e-01 4.256766774710601942e-01
-6.610358500604340826e-01 4.283629291037814868e-01
-6.590481995738419752e-01 4.310254613379021493e-01
-6.570517858385382937e-01 4.336641572820928436e-01
-6.550467519793150561e-01 4.362788986327321705e-01
-6.530332395047744320e-01 4.388695656351447316e-01
-6.510113883120139944e-01 4.414360370454333271e-01
-6.489813366902781322e-01 4.439781900928708169e-01
-6.469432213235826179e-01 4.464959004428216693e-01
-6.448971772923213219e-01 4.489890421601621107e-01
-6.428433380738607372e-01 4.514574876731692887e-01
-6.407818355421366352e-01 4.539011077378471426e-01
-6.387127999662572941e-01 4.563197714026634988e-01
-6.366363600081261787e-01 4.587133459736706387e-01
-6.345526427190951724e-01 4.610816969799761411e-01
-6.324617735356588000e-01 4.634246881395467366e-01
-6.303638762742012069e-01 4.657421813253127540e-01
-6.282590731248111071e-01 4.680340365315502904e-01
-6.261474846441752451e-01 4.703001118405175096e-01
-6.240292297475632521e-01 4.725402633893281967e-01
-6.219044256999221032e-01 4.747543453370312028e-01
-6.197731881060906112e-01 4.769422098318855663e-01
-6.176356309001507228e-01 4.791037069788095515e-01
-6.154918663339323803e-01 4.812386848069836742e-01
-6.133420049646846062e-01 4.833469892375991672e-01
-6.111861556419309061e-01 4.854284640517327332e-01
-6.090244254935266444e-01 4.874829508583371496e-01
-6.068569199109319356e-01 4.895102890623389547e-01
-6.046837425337182603e-01 4.915103158328361088e-01
-6.025049952333274561e-01 4.934828660713833637e-01
-6.003207780960968520e-01 4.954277723803710010e-01
-5.981311894055704181e-01 4.973448650314857833e-01
-5.959363256241111406e-01 4.992339719342607784e-01
-5.937362813738324974e-01 5.010949186047153336e-01
-5.915311494168673523e-01 5.029275281340861437e-01
-5.893210206349865921e-01 5.047316211576671208e-01
-5.871059840085893766e-01 5.065070158237552356e-01
-5.848861265950769939e-01 5.082535277627288073e-01
-5.826615335066291923e-01 5.099709700562629067e-01
-5.804322878873966474e-01 5.116591532067075176e-01
-5.781984708901256598e-01 5.133178851066462212e-01
-5.759601616522286305e-01 5.149469710086632679e-01
-5.737174372713165216e-01 5.165462134953430207e-01
-5.714703727802052935e-01 5.181154124495326307e-01
-5.692190411214077539e-01 5.196543650249059176e-01
-5.669635131211291368e-01 5.211628656168607598e-01
-5.647038574627700758e-01 5.226407058337899647e-01
-5.624401406599555120e-01 5.240876744687723576e-01
-5.601724270290956431e-01 5.255035574717270563e-01
-5.579007786614881281e-01 5.268881379220856642e-01
-5.556252553949752038e-01 5.282411960020276798e-01
-5.533459147851585991e-01 5.295625089703441812e-01
-5.510628120761836835e-01 5.308518511369846316e-01
-5.487760001710965119e-01 5.321089938383523066e-01
-5.464855296017855357e-01 5.333337054134098532e-01
-5.441914484985042044e-01 5.345257511806771333e-01
-5.418938025589897789e-01 5.356848934161795306e-01
-5.395926350171761365e-01 5.368108913324336484e-01
-5.372879866115050085e-01 5.379035010585474508e-01
-5.349798955528406452e-01 5.389624756215193324e-01
-5.326683974919904641e-01 5.399875649288186086e-01
-5.303535254868316784e-01 5.409785157523447907e-01
-5.280353099690495711e-01 5.419350717138480267e-01
-5.257137787104861903e-01 5.428569732719208396e-01
-5.233889567891016892e-01 5.437439577106459865e-01
-5.210608665545524154e-01 5.445957591300136791e-01
-5.187295275933829775e-01 5.454121084382083096e-01
-5.163949566938382807e-01 5.461927333458744815e-01
-5.140571678102935360e-01 5.469373583624737023e-01
-5.117161720273086800e-01 5.476457047948459778e-01
-5.093719775233074287e-01 5.483174907480912186e-01
-5.070245895338844067e-01 5.489524311288935809e-01
-5.046740103147457912e-01 5.495502376514083132e-01
-5.023202391042894677e-01 5.501106188458348978e-01
-4.999632720858275814e-01 5.506332800698076069e-01
-4.976031023494627004e-01 5.511179235227289253e-01
-4.952397198536256928e-01 5.515642482631780696e-01
-4.928731113862835356e-01 5.519719502295317159e-01
-4.905032605258328737e-01 5.523407222639287184e-01
-4.881301476016912666e-01 5.526702541397183754e-01
-4.857537496546036615e-01 5.529602325925319084e-01
-4.833740403966809707e-01 5.532103413551212601e-01
-4.809909901711962310e-01 5.534202611960987728e-01
-4.786045659121557216e-01 5.535896699627369522e-01
-4.762147311036795672e-01 5.537182426279578795e-01
-4.738214457392147527e-01 5.538056513416722559e-01
-4.714246662806196864e-01 5.538515654866087434e-01
-4.690243456171526160e-01 5.538556517387830391e-01
-4.666204330244081988e-01 5.538175741327570067e-01
-4.642128741232434685e-01 5.537369941318404098e-01
-4.618016108387453800e-01 5.536135707033784659e-01
-4.593865813592902247e-01 5.534469603992825393e-01
-4.569677200957537599e-01 5.532368174419495244e-01
-4.545449576409351655e-01 5.529827938157231282e-01
-4.521182207292607780e-01 5.526845393640427151e-01
-4.496874321968423183e-01 5.523417018924307031e-01
-4.472525109419666078e-01 5.519539272774651728e-01
-4.448133718860997066e-01 5.515208595818840154e-01
-4.423699259354971214e-01 5.510421411759656163e-01
-4.399220799435135110e-01 5.505174128653262944e-01
-4.374697366737152482e-01 5.499463140252794924e-01
-4.350127947639029768e-01 5.493284827418877247e-01
-4.325511486911581271e-01 5.486635559598513900e-01
-4.300846887380368466e-01 5.479511696373557950e-01
-4.276133009600356916e-01 5.471909589080141689e-01
-4.251368671544678013e-01 5.463825582500222433e-01
-4.226552648308878890e-01 5.455256016626528481e-01
-4.201683671832196487e-01 5.446197228501941101e-01
-4.176760430637345145e-01 5.436645554134542646e-01
-4.151781569590552445e-01 5.426597330489211224e-01
-4.126745689683450347e-01 5.416048897556900998e-01
-4.101651347838690120e-01 5.404996600502345316e-01
-4.076497056741070768e-01 5.393436791891158544e-01
-4.051281284696175433e-01 5.381365833996968329e-01
-4.026002455518444267e-01 5.368780101189355447e-01
-4.000658948450836472e-01 5.355675982403071966e-01
-3.975249098118190938e-01 5.342049883689075074e-01
-3.949771194516490946e-01 5.327898230847770700e-01
-3.924223483040357174e-01 5.313217472144660114e-01
-3.898604164551110474e-01 5.298004081108590446e-01
-3.872911395487809161e-01 5.282254559412640216e-01
-3.847143288023769925e-01 5.265965439837497764e-01
-3.821297910271096443e-01 5.249133289317107209e-01
-3.795373286535827506e-01 5.231754712066196689e-01
-3.769367397626344207e-01 5.213826352789148189e-01
-3.743278181217739586e-01 5.195344899969500663e-01
-3.717103532274900202e-01 5.176307089239233772e-01
-3.690841303537071294e-01 5.156709706826755335e-01
-3.664489306066726071e-01 5.136549593082401222e-01
-3.638045309865563515e-01 5.115823646080028819e-01
-3.611507044560516855e-01 5.094528825293052066e-01
-3.584872200162618761e-01 5.072662155343152790e-01
-3.558138427901612610e-01 5.050220729819566712e-01
-3.531303341139185314e-01 5.027201715166749185e-01
-3.504364516363656645e-01 5.003602354637882721e-01
-3.477319494268973910e-01 4.979419972311564524e-01
-3.450165780920826930e-01 4.954651977168619825e-01
-3.422900849012596725e-01 4.929295867225917949e-01
-3.395522139213889012e-01 4.903349233723662826e-01
-3.368027061614245476e-01 4.876809765362430937e-01
-3.340412997264612383e-01 4.849675252585951002e-01
-3.312677299818996834e-01 4.821943591905368809e-01
-3.284817297278688764e-01 4.793612790260398104e-01
-3.256830293841259660e-01 4.764680969412540268e-01
-3.228713571856427489e-01 4.735146370365225788e-01
-3.200464393890727899e-01 4.705007357805471857e-01
-3.172080004902748662e-01 4.674262424561311802e-01
-3.143557634530523837e-01 4.642910196068994466e-01
-3.114894499492441571e-01 4.610949434843627515e-01
-3.086087806102822961e-01 4.578379044946684351e-01
-3.057134752903099550e-01 4.545198076443407453e-01
-3.028032533409213967e-01 4.511405729842924983e-01
-2.998778338975639501e-01 4.477001360513623296e-01
-2.969369361776087457e-01 4.441984483065866129e-01
-2.939802797900655240e-01 4.406354775694114045e-01
-2.910075850568858424e-01 4.370112084469927050e-01
-2.880185733457575892e-01 4.333256427577353298e-01
-2.850129674142636294e-01 4.295787999481678887e-01
-2.819904917652306109e-01 4.257707175022417134e-01
-2.789508730130568215e-01 4.219014513421092127e-01
-2.758938402607622464e-01 4.179710762194192020e-01
-2.728191254874598459e-01 4.139796860961355018e-01
-2.697264639458972768e-01 4.099273945138713904e-01
-2.666155945696717100e-01 4.058143349507090658e-01
-2.634862603896659383e-01 4.016406611644599556e-01
-2.603382089592054527e-01 3.974065475212957832e-01
-2.571711927873762127e-01 3.931121893086763075e-01
-2.539849697798915451e-01 3.887578030314870481e-01
-2.507793036868341541e-01 3.843436266902775511e-01
-2.475539645565466018e-01 3.798699200405028509e-01
-2.443087291948747852e-01 3.753369648316509100e-01
-2.410433816289163644e-01 3.707450650251442603e-01
-2.377577135743565440e-01 3.660945469899014593e-01
-2.344515249054152650e-01 3.613857596744531331e-01
-2.311246241263637535e-01 3.566190747545103790e-01
-2.277768288435049748e-01 3.517948867548928993e-01
-2.244079662364483196e-01 3.469136131447516092e-01
-2.210178735274440642e-01 3.419756944050192371e-01
-2.176063984474815582e-01 3.369815940670675691e-01
-2.141733996977873700e-01 3.319317987215653076e-01
-2.107187474053046072e-01 3.268268179965649334e-01
-2.072423235706657429e-01 3.216671845038923117e-01
-2.037440225071195377e-01 3.164534537529554159e-01
-2.002237512688113119e-01 3.111862040311393351e-01
-1.966814300667652504e-01 3.058660362500145169e-01
-1.931169926708631857e-01 3.004935737566530873e-01
-1.895303867960717037e-01 2.950694621094319681e-01
-1.859215744711259777e-01 2.895943688177730069e-01
-1.822905323878412365e-01 2.840689830453852482e-01
-1.786372522291969356e-01 2.784940152766801624e-01
-1.749617409743103313e-01 2.728701969461461152e-01
-1.712640211784110245e-01 2.671982800306308414e-01
-1.675441312259179083e-01 2.614790366046229053e-01
-1.638021255547313926e-01 2.557132583588132557e-01
-1.600380748498757555e-01 2.499017560824218220e-01
-1.562520662046634479e-01 2.440453591100041897e-01
-1.524442032476059916e-01 2.381449147337142414e-01
-1.486146062333733031e-01 2.322012875822942468e-01
-1.447634120961979465e-01 2.262153589683962851e-01
-1.408907744642408644e-01 2.201880262062033411e-01
-1.369968636335884837e-01 2.141202019017470204e-01
-1.330818665007266755e-01 2.080128132187762935e-01
-1.291459864525566492e-01 2.018668011235571214e-01
-1.251894432132603652e-01 1.956831196125424777e-01
-1.212124726476238590e-01 1.894627349275097294e-01
-1.172153265207467876e-01 1.832066247634206724e-01
-1.131982722144540543e-01 1.769157774750373946e-01
-1.091615924011292704e-01 1.705911912891038829e-01
-1.051055846761621004e-01 1.642338735297682595e-01
-1.010305611506944756e-01 1.578448398657961993e-01
-9.693684800688379122e-02 1.514251135890258004e-01
-9.282478501846241903e-02 1.449757249344225396e-01
-8.869472503994457746e-02 1.384977104529522551e-01
-8.454703346839870237e-02 1.319921124492907383e-01
-8.038208768225713063e-02 1.254599784970683030e-01
-7.620027646213001216e-02 1.189023610448650681e-01
-7.200199939901985591e-02 1.123203171264459399e-01
-6.778766629564852986e-02 1.057149081887154285e-01
-6.355769656678134094e-02 9.908720005047910728e-02
-5.931251864442566024e-02 9.243826300425900255e-02
-5.505256939355651635e-02 8.576917207206619098e-02
-5.077829354354990166e-02 7.908100742409918116e-02
-4.649014313976490564e-02 7.237485496680148844e-02
-4.218857701869010990e-02 6.565180710353135662e-02
-3.787406030877099594e-02 5.891296366730103262e-02
-3.354706395748380254e-02 5.215943302069292464e-02
-2.920806428346278683e-02 4.539233331324485365e-02
-2.485754255059907658e-02 3.861279388147476066e-02
-2.049598455909446004e-02 3.182195677148649815e-02
-1.612388024658972796e-02 2.502097835898006717e-02
-1.174172329082140420e-02 1.821103103677534918e-02
-7.350010703907228216e-03 1.139330493587467630e-02
-2.949242407455754389e-03 4.569009642952370776e-03
1.460079222680210620e-03 -2.260624124866467133e-03
5.877449852943750219e-03 -9.094342927758736206e-03
1.030236373997339694e-02 -1.593086913259486592e-02
1.473431433842253835e-02 -2.276889960092851051e-02
1.917279497520779641e-02 -2.960710456906415211e-02
2.361729959417213642e-02 -3.644412674901126303e-02
2.806732357231372932e-02 -4.327858067352455262e-02
3.252236460573953991e-02 -5.010905230218484774e-02
3.698192366051783475e-02 -5.693409889889006203e-02
4.144550598079604908e-02 -6.375224918454525103e-02
4.591262214405728015e-02 -7.056200376245314043e-02
5.038278915133265201e-02 -7.736183580817290739e-02
5.485553153863609310e-02 -8.415019201062859389e-02
5.933038249489785976e-02 -9.092549374715158672e-02
6.380688497122921632e-02 -9.768613847198431843e-02
6.828459276644360809e-02 -1.044305012955797918e-01
7.276307157431782802e-02 -1.111569367307374268e-01
7.724189997903596616e-02 -1.178637805811420802e-01
8.172067038654173832e-02 -1.245493519481151445e-01
8.619898988102203674e-02 -1.312119553321890730e-01
9.067648099740333034e-02 -1.378498828073776716e-01
9.515278240246255459e-02 -1.444614162475914565e-01
9.962754947887458856e-02 -1.510448295864156854e-01
1.041004548082010150e-01 -1.575983910933630161e-01
1.085711885503954921e-01 -1.641203656515984044e-01
1.130394587188733868e-01 -1.706090170240071313e-01
1.175049913514963906e-01 -1.770626100962285898e-01
1.219675305790034470e-01 -1.834794130869348838e-01
1.264268385934183003e-01 -1.898576997171233516e-01
1.308826955198336695e-01 -1.961957513315438772e-01
1.353348991956811742e-01 -2.024918589665756774e-01
1.397832648621863960e-01 -2.087443253599125526e-01
1.442276247731547612e-01 -2.149514668983185384e-01
1.486678277266021420e-01 -2.211116155005003470e-01
1.531037385249809646e-01 -2.272231204327994636e-01
1.575352373699315245e-01 -2.332843500559729777e-01
1.619622191975785830e-01 -2.392936935018044609e-01
1.663845929604283458e-01 -2.452495622786859952e-01
1.708022808618955835e-01 -2.511503918056436913e-01
1.752152175494319508e-01 -2.569946428745665257e-01
1.796233492721196756e-01 -2.627808030406281747e-01
1.840266330084549817e-01 -2.685073879410941333e-01
1.884250355698997570e-01 -2.741729425428771627e-01
1.928185326855840209e-01 -2.797760423193459411e-01
1.972071080733508452e-01 -2.853152943570184674e-01
2.015907525021287949e-01 -2.907893383928827902e-01
2.059694628503794533e-01 -2.961968477831761759e-01
2.103432411651551537e-01 -3.015365304045485306e-01
2.147120937260486306e-01 -3.068071294885999500e-01
2.190760301180863234e-01 -3.120074243908627643e-01
2.234350623173606554e-01 -3.171362312953455720e-01
2.277892037929642455e-01 -3.221924038558287018e-01
2.321384686285243304e-01 -3.271748337751352320e-01
2.364828706664027502e-01 -3.320824513236598219e-01
2.408224226773749144e-01 -3.369142257984734101e-01
2.451571355583532508e-01 -3.416691659243574208e-01
2.494870175604903262e-01 -3.463463201981622497e-01
2.538120735497459979e-01 -3.509447771779025116e-01
2.581323043017839103e-01 -3.554636657180403891e-01
2.624477058328226198e-01 -3.599021551524189122e-01
2.667582687678480280e-01 -3.642594554263309803e-01
2.710639777473753398e-01 -3.685348171792240390e-01
2.753648108737432598e-01 -3.727275317795513132e-01
2.796607391977102841e-01 -3.768369313132874932e-01
2.839517262459273494e-01 -3.808623885276318788e-01
2.882377275896819135e-01 -3.848033167314265368e-01
2.925186904551105860e-01 -3.886591696538113094e-01
2.967945533749156706e-01 -3.924294412626381789e-01
3.010652458814533361e-01 -3.961136655441588328e-01
3.053306882408985956e-01 -3.997114162454922237e-01
3.095907912280493335e-01 -4.032223065813664298e-01
3.138454559411965050e-01 -4.066459889066212363e-01
3.180945736563463022e-01 -4.099821543559378223e-01
3.223380257199674470e-01 -4.132305324522512757e-01
3.265756834793208663e-01 -4.163908906852815672e-01
3.308074082493291379e-01 -4.194630340616039565e-01
3.350330513148445655e-01 -4.224468046276565469e-01
3.392524539670937478e-01 -4.253420809670675484e-01
3.434654475729944645e-01 -4.281487776736598860e-01
3.476718536759817457e-01 -4.308668448014737473e-01
3.518714841269100502e-01 -4.334962672931235717e-01
3.560641412435548991e-01 -4.360370643877858332e-01
3.602496179971951262e-01 -4.384892890100903218e-01
3.644276982247147134e-01 -4.408530271411684742e-01
3.685981568646437556e-01 -4.431283971730866633e-01
3.727607602155327826e-01 -4.453155492478729216e-01
3.769152662150468958e-01 -4.474146645823223190e-01
3.810614247381529096e-01 -4.494259547797443966e-01
3.851989779127812930e-01 -4.513496611297929118e-01
3.893276604513461470e-01 -4.531860538974992747e-01
3.934471999965175604e-01 -4.549354316026053002e-01
3.975573174796671050e-01 -4.565981202902718028e-01
4.016577274904162831e-01 -4.581744727942169693e-01
4.057481386557611480e-01 -4.596648679933165171e-01
4.098282540272662477e-01 -4.610697100626759415e-01
4.138977714748651726e-01 -4.623894277201648362e-01
4.179563840858408486e-01 -4.636244734693776293e-01
4.220037805676033482e-01 -4.647753228399686409e-01
4.260396456529306208e-01 -4.658424736262819499e-01
4.300636605063903328e-01 -4.668264451251780689e-01
4.340755031307010903e-01 -4.677277773739349498e-01
4.380748487718615358e-01 -4.685470303890788002e-01
4.420613703219175017e-01 -4.692847834069775459e-01
4.460347387183021262e-01 -4.699416341270052366e-01
4.499946233387432937e-01 -4.705181979580639884e-01
4.539406923907836622e-01 -4.710151072692244645e-01
4.578726132950270977e-01 -4.714330106452215285e-01
4.617900530612829013e-01 -4.717725721475188871e-01
4.656926786568374999e-01 -4.720344705816290620e-01
4.695801573661436135e-01 -4.722193987713513286e-01
4.734521571412830809e-01 -4.723280628405630011e-01
4.773083469426043224e-01 -4.723611815031749650e-01
4.811483970690127454e-01 -4.723194853618337130e-01
4.849719794774346449e-01 -4.722037162159271606e-01
4.887787680910359867e-01 -4.720146263794227082e-01
4.925684390958365300e-01 -4.717529780090398694e-01
4.963406712254083142e-01 -4.714195424432313652e-01
5.000951460334004395e-01 -4.710150995524178263e-01
5.038315481536805862e-01 -4.705404371008962139e-01
5.075495655479423940e-01 -4.699963501208080929e-01
5.112488897406544108e-01 -4.693836402985333556e-01
5.149292160412904940e-01 -4.687031153738395184e-01
5.185902437538151277e-01 -4.679555885520919611e-01
5.222316763734327072e-01 -4.671418779298032176e-01
5.258532217706590739e-01 -4.662628059337677877e-01
5.294545923627992368e-01 -4.653191987740059599e-01
5.330355052729547349e-01 -4.643118859107073781e-01
5.365956824767144084e-01 -4.632416995353413336e-01
5.401348509367088768e-01 -4.621094740660743327e-01
5.436527427252370037e-01 -4.609160456576067433e-01
5.471490951352031562e-01 -4.596622517255141704e-01
5.506236507796135049e-01 -4.583489304851589008e-01
5.540761576799139165e-01 -4.569769205052041094e-01
5.575063693434617607e-01 -4.555470602757480947e-01
5.609140448304408277e-01 -4.540601877910642736e-01
5.642989488105449869e-01 -4.525171401469176291e-01
5.676608516097685353e-01 -4.509187531523998205e-01
5.709995292476472972e-01 -4.492658609562094063e-01
5.743147634653045230e-01 -4.475592956872819217e-01
5.776063417446700710e-01 -4.457998871096522375e-01
5.808740573192302525e-01 -4.439884622914198609e-01
5.841177091766810436e-01 -4.421258452876654088e-01
5.873371020538619147e-01 -4.402128568371498907e-01
5.905320464243299927e-01 -4.382503140726199398e-01
5.937023584789564712e-01 -4.362390302445182111e-01
5.968478600999059802e-01 -4.341798144578922214e-01
5.999683788283680652e-01 -4.320734714222800310e-01
6.030637478263936035e-01 -4.299208012143411750e-01
6.061338058332009782e-01 -4.277225990529876509e-01
6.091783971162882949e-01 -4.254796550867659954e-01
6.121973714177014747e-01 -4.231927541932275494e-01
6.151905838957822947e-01 -4.208626757900227333e-01
6.181578950627254487e-01 -4.184901936574436654e-01
6.210991707182547117e-01 -4.160760757721374548e-01
6.240142818797228541e-01 -4.136210841517066750e-01
6.269031047089305142e-01 -4.111259747099104134e-01
6.297655204359425829e-01 -4.085914971221780712e-01
6.326014152801804347e-01 -4.060183947011403727e-01
6.354106803690422467e-01 -4.034074042818932559e-01
6.381932116543053146e-01 -4.007592561166949396e-01
6.409489098265505058e-01 -3.980746737788069534e-01
6.436776802278258991e-01 -3.953543740751913615e-01
6.463794327627758740e-01 -3.925990669677683620e-01
6.490540818084256092e-01 -3.898094555029556485e-01
6.517015461228252704e-01 -3.869862357491991589e-01
6.543217487527257514e-01 -3.841300967422187074e-01
6.569146169404591618e-01 -3.812417204376891133e-01
6.594800820301816024e-01 -3.783217816710882087e-01
6.620180793736274438e-01 -3.753709481244417723e-01
6.645285482355107742e-01 -3.723898802997036572e-01
6.670114316987055814e-01 -3.693792314985135383e-01
6.694666765693213506e-01 -3.663396478080825913e-01
6.718942332817813279e-01 -3.632717680929601345e-01
6.742940558040079191e-01 -3.601762239924421460e-01
6.766661015428037107e-01 -3.570536399233893987e-01
6.790103312495132659e-01 -3.539046330882278379e-01
6.813267089260406362e-01 -3.507298134879115459e-01
6.836152017312939755e-01 -3.475297839396345179e-01
6.858757798881135459e-01 -3.443051400990849720e-01
6.881084165907459527e-01 -3.410564704870403530e-01
6.903130879129060204e-01 -3.377843565201111287e-01
6.924897727164737171e-01 -3.344893725454476385e-01
6.946384525608630955e-01 -3.311720858792265854e-01
6.967591116130951168e-01 -3.278330568487465291e-01
6.988517365586042196e-01 -3.244728388379639616e-01
7.009163165128015072e-01 -3.210919783363077595e-01
7.029528429334124251e-01 -3.176910149906213565e-01
7.049613095336075830e-01 -3.142704816600837558e-01
7.069417121959393757e-01 -3.108309044739615001e-01
7.088940488870929535e-01 -3.073728028920637012e-01
7.108183195734590898e-01 -3.038966897677638501e-01
7.127145261375331664e-01 -3.004030714134680036e-01
7.145826722951437171e-01 -2.968924476684043912e-01
7.164227635135080874e-01 -2.933653119686287503e-01
7.182348069301195403e-01 -2.898221514191264836e-01
7.200188112724542622e-01 -2.862634468679185473e-01
7.217747867785031524e-01 -2.826896729820641552e-01
7.235027451181159641e-01 -2.791012983254701485e-01
7.252026993151550194e-01 -2.754987854384173263e-01
7.268746636704512820e-01 -2.718825909187162493e-01
7.285186536855539075e-01 -2.682531655044138597e-01
7.301346859872639428e-01 -2.646109541579739766e-01
7.317227782529469593e-01 -2.609563961518558406e-01
7.332829491366115171e-01 -2.572899251554270350e-01
7.348152181957479101e-01 -2.536119693231380090e-01
7.363196058189147575e-01 -2.499229513839021644e-01
7.377961331540673351e-01 -2.462232887316191665e-01
7.392448220376138801e-01 -2.425133935167892163e-01
7.406656949241980925e-01 -2.387936727391585245e-01
7.420587748171896258e-01 -2.350645283413585751e-01
7.434240851998823452e-01 -2.313263573034787524e-01
7.447616499673874735e-01 -2.275795517385380551e-01
7.460714933592134113e-01 -2.238244989888110159e-01
7.473536398925273438e-01 -2.200615817229667204e-01
7.486081142960887558e-01 -2.162911780339883960e-01
7.498349414448484129e-01 -2.125136615378369065e-01
7.510341462952082603e-01 -2.087294014728239555e-01
7.522057538209319105e-01 -2.049387627996698824e-01
7.533497889497053901e-01 -2.011421063022117706e-01
7.544662765003392613e-01 -1.973397886887403585e-01
7.555552411206070129e-01 -1.935321626939403572e-01
7.566167072257190540e-01 -1.897195771814067788e-01
7.576506989374247603e-01 -1.859023772467229274e-01
7.586572400237401315e-01 -1.820809043210766254e-01
7.596363538393000603e-01 -1.782554962753951366e-01
7.605880632663304386e-01 -1.744264875249854352e-01
7.615123906562376588e-01 -1.705942091346626666e-01
7.624093577718178416e-01 -1.667589889243513424e-01
7.632789857300787961e-01 -1.629211515751505523e-01
7.641212949456793746e-01 -1.590810187358458472e-01
7.649363050749824477e-01 -1.552389091298601587e-01
7.657240349607237206e-01 -1.513951386626345152e-01
7.664845025772950571e-01 -1.475500205294283940e-01
7.672177249766456431e-01 -1.437038653235322982e-01
7.679237182348003232e-01 -1.398569811448833466e-01
7.686024973989981079e-01 -1.360096737090834840e-01
7.692540764354539595e-01 -1.321622464568052990e-01
7.698784681777444128e-01 -1.283150006635899454e-01
7.704756842758220259e-01 -1.244682355500269927e-01
7.710457351456627695e-01 -1.206222483923109767e-01
7.715886299195469089e-01 -1.167773346331795331e-01
7.721043763969834828e-01 -1.129337879932189315e-01
7.725929809962794881e-01 -1.090919005825406463e-01
7.730544487067586568e-01 -1.052519630128275485e-01
7.734887830416401489e-01 -1.014142645097413226e-01
7.738959859915779393e-01 -9.757909302569597876e-02
7.742760579788732223e-01 -9.374673535298864990e-02
7.746289978123637177e-01 -8.991747723729015540e-02
7.749548026429979863e-01 -8.609160349149133640e-02
7.752534679201068535e-01 -8.226939810990087365e-02
7.755249873483751610e-01 -7.845114438279493507e-02
7.757693528455305021e-01 -7.463712501131333776e-02
7.759865545007506027e-01 -7.082762222270025387e-02
7.761765805338094459e-01 -6.702291788588232713e-02
7.763394172549655803e-01 -6.322329362738519920e-02
7.764750490256092652e-01 -5.942903094757653187e-02
7.765834582196793345e-01 -5.564041133723375554e-02
7.766646251858631000e-01 -5.185771639442943171e-02
7.767185282105935062e-01 -4.808122794172278724e-02
7.767451434818568590e-01 -4.431122814365623386e-02
7.767444450538285583e-01 -4.054799962453470297e-02
7.767164048123500475e-01 -3.679182558648902424e-02
7.766609924412648525e-01 -3.304298992780171917e-02
7.765781753896305872e-01 -2.930177736148635581e-02
7.764679188398257992e-01 -2.556847353409880119e-02
7.763301856765661979e-01 -2.184336514477179525e-02
7.761649364568555809e-01 -1.812674006444141284e-02
7.759721293808858888e-01 -1.441888745525654603e-02
7.757517202639090392e-01 -1.072009789013766978e-02
7.755036625091021874e-01 -7.030663472464254715e-03
7.752279070814469542e-01 -3.350877955863515445e-03
7.749244024826460464e-01 3.189631359361011498e-04
7.745930947270982525e-01 3.978562389210016370e-03
7.742339273189584592e-01 7.627620380348629214e-03
7.738468412303045607e-01 1.126583555600427222e-02
7.734317748804353521e-01 1.489290411332214181e-02
7.729886641163274952e-01 1.850851988029733608e-02
7.725174421942727632e-01 2.211237419630415757e-02
7.720180397627258717e-01 2.570415579285866003e-02
7.714903848463862124e-01 2.928355067466072159e-02
7.709344028315413544e-01 3.285024200097953762e-02
7.703500164526981830e-01 3.640390996744595487e-02
7.697371457805302075e-01 3.994423168831819082e-02
7.690957082111669063e-01 4.347088107929664158e-02
7.684256184568529768e-01 4.698352874095493292e-02
7.677267885380036905e-01 5.048184184287983489e-02
7.669991277766845528e-01 5.396548400859441097e-02
7.662425427915426912e-01 5.743411520136548765e-02
7.654569374942132853e-01 6.088739161097835029e-02
7.646422130872319034e-01 6.432496554159054802e-02
7.637982680634747279e-01 6.774648530076191055e-02
7.629249982071535374e-01 7.115159508977772496e-02
7.620222965963905359e-01 7.453993489537369399e-02
7.610900536073945677e-01 7.791114038299443156e-02
7.601281569202638089e-01 8.126484279170215208e-02
7.591364915264363633e-01 8.460066883087620504e-02
7.581149397378077470e-01 8.791824057883944332e-02
7.570633811975369110e-01 9.121717538355640642e-02
7.559816928925580104e-01 9.449708576555324036e-02
7.548697491678142413e-01 9.775757932321874066e-02
7.537274217422289535e-01 1.009982586406437816e-01
7.525545797264285852e-01 1.042187211981765033e-01
7.513510896422264107e-01 1.074185592858599991e-01
7.501168154438786484e-01 1.105973599199357171e-01
7.488516185411198123e-01 1.137547047626046581e-01
7.475553578239813035e-01 1.168901700452332354e-01
7.462278896893990154e-01 1.200033264952059392e-01
7.448690680696063993e-01 1.230937392666318214e-01
7.434787444623138786e-01 1.261609678751109409e-01
7.420567679626697277e-01 1.292045661367861031e-01
7.406029852969930882e-01 1.322240821118936538e-01
7.391172408582702413e-01 1.352190580530500119e-01
7.375993767434012582e-01 1.381890303585029955e-01
7.360492327921803746e-01 1.411335295305904958e-01
7.344666466279901051e-01 1.440520801396477368e-01
7.328514537001891149e-01 1.469442007936179739e-01
7.312034873281658687e-01 1.498094041136196763e-01
7.295225787470333012e-01 1.526471967157254639e-01
7.278085571549282040e-01 1.554570791992203049e-01
7.260612497618854633e-01 1.582385461416107031e-01
7.242804818402464040e-01 1.609910861006442206e-01
7.224660767765613834e-01 1.637141816236309388e-01
7.206178561249445558e-01 1.664073092643278962e-01
7.187356396618301835e-01 1.690699396076826289e-01
7.168192454420860837e-01 1.717015373027082348e-01
7.148684898564277024e-01 1.743015611037810886e-01
7.128831876900820763e-01 1.768694639206497832e-01
7.108631521826416222e-01 1.794046928774346017e-01
7.088081950890501304e-01 1.819066893809193897e-01
7.067181267416593471e-01 1.843748891984128835e-01
7.045927561132944161e-01 1.868087225454764799e-01
7.024318908812622331e-01 1.892076141838014425e-01
7.002353374922387630e-01 1.915709835295249519e-01
6.980029012279684864e-01 1.938982447722694402e-01
6.957343862717084715e-01 1.961888070051812094e-01
6.934295957753520145e-01 1.984420743662579922e-01
6.910883319271651226e-01 2.006574461912279950e-01
6.887103960200668951e-01 2.028343171782563403e-01
6.862955885203944062e-01 2.049720775647466964e-01
6.838437091370852539e-01 2.070701133164871699e-01
6.813545568912185990e-01 2.091278063294011447e-01
6.788279301858570758e-01 2.111445346441416793e-01
6.762636268761341718e-01 2.131196726737651925e-01
6.736614443395381180e-01 2.150525914447141140e-01
6.710211795463434381e-01 2.169426588513211629e-01
6.683426291301528543e-01 2.187892399240418118e-01
6.656255894585131339e-01 2.205916971116065606e-01
6.628698567035746780e-01 2.223493905772743751e-01
6.600752269127776461e-01 2.240616785093550445e-01
6.572414960795496253e-01 2.257279174461497284e-01
6.543684602140096285e-01 2.273474626154445566e-01
6.514559154136871921e-01 2.289196682886840417e-01
6.485036579342702279e-01 2.304438881499128178e-01
6.455114842604081637e-01 2.319194756795831813e-01
6.424791911766112307e-01 2.333457845532762587e-01
6.394065758382949660e-01 2.347221690553911444e-01
6.362934358430388793e-01 2.360479845078123085e-01
6.331395693021335536e-01 2.373225877135575479e-01
6.299447749125153262e-01 2.385453374153747585e-01
6.267088520291954623e-01 2.397155947692357070e-01
6.234316007383120528e-01 2.408327238326470054e-01
6.201128219309479661e-01 2.418960920676677673e-01
6.167523173778761691e-01 2.429050708585011042e-01
6.133498898054123849e-01 2.438590360434879090e-01
6.099053429725755926e-01 2.447573684613087441e-01
6.064184817497731972e-01 2.455994545111583605e-01
6.028891121992494551e-01 2.463846867266328289e-01
5.993170416575579473e-01 2.471124643630250861e-01
5.957020788203359896e-01 2.477821939976989074e-01
5.920440338296815153e-01 2.483932901431619711e-01
5.883427183644566183e-01 2.489451758724337549e-01
5.845979457338550400e-01 2.494372834562514352e-01
5.808095309746041934e-01 2.498690550116257902e-01
5.769772909521793114e-01 2.502399431612161163e-01
5.731010444664412784e-01 2.505494117029462564e-01
5.691806123621172553e-01 2.507969362892392695e-01
5.652158176445734039e-01 2.509820051152170106e-01
5.612064856013389003e-01 2.511041196151423960e-01
5.571524439298666254e-01 2.511627951663596425e-01
5.530535228720246943e-01 2.511575617999241561e-01
5.489095553558342999e-01 2.510879649170688066e-01
5.447203771449804499e-01 2.509535660106148036e-01
5.404858269966372752e-01 2.507539433903689940e-01
5.362057468281556938e-01 2.504886929115170413e-01
5.318799818931765344e-01 2.501574287049595502e-01
5.275083809677323377e-01 2.497597839084947091e-01
5.230907965469095977e-01 2.492954113976965924e-01
5.186270850526413234e-01 2.487639845152895546e-01
5.141171070532023490e-01 2.481651977977732959e-01
5.095607274949718324e-01 2.474987676979931994e-01
5.049578159470199390e-01 2.467644333023096548e-01
5.003082468590682730e-01 2.459619570409693756e-01
4.956118998333527981e-01 2.450911253902298137e-01
4.908686599109046700e-01 2.441517495647475278e-01
4.860784178727377558e-01 2.431436661986871584e-01
4.812410705564061919e-01 2.420667380139762404e-01
4.763565211883625805e-01 2.409208544740703839e-01
4.714246797325112870e-01 2.397059324215704557e-01
4.664454632553097224e-01 2.384219166979872628e-01
4.614187963077258092e-01 2.370687807439121608e-01
4.563446113243046498e-01 2.356465271778199200e-01
4.512228490395439606e-01 2.341551883517068722e-01
4.460534589217166612e-01 2.325948268817316922e-01
4.408363996242060656e-01 2.309655361520090988e-01
4.355716394543533987e-01 2.292674407896879984e-01
4.302591568597325389e-01 2.275006971094297170e-01
4.248989409316877852e-01 2.256654935253935568e-01
4.194909919258797415e-01 2.237620509288372472e-01
4.140353217994883206e-01 2.217906230294298675e-01
4.085319547646247273e-01 2.197514966583984652e-01
4.029809278573993625e-01 2.176449920316269049e-01
3.973822915219804019e-01 2.154714629708589235e-01
3.917361102088692260e-01 2.132312970811743036e-01
3.860424629864951385e-01 2.109249158829506754e-01
3.803014441651145772e-01 2.085527748965575190e-01
3.745131639318731720e-01 2.061153636780882481e-01
3.686777489957606679e-01 2.036132058044853865e-01
3.627953432410590540e-01 2.010468588064905915e-01
3.568661083877523454e-01 1.984169140479236093e-01
3.508902246572346839e-01 1.957239965498800693e-01
3.448678914415184704e-01 1.929687647585427712e-01
3.387993279740160735e-01 1.901519102553954899e-01
3.326847739998320397e-01 1.872741574087587180e-01
3.265244904433850515e-01 1.843362629656903895e-01
3.203187600710442062e-01 1.813390155834321560e-01
3.140678881463589978e-01 1.782832352997485437e-01
3.077722030753415328e-01 1.751697729416530069e-01
3.014320570391658682e-01 1.719995094722159834e-01
2.950478266115516557e-01 1.687733552753236110e-01
2.886199133580287790e-01 1.654922493784827808e-01
2.821487444142098400e-01 1.621571586139786414e-01
2.756347730401530471e-01 1.587690767189393892e-01
2.690784791478816329e-01 1.553290233751233318e-01
2.624803697991108242e-01 1.518380431895182958e-01
2.558409796702704186e-01 1.482972046171432690e-01
2.491608714819605330e-01 1.447075988277661818e-01
2.424406363900774575e-01 1.410703385186019010e-01
2.356808943359652853e-01 1.373865566754146061e-01
2.288822943531342302e-01 1.336574052848631955e-01
2.220455148283042024e-01 1.298840540013533329e-01
2.151712637148028295e-01 1.260676887721178252e-01
2.082602786966915032e-01 1.222095104247567510e-01
2.013133273023763326e-01 1.183107332219903718e-01
1.943312069669221875e-01 1.143725833889465138e-01
1.873147450428217786e-01 1.103962976189175049e-01
1.802647987595542012e-01 1.063831215641465322e-01
1.731822551329301185e-01 1.023343083188741343e-01
1.660680308259376292e-01 9.825111690256321806e-02
1.589230719635666422e-01 9.413481075191665326e-02
1.517483539048865016e-01 8.998665623099899591e-02
1.445448809764666720e-01 8.580792116944307990e-02
1.373136861720176960e-01 8.159987343934754778e-02
1.300558308238698169e-01 7.736377958200812976e-02
1.227724042525431547e-01 7.310090349605058435e-02
1.154645234011499877e-01 6.881250519878712169e-02
1.081333324616314540e-01 6.449983967265593421e-02
1.007800024998264377e-01 6.016415580837136678e-02
9.340573108601285535e-02 5.580669545585842384e-02
8.601174193679902991e-02 5.142869259309984509e-02
7.859928457302658988e-02 4.703137262166928734e-02
7.116963399664760770e-02 4.261595179590788041e-02
6.372409038734852538e-02 3.818363679042424685e-02
5.626397881706188264e-02 3.373562440788602235e-02
4.879064897748866536e-02 2.927310142595779263e-02
4.130547491250116665e-02 2.479724457883647482e-02
3.380985474395223345e-02 2.030922066525769898e-02
2.630521037621716407e-02 1.581018677125639593e-02
1.879298716193300578e-02 1.130129059254614265e-02
1.127465350916589948e-02 6.783670838339750375e-03
3.751700408814839793e-03 2.258457695958948630e-03
-3.774359139359334536e-03 -2.273226666166472398e-03
-1.130199082297142499e-02 -6.810267580378226437e-03
-1.882963985455987643e-02 -1.135155736976356522e-02
-2.635573196650256578e-02 -1.589599486841708487e-02
-3.387867457546581140e-02 -2.044248499230716387e-02
-4.139685812389137798e-02 -2.498993837839580401e-02
-4.890865760095527981e-02 -2.953727110643644682e-02
-5.641243424021180619e-02 -3.408340451425462270e-02
-6.390653738608026435e-02 -3.862726511355046854e-02
-7.138930651674771366e-02 -4.316778460955023045e-02
-7.885907340713005365e-02 -4.770390002437197019e-02
-8.631416441242983906e-02 -5.223455392089210170e-02
-9.375290285064913354e-02 -5.675869472132916149e-02
-1.011736114611241633e-01 -6.127527711272795496e-02
-1.085746149157595375e-01 -6.578326253007232838e-02
-1.159542423599873029e-01 -7.028161970682167414e-02
-1.233108299614860959e-01 -7.476932528223007024e-02
-1.306427234461961795e-01 -7.924536445477531332e-02
-1.379482806030116748e-01 -8.370873167133174864e-02
-1.452258737406072753e-01 -8.815843134227835387e-02
-1.524738920820097876e-01 -9.259347857346578170e-02
-1.596907440846945248e-01 -9.701289990680928010e-02
-1.668748596760569192e-01 -1.014157340621655856e-01
-1.740246923960553360e-01 -1.058010326740512208e-01
-1.811387214406001978e-01 -1.101678610176326512e-01
-1.882154536008383561e-01 -1.145152987192341598e-01
-1.952534250948730898e-01 -1.188424404473651386e-01
-2.022512032896537360e-01 -1.231483965809447856e-01
-2.092073883117818722e-01 -1.274322938520023873e-01
-2.161206145468272388e-01 -1.316932759606553871e-01
-2.229895520274511322e-01 -1.359305041606239106e-01
-2.298129077112041063e-01 -1.401431578139237244e-01
-2.365894266493234754e-01 -1.443304349137108089e-01
-2.433178930482333135e-01 -1.484915525745308107e-01
-2.499971312257410205e-01 -1.526257474894563704e-01
-2.566260064641444627e-01 -1.567322763537940256e-01
-2.632034257626596485e-01 -1.608104162552046745e-01
-2.697283384917114057e-01 -1.648594650302251663e-01
-2.761997369517333323e-01 -1.688787415872848585e-01
-2.826166568392188827e-01 -1.728675861964241445e-01
-2.889781776228245724e-01 -1.768253607459937815e-01
-2.952834228323757970e-01 -1.807514489666982027e-01
-3.015315602636702286e-01 -1.846452566234031145e-01
-3.077218021020037830e-01 -1.885062116751898276e-01
-3.138534049673665782e-01 -1.923337644041887007e-01
-3.199256698842786739e-01 -1.961273875137688472e-01
-3.259379421792487075e-01 -1.998865761967093813e-01
-3.318896113088478650e-01 -2.036108481740096510e-01
-3.377801106213989546e-01 -2.072997437050397851e-01
-3.436089170552866223e-01 -2.109528255697618593e-01
-3.493755507768867008e-01 -2.145696790237851259e-01
-3.550795747611156239e-01 -2.181499117270516708e-01
-3.607205943175879059e-01 -2.216931536469697039e-01
-3.662982565653595812e-01 -2.251990569368439998e-01
-3.718122498592123515e-01 -2.286672957904696546e-01
-3.772623031704256391e-01 -2.320975662737839174e-01
-3.826481854249390580e-01 -2.354895861344797336e-01
-3.879697048017971550e-01 -2.388430945905126168e-01
-3.932267079947170951e-01 -2.421578520984371263e-01
-3.984190794395890411e-01 -2.454336401025263292e-01
-4.035467405106776817e-01 -2.486702607656360586e-01
-4.086096486882367373e-01 -2.518675366827844431e-01
-4.136077967002019795e-01 -2.550253105784190955e-01
-4.185412116405698435e-01 -2.581434449883492910e-01
-4.234099540670095418e-01 -2.612218219273220732e-01
-4.282141170801928576e-01 -2.642603425432161757e-01
-4.329538253872534104e-01 -2.672589267588243445e-01
-4.376292343517244610e-01 -2.702175129021922029e-01
-4.422405290322275473e-01 -2.731360573264666192e-01
-4.467879232121070854e-01 -2.760145340202022068e-01
-4.512716584221257432e-01 -2.788529342090579899e-01
-4.556920029582669507e-01 -2.816512659498063842e-01
-4.600492508965936533e-01 -2.844095537175552746e-01
-4.643437211070408077e-01 -2.871278379870685904e-01
-4.685757562679299659e-01 -2.898061748090578482e-01
-4.727457218829128061e-01 -2.924446353822822142e-01
-4.768540053019627578e-01 -2.950433056222883099e-01
-4.809010147479494401e-01 -2.976022857275865685e-01
-4.848871783502484156e-01 -3.001216897440441289e-01
-4.888129431867467289e-01 -3.026016451282421138e-01
-4.926787743355355298e-01 -3.050422923105260420e-01
-4.964851539374767753e-01 -3.074437842584465952e-01
-5.002325802707727753e-01 -3.098062860412613695e-01
-5.039215668385624847e-01 -3.121299743961422068e-01
-5.075526414705149314e-01 -3.144150372967028373e-01
-5.111263454392890315e-01 -3.166616735244319192e-01
-5.146432325926699747e-01 -3.188700922435895313e-01
-5.181038685021124301e-01 -3.210405125800964155e-01
-5.215088296283463265e-01 -3.231731632049133496e-01
-5.248587025046411725e-01 -3.252682819223817190e-01
-5.281540829382468383e-01 -3.273261152639688754e-01
-5.313955752304697633e-01 -3.293469180878271230e-01
-5.345837914157868243e-01 -3.313309531845549105e-01
-5.377193505203219370e-01 -3.332784908895141118e-01
-5.408028778399782688e-01 -3.351898087020356853e-01
-5.438350042384404448e-01 -3.370651909118114187e-01
-5.468163654652237193e-01 -3.389049282327535884e-01
-5.497476014938945665e-01 -3.407093174445656736e-01
-5.526293558805375206e-01 -3.424786610422542732e-01
-5.554622751424993510e-01 -3.442132668937789020e-01
-5.582470081574050225e-01 -3.459134479060172462e-01
-5.609842055823919260e-01 -3.475795216991982572e-01
-5.636745192934802251e-01 -3.492118102899326448e-01
-5.663186018449584136e-01 -3.508106397829511280e-01
-5.689171059486310966e-01 -3.523763400716378169e-01
-5.714706839727499155e-01 -3.539092445474258941e-01
-5.739799874604154528e-01 -3.554096898181035025e-01
-5.764456666672204133e-01 -3.568780154350620348e-01
-5.788683701178701790e-01 -3.583145636294963743e-01
-5.812487441815092915e-01 -3.597196790575554193e-01
-5.835874326654539868e-01 -3.610937085544191905e-01
-5.858850764270141509e-01 -3.624370008972698787e-01
-5.881423130030779545e-01 -3.637499065771029882e-01
-5.903597762571148877e-01 -3.650327775793176244e-01
-5.925380960432410360e-01 -3.662859671730082645e-01
-5.946778978869844412e-01 -3.675098297088672528e-01
-5.967798026823708524e-01 -3.687047204256003741e-01
-5.988444264049543886e-01 -3.698709952647412647e-01
-6.008723798404022043e-01 -3.710090106937460885e-01
-6.028642683282405823e-01 -3.721191235372389161e-01
-6.048206915203713230e-01 -3.732016908162626434e-01
-6.067422431539541972e-01 -3.742570695953988946e-01
-6.086295108382620000e-01 -3.752856168375927060e-01
-6.104830758551080816e-01 -3.762876892665263928e-01
-6.123035129724443415e-01 -3.772636432363747350e-01
-6.140913902707370031e-01 -3.782138346087688952e-01
-6.158472689817227064e-01 -3.791386186367905475e-01
-6.175717033391560085e-01 -3.800383498558141948e-01
-6.192652404411583822e-01 -3.809133819810129884e-01
-6.209284201237870171e-01 -3.817640678113382591e-01
-6.225617748454443934e-01 -3.825907591397778029e-01
-6.241658295817560376e-01 -3.833938066697006875e-01
-6.257411017305488654e-01 -3.841735599370908472e-01
-6.272881010265718427e-01 -3.849303672384677411e-01
-6.288073294656021384e-01 -3.856645755642983397e-01
-6.302992812375899367e-01 -3.863765305376959391e-01
-6.317644426685073977e-01 -3.870665763582027408e-01
-6.332032921705625927e-01 -3.877350557504567474e-01
-6.346163002004577836e-01 -3.883823099175413018e-01
-6.360039292253756305e-01 -3.890086784988115998e-01
-6.373666336963841328e-01 -3.896144995319996696e-01
-6.387048600289579880e-01 -3.902001094193989217e-01
-6.400190465903281556e-01 -3.907658428979249865e-01
-6.413096236933709671e-01 -3.913120330128589397e-01
-6.425770135967621144e-01 -3.918390110950764615e-01
-6.438216305111310600e-01 -3.923471067415656988e-01
-6.450438806109484169e-01 -3.928366477990472005e-01
-6.462441620519019381e-01 -3.933079603505027499e-01
-6.474228649935152013e-01 -3.937613687044263511e-01
-6.485803716267687369e-01 -3.941971953866151290e-01
-6.497170562065015531e-01 -3.946157611343180660e-01
-6.508332850883682408e-01 -3.950173848925639941e-01
-6.519294167701400466e-01 -3.954023838124946510e-01
-6.530058019371429712e-01 -3.957710732515336005e-01
-6.540627835116379352e-01 -3.961237667752168790e-01
-6.551006967059438413e-01 -3.964607761605315472e-01
-6.561198690791276711e-01 -3.967824114005923386e-01
-6.571206205970748782e-01 -3.970889807105094649e-01
-6.581032636957757642e-01 -3.973807905342859326e-01
-6.590681033476548656e-01 -3.976581455526094766e-01
-6.600154371307900281e-01 -3.979213486913847353e-01
-6.609455553008611872e-01 -3.981707011308764921e-01
-6.618587408656875226e-01 -3.984065023153233742e-01
-6.627552696622043271e-01 -3.986290499628958317e-01
-6.636354104357427008e-01 -3.988386400758804351e-01
-6.644994249214828397e-01 -3.990355669509594860e-01
-6.653475679279479138e-01 -3.992201231894837998e-01
-6.661800874224192981e-01 -3.993925997076241963e-01
-6.669972246181508080e-01 -3.995532857462968934e-01
-6.677992140632679208e-01 -3.997024688807711001e-01
-6.685862837312430695e-01 -3.998404350298573884e-01
-6.693586551128348772e-01 -3.999674684645978529e-01
-6.701165433093931867e-01 -4.000838518163684077e-01
-6.708601571274224185e-01 -4.001898660843243860e-01
-6.715896991743148803e-01 -4.002857906421088963e-01
-6.723053659551512240e-01 -4.003719032437684788e-01
-6.730073479704816730e-01 -4.004484800288072854e-01
-6.736958298149993141e-01 -4.005157955263304315e-01
-6.743709902770144149e-01 -4.005741226582258396e-01
-6.750330024386521632e-01 -4.006237327413403326e-01
-6.756820337766906714e-01 -4.006648954886099512e-01
-6.763182462639546477e-01 -4.006978790091172415e-01
-6.769417964711956781e-01 -4.007229498070400409e-01
-6.775528356693775178e-01 -4.007403727794754955e-01
-6.781515099322930062e-01 -4.007504112131199392e-01
-6.787379602394442157e-01 -4.007533267797921406e-01
-6.793123225791137809e-01 -4.007493795307901507e-01
-6.798747280515540226e-01 -4.007388278900870793e-01
-6.804253029722328039e-01 -4.007219286463598040e-01
-6.809641689750668414e-01 -4.006989369438618276e-01
-6.814914431155760788e-01 -4.006701062721520490e-01
-6.820072379738990609e-01 -4.006356884546936614e-01
-6.825116617576021394e-01 -4.005959336363446033e-01
-6.830048184042256665e-01 -4.005510902697637654e-01
-6.834868076835042272e-01 -4.005014051007588227e-01
-6.839577252992020684e-01 -4.004471231526101072e-01
-6.844176629905052156e-01 -4.003884877094056050e-01
-6.848667086329142117e-01 -4.003257402984231605e-01
-6.853049463385825213e-01 -4.002591206716010763e-01
-6.857324565560400931e-01 -4.001888667861483451e-01
-6.861493161692555631e-01 -4.001152147843325402e-01
-6.865555985959790330e-01 -4.000383989724999312e-01
-6.869513738853145757e-01 -3.999586517993802826e-01
-6.873367088144730630e-01 -3.998762038337276836e-01
-6.877116669846539132e-01 -3.997912837413540865e-01
-6.880763089160080170e-01 -3.997041182616156707e-01
-6.884306921416338820e-01 -3.996149321834057133e-01
-6.887748713005623635e-01 -3.995239483207160269e-01
-6.891088982296813548e-01 -3.994313874878318016e-01
-6.894328220545599128e-01 -3.993374684742141412e-01
-6.897466892791298543e-01 -3.992424080191366853e-01
-6.900505438741777464e-01 -3.991464207861398217e-01
-6.903444273646155427e-01 -3.990497193373599427e-01
-6.906283789154856745e-01 -3.989525141078008597e-01
-6.909024354166650728e-01 -3.988550133796053832e-01
-6.911666315662323701e-01 -3.987574232563932397e-01
-6.914209999524659755e-01 -3.986599476377202800e-01
-6.916655711344368296e-01 -3.985627881937231498e-01
-6.919003737211700811e-01 -3.984661443400046577e-01
-6.921254344493399380e-01 -3.983702132128217888e-01
-6.923407782594752646e-01 -3.982751896446289352e-01
-6.925464283706495028e-01 -3.981812661400292441e-01
-6.927424063536258281e-01 -3.980886328521942019e-01
-6.929287322024416662e-01 -3.979974775597946435e-01
-6.931054244044072554e-01 -3.979079856444960872e-01
-6.932725000085001588e-01 -3.978203400690678571e-01
-6.934299746921415153e-01 -3.977347213561440720e-01
-6.935778628263338241e-01 -3.976513075676878506e-01
-6.937161775391497143e-01 -3.975702742851943139e-01
-6.938449307775620412e-01 -3.974917945906689676e-01
-6.939641333676005441e-01 -3.974160390484243743e-01
-6.940737950728308459e-01 -3.973431756877205956e-01
-6.941739246511492434e-01 -3.972733699862852075e-01
-6.942645299098897382e-01 -3.972067848547383706e-01
-6.943456177592355338e-01 -3.971435806219548725e-01
-6.944171942639447703e-01 -3.970839150213750779e-01
-6.944792646933819480e-01 -3.970279431782964830e-01
-6.945318335698635881e-01 -3.969758175981596415e-01
-6.945749047153204625e-01 -3.969276881558423953e-01
-6.946084812962858290e-01 -3.968837020859793396e-01
-6.946325658672144465e-01 -3.968440039743126313e-01
-6.946471604121458032e-01 -3.968087357500876822e-01
-6.946522663847203294e-01 -3.967780366794937397e-01
-6.946478847465629158e-01 -3.967520433601589014e-01
-6.946340160040511691e-01 -3.967308897166944570e-01
-6.946106602434787280e-01 -3.967147069972915552e-01
-6.945778171646377341e-01 -3.967036237713663649e-01
-6.945354861128351098e-01 -3.966977659282482360e-01
-6.944836661093660712e-01 -3.966972566769011443e-01
-6.944223558804650809e-01 -3.967022165466731476e-01
-6.943515538847573332e-01 -3.967127633890584759e-01
-6.942712583392366410e-01 -3.967290123804627089e-01
-6.941814672437929268e-01 -3.967510760259538860e-01
-6.940821784043158527e-01 -3.967790641639878935e-01
-6.939733894544055648e-01 -3.968130839720795389e-01
-6.938550978757140886e-01 -3.968532399734152616e-01
-6.937273010169486831e-01 -3.968996340443732285e-01
-6.935899961115680190e-01 -3.969523654229402121e-01
-6.934431802942007117e-01 -3.970115307179905573e-01
-6.932868506158182953e-01 -3.970772239194145237e-01
-6.931210040576936127e-01 -3.971495364090654734e-01
-6.929456375441789273e-01 -3.972285569724984811e-01
-6.927607479543342883e-01 -3.973143718114795497e-01
-6.925663321324417865e-01 -3.974070645572322924e-01
-6.923623868974404516e-01 -3.975067162843958779e-01
-6.921489090513099907e-01 -3.976134055256702049e-01
-6.919258953864457773e-01 -3.977272082871117220e-01
-6.916933426920539585e-01 -3.978481980640564686e-01
-6.914512477596017614e-01 -3.979764458576403041e-01
-6.911996073873600821e-01 -3.981120201918832979e-01
-6.909384183840717730e-01 -3.982549871313095236e-01
-6.906676775717783823e-01 -3.984054102990772783e-01
-6.903873817878427577e-01 -3.985633508955812587e-01
-6.900975278861996021e-01 -3.987288677175030438e-01
-6.897981127378690624e-01 -3.989020171772792445e-01
-6.894891332307673260e-01 -3.990828533229540120e-01
-6.891705862688464190e-01 -3.992714278583923138e-01
-6.888424687705991811e-01 -3.994677901638188922e-01
-6.885047776669581676e-01 -3.996719873166586501e-01
-6.881575098986266736e-01 -3.998840641126465423e-01
-6.878006624128665258e-01 -4.001040630871831594e-01
-6.874342321597814998e-01 -4.003320245369040298e-01
-6.870582160881224532e-01 -4.005679865414381036e-01
-6.866726111406475930e-01 -4.008119849853271077e-01
-6.862774142490650764e-01 -4.010640535800842343e-01
-6.858726223285913637e-01 -4.013242238863579114e-01
-6.854582322721485266e-01 -4.015925253361870562e-01
-6.850342409442367053e-01 -4.018689852553125053e-01
-6.846006451744999222e-01 -4.021536288855291907e-01
-6.841574417510205564e-01 -4.024464794070532481e-01
-6.837046274133622425e-01 -4.027475579608806311e-01
-6.832421988453938333e-01 -4.030568836711152514e-01
-6.827701526679110788e-01 -4.033744736672503217e-01
-6.822884854310882208e-01 -4.037003431063780345e-01
-6.817971936067785954e-01 -4.040345051953077027e-01
-6.812962735806874504e-01 -4.043769712125781512e-01
-6.807857216444419546e-01 -4.047277505303419343e-01
-6.802655339875773866e-01 -4.050868506361051113e-01
-6.797357066894604838e-01 -4.054542771543084845e-01
-6.791962357111729354e-01 -4.058300338677298114e-01
-6.786471168873717819e-01 -4.062141227386939502e-01
-6.780883459181468176e-01 -4.066065439300776130e-01
-6.775199183608919817e-01 -4.070072958260955165e-01
-6.769418296222111664e-01 -4.074163750528479455e-01
-6.763540749498724303e-01 -4.078337764986262881e-01
-6.757566494248289368e-01 -4.082594933339587229e-01
-6.751495479533207167e-01 -4.086935170313868992e-01
-6.745327652590729084e-01 -4.091358373849650620e-01
-6.739062958756061317e-01 -4.095864425294640232e-01
-6.732701341386715388e-01 -4.100453189592816461e-01
-6.726242741788230894e-01 -4.105124515470434110e-01
-6.719687099141409270e-01 -4.109878235618872333e-01
-6.713034350431197339e-01 -4.114714166874235968e-01
-6.706284430377293937e-01 -4.119632110393683377e-01
-6.699437271366615043e-01 -4.124631851828363116e-01
-6.692492803387739553e-01 -4.129713161492936102e-01
-6.685450953967391197e-01 -4.134875794531630566e-01
-6.678311648109107601e-01 -4.140119491080737069e-01
-6.671074808234126463e-01 -4.145443976427569677e-01
-6.663740354124629839e-01 -4.150848961165818363e-01
-6.656308202869392066e-01 -4.156334141347233224e-01
-6.648778268811929015e-01 -4.161899198629658847e-01
-6.641150463501204193e-01 -4.167543800421382727e-01
-6.633424695644981606e-01 -4.173267600021746682e-01
-6.625600871065866482e-01 -4.179070236758057333e-01
-6.617678892660109335e-01 -4.184951336118741816e-01
-6.609658660359249982e-01 -4.190910509882740942e-01
-6.601540071094602613e-01 -4.196947356245175342e-01
-6.593323018764696286e-01 -4.203061459939237965e-01
-6.585007394205668607e-01 -4.209252392354347339e-01
-6.576593085164689212e-01 -4.215519711650547174e-01
-6.568079976276429699e-01 -4.221862962869183944e-01
-6.559467949042646628e-01 -4.228281678039852443e-01
-6.550756881814900900e-01 -4.234775376283624881e-01
-6.541946649780425727e-01 -4.241343563912624015e-01
-6.533037124951224239e-01 -4.247985734525893120e-01
-6.524028176156367875e-01 -4.254701369101666630e-01
-6.514919669037582128e-01 -4.261489936085967045e-01
-6.505711466048079705e-01 -4.268350891477693532e-01
-6.496403426454742114e-01 -4.275283678910066776e-01
-6.486995406343577519e-01 -4.282287729728644354e-01
-6.477487258628567002e-01 -4.289362463065787834e-01
-6.467878833063849253e-01 -4.296507285911703167e-01
-6.458169976259291456e-01 -4.303721593182094352e-01
-6.448360531699455223e-01 -4.311004767782439240e-01
-6.438450339765962038e-01 -4.318356180668947442e-01
-6.428439237763290404e-01 -4.325775190906245848e-01
-6.418327059947990243e-01 -4.333261145721847285e-01
-6.408113637561336784e-01 -4.340813380557463352e-01
-6.397798798865442782e-01 -4.348431219117144808e-01
-6.387382369182804664e-01 -4.356113973412416573e-01
-6.376864170939332555e-01 -4.363860943804348524e-01
-6.366244023710823097e-01 -4.371671419042694184e-01
-6.355521744272927265e-01 -4.379544676302116191e-01
-6.344697146654560971e-01 -4.387479981215590130e-01
-6.333770042194823979e-01 -4.395476587905004506e-01
-6.322740239603379386e-01 -4.403533739009047321e-01
-6.311607545024322530e-01 -4.411650665708439778e-01
-6.300371762103520457e-01 -4.419826587748585944e-01
-6.289032692059453034e-01 -4.428060713459662789e-01
-6.277590133757516844e-01 -4.436352239774293826e-01
-6.266043883787822955e-01 -4.444700352242793029e-01
-6.254393736546476346e-01 -4.453104225046090603e-01
-6.242639484320324783e-01 -4.461563021006421659e-01
-6.230780917375198236e-01 -4.470075891595800543e-01
-6.218817824047613296e-01 -4.478641976942415726e-01
-6.206749990839958153e-01 -4.487260405834949673e-01
-6.194577202519138126e-01 -4.495930295724957504e-01
-6.182299242218703972e-01 -4.504650752727334950e-01
-6.169915891544422992e-01 -4.513420871618992747e-01
-6.157426930683325139e-01 -4.522239735835764662e-01
-6.144832138516196363e-01 -4.531106417467673508e-01
-6.132131292733531414e-01 -4.540019977252589545e-01
-6.119324169954909465e-01 -4.548979464568417841e-01
-6.106410545851839178e-01 -4.557983917423829023e-01
-6.093390195274012155e-01 -4.567032362447681071e-01
-6.080262892379009187e-01 -4.576123814877122165e-01
-6.067028410765409330e-01 -4.585257278544579429e-01
-6.053686523609322911e-01 -4.594431745863616356e-01
-6.040237003804338478e-01 -4.603646197813778818e-01
-6.026679624104863686e-01 -4.612899603924532910e-01
-6.013014157272855709e-01 -4.622190922258362922e-01
-5.999240376227957805e-01 -4.631519099393095473e-01
-5.985358054201004308e-01 -4.640883070403568622e-01
-5.971366964890878481e-01 -4.650281758842754742e-01
-5.957266882624751014e-01 -4.659714076722357712e-01
-5.943057582521669158e-01 -4.669178924493034843e-01
-5.928738840659462106e-01 -4.678675191024327384e-01
-5.914310434245007020e-01 -4.688201753584341769e-01
-5.899772141787789081e-01 -4.697757477819356486e-01
-5.885123743276772235e-01 -4.707341217733383432e-01
-5.870365020360568398e-01 -4.716951815667792536e-01
-5.855495756530884055e-01 -4.726588102281119586e-01
-5.840515737309228683e-01 -4.736248896529122732e-01
-5.825424750436869470e-01 -4.745933005645215363e-01
-5.810222586068040096e-01 -4.755639225121333635e-01
-5.794909036966338078e-01 -4.765366338689393522e-01
-5.779483898704359524e-01 -4.775113118303360160e-01
-5.763946969866478032e-01 -4.784878324122111559e-01
-5.748298052254814383e-01 -4.794660704493164949e-01
-5.732536951098344824e-01 -4.804458995937314070e-01
-5.716663475265124639e-01 -4.814271923134393338e-01
-5.700677437477610354e-01 -4.824098198910169999e-01
-5.684578654531075026e-01 -4.833936524224521913e-01
-5.668366947515053322e-01 -4.843785588160974820e-01
-5.652042142037815298e-01 -4.853644067917771698e-01
-5.635604068453863302e-01 -4.863510628800475910e-01
-5.619052562094368763e-01 -4.873383924216297958e-01
-5.602387463500548836e-01 -4.883262595670254669e-01
-5.585608618659981817e-01 -4.893145272763180231e-01
-5.568715879245756950e-01 -4.903030573191836661e-01
-5.551709102858491951e-01 -4.912917102751111487e-01
-5.534588153271144950e-01 -4.922803455338479739e-01
-5.517352900676588678e-01 -4.932688212960821827e-01
-5.500003221937903586e-01 -4.942569945743726656e-01
-5.482539000841379906e-01 -4.952447211943356020e-01
-5.464960128352125412e-01 -4.962318557961024057e-01
-5.447266502872288862e-01 -4.972182518360598324e-01
-5.429458030501822519e-01 -4.982037615888803561e-01
-5.411534625301743784e-01 -4.991882361498580778e-01
-5.393496209559840437e-01 -5.001715254375612707e-01
-5.375342714058757299e-01 -5.011534781968106644e-01
-5.357074078346435453e-01 -5.021339420019984567e-01
-5.338690251008798571e-01 -5.031127632607568234e-01
-5.320191189944685206e-01 -5.040897872179883610e-01
-5.301576862642901622e-01 -5.050648579602736721e-01
-5.282847246461378488e-01 -5.060378184206594243e-01
-5.264002328908325978e-01 -5.070085103838499752e-01
-5.245042107925351749e-01 -5.079767744918031180e-01
-5.225966592172419656e-01 -5.089424502497504887e-01
-5.206775801314628138e-01 -5.099053760326487383e-01
-5.187469766310688346e-01 -5.108653890920753504e-01
-5.168048529703018756e-01 -5.118223255635819813e-01
-5.148512145909411863e-01 -5.127760204745135386e-01
-5.128860681516119735e-01 -5.137263077523092081e-01
-5.109094215572332898e-01 -5.146730202332927551e-01
-5.089212839885913775e-01 -5.156159896719645364e-01
-5.069216659320284757e-01 -5.165550467508113197e-01
-5.049105792092407619e-01 -5.174900210906382414e-01
-5.028880370071715511e-01 -5.184207412614376675e-01
-5.008540539079895382e-01 -5.193470347938095033e-01
-4.988086459191407585e-01 -5.202687281909375017e-01
-4.967518305034655524e-01 -5.211856469411364490e-01
-4.946836266093636580e-01 -5.220976155309818845e-01
-4.926040547009997717e-01 -5.230044574590326789e-01
-4.905131367885353089e-01 -5.239059952501515793e-01
-4.884108964583715462e-01 -5.248020504704471456e-01
-4.862973589033944832e-01 -5.256924437428321939e-01
-4.841725509532051608e-01 -5.265769947632197301e-01
-4.820365011043226122e-01 -5.274555223173618135e-01
-4.798892395503436825e-01 -5.283278442983435630e-01
-4.777307982120470586e-01 -5.291937777247395225e-01
-4.755612107674246913e-01 -5.300531387594427102e-01
-4.733805126816243436e-01 -5.309057427291772324e-01
-4.711887412367912198e-01 -5.317514041446991246e-01
-4.689859355617871373e-01 -5.325899367216999636e-01
-4.667721366617748058e-01 -5.334211534024175805e-01
-4.645473874476473974e-01 -5.342448663779610918e-01
-4.623117327652881414e-01 -5.350608871113629039e-01
-4.600652194246411808e-01 -5.358690263613583582e-01
-4.578078962285735964e-01 -5.366690942069090031e-01
-4.555398140015146646e-01 -5.374609000724663854e-01
-4.532610256178489228e-01 -5.382442527539911259e-01
-4.509715860300453349e-01 -5.390189604457271688e-01
-4.486715522965050718e-01 -5.397848307677416413e-01
-4.463609836091034788e-01 -5.405416707942315435e-01
-4.440399413204096923e-01 -5.412892870826068181e-01
-4.417084889705626960e-01 -5.420274857033475779e-01
-4.393666923137797831e-01 -5.427560722706465945e-01
-4.370146193444798266e-01 -5.434748519738346051e-01
-4.346523403229984872e-01 -5.441836296095943215e-01
-4.322799278008707113e-01 -5.448822096149652516e-01
-4.298974566456635893e-01 -5.455703961011407754e-01
-4.275050040653305405e-01 -5.462479928880605851e-01
-4.251026496320693959e-01 -5.469148035397928265e-01
-4.226904753056592856e-01 -5.475706314007158237e-01
-4.202685654562506312e-01 -5.482152796324918365e-01
-4.178370068865879805e-01 -5.488485512518338494e-01
-4.153958888536405381e-01 -5.494702491690643953e-01
-4.129453030896153565e-01 -5.500801762274625251e-01
-4.104853438223297624e-01 -5.506781352433985921e-01
-4.080161077949187032e-01 -5.512639290472500786e-01
-4.055376942848510358e-01 -5.518373605250957992e-01
-4.030502051222317750e-01 -5.523982326611838189e-01
-4.005537447073633239e-01 -5.529463485811653145e-01
-3.980484200275431483e-01 -5.534815115960898257e-01
-3.955343406730679745e-01 -5.540035252471544602e-01
-3.930116188524263587e-01 -5.545121933511967249e-01
-3.904803694066465991e-01 -5.550073200469259893e-01
-3.879407098227811157e-01 -5.554887098418789249e-01
-3.853927602464966573e-01 -5.559561676600939251e-01
-3.828366434937499618e-01 -5.564094988904879635e-01
-3.802724850615181174e-01 -5.568485094359281184e-01
-3.777004131375640283e-01 -5.572730057629824429e-01
-3.751205586092067890e-01 -5.576827949523359695e-01
-3.725330550710762578e-01 -5.580776847498583049e-01
-3.699380388318220803e-01 -5.584574836183082702e-01
-3.673356489197586172e-01 -5.588220007896570474e-01
-3.647260270874148613e-01 -5.591710463180118440e-01
-3.621093178149698000e-01 -5.595044311331249798e-01
-3.594856683125479679e-01 -5.598219670944672988e-01
-3.568552285213489883e-01 -5.601234670458449250e-01
-3.542181511135914507e-01 -5.604087448705423746e-01
-3.515745914912462022e-01 -5.606776155469631595e-01
-3.489247077835366806e-01 -5.609298952047532261e-01
-3.462686608431840285e-01 -5.611654011813776988e-01
-3.436066142413745084e-01 -5.613839520791304993e-01
-3.409387342614306760e-01 -5.615853678225466439e-01
-3.382651898911634425e-01 -5.617694697161941253e-01
-3.355861528138839311e-01 -5.619360805028195127e-01
-3.329017973980584189e-01 -5.620850244218151825e-01
-3.302123006855856580e-01 -5.622161272679820909e-01
-3.275178423786788695e-01 -5.623292164505555579e-01
-3.248186048253357550e-01 -5.624241210524678625e-01
-3.221147730033768197e-01 -5.625006718898116764e-01
-3.194065345030409064e-01 -5.625587015714713646e-01
-3.166940795081183424e-01 -5.625980445588955048e-01
-3.139776007756099885e-01 -5.626185372259673301e-01
-3.112572936138981450e-01 -5.626200179189473349e-01
-3.085333558594164916e-01 -5.626023270164444146e-01
-3.058059878518080144e-01 -5.625653069893853386e-01
-3.030753924075602068e-01 -5.625088024609428139e-01
-3.003417747921096059e-01 -5.624326602663833885e-01
-2.976053426904031740e-01 -5.623367295128012255e-01
-2.948663061759155823e-01 -5.622208616386904501e-01
-2.921248776781089074e-01 -5.620849104733276480e-01
-2.893812719483368490e-01 -5.619287322959141129e-01
-2.866357060241844223e-01 -5.617521858944430901e-01
-2.838883991922441230e-01 -5.615551326242473884e-01
-2.811395729493235129e-01 -5.613374364661900540e-01
-2.783894509620876700e-01 -5.610989640844501469e-01
-2.756382590251383324e-01 -5.608395848838645392e-01
-2.728862250175261295e-01 -5.605591710667832128e-01
-2.701335788577096664e-01 -5.602575976893923171e-01
-2.673805524569571324e-01 -5.599347427174645730e-01
-2.646273796712043103e-01 -5.595904870814893961e-01
-2.618742962513730399e-01 -5.592247147311428801e-01
-2.591215397921626806e-01 -5.588373126890497922e-01
-2.563693496793238435e-01 -5.584281711037961671e-01
-2.536179670354261617e-01 -5.579971833021485361e-01
-2.508676346641381949e-01 -5.575442458404304968e-01
-2.481185969930303492e-01 -5.570692585550192089e-01
-2.453711000149212118e-01 -5.565721246119155197e-01
-2.426253912277844815e-01 -5.560527505553398697e-01
-2.398817195732374508e-01 -5.555110463553146749e-01
-2.371403353736320496e-01 -5.549469254541915531e-01
-2.344014902677724610e-01 -5.543603048120725463e-01
-2.316654371452836203e-01 -5.537511049510901451e-01
-2.289324300796574119e-01 -5.531192499985008171e-01
-2.262027242600037069e-01 -5.524646677285514063e-01
-2.234765759215376901e-01 -5.517872896030733276e-01
-2.207542422748303146e-01 -5.510870508107703625e-01
-2.180359814338600766e-01 -5.503638903051559783e-01
-2.153220523428940880e-01 -5.496177508411000945e-01
-2.126127147022395802e-01 -5.488485790099497663e-01
-2.099082288928973139e-01 -5.480563252731855961e-01
-2.072088559001600272e-01 -5.472409439945756793e-01
-2.045148572361922268e-01 -5.464023934707911145e-01
-2.018264948616337595e-01 -5.455406359604531019e-01
-1.991440311062705470e-01 -5.446556377115706615e-01
-1.964677285888153380e-01 -5.437473689873408844e-01
-1.937978501358431083e-01 -5.428158040902820725e-01
-1.911346586999278507e-01 -5.418609213846650174e-01
-1.884784172770312405e-01 -5.408827033172146637e-01
-1.858293888231856705e-01 -5.398811364360598386e-01
-1.831878361705291114e-01 -5.388562114078975229e-01
-1.805540219427372584e-01 -5.378079230333498995e-01
-1.779282084699074229e-01 -5.367362702604940861e-01
-1.753106577029474311e-01 -5.356412561965377961e-01
-1.727016311275233473e-01 -5.345228881176247171e-01
-1.701013896776191192e-01 -5.333811774767485137e-01
-1.675101936487688459e-01 -5.322161399097595780e-01
-1.649283026110133776e-01 -5.310277952394480971e-01
-1.623559753216400336e-01 -5.298161674776952212e-01
-1.597934696377661112e-01 -5.285812848256711272e-01
-1.572410424288201714e-01 -5.273231796720789788e-01
-1.546989494889862704e-01 -5.260418885894320162e-01
-1.521674454496642626e-01 -5.247374523283575565e-01
-1.496467836920116201e-01 -5.234099158099277949e-01
-1.471372162596245314e-01 -5.220593281160059718e-01
-1.446389937714205320e-01 -5.206857424776180077e-01
-1.421523653347818439e-01 -5.192892162613427232e-01
-1.396775784590238989e-01 -5.178698109537267502e-01
-1.372148789692452242e-01 -5.164275921437307959e-01
-1.347645109206247194e-01 -5.149626295032114776e-01
-1.323267165132256951e-01 -5.134749967654492764e-01
-1.299017360073668192e-01 -5.119647717017339339e-01
-1.274898076396217272e-01 -5.104320360960193925e-01
-1.250911675395094957e-01 -5.088768757176618251e-01
-1.227060496469308815e-01 -5.072993802922629580e-01
-1.203346856304191026e-01 -5.056996434706282351e-01
-1.179773048062529306e-01 -5.040777627958723528e-01
-1.156341340585019528e-01 -5.024338396686828245e-01
-1.133053977600550766e-01 -5.007679793107735478e-01
-1.109913176946909774e-01 -4.990802907265532440e-01
-1.086921129802505548e-01 -4.973708866630353054e-01
-1.064079999929603837e-01 -4.956398835680222437e-01
-1.041391922929699176e-01 -4.938874015465902212e-01
-1.018859005511512095e-01 -4.921135643159128548e-01
-9.964833247721444076e-02 -4.903184991584611518e-01
-9.742669274919246725e-02 -4.885023368736080562e-01
-9.522118294434550601e-02 -4.866652117276815126e-01
-9.303200147153178889e-02 -4.848072614025114024e-01
-9.085934350509711210e-02 -4.829286269424970524e-01
-8.870340092032569235e-02 -4.810294527002557663e-01
-8.656436223050062440e-02 -4.791098862808838010e-01
-8.444241252561629496e-02 -4.771700784848814658e-01
-8.233773341278688429e-02 -4.752101832497888090e-01
-8.025050295838809244e-02 -4.732303575905807413e-01
-7.818089563197694325e-02 -4.712307615388687809e-01
-7.612908225202180690e-02 -4.692115580809644304e-01
-7.409522993348338638e-02 -4.671729130948524822e-01
-7.207950203727708782e-02 -4.651149952861266534e-01
-7.008205812165246851e-02 -4.630379761229478919e-01
-6.810305389551774002e-02 -4.609420297700704827e-01
-6.614264117374146768e-02 -4.588273330220011825e-01
-6.420096783445661259e-02 -4.566940652353377872e-01
-6.227817777839217417e-02 -4.545424082603539695e-01
-6.037441089025685770e-02 -4.523725463718828443e-01
-5.848980300219736028e-02 -4.501846661995554388e-01
-5.662448585934765077e-02 -4.479789566574586268e-01
-5.477858708749150374e-02 -4.457556088732648192e-01
-5.295223016285022233e-02 -4.435148161169006897e-01
-5.114553438401259200e-02 -4.412567737288051184e-01
-4.935861484601750115e-02 -4.389816790478459074e-01
-4.759158241660077504e-02 -4.366897313389450086e-01
-4.584454371461255118e-02 -4.343811317204823164e-01
-4.411760109061296786e-02 -4.320560830915299300e-01
-4.241085260965093973e-02 -4.297147900589816105e-01
-4.072439203622890691e-02 -4.273574588646326666e-01
-3.905830882145205907e-02 -4.249842973122724965e-01
-3.741268809236275583e-02 -4.225955146948524588e-01
-3.578761064345858944e-02 -4.201913217217744245e-01
-3.418315293038542979e-02 -4.177719304463763939e-01
-3.259938706580323142e-02 -4.153375541936566995e-01
-3.103638081741305621e-02 -4.128884074883033550e-01
-2.949419760813781766e-02 -4.104247059830800071e-01
-2.797289651844281355e-02 -4.079466663876282762e-01
-2.647253229078427861e-02 -4.054545063977371688e-01
-2.499315533617224583e-02 -4.029484446251346830e-01
-2.353481174282595623e-02 -4.004287005278572842e-01
-2.209754328691188041e-02 -3.978954943412440493e-01
-2.068138744533593032e-02 -3.953490470096136522e-01
-1.928637741057759314e-02 -3.927895801186666036e-01
-1.791254210753545628e-02 -3.902173158286676991e-01
-1.655990621236680393e-02 -3.876324768084520311e-01
-1.522849017329269694e-02 -3.850352861703050800e-01
-1.391831023334311190e-02 -3.824259674057586267e-01
-1.262937845501421741e-02 -3.798047443223493413e-01
-1.136170274681103098e-02 -3.771718409813778483e-01
-1.011528689164314931e-02 -3.745274816367174520e-01
-8.890130577042520965e-03 -3.718718906747054964e-01
-7.686229427175395035e-03 -3.692052925551575493e-01
-6.503575036610975690e-03 -3.665279117535426567e-01
-5.342155005815141244e-03 -3.638399727043550302e-01
-4.201952978336309652e-03 -3.611416997457131961e-01
-3.082948679644481604e-03 -3.584333170652233558e-01
-1.985117957590321058e-03 -3.557150486471344353e-01
-9.084328244483574899e-04 -3.529871182208120239e-01
1.471384994967683824e-04 -3.502497492105680621e-01
1.181631540854544138e-03 -3.475031646868586011e-01
2.195085526564333200e-03 -3.447475873188861062e-01
3.187543335900100416e-03 -3.419832393286179606e-01
4.159051451083861650e-03 -3.392103424462545314e-01
5.109659906546715202e-03 -3.364291178671532379e-01
6.039422236876368366e-03 -3.336397862102328249e-01
6.948395423494457823e-03 -3.308425674778754377e-01
7.836639840098913457e-03 -3.280376810173346591e-01
8.704219196915108370e-03 -3.252253454836646629e-01
9.551200483795652119e-03 -3.224057788041831962e-01
1.037765391220640820e-02 -3.195791981444732199e-01
1.118365285614236759e-02 -3.167458198759318666e-01
1.196927379201206953e-02 -3.139058595448744882e-01
1.273459623753026015e-02 -3.110595318431943479e-01
1.347970268965936746e-02 -3.082070505805799554e-01
1.420467856163865061e-02 -3.053486286582930420e-01
1.490961211914187956e-02 -3.024844780445029579e-01
1.559459441560062665e-02 -2.996148097511753816e-01
1.625971922673469239e-02 -2.967398338125116775e-01
1.690508298432435996e-02 -2.938597592649294099e-01
1.753078470926722199e-02 -2.909747941285804607e-01
1.813692594395294178e-02 -2.880851453903916504e-01
1.872361068399630568e-02 -2.851910189886218694e-01
1.929094530936215079e-02 -2.822926197989156227e-01
1.983903851492141435e-02 -2.793901516218473824e-01
2.036800124047327687e-02 -2.764838171719338211e-01
2.087794660026581761e-02 -2.735738180680954423e-01
2.136898981205342940e-02 -2.706603548255556713e-01
2.184124812572318941e-02 -2.677436268491488747e-01
2.229484075152227129e-02 -2.648238324280151046e-01
2.272988878792214784e-02 -2.619011687316656900e-01
2.314651514914967123e-02 -2.589758318073859811e-01
2.354484449241572852e-02 -2.560480165789491558e-01
2.392500314487466806e-02 -2.531179168466190510e-01
2.428711903034219688e-02 -2.501857252884024385e-01
2.463132159580394553e-02 -2.472516334625309842e-01
2.495774173774090166e-02 -2.443158318111317007e-01
2.526651172830168823e-02 -2.413785096650543638e-01
2.555776514134872057e-02 -2.384398552498241397e-01
2.583163677840549788e-02 -2.355000556926772626e-01
2.608826259453145280e-02 -2.325592970306487595e-01
2.632777962414917239e-02 -2.296177642196673974e-01
2.655032590685207916e-02 -2.266756411446233521e-01
2.675604041321255622e-02 -2.237331106303607764e-01
2.694506297062027045e-02 -2.207903544535626539e-01
2.711753418917023373e-02 -2.178475533554756760e-01
2.727359538762463842e-02 -2.149048870554346458e-01
2.741338851947433541e-02 -2.119625342651460242e-01
2.753705609911755170e-02 -2.090206727036751366e-01
2.764474112818104956e-02 -2.060794791130979298e-01
2.773658702200626491e-02 -2.031391292747695976e-01
2.781273753631852141e-02 -2.001997980261559507e-01
2.787333669410402281e-02 -1.972616592781863409e-01
2.791852871271410796e-02 -1.943248860330749617e-01
2.794845793121830679e-02 -1.913896504025613954e-01
2.796326873802718049e-02 -1.884561236265213380e-01
2.796310549880542951e-02 -1.855244760918955960e-01
2.794811248469758480e-02 -1.825948773518893120e-01
2.791843380088648852e-02 -1.796674961453927355e-01
2.787421331550732351e-02 -1.767425004165666391e-01
2.781559458893573256e-02 -1.738200573345471123e-01
2.774272080347872649e-02 -1.709003333132242397e-01
2.765573469348203695e-02 -1.679834940310334646e-01
2.755477847588538864e-02 -1.650697044507233313e-01
2.743999378124362121e-02 -1.621591288390434871e-01
2.731152158524180473e-02 -1.592519307863113631e-01
2.716950214072572090e-02 -1.563482732258034136e-01
2.701407491027707497e-02 -1.534483184529367439e-01
2.684537849935825227e-02 -1.505522281441874777e-01
2.666355059005498518e-02 -1.476601633757099463e-01
2.646872787544507499e-02 -1.447722846416111264e-01
2.626104599462419920e-02 -1.418887518718472962e-01
2.604063946841939092e-02 -1.390097244496995010e-01
2.580764163582227599e-02 -1.361353612287970194e-01
2.556218459117565178e-02 -1.332658205496538850e-01
2.530439912215048937e-02 -1.304012602556924305e-01
2.503441464854611054e-02 -1.275418377087172150e-01
2.475235916195550612e-02 -1.246877098038232795e-01
2.445835916633309903e-02 -1.218390329837125696e-01
2.415253961950680761e-02 -1.189959632523996114e-01
2.383502387567737468e-02 -1.161586561882887170e-01
2.350593362894803917e-02 -1.133272669566096902e-01
2.316538885793328895e-02 -1.105019503212084919e-01
2.281350777149132592e-02 -1.076828606556759216e-01
2.245040675563159116e-02 -1.048701519538203369e-01
2.207620032164808732e-02 -1.020639778394814567e-01
2.169100105552973501e-02 -9.926449157568828507e-02
2.129491956870288583e-02 -9.647184607317021987e-02
2.088806445016261337e-02 -9.368619389823651389e-02
2.047054222004651702e-02 -9.090768728003047194e-02
2.004245728471326649e-02 -8.813647811718725023e-02
1.960391189338206441e-02 -8.537271798390672073e-02
1.915500609639664287e-02 -8.261655813547807981e-02
1.869583770517185828e-02 -7.986814951327358969e-02
1.822650225389044198e-02 -7.712764274925487662e-02
1.774709296300841510e-02 -7.439518817001786188e-02
1.725770070463605865e-02 -7.167093580042024903e-02
1.675841396985744414e-02 -6.895503536682820456e-02
1.624931883805325050e-02 -6.624763630002900028e-02
1.573049894829187112e-02 -6.354888773785209721e-02
1.520203547285214896e-02 -6.085893852755010214e-02
1.466400709294407578e-02 -5.817793722798762779e-02
1.411648997668657479e-02 -5.550603211168432527e-02
1.355955775940920205e-02 -5.284337116677065294e-02
1.299328152633583144e-02 -5.019010209890628627e-02
1.241772979771377239e-02 -4.754637233321591661e-02
1.183296851644349834e-02 -4.491232901629686747e-02
1.123906103826688430e-02 -4.228811901834440834e-02
1.063606812457112971e-02 -3.967388893546487660e-02
1.002404793785571790e-02 -3.706978509220867912e-02
9.403056039917812026e-03 -3.447595354439053628e-02
8.773145392799164277e-03 -3.189254008223803283e-02
8.134366362541500806e-03 -2.931969023392300144e-02
7.486766725790350296e-03 -2.675754926951459667e-02
6.830391679283509543e-03 -2.420626220540081364e-02
6.165283852263281350e-03 -2.166597380922641314e-02
5.491483321836743148e-03 -1.913682860537108121e-02
4.809027631315854201e-03 -1.661897088101811637e-02
4.117951811556608277e-03 -1.411254469283020063e-02
3.418288405317937428e-03 -1.161769387427438738e-02
2.710067494653745079e-03 -9.134562043608712711e-03
1.993316731347727355e-03 -6.663292612557658590e-03
1.268061370397310927e-03 -4.204028795688735665e-03
5.343243065461522612e-04 -1.756913620500788475e-03
-2.078738861353568446e-04 6.779100617631678150e-04
-9.585149116329017005e-04 3.100299564583713918e-03
-1.717582706343867560e-03 5.510112353907303806e-03
-2.485063390425756857e-03 7.907206035178873660e-03
-3.260945216155830551e-03 1.029143833966433830e-02
-4.045218513329063015e-03 1.266266711008592893e-02
-4.837875631725996328e-03 1.502075028559095304e-02
-5.638910880680692017e-03 1.736554588606803451e-02
-6.448320465793355716e-03 1.969691199585449359e-02
-7.266102422822828810e-03 2.201470674685110374e-02
-8.092256548812237771e-03 2.431878830109326928e-02
-8.926784330492321118e-03 2.660901483281177815e-02
-9.769688870019221927e-03 2.888524451002877358e-02
-1.062097480810247907e-02 3.114733547573739214e-02
-1.148064824458383537e-02 3.339514582871534742e-02
-1.234871665652986783e-02 3.562853360402612468e-02
-1.322518881390405410e-02 3.784735675326303395e-02
-1.411007469288894089e-02 4.005147312460106968e-02
-1.500338538692719270e-02 4.224074044271132478e-02
-1.590513301555740444e-02 4.441501628861044271e-02
-1.681533063111878556e-02 4.657415807950479603e-02
-1.773399212340420750e-02 4.871802304870340161e-02
-1.866113212233827534e-02 5.084646822566638025e-02
-1.959676589876546693e-02 5.295935041626416429e-02
-2.054090926342683199e-02 5.505652618331736969e-02
-2.149357846421140472e-02 5.713785182749189784e-02
-2.245479008176765046e-02 5.920318336863165942e-02
-2.342456092355676978e-02 6.125237652759042695e-02
-2.440290791644128543e-02 6.328528670865929406e-02
-2.538984799788746027e-02 6.530176898264432317e-02
-2.638539800587796913e-02 6.730167807069285801e-02
-2.738957456761659248e-02 6.928486832893201997e-02
-2.840239398711535967e-02 7.125119373399926848e-02
-2.942387213175429173e-02 7.320050786954812594e-02
-3.045402431790045217e-02 7.513266391380013509e-02
-3.149286519567551235e-02 7.704751462821865515e-02
-3.254040863296020492e-02 7.894491234738496011e-02
-3.359666759872559361e-02 8.082470897014840117e-02
-3.466165404577786768e-02 8.268675595212461593e-02
-3.573537879300520137e-02 8.453090429961698793e-02
-3.681785140721494098e-02 8.635700456503103695e-02
-3.790908008464866086e-02 8.816490684385619447e-02
-3.900907153226074175e-02 8.995446077327984291e-02
-4.011783084885084394e-02 9.172551553250930800e-02
-4.123536140613293099e-02 9.347791984486128469e-02
-4.236166472982910713e-02 9.521152198169072212e-02
-4.349674038087369965e-02 9.692616976821730179e-02
-4.464058583681324022e-02 9.862171059131973061e-02
-4.579319637348866490e-02 1.002979914093542479e-01
-4.695456494708150075e-02 1.019548587640552728e-01
-4.812468207661163566e-02 1.035921587945771577e-01
-4.930353572697104836e-02 1.052097372537379866e-01
-5.049111119257432279e-02 1.068074395265078552e-01
-5.168739098171520885e-02 1.083851106508056522e-01
-5.289235470170816633e-02 1.099425953406448497e-01
-5.410597894490193349e-02 1.114797380116815673e-01
-5.532823717564677724e-02 1.129963828092068884e-01
-5.655909961830063448e-02 1.144923736386303931e-01
-5.779853314635513550e-02 1.159675541984896419e-01
-5.904650117276954990e-02 1.174217680160334204e-01
-6.030296354159103700e-02 1.188548584854057649e-01
-6.156787642094951885e-02 1.202666689084715690e-01
-6.284119219750844421e-02 1.216570425383110415e-01
-6.412285937245609801e-02 1.230258226254139081e-01
-6.541282245912211080e-02 1.243728524665960872e-01
-6.671102188230343399e-02 1.256979754566685814e-01
-6.801739387938321446e-02 1.270010351428698669e-01
-6.933187040333016471e-02 1.282818752820896191e-01
-7.065437902766008582e-02 1.295403399008889234e-01
-7.198484285344963762e-02 1.307762733583391901e-01
-7.332318041848134849e-02 1.319895204116756648e-01
-7.466930560861284594e-02 1.331799262847829235e-01
-7.602312757145196498e-02 1.343473367395092155e-01
-7.738455063242449805e-02 1.354915981498059363e-01
-7.875347421332373754e-02 1.366125575786953650e-01
-8.012979275342585472e-02 1.377100628580522901e-01
-8.151339563326032156e-02 1.387839626711923346e-01
-8.290416710111941923e-02 1.398341066382490505e-01
-8.430198620239909291e-02 1.408603454043254599e-01
-8.570672671185292080e-02 1.418625307303949257e-01
-8.711825706884973597e-02 1.428405155869243437e-01
-8.853644031572222017e-02 1.437941542501959269e-01
-8.996113403929195673e-02 1.447233024012868075e-01
-9.139219031565853912e-02 1.456278172276743998e-01
-9.282945565834010981e-02 1.465075575274243092e-01
-9.427277096985026139e-02 1.473623838159132948e-01
-9.572197149679900763e-02 1.481921584350437138e-01
-9.717688678860009199e-02 1.489967456648857991e-01
-9.863734065987345145e-02 1.497760118377042537e-01
-1.001031511566229937e-01 1.505298254542903058e-01
-1.015741305262746197e-01 1.512580573025483766e-01
-1.030500851916555938e-01 1.519605805782558161e-01
-1.045308157289980833e-01 1.526372710079259565e-01
-1.060161168500438622e-01 1.532880069736961837e-01
-1.075057773883298928e-01 1.539126696401518779e-01
-1.089995802897339439e-01 1.545111430830068688e-01
-1.104973026073496345e-01 1.550833144195395141e-01
-1.119987155007704516e-01 1.556290739406931412e-01
-1.135035842398502415e-01 1.561483152447404321e-01
-1.150116682130108425e-01 1.566409353724013687e-01
-1.165227209401633601e-01 1.571068349433110689e-01
-1.180364900903086434e-01 1.575459182937222202e-01
-1.195527175038775536e-01 1.579580936153205939e-01
-1.210711392198710878e-01 1.583432730950379008e-01
-1.225914855078562571e-01 1.587013730557288727e-01
-1.241134809048703991e-01 1.590323140975890281e-01
-1.256368442572849686e-01 1.593360212401738751e-01
-1.271612887676732973e-01 1.596124240648847947e-01
-1.286865220467258430e-01 1.598614568577759465e-01
-1.302122461702522604e-01 1.600830587525434445e-01
-1.317381577413038740e-01 1.602771738735395135e-01
-1.332639479574483921e-01 1.604437514786652696e-01
-1.347893026832214514e-01 1.605827461019838087e-01
-1.363139025277769756e-01 1.606941176958937012e-01
-1.378374229277546104e-01 1.607778317727032447e-01
-1.393595342353762812e-01 1.608338595454393838e-01
-1.408799018117766477e-01 1.608621780677229052e-01
-1.423981861255688430e-01 1.608627703725393210e-01
-1.439140428566469954e-01 1.608356256097348003e-01
-1.454271230052103792e-01 1.607807391820624821e-01
-1.469370730059981756e-01 1.606981128795995084e-01
-1.484435348477109451e-01 1.605877550123576136e-01
-1.499461461975970245e-01 1.604496805409114379e-01
-1.514445405311646842e-01 1.602839112048549675e-01
-1.529383472669889887e-01 1.600904756489137937e-01
-1.544271919065600129e-01 1.598694095465195975e-01
-1.559106961791278945e-01 1.596207557206728855e-01
-1.573884781914796083e-01 1.593445642619013003e-01
-1.588601525825933947e-01 1.590408926431393088e-01
-1.603253306830834668e-01 1.587098058313329285e-01
-1.617836206793752674e-01 1.583513763956002629e-01
-1.632346277825105219e-01 1.579656846117530877e-01
-1.646779544015026520e-01 1.575528185630077904e-01
-1.661132003211341912e-01 1.571128742366984521e-01
-1.675399628840969213e-01 1.566459556168187661e-01
-1.689578371773617638e-01 1.561521747722149911e-01
-1.703664162226577183e-01 1.556316519402562437e-01
-1.717652911709326713e-01 1.550845156058105467e-01
-1.731540515006689818e-01 1.545109025753598764e-01
-1.745322852199052699e-01 1.539109580460866211e-01
-1.758995790718292651e-01 1.532848356697747716e-01
-1.772555187437792057e-01 1.526326976113633882e-01
-1.785996890794998571e-01 1.519547146020029382e-01
-1.799316742944854774e-01 1.512510659864623463e-01
-1.812510581942409771e-01 1.505219397647498125e-01
-1.825574243952760578e-01 1.497675326277983499e-01
-1.838503565486575009e-01 1.489880499870939734e-01
-1.851294385659249253e-01 1.481837059981128968e-01
-1.863942548471698435e-01 1.473547235774455844e-01
-1.876443905110903032e-01 1.465013344134997175e-01
-1.888794316268017082e-01 1.456237789706659180e-01
-1.900989654471987589e-01 1.447223064868497777e-01
-1.913025806436559340e-01 1.437971749642760200e-01
-1.924898675418385829e-01 1.428486511534765024e-01
-1.936604183584076100e-01 1.418770105303844009e-01
-1.948138274383851010e-01 1.408825372664636588e-01
-1.959496914929522715e-01 1.398655241918115577e-01
-1.970676098374402052e-01 1.388262727511778150e-01
-1.981671846292820671e-01 1.377650929528601575e-01
-1.992480211056781303e-01 1.366823033104312690e-01
-2.003097278207385257e-01 1.355782307772785134e-01
-2.013519168818540539e-01 1.344532106739304012e-01
-2.023742041850484230e-01 1.333075866081638861e-01
-2.033762096490684679e-01 1.321417103878921862e-01
-2.043575574479611912e-01 1.309559419268436220e-01
-2.053178762418866876e-01 1.297506491430475140e-01
-2.062567994059263943e-01 1.285262078501599459e-01
-2.071739652566286227e-01 1.272830016416664489e-01
-2.080690172760494283e-01 1.260214217680076798e-01
-2.089416043330444839e-01 1.247418670066920421e-01
-2.097913809015607978e-01 1.234447435254582004e-01
-2.106180072756964616e-01 1.221304647385695330e-01
-2.114211497812747420e-01 1.207994511563234008e-01
-2.122004809837096384e-01 1.194521302278796493e-01
-2.129556798919197136e-01 1.180889361775090407e-01
-2.136864321580646542e-01 1.167103098343832968e-01
-2.143924302728806575e-01 1.153166984560302089e-01
-2.150733737563871317e-01 1.139085555455896515e-01
-2.157289693437570155e-01 1.124863406630178808e-01
-2.163589311661355263e-01 1.110505192303907762e-01
-2.169629809262035303e-01 1.096015623314707255e-01
-2.175408480682901602e-01 1.081399465057080733e-01
-2.180922699428366474e-01 1.066661535368554348e-01
-2.186169919650329252e-01 1.051806702363853319e-01
-2.191147677674482042e-01 1.036839882219030562e-01
-2.195853593464825726e-01 1.021766036907625907e-01
-2.200285372024835262e-01 1.006590171890929808e-01
-2.204440804733684978e-01 9.913173337645236893e-02
-2.208317770616125553e-01 9.759526078633601331e-02
-2.211914237544650996e-01 9.605011158276721694e-02
-2.215228263372671091e-01 9.449680131320803422e-02
-2.218257996997561043e-01 9.293584865803317108e-02
-2.221001679352453406e-01 9.136777517680871874e-02
-2.223457644325875227e-01 8.979310505163640155e-02
-2.225624319608304202e-01 8.821236482781164012e-02
-2.227500227464901672e-01 8.662608315206038467e-02
-2.229083985433755188e-01 8.503479050861567634e-02
-2.230374306949070851e-01 8.343901895340327668e-02
-2.231370001888891008e-01 8.183930184660548335e-02
-2.232069977046965414e-01 8.023617358387125087e-02
-2.232473236528586258e-01 7.863016932645200407e-02
-2.232578882070221371e-01 7.702182473053365008e-02
-2.232386113282994744e-01 7.541167567604101230e-02
-2.231894227820080956e-01 7.380025799519346341e-02
-2.231102621468230573e-01 7.218810720108326251e-02
-2.230010788163779012e-01 7.057575821655703852e-02
-2.228618319933544922e-01 6.896374510367042632e-02
-2.226924906761158784e-01 6.735260079399141286e-02
-2.224930336379529194e-01 6.574285682002395381e-02
-2.222634493990124360e-01 6.413504304801742606e-02
-2.220037361910023876e-01 6.252968741243325468e-02
-2.217139019147628121e-01 6.092731565232717417e-02
-2.213939640908148265e-01 5.932845104990658314e-02
-2.210439498030058181e-01 5.773361417152345076e-02
-2.206638956353721981e-01 5.614332261134508117e-02
-2.202538476023614966e-01 5.455809073795714337e-02
-2.198138610725607345e-01 5.297842944413572175e-02
-2.193440006860786218e-01 5.140484590002181164e-02
-2.188443402657516135e-01 4.983784330993357159e-02
-2.183149627223462397e-01 4.827792067303432466e-02
-2.177559599539326263e-01 4.672557254807413463e-02
-2.171674327396211912e-01 4.518128882241767563e-02
-2.165494906278563059e-01 4.364555448555690331e-02
-2.159022518194669560e-01 4.211884940730681315e-02
-2.152258430456882587e-01 4.060164812087102559e-02
-2.145203994413624748e-01 3.909441961095594387e-02
-2.137860644135429200e-01 3.759762710710734535e-02
-2.130229895057269840e-01 3.611172788242950071e-02
-2.122313342579482121e-01 3.463717305784619338e-02
-2.114112660629596241e-01 3.317440741204424892e-02
-2.105629600187581274e-01 3.172386919724307086e-02
-2.096865987776732609e-01 3.028598996091375062e-02
-2.087823723922887231e-01 2.886119437356904349e-02
-2.078504781584236960e-01 2.744990006273684280e-02
-2.068911204554395311e-01 2.605251745321424117e-02
-2.059045105841210976e-01 2.466944961369893496e-02
-2.048908666023729064e-01 2.330109210987690860e-02
-2.038504131590054558e-01 2.194783286404361489e-02
-2.027833813258467788e-01 2.061005202132148995e-02
-2.016900084284410366e-01 1.928812182252770402e-02
-2.005705378755907320e-01 1.798240648374371808e-02
-1.994252189879834047e-01 1.669326208261806554e-02
-1.982543068261640173e-01 1.542103645143511059e-02
-1.970580620180907294e-01 1.416606907696726925e-02
-1.958367505865314384e-01 1.292869100712268349e-02
-1.945906437765249075e-01 1.170922476438956972e-02
-1.933200178831643301e-01 1.050798426607363334e-02
-1.920251540799249867e-01 9.325274751310896892e-03
-1.907063382477682534e-01 8.161392714835902229e-03
-1.893638608052516104e-01 7.016625847475865818e-03
-1.879980165398542069e-01 5.891252983330041992e-03
-1.866091044407454658e-01 4.785544053590884417e-03
-1.851974275331936814e-01 3.699760046955102855e-03
-1.837632927148170059e-01 2.634152976562609272e-03
-1.823070105938780494e-01 1.588965853399293415e-03
-1.808288953298001767e-01 5.644326660891874070e-04
-1.793292644760931809e-01 -4.392216330010301206e-04
-1.778084388258492632e-01 -1.421781135433342058e-03
-1.762667422599861200e-01 -2.383038978233498195e-03
-1.747045015983781369e-01 -3.322797339386895921e-03
-1.731220464540307313e-01 -4.240867427398875567e-03
-1.715197090904295174e-01 -5.137069465020793757e-03
-1.698978242821908569e-01 -6.011232667259502893e-03
-1.682567291791352559e-01 -6.863195213778761072e-03
-1.665967631738874966e-01 -7.692804215816473334e-03
-1.649182677730956226e-01 -8.499915677738778541e-03
-1.632215864723701726e-01 -9.284394453357436294e-03
-1.615070646350021955e-01 -1.004611419714157572e-02
-1.597750493745360434e-01 -1.078495731045442385e-02
-1.580258894412502613e-01 -1.150081488295079390e-02
-1.562599351125881775e-01 -1.219358662927549908e-02
-1.544775380875701432e-01 -1.286318082119669581e-02
-1.526790513852127051e-01 -1.350951421532242680e-02
-1.508648292469571828e-01 -1.413251197653758728e-02
-1.490352270431163084e-01 -1.473210759730914088e-02
-1.471906011833187256e-01 -1.530824281300380285e-02
-1.453313090309316657e-01 -1.586086751336512890e-02
-1.434577088214276930e-01 -1.638993965029561517e-02
-1.415701595846454719e-01 -1.689542514209291246e-02
-1.396690210708910473e-01 -1.737729777428648203e-02
-1.377546536808153255e-01 -1.783553909722246367e-02
-1.358274183989783557e-01 -1.827013832054380504e-02
-1.338876767310270000e-01 -1.868109220471414478e-02
-1.319357906443730244e-01 -1.906840494972839029e-02
-1.299721225122685009e-01 -1.943208808116020370e-02
-1.279970350611615015e-01 -1.977216033368667247e-02
-1.260108913212026616e-01 -2.008864753223810196e-02
-1.240140545797582261e-01 -2.038158247091165221e-02
-1.220068883377950913e-01 -2.065100478979403631e-02
-1.199897562689776348e-01 -2.089696084983039270e-02
-1.179630221813077612e-01 -2.111950360587883102e-02
-1.159270499811567989e-01 -2.131869247809009549e-02
-1.138822036394886161e-01 -2.149459322174329667e-02
-1.118288471601153328e-01 -2.164727779567593435e-02
-1.097673445497827777e-01 -2.177682422943938434e-02
-1.076980597898931635e-01 -2.188331648930685880e-02
-1.056213568096775468e-01 -2.196684434326873214e-02
-1.035375994606070049e-01 -2.202750322513707948e-02
-1.014471514918412753e-01 -2.206539409788665917e-02
-9.935037652651385054e-02 -2.208062331635640696e-02
-9.724763803863548106e-02 -2.207330248943129014e-02
-9.513929933042120091e-02 -2.204354834182598033e-02
-9.302572350982038496e-02 -2.199148257558880548e-02
-9.090727346805287101e-02 -2.191723173144077830e-02
-8.878431185693852479e-02 -2.182092705006660749e-02
-8.665720106582297522e-02 -2.170270433346982442e-02
-8.452630319789973534e-02 -2.156270380650437968e-02
-8.239198004573443368e-02 -2.140106997869378747e-02
-8.025459306580087770e-02 -2.121795150644478767e-02
-7.811450335184975946e-02 -2.101350105576543781e-02
-7.597207160692930061e-02 -2.078787516559182924e-02
-7.382765811389996324e-02 -2.054123411183128578e-02
-7.168162270427355653e-02 -2.027374177222268647e-02
-6.953432472523063401e-02 -1.998556549211738531e-02
-6.738612300468610483e-02 -1.967687595128603251e-02
-6.523737581425824439e-02 -1.934784703184488919e-02
-6.308844083004369607e-02 -1.899865568740854993e-02
-6.093967509107536817e-02 -1.862948181356072208e-02
-5.879143495538646791e-02 -1.824050811974586850e-02
-5.664407605359958464e-02 -1.783192000267547206e-02
-5.449795323996552143e-02 -1.740390542134295782e-02
-5.235342054081848495e-02 -1.695665477374475039e-02
-5.021083110039806230e-02 -1.649036077539767220e-02
-4.807053712402148404e-02 -1.600521833974505315e-02
-4.593288981860425835e-02 -1.550142446054381118e-02
-4.379823933052598428e-02 -1.497917809631821306e-02
-4.166693468087538654e-02 -1.443868005697124257e-02
-3.953932369810359004e-02 -1.388013289263656524e-02
-3.741575294814433739e-02 -1.330374078485763167e-02
-3.529656766205808982e-02 -1.270970944017291160e-02
-3.318211166128665068e-02 -1.209824598618997049e-02
-3.107272728060789246e-02 -1.146955887022349518e-02
-2.896875528889603091e-02 -1.082385776057392945e-02
-2.687053480780410286e-02 -1.016135345051699668e-02
-2.477840322849558796e-02 -9.482257765072832356e-03
-2.269269612656743540e-02 -8.786783470622339109e-03
-2.061374717530939371e-02 -8.075144187429050824e-03
-1.854188805746020963e-02 -7.347554305127956820e-03
-1.647744837562375997e-02 -6.604228901232911397e-03
-1.442075556151509175e-02 -5.845383662711145512e-03
-1.237213478422030666e-02 -5.071234810672065052e-03
-1.033190885764684319e-02 -4.281999028208249847e-03
-8.300398147353588163e-03 -3.477893391421627012e-03
-6.277920476949389039e-03 -2.659135303667625738e-03
-4.264791034251175228e-03 -1.825942433035909751e-03
-2.261322277391897284e-03 -9.785326530878379891e-04
-2.678238410693534188e-04 -1.171239868607010237e-04
1.715397556872139129e-03 7.580654458566593590e-04
3.688038208346011704e-03 1.646817477978790301e-03
5.649797507223885962e-03 2.548913941317620946e-03
7.600378040656274869e-03 3.464136709529497260e-03
9.539485679341597191e-03 4.392267737840183095e-03
1.146682966656997760e-02 5.333089099573029568e-03
1.338212270588642894e-02 6.286383019519781179e-03
1.528508104721293392e-02 7.251931904192210343e-03
1.717542457129289657e-02 8.229518369010369039e-03
1.905287687230936000e-02 9.218925262476751481e-03
2.091716533855805804e-02 1.021993568740497960e-02
2.276802123104701425e-02 1.123233301926690464e-02
2.460517975992401740e-02 1.225590092174067003e-02
2.642838015862103429e-02 1.329042335953395382e-02
2.823736575562987849e-02 1.433568460857415072e-02
3.003188404383361210e-02 1.539146926365891899e-02
3.181168674731571500e-02 1.645756224366273779e-02
3.357652988559375884e-02 1.753374879440544598e-02
3.532617383522498877e-02 1.861981448928945460e-02
3.706038338874106941e-02 1.971554522781659990e-02
3.877892781088512764e-02 2.082072723210309784e-02
4.048158089212713917e-02 2.193514704150983929e-02
4.216812099944569625e-02 2.305859150551287096e-02
4.383833112436932855e-02 2.419084777493596405e-02
4.549199892828312275e-02 2.533170329167505619e-02
4.712891678501032744e-02 2.648094577704251940e-02
4.874888182069073150e-02 2.763836321886403713e-02
5.035169595097307993e-02 2.880374385745398946e-02
5.193716591556066242e-02 2.997687617060768028e-02
5.350510331014035614e-02 3.115754885773602822e-02
5.505532461574180747e-02 3.234555082328038900e-02
5.658765122556880245e-02 3.354067115953202061e-02
5.810190946935769873e-02 3.474269912899147217e-02
5.959793063530860469e-02 3.595142414638896611e-02
6.107555098966041540e-02 3.716663576050138751e-02
6.253461179395083946e-02 3.838812363587801313e-02
6.397495932003990915e-02 3.961567753460643049e-02
6.539644486294979298e-02 4.084908729823133466e-02
6.679892475158966114e-02 4.208814282994266520e-02
6.818226035742724900e-02 4.333263407714360582e-02
6.954631810117617441e-02 4.458235101450847004e-02
7.089096945756392931e-02 4.583708362763261324e-02
7.221609095824321756e-02 4.709662189737512383e-02
7.352156419291278056e-02 4.836075578498866268e-02
7.480727580870999427e-02 4.962927521812737774e-02
7.607311750794251703e-02 5.090197007782248928e-02
7.731898604420819887e-02 5.217863018649987472e-02
7.854478321697749843e-02 5.345904529712491859e-02
7.975041586468223365e-02 5.474300508354040806e-02
8.093579585637250551e-02 5.603029913206397650e-02
8.210084008199225458e-02 5.732071693441065374e-02
8.324547044132818430e-02 5.861404788199570115e-02
8.436961383167357331e-02 5.991008126166602610e-02
8.547320213425507740e-02 6.120860625290880375e-02
8.655617219947062124e-02 6.250941192658188150e-02
8.761846583097077090e-02 6.381228724519583118e-02
8.866002976862760732e-02 6.511702106478406415e-02
8.968081567042349156e-02 6.642340213838565655e-02
9.068078009329164080e-02 6.773121912116047971e-02
9.165988447294382002e-02 6.904026057715917375e-02
9.261809510270649359e-02 7.035031498775384806e-02
9.355538311139449670e-02 7.166117076174161049e-02
9.447172444024501403e-02 7.297261624712242378e-02
9.536709981892943500e-02 7.428443974455006815e-02
9.624149474066792664e-02 7.559642952245404501e-02
9.709489943645449594e-02 7.690837383381787795e-02
9.792730884841344130e-02 7.822006093460592835e-02
9.873872260229904496e-02 7.953127910382101762e-02
9.952914497914547298e-02 8.084181666517009646e-02
1.002985848860767359e-01 8.215146201031392481e-02
1.010470558262893670e-01 8.346000362367994585e-02
1.017745758682070401e-01 8.476723010879994025e-02
1.024811676138141503e-01 8.607293021614359496e-02
1.031668581661736861e-01 8.737689287241229286e-02
1.038316790961288094e-01 8.867890721125215592e-02
1.044756664081929465e-01 8.997876260534798387e-02
1.050988605056245584e-01 9.127624869985029310e-02
1.057013061546888122e-01 9.257115544709362820e-02
1.062830524481087613e-01 9.386327314255749066e-02
1.068441527676991243e-01 9.515239246201892542e-02
1.073846647461818571e-01 9.643830449984383546e-02
1.079046502281867381e-01 9.772080080836853533e-02
1.084041752304286121e-01 9.899967343831184152e-02
1.088833099010638739e-01 1.002747149801651583e-01
1.093421284782202241e-01 1.015457186065015505e-01
1.097807092477026403e-01 1.028124781151472655e-01
1.101991344998680122e-01 1.040747879731541148e-01
1.105974904856702190e-01 1.053324433615140387e-01
1.109758673718777289e-01 1.065852402205580418e-01
1.113343591954537859e-01 1.078329752959713839e-01
1.116730638171107293e-01 1.090754461853726542e-01
1.119920828740286478e-01 1.103124513853858957e-01
1.122915217317457803e-01 1.115437903391494345e-01
1.125714894352203288e-01 1.127692634841974129e-01
1.128320986590679587e-01 1.139886723006542368e-01
1.130734656569729601e-01 1.152018193596734408e-01
1.132957102102852276e-01 1.164085083720671765e-01
1.134989555758015023e-01 1.176085442370599088e-01
1.136833284327406768e-01 1.188017330911074199e-01
1.138489588289170740e-01 1.199878823567174235e-01
1.139959801261243577e-01 1.211668007912189982e-01
1.141245289447310185e-01 1.223382985354101726e-01
1.142347451075069187e-01 1.235021871620380352e-01
1.143267715826827846e-01 1.246582797240425311e-01
1.144007544262625464e-01 1.258063908025160993e-01
1.144568427235925778e-01 1.269463365543137823e-01
1.144951885302116779e-01 1.280779347592701789e-01
1.145159468119880675e-01 1.292010048669595401e-01
1.145192753845620803e-01 1.303153680429489925e-01
1.145053348521166137e-01 1.314208472144997031e-01
1.144742885454851922e-01 1.325172671156573667e-01
1.144263024596223199e-01 1.336044543316872169e-01
1.143615451904510250e-01 1.346822373428051278e-01
1.142801878711154906e-01 1.357504465671591498e-01
1.141824041076538454e-01 1.368089144030167348e-01
1.140683699141154805e-01 1.378574752701131612e-01
1.139382636471502341e-01 1.388959656501209117e-01
1.137922659400869008e-01 1.399242241261976494e-01
1.136305596365329851e-01 1.409420914215758214e-01
1.134533297235184590e-01 1.419494104371582799e-01
1.132607632642080864e-01 1.429460262880771770e-01
1.130530493302133732e-01 1.439317863391917363e-01
1.128303789335327600e-01 1.449065402394859037e-01
1.125929449581424824e-01 1.458701399553363198e-01
1.123409420912750423e-01 1.468224398026224398e-01
1.120745667544102431e-01 1.477632964776526281e-01
1.117940170340108175e-01 1.486925690868765859e-01
1.114994926120330687e-01 1.496101191753647364e-01
1.111911946962423903e-01 1.505158107540254808e-01
1.108693259503704120e-01 1.514095103255496677e-01
1.105340904241371436e-01 1.522910869090507990e-01
1.101856934831778045e-01 1.531604120633941746e-01
1.098243417389034304e-01 1.540173599091922696e-01
1.094502429783286712e-01 1.548618071494558823e-01
1.090636060938994789e-01 1.556936330888872566e-01
1.086646410133529916e-01 1.565127196518021069e-01
1.082535586296444197e-01 1.573189513986765764e-01
1.078305707309712425e-01 1.581122155413036412e-01
1.073958899309311321e-01 1.588924019565625678e-01
1.069497295988428576e-01 1.596594031987846052e-01
1.064923037902669178e-01 1.604131145107248468e-01
1.060238271777557695e-01 1.611534338331287730e-01
1.055445149818662887e-01 1.618802618128955817e-01
1.050545829024696620e-01 1.625935018098438878e-01
1.045542470503872945e-01 1.632930599020781248e-01
1.040437238793865959e-01 1.639788448899586193e-01
1.035232301185682879e-01 1.646507682986866339e-01
1.029929827051750957e-01 1.653087443795059897e-01
1.024531987178521897e-01 1.659526901095301765e-01
1.019040953103932390e-01 1.665825251902067206e-01
1.013458896459967229e-01 1.671981720444255526e-01
1.007787988320647532e-01 1.677995558122881703e-01
1.002030398555753266e-01 1.683866043455469197e-01
9.961882951904948991e-02 1.689592482007261087e-01
9.902638437714889053e-02 1.695174206309483789e-01
9.842592067392552657e-02 1.700610575764745502e-01
9.781765428075156477e-02 1.705900976539772573e-01
9.720180063495631462e-02 1.711044821445672770e-01
9.657857467919328531e-02 1.716041549805924493e-01
9.594819080156102853e-02 1.720890627312214038e-01
9.531086277650685501e-02 1.725591545868493393e-01
9.466680370652819088e-02 1.730143823423273830e-01
9.401622596470110560e-02 1.734547003790574138e-01
9.335934113805172130e-02 1.738800656459586202e-01
9.269635997179453968e-02 1.742904376393433485e-01
9.202749231445667144e-02 1.746857783817177268e-01
9.135294706390684194e-02 1.750660523995403728e-01
9.067293211430482724e-02 1.754312266999540348e-01
8.998765430399302545e-02 1.757812707465278845e-01
8.929731936434381900e-02 1.761161564340320562e-01
8.860213186957893727e-02 1.764358580622705230e-01
8.790229518757508576e-02 1.767403523090045336e-01
8.719801143166910906e-02 1.770296182019882036e-01
8.648948141348011820e-02 1.773036370901556191e-01
8.577690459675363366e-02 1.775623926139732744e-01
8.506047905224478622e-02 1.778058706750040296e-01
8.434040141364812504e-02 1.780340594046950220e-01
8.361686683458519065e-02 1.782469491324351618e-01
8.289006894665790215e-02 1.784445323529000316e-01
8.216019981857536347e-02 1.786268036927203262e-01
8.142744991636097218e-02 1.787937598765009795e-01
8.069200806464721376e-02 1.789453996922233392e-01
7.995406140906274883e-02 1.790817239560592022e-01
7.921379537971556806e-02 1.792027354766281555e-01
7.847139365577804337e-02 1.793084390187260624e-01
7.772703813117537441e-02 1.793988412665606658e-01
7.698090888137848475e-02 1.794739507865136252e-01
7.623318413130525384e-02 1.795337779894706776e-01
7.548404022432925187e-02 1.795783350927425692e-01
7.473365159239619970e-02 1.796076360816110107e-01
7.398219072724654399e-02 1.796216966705225793e-01
7.322982815274342583e-02 1.796205342639668745e-01
7.247673239830448866e-02 1.796041679170676253e-01
7.172306997343153023e-02 1.795726182959066497e-01
7.096900534333761001e-02 1.795259076376227170e-01
7.021470090566528377e-02 1.794640597103013824e-01
6.946031696829202406e-02 1.793870997726927929e-01
6.870601172821583225e-02 1.792950545337791690e-01
6.795194125151715614e-02 1.791879521122223262e-01
6.719825945438784309e-02 1.790658219957179387e-01
6.644511808522102214e-02 1.789286950002809129e-01
6.569266670775258943e-02 1.787766032294896834e-01
6.494105268524946739e-02 1.786095800337158257e-01
6.419042116573114853e-02 1.784276599693657150e-01
6.344091506821647464e-02 1.782308787581493303e-01
6.269267506998765782e-02 1.780192732464160876e-01
6.194583959485949753e-02 1.777928813645708317e-01
6.120054480244185857e-02 1.775517420865934115e-01
6.045692457838652834e-02 1.772958953896911494e-01
5.971511052560474209e-02 1.770253822141030220e-01
5.897523195644505112e-02 1.767402444230741221e-01
5.823741588581732298e-02 1.764405247630299045e-01
5.750178702525071683e-02 1.761262668239630402e-01
5.676846777787492027e-02 1.757975150000589681e-01
5.603757823430755014e-02 1.754543144505794350e-01
5.530923616943472787e-02 1.750967110610153754e-01
5.458355704007455955e-02 1.747247514045440764e-01
5.386065398350492472e-02 1.743384827037922913e-01
5.314063781684374987e-02 1.739379527929348357e-01
5.242361703726589051e-02 1.735232100801380462e-01
5.170969782304263296e-02 1.730943035103710836e-01
5.099898403538916103e-02 1.726512825285967945e-01
5.029157722110333406e-02 1.721941970433605862e-01
4.958757661598234279e-02 1.717230973907891978e-01
4.888707914900081164e-02 1.712380342990208471e-01
4.819017944723558156e-02 1.707390588530704467e-01
4.749696984152140811e-02 1.702262224601559792e-01
4.680754037282047753e-02 1.696995768154838380e-01
4.612197879929325062e-02 1.691591738685239710e-01
4.544037060405153872e-02 1.686050657897678051e-01
4.476279900358215436e-02 1.680373049379995376e-01
4.408934495681887666e-02 1.674559438280722734e-01
4.342008717485545954e-02 1.668610350992177638e-01
4.275510213127636794e-02 1.662526314838867758e-01
4.209446407309425098e-02 1.656307857771368297e-01
4.143824503227627742e-02 1.649955508065727439e-01
4.078651483784601073e-02 1.643469794028535325e-01
4.013934112854089520e-02 1.636851243707651560e-01
3.949678936601586088e-02 1.630100384608771102e-01
3.885892284857167533e-02 1.623217743417820769e-01
3.822580272539782831e-02 1.616203845729331789e-01
3.759748801131213014e-02 1.609059215780760388e-01
3.697403560198170291e-02 1.601784376192924020e-01
3.635550028961137548e-02 1.594379847716509702e-01
3.574193477908488292e-02 1.586846148984785154e-01
3.513338970454360499e-02 1.579183796272524698e-01
3.452991364638813288e-02 1.571393303261207630e-01
3.393155314868889771e-02 1.563475180810509624e-01
3.333835273699170543e-02 1.555429936736187901e-01
3.275035493650280127e-02 1.547258075594308835e-01
3.216760029064241744e-02 1.538960098471947868e-01
3.159012737994815190e-02 1.530536502784269615e-01
3.101797284132135069e-02 1.521987782078189355e-01
3.045117138759650954e-02 1.513314425842414435e-01
2.988975582742481318e-02 1.504516919324127566e-01
2.933375708545743477e-02 1.495595743352121643e-01
2.878320422281582802e-02 1.486551374166574790e-01
2.823812445783535630e-02 1.477384283255316622e-01
2.769854318707226648e-02 1.468094937196746663e-01
2.716448400655924189e-02 1.458683797509323365e-01
2.663596873329843184e-02 1.449151320507652274e-01
2.611301742698185491e-02 1.439497957165196684e-01
2.559564841192291107e-02 1.429724152983564978e-01
2.508387829919273004e-02 1.419830347868474008e-01
2.457772200894658976e-02 1.409816976012257250e-01
2.407719279293091263e-02 1.399684465783037068e-01
2.358230225715829409e-02 1.389433239620488370e-01
2.309306038474218115e-02 1.379063713938210034e-01
2.260947555887765636e-02 1.368576299032685517e-01
2.213155458596055558e-02 1.357971398998848445e-01
2.165930271883359515e-02 1.347249411652261530e-01
2.119272368014785135e-02 1.336410728457827213e-01
2.073181968583298618e-02 1.325455734465084134e-01
2.027659146866261919e-02 1.314384808250077530e-01
1.982703830190873928e-02 1.303198321863770770e-01
1.938315802307288838e-02 1.291896640786978634e-01
1.894494705768579035e-02 1.280480123891845623e-01
1.851240044316720956e-02 1.268949123409834068e-01
1.808551185273360451e-02 1.257303984906179561e-01
1.766427361935002383e-02 1.245545047260894905e-01
1.724867675971053504e-02 1.233672642656169216e-01
1.683871099824452156e-02 1.221687096570297226e-01
1.643436479113574711e-02 1.209588727777989592e-01
1.603562535034841474e-02 1.197377848357172869e-01
1.564247866764967299e-02 1.185054763702152875e-01
1.525490953862090882e-02 1.172619772543201239e-01
1.487290158664911210e-02 1.160073166972527825e-01
1.449643728688987387e-02 1.147415232476599878e-01
1.412549799019480190e-02 1.134646247974866878e-01
1.376006394699225144e-02 1.121766485864765239e-01
1.340011433111498729e-02 1.108776212073077500e-01
1.304562726356772728e-02 1.095675686113590785e-01
1.269657983622168862e-02 1.082465161151068833e-01
1.235294813543352799e-02 1.069144884071473456e-01
1.201470726557518631e-02 1.055715095558448086e-01
1.168183137246947556e-02 1.042176030176072965e-01
1.135429366672141560e-02 1.028527916457811081e-01
1.103206644693754956e-02 1.014770977001683699e-01
1.071512112282396734e-02 1.000905428571640943e-01
1.040342823815498807e-02 9.869314822051050706e-02
1.009695749360345340e-02 9.728493433266534318e-02
9.795677769423360992e-03 9.586592118678641250e-02
9.499557147977122362e-03 9.443612823932341638e-02
9.208562936096897911e-03 9.299557442322164968e-02
8.922661687272293030e-03 9.154427816173672794e-02
8.641819223653202098e-03 9.008225738284429684e-02
8.366000657861083489e-03 8.860952953425846323e-02
8.095170414596564168e-03 8.712611159905067626e-02
7.829292252034603106e-03 8.563202011185899742e-02
7.568329282997277030e-03 8.412727117569243629e-02
7.312243995895362225e-03 8.261188047933093470e-02
7.060998275425556248e-03 8.108586331530054370e-02
6.814553423016067590e-03 7.954923459844207012e-02
6.572870177007417158e-03 7.800200888504679742e-02
6.335908732560457945e-03 7.644420039257664168e-02
6.103628761277346548e-03 7.487582301994287481e-02
5.875989430527139845e-03 7.329689036835454474e-02
5.652949422463415807e-03 7.170741576272324225e-02
5.434466952722150079e-03 7.010741227361687311e-02
5.220499788788857121e-03 6.849689273976257431e-02
5.011005268022283854e-03 6.687586979108364749e-02
4.805940315323831147e-03 6.524435587226946887e-02
4.605261460438492271e-03 6.360236326686770358e-02
4.408924854876428157e-03 6.194990412188731976e-02
4.216886288441912267e-03 6.028699047290905777e-02
4.029101205356766524e-03 5.861363426969029566e-02
3.845524719965520699e-03 5.692984740225057877e-02
3.666111632008639543e-03 5.523564172743306716e-02
3.490816441451272123e-03 5.353102909592219460e-02
3.319593362853201501e-03 5.181602137971372951e-02
3.152396339267227177e-03 5.009063050001425627e-02
2.989179055652657624e-03 4.835486845556219437e-02
2.829894951787648161e-03 4.660874735135078772e-02
2.674497234670947243e-03 4.485227942774192011e-02
2.522938890394288425e-03 4.308547708994731745e-02
2.375172695475824547e-03 4.130835293786271761e-02
2.231151227637784284e-03 3.952091979623500312e-02
2.090826876015305924e-03 3.772319074514587922e-02
1.954151850784124900e-03 3.591517915078328710e-02
1.821078192189906630e-03 3.409689869648683397e-02
1.691557778970009807e-03 3.226836341403707675e-02
1.565542336149250424e-03 3.042958771517116287e-02
1.442983442200507227e-03 2.858058642329385293e-02
1.323832535555069523e-03 2.672137480536433685e-02
1.208040920448572031e-03 2.485196860392473520e-02
1.095559772092247197e-03 2.297238406924443505e-02
9.863401411553396336e-04 2.108263799155729590e-02
8.803329575473584079e-04 1.918274773335233024e-02
7.774890334878992171e-04 1.727273126169208070e-02
6.777590658528231948e-04 1.535260718052622320e-02
5.810936377864672764e-04 1.342239476296691082e-02
4.874432195688394032e-04 1.148211398349248749e-02
3.967581687277510483e-04 9.531785550043355565e-03
3.089887293875603902e-04 7.571430935978036916e-03
2.240850308452557726e-04 5.601072411853140476e-03
1.419970853649976661e-04 3.620733076982601828e-03
6.267478518601210524e-05 1.630436890755577670e-03
-1.393210126521271519e-05 -3.697912963429670491e-04
-8.787393396292308978e-05 -2.379925712035161484e-03
-1.592012066747860999e-04 -4.399939631919713018e-03
-2.279645531650942303e-04 -6.429805349543923562e-03
-2.942147542096540391e-04 -8.469494146920485481e-03
-3.580027454265777287e-04 -1.051897626552412285e-02
-4.193796259231441503e-04 -1.257822087781224930e-02
-4.783966677587292438e-04 -1.464719605930086925e-02
-5.351053262240279551e-04 -1.672586876124250790e-02
-5.895572509346802548e-04 -1.881420478393641682e-02
-6.418042977351934297e-04 -2.091216875071394074e-02
-6.918985414103850928e-04 -2.301972408263455380e-02
-7.398922891986292605e-04 -2.513683297392808880e-02
-7.858380951004106940e-04 -2.726345636821674370e-02
-8.297887749745824770e-04 -2.939955393555832713e-02
-8.717974224143332229e-04 -3.154508405033540352e-02
-9.119174253908735039e-04 -3.370000377002550784e-02
-9.502024836562927845e-04 -3.586426881488725266e-02
-9.867066268903212922e-04 -3.803783354858485122e-02
-1.021484233579450507e-03 -4.022065095978383242e-02
-1.054590050612147500e-03 -4.241267264474266052e-02
-1.086079213573953872e-03 -4.461384879092459427e-02
-1.116007267725871444e-03 -4.682412816164879116e-02
-1.144430189646106211e-03 -4.904345808180576166e-02
-1.171404409516074718e-03 -5.127178442465740726e-02
-1.196986834029800661e-03 -5.350905159972972613e-02
-1.221234869902831921e-03 -5.575520254181634550e-02
-1.244206447959472772e-03 -5.801017870111113695e-02
-1.265960047771796937e-03 -6.027392003446695179e-02
-1.286554722826072084e-03 -6.254636499779638037e-02
-1.306050126189672866e-03 -6.482745053961758153e-02
-1.324506536649727728e-03 -6.711711209574422465e-02
-1.341984885296410024e-03 -6.941528358512333297e-02
-1.358546782519953755e-03 -7.172189740681188252e-02
-1.374254545391806470e-03 -7.403688443809661179e-02
-1.389171225398111442e-03 -7.636017403373873691e-02
-1.403360636492989588e-03 -7.869169402634138000e-02
-1.416887383440201820e-03 -8.103137072781892158e-02
-1.429816890407609176e-03 -8.337912893196250397e-02
-1.442215429782234271e-03 -8.573489191807452670e-02
-1.454150151169675276e-03 -8.809858145566178134e-02
-1.465689110544343698e-03 -9.047011781015376619e-02
-1.476901299512278776e-03 -9.284941974963414890e-02
-1.487856674653731393e-03 -9.523640455254919757e-02
-1.498626186906493185e-03 -9.763098801636918567e-02
-1.509281810953999603e-03 -1.000330844671733221e-01
-1.519896574582901838e-03 -1.024426067701215970e-01
-1.530544587971027770e-03 -1.048594663407838301e-01
-1.541301072869150079e-03 -1.072835731572885087e-01
-1.552242391640978880e-03 -1.097148357732559421e-01
-1.563446076122354533e-03 -1.121531613314741826e-01
-1.574990856263724925e-03 -1.145984555782802727e-01
-1.586956688519491898e-03 -1.170506228786103164e-01
-1.599424783945313511e-03 -1.195095662316627977e-01
-1.612477635970888112e-03 -1.219751872871511211e-01
-1.626199047807919129e-03 -1.244473863620880055e-01
-1.640674159461230630e-03 -1.269260624580615393e-01
-1.655989474305175069e-03 -1.294111132789620422e-01
-1.672232885191138330e-03 -1.319024352491082186e-01
-1.689493700052779879e-03 -1.343999235317337448e-01
-1.707862666973591903e-03 -1.369034720477836642e-01
-1.727431998685136083e-03 -1.394129734949791088e-01
-1.748295396461485574e-03 -1.419283193671033172e-01
-1.770548073379119014e-03 -1.444493999734609568e-01
-1.794286776910736236e-03 -1.469761044584733667e-01
-1.819609810821465334e-03 -1.495083208213562609e-01
-1.846617056338761831e-03 -1.520459359358422580e-01
-1.875409992565746364e-03 -1.545888355699039374e-01
-1.906091716109226120e-03 -1.571369044054259922e-01
-1.938766959896753850e-03 -1.596900260578044961e-01
-1.973542111152470913e-03 -1.622480830954058095e-01
-2.010525228509918438e-03 -1.648109570588665029e-01
-2.049826058231618564e-03 -1.673785284801833639e-01
-2.091556049515608251e-03 -1.699506769015573515e-01
-2.135828368862224824e-03 -1.725272808939569691e-01
-2.182757913480326550e-03 -1.751082180753602002e-01
-2.232461323709411527e-03 -1.776933651286418669e-01
-2.285056994437706379e-03 -1.802825978190740197e-01
-2.340665085496129727e-03 -1.828757910114033325e-01
-2.399407531007924366e-03 -1.854728186864763595e-01
-2.461408047676472144e-03 -1.880735539573835935e-01
-2.526792141992639795e-03 -1.906778690850824409e-01
-2.595687116345890555e-03 -1.932856354934935905e-01
-2.668222074022619239e-03 -1.958967237840160691e-01
-2.744527923076889309e-03 -1.985110037494624002e-01
-2.824737379057695730e-03 -2.011283443873720378e-01
-2.908984966583094689e-03 -2.037486139126848395e-01
-2.997407019743825174e-03 -2.063716797697618954e-01
-3.090141681327207568e-03 -2.089974086437203504e-01
-3.187328900849939473e-03 -2.116256664710757796e-01
-3.289110431388964084e-03 -2.142563184496650563e-01
-3.395629825201196272e-03 -2.168892290478421081e-01
-3.507032428121281686e-03 -2.195242620129264632e-01
-3.623465372732725953e-03 -2.221612803788952928e-01
-3.745077570300681113e-03 -2.248001464733011545e-01
-3.872019701465001518e-03 -2.274407219234129141e-01
-4.004444205679580371e-03 -2.300828676615623292e-01
-4.142505269401575152e-03 -2.327264439296944376e-01
-4.286358813017310254e-03 -2.353713102831104242e-01
-4.436162476507965469e-03 -2.380173255934001086e-01
-4.592075603844392173e-03 -2.406643480505555321e-01
-4.754259226113721759e-03 -2.433122351642705850e-01
-4.922876043372936827e-03 -2.459608437644128787e-01
-5.098090405226241018e-03 -2.486100300006756358e-01
-5.280068290127559738e-03 -2.512596493414075427e-01
-5.468977283405784817e-03 -2.539095565716203984e-01
-5.664986554012374498e-03 -2.565596057901771143e-01
-5.868266829992030420e-03 -2.592096504061657258e-01
-6.078990372677284260e-03 -2.618595431344606927e-01
-6.297330949606771977e-03 -2.645091359904788719e-01
-6.523463806171525547e-03 -2.671582802841381832e-01
-6.757565635988171948e-03 -2.698068266130245751e-01
-6.999814550004701541e-03 -2.724546248547749516e-01
-7.250390044338361761e-03 -2.751015241586882709e-01
-7.509472966852726028e-03 -2.777473729365761423e-01
-7.777245482474381966e-03 -2.803920188528629120e-01
-8.053891037256122321e-03 -2.830353088139473394e-01
-8.339594321188859016e-03 -2.856770889568380767e-01
-8.634541229770420490e-03 -2.883172046370874320e-01
-8.938918824331509860e-03 -2.909555004160242486e-01
-9.252915291130092701e-03 -2.935918200473131012e-01
-9.576719899217100984e-03 -2.962260064628554623e-01
-9.910522957079836992e-03 -2.988579017580479946e-01
-1.025451576807184795e-02 -3.014873471764161206e-01
-1.060889058463382328e-02 -3.041141830936543444e-01
-1.097384056131467389e-02 -3.067382490010766016e-01
-1.134955970660134206e-02 -3.093593834885163263e-01
-1.173624283356289322e-02 -3.119774242266852293e-01
-1.213408550931965868e-02 -3.145922079490236500e-01
-1.254328400334492333e-02 -3.172035704330617989e-01
-1.296403523461114871e-02 -3.198113464813184814e-01
-1.339653671758445075e-02 -3.224153699017663355e-01
-1.384098650708420752e-02 -3.250154734878852869e-01
-1.429758314201262648e-02 -3.276114889983385847e-01
-1.476652558796770487e-02 -3.302032471362931210e-01
-1.524801317874974194e-02 -3.327905775284177858e-01
-1.574224555677233850e-02 -3.353733087035886129e-01
-1.624942261239009644e-02 -3.379512680713323558e-01
-1.676974442215456440e-02 -3.405242819000382504e-01
-1.730341118601175232e-02 -3.430921752949748216e-01
-1.785062316345220612e-02 -3.456547721761354941e-01
-1.841158060863001822e-02 -3.482118952559571379e-01
-1.898648370445971123e-02 -3.507633660169399148e-01
-1.957553249570992415e-02 -3.533090046892026215e-01
-2.017892682110461466e-02 -3.558486302280154945e-01
-2.079686624444992971e-02 -3.583820602913370124e-01
-2.142954998479790207e-02 -3.609091112174003246e-01
-2.207717684566656846e-02 -3.634295980023817263e-01
-2.273994514333166350e-02 -3.659433342781871490e-01
-2.341805263420465577e-02 -3.684501322904036869e-01
-2.411169644131799794e-02 -3.709498028764445232e-01
-2.482107297993135786e-02 -3.734421554439326663e-01
-2.554637788227986928e-02 -3.759269979493606306e-01
-2.628780592148272088e-02 -3.784041368770696412e-01
-2.704555093462968074e-02 -3.808733772185822763e-01
-2.781980574506798254e-02 -3.833345224523371786e-01
-2.861076208390844755e-02 -3.857873745238585284e-01
-2.941861051077121481e-02 -3.882317338264105744e-01
-3.024354033379594853e-02 -3.906673991821718595e-01
-3.108573952893373127e-02 -3.930941678239707748e-01
-3.194539465854850935e-02 -3.955118353776324591e-01
-3.282269078934946238e-02 -3.979201958449688492e-01
-3.371781140967605728e-02 -4.003190415874604557e-01
-3.463093834616653988e-02 -4.027081633106686653e-01
-3.556225167982890456e-02 -4.050873500494248103e-01
-3.651192966154659381e-02 -4.074563891538339755e-01
-3.748014862703874517e-02 -4.098150662761382845e-01
-3.846708291131217816e-02 -4.121631653584804100e-01
-3.947290476262255154e-02 -4.145004686216098855e-01
-4.049778425598260512e-02 -4.168267565545712428e-01
-4.154188920624490855e-02 -4.191418079054227697e-01
-4.260538508078398623e-02 -4.214453996730176955e-01
-4.368843491182072825e-02 -4.237373070998944335e-01
-4.479119920840818336e-02 -4.260173036663141843e-01
-4.591383586812347595e-02 -4.282851610854881974e-01
-4.705650008848843990e-02 -4.305406493000301649e-01
-4.821934427816454427e-02 -4.327835364796784878e-01
-4.940251796794720152e-02 -4.350135890203177813e-01
-5.060616772160325683e-02 -4.372305715443507435e-01
-5.183043704658318873e-02 -4.394342469024439812e-01
-5.307546630464782256e-02 -4.416243761766928122e-01
-5.434139262244780388e-02 -4.438007186852372943e-01
-5.562834980209729885e-02 -4.459630319883660654e-01
-5.693646823177284100e-02 -4.481110718961401340e-01
-5.826587479639283584e-02 -4.502445924775710928e-01
-5.961669278840270314e-02 -4.523633460713865073e-01
-6.098904181871978025e-02 -4.544670832984087916e-01
-6.238303772787662238e-02 -4.565555530755865954e-01
-6.379879249740394442e-02 -4.586285026316965219e-01
-6.523641416150144368e-02 -4.606856775247547553e-01
-6.669600671903858080e-02 -4.627268216611543084e-01
-6.817767004593222602e-02 -4.647516773165576986e-01
-6.968149980794507981e-02 -4.667599851585739201e-01
-7.120758737395599391e-02 -4.687514842712318663e-01
-7.275601972974410359e-02 -4.707259121812817915e-01
-7.432687939233811880e-02 -4.726830048863376321e-01
-7.592024432497895825e-02 -4.746224968848794523e-01
-7.753618785274135616e-02 -4.765441212081384936e-01
-7.917477857886934256e-02 -4.784476094538704372e-01
-8.083608030186656412e-02 -4.803326918220404695e-01
-8.252015193340417332e-02 -4.821990971524228176e-01
-8.422704741708147980e-02 -4.840465529641344578e-01
-8.595681564810370157e-02 -4.858747854971023350e-01
-8.770950039391861575e-02 -4.876835197554778012e-01
-8.948514021586628786e-02 -4.894724795530009942e-01
-9.128376839189500380e-02 -4.912413875603162117e-01
-9.310541284039092202e-02 -4.929899653542433313e-01
-9.495009604517457014e-02 -4.947179334690043340e-01
-9.681783498171786517e-02 -4.964250114494006549e-01
-9.870864104462911959e-02 -4.981109179059355352e-01
-1.006225199764569922e-01 -4.997753705718839257e-01
-1.025594717978708659e-01 -5.014180863622906825e-01
-1.045194907392597572e-01 -5.030387814348949993e-01
-1.065025651738071288e-01 -5.046371712529666986e-01
-1.085086775520868185e-01 -5.062129706500388959e-01
-1.105378043382333475e-01 -5.077658938965264879e-01
-1.125899159477356803e-01 -5.092956547682047086e-01
-1.146649766869000664e-01 -5.108019666165362072e-01
-1.167629446940328941e-01 -5.122845424408208892e-01
-1.188837718823911316e-01 -5.137430949621445420e-01
-1.210274038849467604e-01 -5.151773366991023728e-01
-1.231937800010096951e-01 -5.165869800452698168e-01
-1.253828331447565114e-01 -5.179717373483923026e-01
-1.275944897957079771e-01 -5.193313209912607809e-01
-1.298286699511994602e-01 -5.206654434742394866e-01
-1.320852870808860435e-01 -5.219738174994180691e-01
-1.343642480833218966e-01 -5.232561560563399050e-01
-1.366654532446588965e-01 -5.245121725092809495e-01
-1.389887961994967502e-01 -5.257415806860272767e-01
-1.413341638939263345e-01 -5.269440949681216679e-01
-1.437014365508019198e-01 -5.281194303825258451e-01
-1.460904876372738359e-01 -5.292673026946559389e-01
-1.485011838346204371e-01 -5.303874285027532220e-01
-1.509333850104073171e-01 -5.314795253335276026e-01
-1.533869441930022504e-01 -5.325433117390390159e-01
-1.558617075484779180e-01 -5.335785073947560964e-01
-1.583575143599312840e-01 -5.345848331987449464e-01
-1.608741970092358864e-01 -5.355620113719338216e-01
-1.634115809612608494e-01 -5.365097655594008863e-01
-1.659694847505718274e-01 -5.374278209326249778e-01
-1.685477199706340301e-01 -5.383159042926495275e-01
-1.711460912655407285e-01 -5.391737441741004666e-01
-1.737643963242728185e-01 -5.400010709499930561e-01
-1.764024258775148124e-01 -5.407976169372797903e-01
-1.790599636970326702e-01 -5.415631165030710958e-01
-1.817367865976242947e-01 -5.422973061714733145e-01
-1.844326644416509065e-01 -5.429999247309812427e-01
-1.871473601461569047e-01 -5.436707133423632765e-01
-1.898806296925824588e-01 -5.443094156469774347e-01
-1.926322221390651956e-01 -5.449157778754607495e-01
-1.954018796353383935e-01 -5.454895489567213041e-01
-1.981893374402201591e-01 -5.460304806271808475e-01
-2.009943239416860927e-01 -5.465383275401947127e-01
-2.038165606795245832e-01 -5.470128473755969667e-01
-2.066557623705656821e-01 -5.474538009493022939e-01
-2.095116369364652120e-01 -5.478609523229032163e-01
-2.123838855340451637e-01 -5.482340689132046974e-01
-2.152722025881613488e-01 -5.485729216016327348e-01
-2.181762758270961722e-01 -5.488772848434534390e-01
-2.210957863204457141e-01 -5.491469367767474186e-01
-2.240304085194878003e-01 -5.493816593310788532e-01
-2.269798103000090772e-01 -5.495812383357964181e-01
-2.299436530075623930e-01 -5.497454636279150986e-01
-2.329215915051355279e-01 -5.498741291595168335e-01
-2.359132742231946633e-01 -5.499670331046149219e-01
-2.389183432120839390e-01 -5.500239779654293448e-01
-2.419364341967435716e-01 -5.500447706780173807e-01
-2.449671766337134515e-01 -5.500292227172055570e-01
-2.480101937703937109e-01 -5.499771502007793078e-01
-2.510651027065221585e-01 -5.498883739928674963e-01
-2.541315144578346064e-01 -5.497627198064851672e-01
-2.572090340218682325e-01 -5.496000183051800159e-01
-2.602972604458708705e-01 -5.494001052037419397e-01
-2.633957868967746752e-01 -5.491628213679289328e-01
-2.665042007331918650e-01 -5.488880129131641361e-01
-2.696220835793931569e-01 -5.485755313021686286e-01
-2.727490114012217637e-01 -5.482252334414899897e-01
-2.758845545839032631e-01 -5.478369817768824479e-01
-2.790282780117022687e-01 -5.474106443875128569e-01
-2.821797411493838226e-01 -5.469460950789505338e-01
-2.853384981254329378e-01 -5.464432134749133141e-01
-2.885040978169824410e-01 -5.459018851077360734e-01
-2.916760839364102020e-01 -5.453220015075349592e-01
-2.948539951195491837e-01 -5.447034602900429068e-01
-2.980373650154714560e-01 -5.440461652430836903e-01
-3.012257223777943249e-01 -5.433500264116720713e-01
-3.044185911574624481e-01 -5.426149601817075174e-01
-3.076154905969597508e-01 -5.418408893622496114e-01
-3.108159353259049018e-01 -5.410277432663549435e-01
-3.140194354579818325e-01 -5.401754577904561705e-01
-3.172254966891609462e-01 -5.392839754922744699e-01
-3.204336203971647756e-01 -5.383532456672477373e-01
-3.236433037421347914e-01 -5.373832244234644229e-01
-3.268540397684515653e-01 -5.363738747550951258e-01
-3.300653175076692647e-01 -5.353251666143110654e-01
-3.332766220825187364e-01 -5.342370769816843223e-01
-3.364874348119394343e-01 -5.331095899350652978e-01
-3.396972333170987790e-01 -5.319426967169307297e-01
-3.429054916283581500e-01 -5.307363958002011550e-01
-3.461116802931500369e-01 -5.294906929525291517e-01
-3.493152664847288258e-01 -5.282056012990519189e-01
-3.525157141117546966e-01 -5.268811413836125279e-01
-3.557124839286842644e-01 -5.255173412284537271e-01
-3.589050336469292724e-01 -5.241142363923818603e-01
-3.620928180467527513e-01 -5.226718700274058937e-01
-3.652752890898735005e-01 -5.211902929338607660e-01
-3.684518960327533010e-01 -5.196695636140075125e-01
-3.716220855405333312e-01 -5.181097483241310364e-01
-3.747853018016037430e-01 -5.165109211251268650e-01
-3.779409866427747011e-01 -5.148731639315897723e-01
-3.810885796450331209e-01 -5.131965665594123704e-01
-3.842275182598651195e-01 -5.114812267718891192e-01
-3.873572379261199239e-01 -5.097272503243452935e-01
-3.904771721874087942e-01 -5.079347510072876881e-01
-3.935867528100180923e-01 -5.061038506880803922e-01
-3.966854099013241153e-01 -5.042346793511627290e-01
-3.997725720287008677e-01 -5.023273751367983708e-01
-4.028476663389150003e-01 -5.003820843783707284e-01
-4.059101186779918158e-01 -4.983989616382241694e-01
-4.089593537115558952e-01 -4.963781697420506234e-01
-4.119947950456372965e-01 -4.943198798118267345e-01
-4.150158653479451565e-01 -4.922242712972962897e-01
-4.180219864696040344e-01 -4.900915320060046376e-01
-4.210125795673566595e-01 -4.879218581318750525e-01
-4.239870652262387463e-01 -4.857154542823231003e-01
-4.269448635827235439e-01 -4.834725335039105620e-01
-4.298853944483447820e-01 -4.811933173065232605e-01
-4.328080774338110004e-01 -4.788780356860661280e-01
-4.357123320736085437e-01 -4.765269271456646916e-01
-4.385975779511088746e-01 -4.741402387153628162e-01
-4.414632348241936399e-01 -4.717182259702937808e-01
-4.443087227514030957e-01 -4.692611530473105308e-01
-4.471334622186197150e-01 -4.667692926600613967e-01
-4.499368742663097387e-01 -4.642429261124754181e-01
-4.527183806173227243e-01 -4.616823433106447827e-01
-4.554774038052750718e-01 -4.590878427730670230e-01
-4.582133673035253540e-01 -4.564597316392263737e-01
-4.609256956547587714e-01 -4.537983256764706597e-01
-4.636138146011975492e-01 -4.511039492851548482e-01
-4.662771512154462172e-01 -4.483769355020111869e-01
-4.689151340319942518e-01 -4.456176260017025714e-01
-4.715271931793870164e-01 -4.428263710965137379e-01
-4.741127605130769362e-01 -4.400035297341357565e-01
-4.766712697489718931e-01 -4.371494694934918712e-01
-4.792021565976930519e-01 -4.342645665785472842e-01
-4.817048588995504477e-01 -4.313492058100515947e-01
-4.841788167602490978e-01 -4.284037806151497207e-01
-4.866234726873377436e-01 -4.254286930147980206e-01
-4.890382717273986657e-01 -4.224243536089247186e-01
-4.914226616039961693e-01 -4.193911815592593628e-01
-4.937760928563769136e-01 -4.163296045697601477e-01
-4.960980189789299111e-01 -4.132400588645694373e-01
-4.983878965614066403e-01 -4.101229891634101676e-01
-5.006451854298927806e-01 -4.069788486543506889e-01
-5.028693487885289581e-01 -4.038080989638506146e-01
-5.050598533619750086e-01 -4.006112101240001944e-01
-5.072161695386026015e-01 -3.973886605368686098e-01
-5.093377715143988516e-01 -3.941409369358627734e-01
-5.114241374375708693e-01 -3.908685343440127524e-01
-5.134747495538232176e-01 -3.875719560290777910e-01
-5.154890943522831837e-01 -3.842517134553816716e-01
-5.174666627120473317e-01 -3.809083262322762176e-01
-5.194069500493142533e-01 -3.775423220591279660e-01
-5.213094564650641027e-01 -3.741542366667298669e-01
-5.231736868932472806e-01 -3.707446137550304277e-01
-5.249991512494283086e-01 -3.673140049270759988e-01
-5.267853645798423745e-01 -3.638629696190563978e-01
-5.285318472107994880e-01 -3.603920750263529538e-01
-5.302381248983796258e-01 -3.569018960254752293e-01
-5.319037289783545841e-01 -3.533930150917819479e-01
-5.335281965162578244e-01 -3.498660222128756603e-01
-5.351110704575303689e-01 -3.463215147975677310e-01
-5.366518997776612565e-01 -3.427600975802995720e-01
-5.381502396322304094e-01 -3.391823825209257515e-01
-5.396056515067652049e-01 -3.355889886997399651e-01
-5.410177033663070567e-01 -3.319805422076528845e-01
-5.423859698045901956e-01 -3.283576760314137477e-01
-5.437100321927141877e-01 -3.247210299337796036e-01
-5.449894788272015012e-01 -3.210712503285318986e-01
-5.462239050773161075e-01 -3.174089901502521460e-01
-5.474129135315161099e-01 -3.137349087187620844e-01
-5.485561141429083909e-01 -3.100496715981440055e-01
-5.496531243735698347e-01 -3.063539504502529875e-01
-5.507035693375894603e-01 -3.026484228826521461e-01
-5.517070819426825867e-01 -2.989337722908865791e-01
-5.526633030302289251e-01 -2.952106876950336689e-01
-5.535718815135713955e-01 -2.914798635704631269e-01
-5.544324745144157962e-01 -2.877419996727531015e-01
-5.552447474971621277e-01 -2.839978008567020651e-01
-5.560083744010009266e-01 -2.802479768894038381e-01
-5.567230377695907562e-01 -2.764932422573350146e-01
-5.573884288781463248e-01 -2.727343159674342488e-01
-5.580042478577476039e-01 -2.689719213421409294e-01
-5.585702038166907579e-01 -2.652067858083850260e-01
-5.590860149586852623e-01 -2.614396406805160611e-01
-5.595514086977085855e-01 -2.576712209371737616e-01
-5.599661217693306936e-01 -2.539022649921112706e-01
-5.603299003383024335e-01 -2.501335144589885706e-01
-5.606425001022207200e-01 -2.463657139101666504e-01
-5.609036863910698001e-01 -2.425996106295357779e-01
-5.611132342624416403e-01 -2.388359543594339718e-01
-5.612709285922350411e-01 -2.350754970417061329e-01
-5.613765641606431878e-01 -2.313189925529754443e-01
-5.614299457332261323e-01 -2.275671964342086129e-01
-5.614308881368795801e-01 -2.238208656146596642e-01
-5.613792163305056926e-01 -2.200807581302966498e-01
-5.612747654701963906e-01 -2.163476328368212354e-01
-5.611173809687428626e-01 -2.126222491174039608e-01
-5.609069185492900900e-01 -2.089053665852695085e-01
-5.606432442929570881e-01 -2.051977447812736721e-01
-5.603262346802516669e-01 -2.015001428666342576e-01
-5.599557766261102909e-01 -1.978133193109740673e-01
-5.595317675084032771e-01 -1.941380315758624575e-01
-5.590541151897515659e-01 -1.904750357940397931e-01
-5.585227380325057389e-01 -1.868250864445238635e-01
-5.579375649067508380e-01 -1.831889360238145303e-01
-5.572985351912056462e-01 -1.795673347134102427e-01
-5.566055987668945271e-01 -1.759610300438754216e-01
-5.558587160034824670e-01 -1.723707665556952207e-01
-5.550578577381709566e-01 -1.687972854571707648e-01
-5.542030052470630075e-01 -1.652413242796188508e-01
-5.532941502089225860e-01 -1.617036165301438122e-01
-5.523312946612572993e-01 -1.581848913422596037e-01
-5.513144509486750389e-01 -1.546858731246571195e-01
-5.502436416634682859e-01 -1.512072812084047091e-01
-5.491188995784020976e-01 -1.477498294928915601e-01
-5.479402675716911197e-01 -1.443142260908237551e-01
-5.467077985441641808e-01 -1.409011729725948570e-01
-5.454215553286345664e-01 -1.375113656103444659e-01
-5.440816105915048384e-01 -1.341454926220525257e-01
-5.426880467266526065e-01 -1.308042354159908993e-01
-5.412409557416590911e-01 -1.274882678358766896e-01
-5.397404391364539755e-01 -1.241982558070810483e-01
-5.381866077744796861e-01 -1.209348569842252363e-01
-5.365795817464740214e-01 -1.176987204005325860e-01
-5.349194902270069107e-01 -1.144904861192796997e-01
-5.332064713239089704e-01 -1.113107848877053219e-01
-5.314406719207549479e-01 -1.081602377937391224e-01
-5.296222475125795803e-01 -1.050394559258976679e-01
-5.277513620350169354e-01 -1.019490400367168703e-01
-5.258281876870771754e-01 -9.888958021007249188e-02
-5.238529047477847866e-01 -9.586165553274311746e-02
-5.218257013869237460e-01 -9.286583377057588962e-02
-5.197467734701484154e-01 -8.990267104960114608e-02
-5.176163243587403873e-01 -8.697271154244823332e-02
-5.154345647042962719e-01 -8.407648716041027370e-02
-5.132017122386589580e-01 -8.121451725149048118e-02
-5.109179915594157517e-01 -7.838730830478085609e-02
-5.085836339112930204e-01 -7.559535366149111590e-02
-5.061988769638106067e-01 -7.283913323296586917e-02
-5.037639645855538362e-01 -7.011911322600128393e-02
-5.012791466154391529e-01 -6.743574587578143875e-02
-4.987446786313773361e-01 -6.478946918673850197e-02
-4.961608217167233770e-01 -6.218070668163594439e-02
-4.935278422249393393e-01 -5.960986715917010459e-02
-4.908460115428915915e-01 -5.707734446037071585e-02
-4.881156058532211128e-01 -5.458351724407656258e-02
-4.853369058962292426e-01 -5.212874877175788235e-02
-4.825101967317381169e-01 -4.971338670193958809e-02
-4.796357675013885324e-01 -4.733776289447599872e-02
-4.767139111918429206e-01 -4.500219322492227114e-02
-4.737449243993687720e-01 -4.270697740922602126e-02
-4.707291070962905666e-01 -4.045239883897056021e-02
-4.676667623997920464e-01 -3.823872442737646926e-02
-4.645581963435620465e-01 -3.606620446626623844e-02
-4.614037176527756023e-01 -3.393507249419147609e-02
-4.582036375229113223e-01 -3.184554517589704981e-02
-4.549582694028959096e-01 -2.979782219331195137e-02
-4.516679287830820955e-01 -2.779208614822153978e-02
-4.483329329885478165e-01 -2.582850247678647460e-02
-4.449536009782206203e-01 -2.390721937605339020e-02
-4.415302531503195738e-01 -2.202836774259980812e-02
-4.380632111546035046e-01 -2.019206112344501536e-02
-4.345527977119170160e-01 -1.839839567934903330e-02
-4.309993364415125594e-01 -1.664745016061808247e-02
-4.274031516966260158e-01 -1.493928589552057096e-02
-4.237645684087855136e-01 -1.327394679141929990e-02
-4.200839119413010136e-01 -1.165145934870814859e-02
-4.163615079524096707e-01 -1.007183268764366701e-02
-4.125976822685063494e-01 -8.535058588147959036e-03
-4.087927607679131548e-01 -7.041111542657851885e-03
-4.049470692756054202e-01 -5.589948822087908997e-03
-4.010609334693194805e-01 -4.181510554968070892e-03
-3.971346787974428527e-01 -2.815719819809658908e-03
-3.931686304090868944e-01 -1.492482750753643117e-03
-3.891631130967239116e-01 -2.116886565432518630e-04
-3.851184512517532021e-01 1.026789847137166145e-03
-3.810349688333614648e-01 2.223096691924331125e-03
-3.769129893510157481e-01 3.377392197606021718e-03
-3.727528358609148995e-01 4.489852899494772842e-03
-3.685548309767209818e-01 5.560671362324576261e-03
-3.643192968948619770e-01 6.590055980653264367e-03
-3.600465554346975461e-01 7.578230765757199006e-03
-3.557369280938104117e-01 8.525435119015545293e-03
-3.513907361186759393e-01 9.431923591777857663e-03
-3.470083005909486706e-01 1.029796563171742063e-02
-3.425899425295846346e-01 1.112384531568477719e-02
-3.381359830089958329e-01 1.190986106906588571e-02
-3.336467432934319133e-01 1.265632537167299398e-02
-3.291225449877428488e-01 1.336356445018921368e-02
-3.245637102046831091e-01 1.403191795720315493e-02
-3.199705617488763920e-01 1.466173863687314505e-02
-3.153434233175517187e-01 1.525339197726949259e-02
-3.106826197181469795e-01 1.580725584945408269e-02
-3.059884771028344996e-01 1.632372013336330641e-02
-3.012613232200210822e-01 1.680318633057392708e-02
-2.965014876828354629e-01 1.724606716403909168e-02
-2.917093022546032310e-01 1.765278616489862618e-02
-2.868851011512608684e-01 1.802377724647663548e-02
-2.820292213606565013e-01 1.835948426559663726e-02
-2.771420029786259009e-01 1.866036057136005732e-02
-2.722237895617161119e-01 1.892686854154818077e-02
-2.672749284963663596e-01 1.915947910682891386e-02
-2.622957713843322436e-01 1.935867126296547669e-02
-2.572866744440740483e-01 1.952493157124662870e-02
-2.522479989277751078e-01 1.965875364738045583e-02
-2.471801115535961213e-01 1.976063763911445337e-02
-2.420833849526985437e-01 1.983108969286828671e-02
-2.369581981304867968e-01 1.987062140969503288e-02
-2.318049369414297844e-01 1.987974929090785547e-02
-2.266239945767250796e-01 1.985899417374242804e-02
-2.214157720639507443e-01 1.980888065744806914e-02
-2.161806787777232897e-01 1.972993652023635747e-02
-2.109191329602469467e-01 1.962269212753953163e-02
-2.056315622504774066e-01 1.948767983207239096e-02
-2.003184042204446680e-01 1.932543336621173058e-02
-1.949801069171145651e-01 1.913648722724986539e-02
-1.896171294079302405e-01 1.892137605610738627e-02
-1.842299423279797621e-01 1.868063401012243219e-02
-1.788190284264742358e-01 1.841479413057300896e-02
-1.733848831099750742e-01 1.812438770561664025e-02
-1.679280149795328581e-01 1.780994362936955122e-02
-1.624489463586021865e-01 1.747198775787944802e-02
-1.569482138083207468e-01 1.711104226278209461e-02
-1.514263686264097630e-01 1.672762498346208604e-02
-1.458839773256695171e-01 1.632224877857724188e-02
-1.403216220877254727e-01 1.589542087783496482e-02
-1.347399011873849362e-01 1.544764223494715649e-02
-1.291394293827154427e-01 1.497940688272597631e-02
-1.235208382656741849e-01 1.449120129131420409e-02
-1.178847765679472137e-01 1.398350373058865337e-02
-1.122319104164896386e-01 1.345678363780922204e-02
-1.065629235331685132e-01 1.291150099163063114e-02
-1.008785173729011692e-01 1.234810569363636867e-02
-9.517941119476816536e-02 1.176703695860742416e-02
-8.946634206075051998e-02 1.116872271478031031e-02
-8.374006475704534602e-02 1.055357901541376098e-02
-7.800135163333707378e-02 9.922009463035230681e-03
-7.225099235593623881e-02 9.274404647802880763e-03
-6.648979357140501201e-02 8.611141601481631103e-03
-6.071857847809057629e-02 7.932583268601245408e-03
-5.493818630394237124e-02 7.239077996426035444e-03
-4.914947169005239036e-02 6.530959045437656485e-03
-4.335330398052187478e-02 5.808544122084369210e-03
-3.755056642051762122e-02 5.072134935616090523e-03
-3.174215526566245837e-02 4.322016780858695117e-03
-2.592897880725818227e-02 3.558458148821497247e-03
-2.011195631912927190e-02 2.781710367041334564e-03
-1.429201693315311494e-02 1.992007271566009763e-03
-8.470098451729711486e-03 1.189564912450258305e-03
-2.647146106483810879e-03 3.745812945827320384e-04
3.175888726587951238e-03 -4.527638444170034582e-04
8.998049844612734938e-03 -1.292309217609144412e-03
1.481837755655616984e-02 -2.143912131968961354e-03
2.063591003146569847e-02 -3.007448590139627509e-03
2.644968464449271028e-02 -3.882813349594060881e-03
3.225873930917081550e-02 -4.769919938329481024e-03
3.806211378482034918e-02 -5.668700626464406866e-03
4.385885094860502570e-02 -6.579106353379271521e-03
4.964799802257731376e-02 -7.501106610320440460e-03
5.542860774702595278e-02 -8.434689278676466007e-03
6.119973949256451301e-02 -9.379860424425789933e-03
6.696046030455360398e-02 -1.033664404953643645e-02
7.270984587473652838e-02 -1.130508180137612673e-02
7.844698143619123487e-02 -1.228523264144520954e-02
8.417096257897026257e-02 -1.327717247498727549e-02
8.988089598497076005e-02 -1.428099374324198756e-02
9.557590008172356377e-02 -1.529680498029628577e-02
1.012551056157965784e-01 -1.632473033664466611e-02
1.069176561474328990e-01 -1.736490907169946363e-02
1.125627084688498591e-01 -1.841749501759087915e-02
1.181894329492915452e-01 -1.948265601666410163e-02
1.237970138104838164e-01 -2.056057333512190111e-02
1.293846493365640726e-01 -2.165144105527694318e-02
1.349515520228741494e-01 -2.275546544886414280e-02
1.404969486682074165e-01 -2.387286433383661866e-02
1.460200804152185228e-01 -2.500386641701607404e-02
1.515202027437073384e-01 -2.614871062490187192e-02
1.569965854214682155e-01 -2.730764542486302515e-02
1.624485124172549977e-01 -2.848092813885100272e-02
1.678752817802780517e-01 -2.966882425166761372e-02
1.732762054904241900e-01 -3.087160671572136694e-02
1.786506092831845749e-01 -3.208955525409862286e-02
1.839978324530111564e-01 -3.332295566366405559e-02
1.893172276385797492e-01 -3.457209911979924888e-02
1.946081605931419545e-01 -3.583728148427400839e-02
1.998700099429208676e-01 -3.711880261764455291e-02
2.051021669362133870e-01 -3.841696569746577694e-02
2.103040351856243495e-01 -3.973207654350635609e-02
2.154750304056187726e-01 -4.106444295105993181e-02
2.206145801473387569e-01 -4.241437403335607259e-02
2.257221235324268771e-01 -4.378217957398689020e-02
2.307971109874017157e-01 -4.516816939018442056e-02
2.358390039799321547e-01 -4.657265270770993837e-02
2.408472747582112439e-01 -4.799593754804071244e-02
2.458214060944573787e-01 -4.943833012847870245e-02
2.507608910334448438e-01 -5.090013427573664151e-02
2.556652326468327741e-01 -5.238165085350537931e-02
2.605339437939531155e-01 -5.388317720444829595e-02
2.653665468896191926e-01 -5.540500660702102342e-02
2.701625736794185384e-01 -5.694742774746619496e-02
2.749215650228833407e-01 -5.851072420729314105e-02
2.796430706848599956e-01 -6.009517396650770893e-02
2.843266491353206304e-01 -6.170104892282568532e-02
2.889718673578323682e-01 -6.332861442706594346e-02
2.935783006668254425e-01 -6.497812883488685021e-02
2.981455325337722950e-01 -6.664984307500498861e-02
3.026731544223414394e-01 -6.834400023399822555e-02
3.071607656325661684e-01 -7.006083515778183113e-02
3.116079731540300490e-01 -7.180057406981066315e-02
3.160143915280506643e-01 -7.356343420604649630e-02
3.203796427188068119e-01 -7.534962346670637245e-02
3.247033559933526492e-01 -7.715934008478558814e-02
3.289851678104217525e-01 -7.899277231133400301e-02
3.332247217179198917e-01 -8.085009811744681141e-02
3.374216682589896710e-01 -8.273148491291354434e-02
3.415756648865028722e-01 -8.463708928145502464e-02
3.456863758858382818e-01 -8.656705673246078980e-02
3.497534723057787454e-01 -8.852152146913233599e-02
3.537766318973589730e-01 -9.050060617291544318e-02
3.577555390604749697e-01 -9.250442180410201054e-02
3.616898847980634102e-01 -9.453306741846390082e-02
3.655793666776464002e-01 -9.658662999976930230e-02
3.694236888000288488e-01 -9.866518430802995177e-02
3.732225617749251323e-01 -1.007687927433073560e-01
3.769757027032911156e-01 -1.028975052248998767e-01
3.806828351661132315e-01 -1.050513590857277135e-01
3.843436892194250776e-01 -1.072303789817177777e-01
3.879580013952880768e-01 -1.094345768159822319e-01
3.915255147084843457e-01 -1.116639516775820296e-01
3.950459786686583152e-01 -1.139184897946496910e-01
3.985191492976405403e-01 -1.161981645016463283e-01
4.019447891516766957e-01 -1.185029362205166081e-01
4.053226673482847042e-01 -1.208327524554925758e-01
4.086525595974631053e-01 -1.231875478013046976e-01
4.119342482369578451e-01 -1.255672439645345029e-01
4.151675222713067659e-01 -1.279717497978467566e-01
4.183521774143674765e-01 -1.304009613468369300e-01
4.214880161350355037e-01 -1.328547619092074750e-01
4.245748477058609027e-01 -1.353330221059963201e-01
4.276124882542693406e-01 -1.378355999645700658e-01
4.306007608160920541e-01 -1.403623410130842020e-01
4.335394953911053118e-01 -1.429130783861135567e-01
4.364285290002945517e-01 -1.454876329411500802e-01
4.392677057445433242e-01 -1.480858133856555459e-01
4.420568768644601021e-01 -1.507074164143598349e-01
4.447959008010521909e-01 -1.533522268564840585e-01
4.474846432569646315e-01 -1.560200178325676923e-01
4.501229772579992128e-01 -1.587105509205746501e-01
4.527107832146406441e-01 -1.614235763309465610e-01
4.552479489833102799e-01 -1.641588330902753468e-01
4.577343699270861599e-01 -1.669160492332554535e-01
4.601699489756261308e-01 -1.696949420025798128e-01
4.625545966840298173e-01 -1.724952180564370829e-01
4.648882312904022429e-01 -1.753165736832699717e-01
4.671707787718690219e-01 -1.781586950234468336e-01
4.694021728988062581e-01 -1.810212582975079809e-01
4.715823552870631041e-01 -1.839039300406268840e-01
4.737112754479569365e-01 -1.868063673429537774e-01
4.757888908358235969e-01 -1.897282180954797393e-01
4.778151668929313534e-01 -1.926691212410841791e-01
4.797900770915560220e-01 -1.956287070304097153e-01
4.817136029730408886e-01 -1.986065972822216863e-01
4.835857341836637402e-01 -2.016024056479023829e-01
4.854064685071509677e-01 -2.046157378797401061e-01
4.871758118936811988e-01 -2.076461921026648838e-01
4.888937784852371848e-01 -2.106933590890924246e-01
4.905603906371744927e-01 -2.137568225365369112e-01
4.921756789358836537e-01 -2.168361593476567650e-01
4.937396822124294760e-01 -2.199309399124000641e-01
4.952524475520770908e-01 -2.230407283919250139e-01
4.967140302996041479e-01 -2.261650830039610705e-01
4.981244940603246629e-01 -2.293035563093026308e-01
4.994839106967571274e-01 -2.324556954991073843e-01
5.007923603208724872e-01 -2.356210426826954307e-01
5.020499312818816895e-01 -2.387991351755407443e-01
5.032567201495216080e-01 -2.419895057871556676e-01
5.044128316928103706e-01 -2.451916831085731163e-01
5.055183788542638723e-01 -2.484051917991408065e-01
5.065734827195560452e-01 -2.516295528723445640e-01
5.075782724826328751e-01 -2.548642839803837989e-01
5.085328854062942661e-01 -2.581088996972390470e-01
5.094374667782582966e-01 -2.613629117999630713e-01
5.102921698627470581e-01 -2.646258295479498868e-01
5.110971558476291587e-01 -2.678971599599326847e-01
5.118525937871701847e-01 -2.711764080884761507e-01
5.125586605404470752e-01 -2.744630772917345807e-01
5.132155407054900254e-01 -2.777566695022594123e-01
5.138234265492256370e-01 -2.810566854926345171e-01
5.143825179333009201e-01 -2.843626251377511238e-01
5.148930222358730768e-01 -2.876739876735185941e-01
5.153551542694616572e-01 -2.909902719518274727e-01
5.157691361949551245e-01 -2.943109766915937842e-01
5.161351974318859614e-01 -2.976356007257137115e-01
5.164535745650786769e-01 -3.009636432437734488e-01
5.167245112477856228e-01 -3.042946040303640687e-01
5.169482581014339662e-01 -3.076279836988680128e-01
5.171250726121072727e-01 -3.109632839205757060e-01
5.172552190238856040e-01 -3.143000076490287675e-01
5.173389682291843483e-01 -3.176376593394610870e-01
5.173765976562170188e-01 -3.209757451632485048e-01
5.173683911537240165e-01 -3.243137732172697296e-01
5.173146388731100220e-01 -3.276512537280897863e-01
5.172156371481230197e-01 -3.309876992508991034e-01
5.170716883722292767e-01 -3.343226248631356312e-01
5.168831008738176136e-01 -3.376555483527342028e-01
5.166501887893883982e-01 -3.409859904009548970e-01
5.163732719348660405e-01 -3.443134747597466072e-01
5.160526756751830924e-01 -3.476375284236173924e-01
5.156887307922853880e-01 -3.509576817959811912e-01
5.152817733516981136e-01 -3.542734688499691309e-01
5.148321445678029074e-01 -3.575844272836944393e-01
5.143401906679663238e-01 -3.608900986699661306e-01
5.138062627556645445e-01 -3.641900286004620679e-01
5.132307166727425596e-01 -3.674837668243692845e-01
5.126139128609505935e-01 -3.707708673815141021e-01
5.119562162228938895e-01 -3.740508887300024732e-01
5.112579959825271914e-01 -3.773233938684083522e-01
5.105196255453320342e-01 -3.805879504525440660e-01
5.097414823583034105e-01 -3.838441309068577056e-01
5.089239477698699332e-01 -3.870915125305049997e-01
5.080674068898796136e-01 -3.903296775981521805e-01
5.071722484497631633e-01 -3.935582134555670186e-01
5.062388646629948363e-01 -3.967767126100642527e-01
5.052676510859681613e-01 -3.999847728158707483e-01
5.042590064793924798e-01 -4.031819971544862713e-01
5.032133326703172038e-01 -4.063679941101142612e-01
5.021310344148889326e-01 -4.095423776402418725e-01
5.010125192619387935e-01 -4.127047672414577706e-01
4.998581974174929332e-01 -4.158547880105873396e-01
4.986684816102991413e-01 -4.189920707012407819e-01
4.974437869584588112e-01 -4.221162517758634269e-01
4.961845308372398455e-01 -4.252269734533832279e-01
4.948911327481570477e-01 -4.283238837525524811e-01
4.935640141893893884e-01 -4.314066365310832984e-01
4.922035985276051462e-01 -4.344748915206753659e-01
4.908103108712642548e-01 -4.375283143580381284e-01
4.893845779454565892e-01 -4.405665766120122062e-01
4.879268279683345311e-01 -4.435893558068934039e-01
4.864374905291972695e-01 -4.465963354420602882e-01
4.849169964682744083e-01 -4.495872050080175764e-01
4.833657777582535120e-01 -4.525616599989543687e-01
4.817842673875975534e-01 -4.555194019219285240e-01
4.801728992456884559e-01 -4.584601383027792076e-01
4.785321080098328128e-01 -4.613835826888768032e-01
4.768623290341601484e-01 -4.642894546488114949e-01
4.751639982404397555e-01 -4.671774797691309322e-01
4.734375520108456414e-01 -4.700473896482263436e-01
4.716834270826821829e-01 -4.728989218874745104e-01
4.699020604450965810e-01 -4.757318200797356345e-01
4.680938892377842220e-01 -4.785458337953106267e-01
4.662593506517035413e-01 -4.813407185654571263e-01
4.643988818318076639e-01 -4.841162358635642260e-01
4.625129197817963167e-01 -4.868721530840833811e-01
4.606019012708902904e-01 -4.896082435193127580e-01
4.586662627426297822e-01 -4.923242863341272813e-01
4.567064402256952316e-01 -4.950200665387519128e-01
4.547228692467402134e-01 -4.976953749596647048e-01
4.527159847452341679e-01 -5.003500082087219969e-01
4.506862209903024774e-01 -5.029837686505943539e-01
4.486340114995512329e-01 -5.055964643685957327e-01
4.465597889598668657e-01 -5.081879091289922545e-01
4.444639851501688832e-01 -5.107579223438726279e-01
4.423470308661047179e-01 -5.133063290326573824e-01
4.402093558466593226e-01 -5.158329597823274604e-01
4.380513887026686870e-01 -5.183376507064448857e-01
4.358735568472070221e-01 -5.208202434030414496e-01
4.336762864278257412e-01 -5.232805849114449126e-01
4.314600022606231988e-01 -5.257185276681121122e-01
4.292251277661163211e-01 -5.281339294615347013e-01
4.269720849068830426e-01 -5.305266533862860179e-01
4.247012941269594499e-01 -5.328965677962650416e-01
4.224131742929476685e-01 -5.352435462572040503e-01
4.201081426368192817e-01 -5.375674674984936008e-01
4.177866147003732600e-01 -5.398682153643828974e-01
4.154490042813224759e-01 -5.421456787646083963e-01
4.130957233809784968e-01 -5.443997516245046020e-01
4.107271821535010692e-01 -5.466303328346403534e-01
4.083437888566784357e-01 -5.488373262000373343e-01
4.059459498042132797e-01 -5.510206403890065552e-01
4.035340693194706119e-01 -5.531801888816539892e-01
4.011085496906667824e-01 -5.553158899180923314e-01
3.986697911274607042e-01 -5.574276664463999609e-01
3.962181917189134261e-01 -5.595154460703632981e-01
3.937541473927871905e-01 -5.615791609970410825e-01
3.912780518761518334e-01 -5.636187479841807679e-01
3.887902966572613916e-01 -5.656341482875234528e-01
3.862912709486756579e-01 -5.676253076080215454e-01
3.837813616515883819e-01 -5.695921760390053601e-01
3.812609533213375257e-01 -5.715347080133207358e-01
3.787304281340594381e-01 -5.734528622504622142e-01
3.761901658544632432e-01 -5.753466017037305313e-01
3.736405438046901950e-01 -5.772158935074330754e-01
3.710819368342305191e-01 -5.790607089241478489e-01
3.685147172908693758e-01 -5.808810232920733618e-01
3.659392549926318017e-01 -5.826768159724815543e-01
3.633559172006997628e-01 -5.844480702972869590e-01
3.607650685932711210e-01 -5.861947735167549745e-01
3.581670712403405843e-01 -5.879169167473565771e-01
3.555622845793681708e-01 -5.896144949197866802e-01
3.529510653918149776e-01 -5.912875067271574636e-01
3.503337677805209438e-01 -5.929359545733772219e-01
3.477107431478972943e-01 -5.945598445217263883e-01
3.450823401749155694e-01 -5.961591862436361744e-01
3.424489048008645398e-01 -5.977339929676829255e-01
3.398107802038574654e-01 -5.992842814288018571e-01
3.371683067820684943e-01 -6.008100718177280530e-01
3.345218221356733856e-01 -6.023113877306705000e-01
3.318716610494780728e-01 -6.037882561192244868e-01
3.292181554762163564e-01 -6.052407072405241450e-01
3.265616345204960247e-01 -6.066687746076433463e-01
3.239024244233797423e-01 -6.080724949402430690e-01
3.212408485475759523e-01 -6.094519081154721185e-01
3.185772273632329066e-01 -6.108070571191190901e-01
3.159118784343142861e-01 -6.121379879970203497e-01
3.132451164055435888e-01 -6.134447498067229221e-01
3.105772529899005763e-01 -6.147273945694037289e-01
3.079085969566614511e-01 -6.159859772220460661e-01
3.052394541199660583e-01 -6.172205555698707657e-01
3.025701273278985637e-01 -6.184311902390238203e-01
2.999009164520754500e-01 -6.196179446295200233e-01
2.972321183777233422e-01 -6.207808848684390757e-01
2.945640269942411127e-01 -6.219200797633760436e-01
2.918969331862354410e-01 -6.230356007561409504e-01
2.892311248250217792e-01 -6.241275218767108335e-01
2.865668867605748460e-01 -6.251959196974284927e-01
2.839045008139345350e-01 -6.262408732874463757e-01
2.812442457700438103e-01 -6.272624641674174883e-01
2.785863973710260288e-01 -6.282607762644258909e-01
2.759312283098843688e-01 -6.292358958671585567e-01
2.732790082246220331e-01 -6.301879115813165955e-01
2.706300036927797303e-01 -6.311169142852591785e-01
2.679844782263787195e-01 -6.320229970858856072e-01
2.653426922672734722e-01 -6.329062552747453108e-01
2.627049031829016834e-01 -6.337667862843816557e-01
2.600713652624309646e-01 -6.346046896448993557e-01
2.574423297133009436e-01 -6.354200669407623625e-01
2.548180446581537750e-01 -6.362130217678132471e-01
2.521987551321519527e-01 -6.369836596905156245e-01
2.495847030806808975e-01 -6.377320881994185120e-01
2.469761273574339888e-01 -6.384584166688394014e-01
2.443732637228773208e-01 -6.391627563147660451e-01
2.417763448430941819e-01 -6.398452201529754024e-01
2.391856002890052346e-01 -6.405059229573679680e-01
2.366012565359665865e-01 -6.411449812185179287e-01
2.340235369637396756e-01 -6.417625131024381480e-01
2.314526618568365224e-01 -6.423586384095567592e-01
2.288888484052385985e-01 -6.429334785339106961e-01
2.263323107054886763e-01 -6.434871564225499441e-01
2.237832597621514930e-01 -6.440197965351558418e-01
2.212419034896492831e-01 -6.445315248038724354e-01
2.187084467144691791e-01 -6.450224685933516611e-01
2.161830911777385400e-01 -6.454927566610133560e-01
2.136660355381738985e-01 -6.459425191175184322e-01
2.111574753754033584e-01 -6.463718873874606530e-01
2.086576031936537845e-01 -6.467809941702717946e-01
2.061666084258161891e-01 -6.471699734013475203e-01
2.036846774378783254e-01 -6.475389602133905242e-01
2.012119935337300936e-01 -6.478880908979761655e-01
1.987487369603407883e-01 -6.482175028673402561e-01
1.962950849133068276e-01 -6.485273346163920039e-01
1.938512115427701021e-01 -6.488177256849521068e-01
1.914172879597119126e-01 -6.490888166202215537e-01
1.889934822426139749e-01 -6.493407489394809051e-01
1.865799594444909337e-01 -6.495736650930235001e-01
1.841768816002980480e-01 -6.497877084273254722e-01
1.817844077347035847e-01 -6.499830231484549081e-01
1.794026938702351637e-01 -6.501597542857229239e-01
1.770318930357957510e-01 -6.503180476555827649e-01
1.746721552755474138e-01 -6.504580498257734877e-01
1.723236276581621429e-01 -6.505799080797189937e-01
1.699864542864449879e-01 -6.506837703811816365e-01
1.676607763073161561e-01 -6.507697853391739562e-01
1.653467319221659237e-01 -6.508381021731338700e-01
1.630444563975690098e-01 -6.508888706783675371e-01
1.607540820763628531e-01 -6.509222411917595652e-01
1.584757383890857130e-01 -6.509383645577597743e-01
1.562095518657773408e-01 -6.509373920946475156e-01
1.539556461481331739e-01 -6.509194755610769878e-01
1.517141420020156617e-01 -6.508847671229097687e-01
1.494851573303198899e-01 -6.508334193203377804e-01
1.472688071861874837e-01 -6.507655850352997984e-01
1.450652037865713118e-01 -6.506814174591978306e-01
1.428744565261449440e-01 -6.505810700609137021e-01
1.406966719915536401e-01 -6.504646965551366122e-01
1.385319539760060947e-01 -6.503324508709973362e-01
1.363804034942048549e-01 -6.501844871210223920e-01
1.342421187976040875e-01 -6.500209595704031784e-01
1.321171953900037721e-01 -6.498420226065928507e-01
1.300057260434641648e-01 -6.496478307092290461e-01
1.279078008145471679e-01 -6.494385384203889000e-01
1.258235070608706707e-01 -6.492143003151802372e-01
1.237529294579808314e-01 -6.489752709726738233e-01
1.216961500165323340e-01 -6.487216049471783430e-01
1.196532480997716807e-01 -6.484534567398643201e-01
1.176243004413247140e-01 -6.481709807707402016e-01
1.156093811632750434e-01 -6.478743313509842672e-01
1.136085617945368775e-01 -6.475636626556344755e-01
1.116219112895094068e-01 -6.472391286966436841e-01
1.096494960470148494e-01 -6.469008832963003552e-01
1.076913799295079466e-01 -6.465490800610194100e-01
1.057476242825564072e-01 -6.461838723555064501e-01
1.038182879545840043e-01 -6.458054132772994560e-01
1.019034273168711591e-01 -6.454138556316897368e-01
1.000030962838074911e-01 -6.450093519070256853e-01
9.811734633338975442e-02 -6.445920542504028905e-01
9.624622652795838951e-02 -6.441621144437430502e-01
9.438978353516969122e-02 -6.437196838802627941e-01
9.254806164919163192e-02 -6.432649135413381902e-01
9.072110281212128480e-02 -6.427979539737640469e-01
8.890894663561621503e-02 -6.423189552674117841e-01
8.711163042273314949e-02 -6.418280670332887627e-01
8.532918918996662550e-02 -6.413254383820004012e-01
8.356165568948015210e-02 -6.408112179026139721e-01
8.180906043152547102e-02 -6.402855536419322924e-01
8.007143170704172919e-02 -6.397485930841734225e-01
7.834879561042601415e-02 -6.392004831310578172e-01
7.664117606247006220e-02 -6.386413700823077022e-01
7.494859483345514550e-02 -6.380713996165574553e-01
7.327107156640016994e-02 -6.374907167726758805e-01
7.160862380045060482e-02 -6.368994659315014850e-01
6.996126699440741170e-02 -6.362977907979907588e-01
6.832901455038542515e-02 -6.356858343837827885e-01
6.671187783759147116e-02 -6.350637389901749863e-01
6.510986621622055770e-02 -6.344316461915153749e-01
6.352298706145881324e-02 -6.337896968190086522e-01
6.195124578758634537e-02 -6.331380309449373689e-01
6.039464587217596714e-02 -6.324767878672947763e-01
5.885318888037399665e-02 -6.318061060948334529e-01
5.732687448926393481e-02 -6.311261233325262676e-01
5.581570051229683971e-02 -6.304369764674362386e-01
5.431966292379050709e-02 -6.297388015550020590e-01
5.283875588348452279e-02 -6.290317338057296315e-01
5.137297176114252739e-02 -6.283159075722939413e-01
4.992230116120036088e-02 -6.275914563370468269e-01
4.848673294744790252e-02 -6.268585126999308699e-01
4.706625426774008192e-02 -6.261172083667967403e-01
4.566085057873026098e-02 -6.253676741381226645e-01
4.427050567061760478e-02 -6.246100398981333512e-01
4.289520169189950383e-02 -6.238444346043163780e-01
4.153491917413204559e-02 -6.230709862773341490e-01
4.018963705667458197e-02 -6.222898219913286511e-01
3.885933271143213186e-02 -6.215010678646166742e-01
3.754398196757008366e-02 -6.207048490507725003e-01
3.624355913620852521e-02 -6.199012897300948399e-01
3.495803703508268412e-02 -6.190905131014559082e-01
3.368738701316373318e-02 -6.182726413745296412e-01
3.243157897523715749e-02 -6.174477957623947244e-01
3.119058140642899657e-02 -6.166160964745106554e-01
2.996436139667360554e-02 -6.157776627100599587e-01
2.875288466512132546e-02 -6.149326126516607705e-01
2.755611558447440546e-02 -6.140810634594342510e-01
2.637401720525051063e-02 -6.132231312654354838e-01
2.520655127996296319e-02 -6.123589311684356495e-01
2.405367828721888257e-02 -6.114885772290539201e-01
2.291535745572165217e-02 -6.106121824652374075e-01
2.179154678817923907e-02 -6.097298588480799530e-01
2.068220308510887451e-02 -6.088417172979809777e-01
1.958728196853679049e-02 -6.079478676811362892e-01
1.850673790558332588e-02 -6.070484188063595132e-01
1.744052423192998802e-02 -6.061434784222250460e-01
1.638859317516844216e-02 -6.052331532145340809e-01
1.535089587801979905e-02 -6.043175488040950505e-01
1.432738242142272966e-02 -6.033967697448123779e-01
1.331800184748793692e-02 -6.024709195220856461e-01
1.232270218230985259e-02 -6.015401005515073063e-01
1.134143045863661436e-02 -6.006044141778559275e-01
1.037413273839221661e-02 -5.996639606743847661e-01
9.420754135042952448e-03 -5.987188392423929972e-01
8.481238835812199284e-03 -5.977691480110809419e-01
7.555530123732279169e-03 -5.968149840376819615e-01
6.643570399535947413e-03 -5.958564433078648026e-01
5.745301203378183619e-03 -5.948936207364050599e-01
4.860663236391227215e-03 -5.939266101681146548e-01
3.989596382063309576e-03 -5.929555043790319946e-01
3.132039727443469701e-03 -5.919803950778593782e-01
2.287931584166014165e-03 -5.910013729076502020e-01
1.457209509293566629e-03 -5.900185274477348640e-01
6.398103259745435700e-04 -5.890319472158834779e-01
-1.643298560864425717e-04 -5.880417196706990701e-01
-9.552756203470846863e-04 -5.870479312142367068e-01
-1.733092223339116611e-03 -5.860506671948433333e-01
-2.497845574775281463e-03 -5.850500119102099994e-01
-3.249602217849811847e-03 -5.840460486106388016e-01
-3.988429309740970652e-03 -5.830388595025104426e-01
-4.714394602312266258e-03 -5.820285257519530742e-01
-5.427566423015117714e-03 -5.810151274887068729e-01
-6.128013655998076903e-03 -5.799987438101749104e-01
-6.815805723418499884e-03 -5.789794527856615414e-01
-7.491012566963106689e-03 -5.779573314607882040e-01
-8.153704629576041807e-03 -5.769324558620829713e-01
-8.803952837396877840e-03 -5.759049010017395220e-01
-9.441828581908784379e-03 -5.748747408825407579e-01
-1.006740370229919357e-02 -5.738420485029405160e-01
-1.068075046803068640e-02 -5.728068958623009355e-01
-1.128194156162887207e-02 -5.717693539662754842e-01
-1.187105006168193144e-02 -5.707294928323390915e-01
-1.244814942605571018e-02 -5.696873814954569459e-01
-1.301331347532352911e-02 -5.686430880138886312e-01
-1.356661637641337625e-02 -5.675966794751194922e-01
-1.410813262647020450e-02 -5.665482220019186776e-01
-1.463793703693350157e-02 -5.654977807585184202e-01
-1.515610471783440660e-02 -5.644454199569055586e-01
-1.566271106230632260e-02 -5.633912028632294122e-01
-1.615783173131501993e-02 -5.623351918043102415e-01
-1.664154263860412319e-02 -5.612774481742545118e-01
-1.711391993585759108e-02 -5.602180324411643042e-01
-1.757503999807702444e-02 -5.591570041539430935e-01
-1.802497940917724417e-02 -5.580944219491865699e-01
-1.846381494779736343e-02 -5.570303435581611673e-01
-1.889162357332579978e-02 -5.559648258138613075e-01
-1.930848241214078165e-02 -5.548979246581433600e-01
-1.971446874406529437e-02 -5.538296951489307673e-01
-2.010965998903468943e-02 -5.527601914674892258e-01
-2.049413369397862228e-02 -5.516894669257625949e-01
-2.086796751991437660e-02 -5.506175739737717567e-01
-2.123123922925135298e-02 -5.495445642070674319e-01
-2.158402667330561187e-02 -5.484704883742381742e-01
-2.192640778002669100e-02 -5.473953963844626625e-01
-2.225846054192748280e-02 -5.463193373151120635e-01
-2.258026300422838473e-02 -5.452423594193884782e-01
-2.289189325320228896e-02 -5.441645101340056856e-01
-2.319342940472740588e-02 -5.430858360869013080e-01
-2.348494959304509022e-02 -5.420063831049796166e-01
-2.376653195971872856e-02 -5.409261962218842035e-01
-2.403825464279413238e-02 -5.398453196857935232e-01
-2.430019576616354593e-02 -5.387637969672351979e-01
-2.455243342912322158e-02 -5.376816707669216377e-01
-2.479504569613433240e-02 -5.365989830235990965e-01
-2.502811058677600897e-02 -5.355157749219059404e-01
-2.525170606589527411e-02 -5.344320869002439078e-01
-2.546591003395054509e-02 -5.333479586586507004e-01
-2.567080031754370717e-02 -5.322634291666790141e-01
-2.586645466014708683e-02 -5.311785366712733492e-01
-2.605295071301694243e-02 -5.300933187046448225e-01
-2.623036602629136294e-02 -5.290078120921428706e-01
-2.639877804028012420e-02 -5.279220529601139633e-01
-2.655826407693134827e-02 -5.268360767437558767e-01
-2.670890133148534629e-02 -5.257499181949558675e-01
-2.685076686430726278e-02 -5.246636113901139709e-01
-2.698393759289741123e-02 -5.235771897379493112e-01
-2.710849028408102157e-02 -5.224906859872864295e-01
-2.722450154637151565e-02 -5.214041322348195173e-01
-2.733204782250786558e-02 -5.203175599328536682e-01
-2.743120538216553550e-02 -5.192309998970173757e-01
-2.752205031483390130e-02 -5.181444823139502720e-01
-2.760465852286558830e-02 -5.170580367489571172e-01
-2.767910571469051062e-02 -5.159716921536324774e-01
-2.774546739819500063e-02 -5.148854768734507648e-01
-2.780381887426336407e-02 -5.137994186553194176e-01
-2.785423523048141670e-02 -5.127135446550967757e-01
-2.789679133499950447e-02 -5.116278814450690993e-01
-2.793156183055178765e-02 -5.105424550213870649e-01
-2.795862112863128912e-02 -5.094572908114622933e-01
-2.797804340382015198e-02 -5.083724136813163597e-01
-2.798990258827038780e-02 -5.072878479428898357e-01
-2.799427236633511562e-02 -5.062036173612987078e-01
-2.799122616934962560e-02 -5.051197451620477175e-01
-2.798083717055588338e-02 -5.040362540381932988e-01
-2.796317828017402807e-02 -5.029531661574553336e-01
-2.793832214061603425e-02 -5.018705031692775043e-01
-2.790634112184109394e-02 -5.007882862118367973e-01
-2.786730731684877727e-02 -4.997065359189954981e-01
-2.782129253730991625e-02 -4.986252724272053349e-01
-2.776836830933460121e-02 -4.975445153823460087e-01
-2.770860586937151648e-02 -4.964642839465175372e-01
-2.764207616024100256e-02 -4.953845968047676518e-01
-2.756884982729745914e-02 -4.943054721717649591e-01
-2.748899721472103375e-02 -4.932269277984097644e-01
-2.740258836193520953e-02 -4.921489809783884395e-01
-2.730969300014862711e-02 -4.910716485546652299e-01
-2.721038054902180647e-02 -4.899949469259125556e-01
-2.710472011345305132e-02 -4.889188920528818594e-01
-2.699278048048575629e-02 -4.878434994647097289e-01
-2.687463011633384191e-02 -4.867687842651609031e-01
-2.675033716352148705e-02 -4.856947611388106045e-01
-2.661996943813899064e-02 -4.846214443571597030e-01
-2.648359442721037738e-02 -4.835488477846893174e-01
-2.634127928617380210e-02 -4.824769848848464715e-01
-2.619309083646892411e-02 -4.814058687259693547e-01
-2.603909556323530383e-02 -4.803355119871434153e-01
-2.587935961311366162e-02 -4.792659269639950037e-01
-2.571394879215510576e-02 -4.781971255744160154e-01
-2.554292856382989196e-02 -4.771291193642268613e-01
-2.536636404714065485e-02 -4.760619195127698822e-01
-2.518432001483345006e-02 -4.749955368384368715e-01
-2.499686089170821690e-02 -4.739299818041334822e-01
-2.480405075302521967e-02 -4.728652645226710804e-01
-2.460595332300702376e-02 -4.718013947621008675e-01
-2.440263197343345292e-02 -4.707383819509732836e-01
-2.419414972233097094e-02 -4.696762351835344629e-01
-2.398056923274954899e-02 -4.686149632248583496e-01
-2.376195281163040463e-02 -4.675545745159095379e-01
-2.353836240876261421e-02 -4.664950771785402184e-01
-2.330985961582332511e-02 -4.654364790204231217e-01
-2.307650566550534244e-02 -4.643787875399166820e-01
-2.283836143072581759e-02 -4.633220099308659745e-01
-2.259548742392081255e-02 -4.622661530873359848e-01
-2.234794379641535933e-02 -4.612112236082820949e-01
-2.209579033787723024e-02 -4.601572278021549001e-01
-2.183908647584664742e-02 -4.591041716914390225e-01
-2.157789127534309737e-02 -4.580520610171285867e-01
-2.131226343854747407e-02 -4.570009012431395234e-01
-2.104226130455860710e-02 -4.559506975606552048e-01
-2.076794284922128808e-02 -4.549014548924118495e-01
-2.048936568502812694e-02 -4.538531778969189245e-01
-2.020658706108874325e-02 -4.528058709726185405e-01
-1.991966386317045590e-02 -4.517595382619801203e-01
-1.962865261380508652e-02 -4.507141836555359493e-01
-1.933360947246326456e-02 -4.496698107958537749e-01
-1.903459023579467946e-02 -4.486264230814482890e-01
-1.873165033793000589e-02 -4.475840236706331021e-01
-1.842484485084894263e-02 -4.465426154853142093e-01
-1.811422848480770398e-02 -4.455022012147200616e-01
-1.779985558882968277e-02 -4.444627833190762933e-01
-1.748178015125317897e-02 -4.434243640332194980e-01
-1.716005580033930222e-02 -4.423869453701563259e-01
-1.683473580493716204e-02 -4.413505291245626294e-01
-1.650587307520479108e-02 -4.403151168762267087e-01
-1.617352016338630127e-02 -4.392807099934363246e-01
-1.583772926464221964e-02 -4.382473096363110887e-01
-1.549855221793378091e-02 -4.372149167600796194e-01
-1.515604050696001126e-02 -4.361835321182999659e-01
-1.481024526114477213e-02 -4.351531562660308494e-01
-1.446121725667465219e-02 -4.341237895629457277e-01
-1.410900691758570913e-02 -4.330954321763975656e-01
-1.375366431689944990e-02 -4.320680840844297599e-01
-1.339523917780505169e-02 -4.310417450787362159e-01
-1.303378087488860082e-02 -4.300164147675729076e-01
-1.266933843540835047e-02 -4.289920925786167016e-01
-1.230196054061249988e-02 -4.279687777617768862e-01
-1.193169552710299230e-02 -4.269464693919589049e-01
-1.155859138824033572e-02 -4.259251663717785741e-01
-1.118269577559127814e-02 -4.249048674342309484e-01
-1.080405600041739467e-02 -4.238855711453107245e-01
-1.042271903520380905e-02 -4.228672759065901232e-01
-1.003873151522571838e-02 -4.218499799577488663e-01
-9.652139740156551184e-03 -4.208336813790615194e-01
-9.262989675710042725e-03 -4.198183780938419263e-01
-8.871326955323166619e-03 -4.188040678708420117e-01
-8.477196881870485701e-03 -4.177907483266130595e-01
-8.080644429418859520e-03 -4.167784169278207496e-01
-7.681714245011683762e-03 -4.157670709935228359e-01
-7.280450650491043785e-03 -4.147567076974066902e-01
-6.876897644349622141e-03 -4.137473240699864330e-01
-6.471098903616301357e-03 -4.127389170007622621e-01
-6.063097785773408077e-03 -4.117314832403419222e-01
-5.652937330703711183e-03 -4.107250194025270362e-01
-5.240660262668062064e-03 -4.097195219663595789e-01
-4.826308992312955404e-03 -4.087149872781357662e-01
-4.409925618704346739e-03 -4.077114115533848615e-01
-3.991551931392167685e-03 -4.067087908788124540e-01
-3.571229412499321576e-03 -4.057071212142132621e-01
-3.148999238839933490e-03 -4.047063983943474663e-01
-2.724902284061636593e-03 -4.037066181307887858e-01
-2.298979120812838506e-03 -4.027077760137395823e-01
-1.871270022935467292e-03 -4.017098675138158215e-01
-1.441814967680477011e-03 -4.007128879838044444e-01
-1.010653637948721872e-03 -3.997168326603875999e-01
-5.778254245508707143e-04 -3.987216966658436723e-01
-1.433694284930786544e-04 -3.977274750097158362e-01
2.926755367190225776e-04 -3.967341625904585167e-01
7.302709427542963816e-04 -3.957417541970550401e-01
1.169378544110200036e-03 -3.947502445106111368e-01
1.609960375746288808e-03 -3.937596281059223546e-01
2.051978750701510812e-03 -3.927698994530200993e-01
2.495396257690796205e-03 -3.917810529186922519e-01
2.940175758684937524e-03 -3.907930827679824137e-01
3.386280386472706461e-03 -3.898059831656669472e-01
3.833673542207982621e-03 -3.888197481777105891e-01
4.282318892938674626e-03 -3.878343717727039675e-01
4.732180369121818941e-03 -3.868498478232779147e-01
5.183222162123524157e-03 -3.858661701075009054e-01
5.635408721704204815e-03 -3.848833323102585635e-01
6.088704753490714605e-03 -3.839013280246135751e-01
6.543075216434102170e-03 -3.829201507531498350e-01
6.998485320255820596e-03 -3.819397939093009953e-01
7.454900522882224045e-03 -3.809602508186620273e-01
7.912286527865353136e-03 -3.799815147202854071e-01
8.370609281795282630e-03 -3.790035787679649770e-01
8.829834971699312973e-03 -3.780264360315034322e-01
9.289930022433778856e-03 -3.770500794979699810e-01
9.750861094064311452e-03 -3.760745020729413524e-01
1.021259507923799603e-02 -3.750996965817349205e-01
1.067509910054686983e-02 -3.741256557706283958e-01
1.113834050788392593e-02 -3.731523723080698574e-01
1.160228687578962470e-02 -3.721798387858759050e-01
1.206690600079562969e-02 -3.712080477204247053e-01
1.253216589875705278e-02 -3.702369915538344936e-01
1.299803480218186813e-02 -3.692666626551385223e-01
1.346448115755527475e-02 -3.682970533214513509e-01
1.393147362265584333e-02 -3.673281557791246987e-01
1.439898106387077492e-02 -3.663599621849032983e-01
1.486697255350516444e-02 -3.653924646270689802e-01
1.533541736708743386e-02 -3.644256551265809829e-01
1.580428498067376619e-02 -3.634595256382144868e-01
1.627354506814704393e-02 -3.624940680516903213e-01
1.674316749851684216e-02 -3.615292741928047837e-01
1.721312233321448115e-02 -3.605651358245536287e-01
1.768337982338979986e-02 -3.596016446482542817e-01
1.815391040720615301e-02 -3.586387923046682746e-01
1.862468470713479762e-02 -3.576765703751177972e-01
1.909567352724983458e-02 -3.567149703826041351e-01
1.956684785052370534e-02 -3.557539837929243887e-01
2.003817883612446504e-02 -3.547936020157892445e-01
2.050963781671449881e-02 -3.538338164059394164e-01
2.098119629575023737e-02 -3.528746182642633067e-01
2.145282594478659099e-02 -3.519159988389179428e-01
2.192449860078238277e-02 -3.509579493264491923e-01
2.239618626341061125e-02 -3.500004608729158639e-01
2.286786109237187725e-02 -3.490435245750148630e-01
2.333949540471297324e-02 -3.480871314812122863e-01
2.381106167214852576e-02 -3.471312725928735743e-01
2.428253251839135318e-02 -3.461759388654029879e-01
2.475388071648498833e-02 -3.452211212093834192e-01
2.522507918614497191e-02 -3.442668104917224747e-01
2.569610099110525292e-02 -3.433129975368043318e-01
2.616691933647286028e-02 -3.423596731276458138e-01
2.663750756608956882e-02 -3.414068280070602368e-01
2.710783915990094828e-02 -3.404544528788244762e-01
2.757788773133573734e-02 -3.395025384088571352e-01
2.804762702469315583e-02 -3.385510752264014322e-01
2.851703091253859901e-02 -3.376000539252143051e-01
2.898607339311137787e-02 -3.366494650647653963e-01
2.945472858774023095e-02 -3.356992991714433661e-01
2.992297073827215881e-02 -3.347495467397713642e-01
3.039077420451086198e-02 -3.338001982336300522e-01
3.085811346166661417e-02 -3.328512440874905054e-01
3.132496309781995780e-02 -3.319026747076571082e-01
3.179129781139544697e-02 -3.309544804735180534e-01
3.225709240865098915e-02 -3.300066517388092757e-01
3.272232180117917721e-02 -3.290591788328850464e-01
3.318696100342205524e-02 -3.281120520620017800e-01
3.365098513020187143e-02 -3.271652617106110550e-01
3.411436939426559789e-02 -3.262187980426657363e-01
3.457708910384443834e-02 -3.252726513029344790e-01
3.503911966022976721e-02 -3.243268117183301102e-01
3.550043655536483378e-02 -3.233812694992491688e-01
3.596101536945295329e-02 -3.224360148409243232e-01
3.642083176858318394e-02 -3.214910379247864491e-01
3.687986150237382299e-02 -3.205463289198435817e-01
3.733808040163216768e-02 -3.196018779840683610e-01
3.779546437603437115e-02 -3.186576752657996336e-01
3.825198941182345047e-02 -3.177137109051583752e-01
3.870763156952777839e-02 -3.167699750354764920e-01
3.916236698169617281e-02 -3.158264577847377241e-01
3.961617185065752222e-02 -3.148831492770331475e-01
4.006902244629756416e-02 -3.139400396340303878e-01
4.052089510385825655e-02 -3.129971189764569894e-01
4.097176622175824345e-02 -3.120543774255966074e-01
4.142161225943657987e-02 -3.111118051048008537e-01
4.187040973521677367e-02 -3.101693921410141330e-01
4.231813522419530793e-02 -3.092271286663142993e-01
4.276476535615336694e-02 -3.082850048194664683e-01
4.321027681349104421e-02 -3.073430107474920403e-01
4.365464632918769627e-02 -3.064011366072523224e-01
4.409785068478616621e-02 -3.054593725670470272e-01
4.453986670840082152e-02 -3.045177088082272610e-01
4.498067127275401367e-02 -3.035761355268242756e-01
4.542024129323601889e-02 -3.026346429351916001e-01
4.585855372599217938e-02 -3.016932212636636024e-01
4.629558556603785568e-02 -3.007518607622288731e-01
4.673131384540013533e-02 -2.998105517022188193e-01
4.716571563128701960e-02 -2.988692843780099695e-01
4.759876802428442133e-02 -2.979280491087422655e-01
4.803044815658452649e-02 -2.969868362400550632e-01
4.846073319023924686e-02 -2.960456361458317920e-01
4.888960031544703488e-02 -2.951044392299678742e-01
4.931702674886762061e-02 -2.941632359281471931e-01
4.974298973196739082e-02 -2.932220167096369901e-01
5.016746652939624296e-02 -2.922807720790968067e-01
5.059043442739574736e-02 -2.913394925784023037e-01
5.101187073223850676e-02 -2.903981687884842899e-01
5.143175276870037838e-02 -2.894567913311822394e-01
5.185005787856578063e-02 -2.885153508711157389e-01
5.226676341916425272e-02 -2.875738381175633740e-01
5.268184676194259675e-02 -2.866322438263655403e-01
5.309528529106988248e-02 -2.856905588018339159e-01
5.350705640207703562e-02 -2.847487738986806960e-01
5.391713750053189758e-02 -2.838068800239595957e-01
5.432550600074814717e-02 -2.828648681390221187e-01
5.473213932453069308e-02 -2.819227292614873703e-01
5.513701489995787020e-02 -2.809804544672266369e-01
5.554011016019944069e-02 -2.800380348923617313e-01
5.594140254237051080e-02 -2.790954617352756628e-01
5.634086948642547110e-02 -2.781527262586405147e-01
5.673848843408618725e-02 -2.772098197914533713e-01
5.713423682781237911e-02 -2.762667337310915627e-01
5.752809210980630583e-02 -2.753234595453761258e-01
5.792003172106058306e-02 -2.743799887746512511e-01
5.831003310044202692e-02 -2.734363130338740566e-01
5.869807368381707580e-02 -2.724924240147197363e-01
5.908413090321795735e-02 -2.715483134876965909e-01
5.946818218604754680e-02 -2.706039733042757689e-01
5.985020495432696874e-02 -2.696593953990295001e-01
6.023017662398255645e-02 -2.687145717917831522e-01
6.060807460417788617e-02 -2.677694945897804435e-01
6.098387629668455823e-02 -2.668241559898560933e-01
6.135755909529744256e-02 -2.658785482806219624e-01
6.172910038529227927e-02 -2.649326638446637405e-01
6.209847754292718847e-02 -2.639864951607485688e-01
6.246566793498609105e-02 -2.630400348060401572e-01
6.283064891836803723e-02 -2.620932754583268909e-01
6.319339783972088842e-02 -2.611462098982596514e-01
6.355389203511829788e-02 -2.601988310115959102e-01
6.391210882978271002e-02 -2.592511317914572566e-01
6.426802553785365690e-02 -2.583031053405906441e-01
6.462161946220223996e-02 -2.573547448736436816e-01
6.497286789429151943e-02 -2.564060437194449205e-01
6.532174811408236748e-02 -2.554569953232910806e-01
6.566823738998772697e-02 -2.545075932492443793e-01
6.601231297887349969e-02 -2.535578311824365771e-01
6.635395212610534221e-02 -2.526077029313780753e-01
6.669313206564564389e-02 -2.516572024302751176e-01
6.702983002019746728e-02 -2.507063237413538759e-01
6.736402320139600608e-02 -2.497550610571890872e-01
6.769568881004989214e-02 -2.488034087030381869e-01
6.802480403643129669e-02 -2.478513611391816029e-01
6.835134606061465945e-02 -2.468989129632667145e-01
6.867529205286498906e-02 -2.459460589126560848e-01
6.899661917407673428e-02 -2.449927938667822991e-01
6.931530457626239317e-02 -2.440391128495032480e-01
6.963132540309074914e-02 -2.430850110314618229e-01
6.994465879047623291e-02 -2.421304837324489423e-01
7.025528186721896606e-02 -2.411755264237687713e-01
7.056317175569604139e-02 -2.402201347306053281e-01
7.086830557260392904e-02 -2.392643044343921166e-01
7.117066042975239704e-02 -2.383080314751821749e-01
7.147021343490983503e-02 -2.373513119540179572e-01
7.176694169270103618e-02 -2.363941421353034644e-01
7.206082230555682644e-02 -2.354365184491759577e-01
7.235183237471598527e-02 -2.344784374938762850e-01
7.263994900127940246e-02 -2.335198960381182354e-01
7.292514928731741453e-02 -2.325608910234583104e-01
7.320741033702993228e-02 -2.316014195666619147e-01
7.348670925795891540e-02 -2.306414789620682693e-01
7.376302316225485933e-02 -2.296810666839525228e-01
7.403632916799601782e-02 -2.287201803888845031e-01
7.430660440056113814e-02 -2.277588179180844719e-01
7.457382599405582013e-02 -2.267969772997737166e-01
7.483797109279199944e-02 -2.258346567515219505e-01
7.509901685282260875e-02 -2.248718546825895503e-01
7.535694044352819754e-02 -2.239085696962633265e-01
7.561171904925872989e-02 -2.229448005921879916e-01
7.586332987102972769e-02 -2.219805463686902458e-01
7.611175012827087194e-02 -2.210158062250964506e-01
7.635695706062978205e-02 -2.200505795640420592e-01
7.659892792983030718e-02 -2.190848659937746912e-01
7.683764002158460782e-02 -2.181186653304492407e-01
7.707307064755819503e-02 -2.171519776004113833e-01
7.730519714739209070e-02 -2.161848030424755873e-01
7.753399689077672408e-02 -2.152171421101912729e-01
7.775944727958017388e-02 -2.142489954740981473e-01
7.798152575003164388e-02 -2.132803640239726017e-01
7.820020977495956149e-02 -2.123112488710635071e-01
7.841547686608185685e-02 -2.113416513503136307e-01
7.862730457635130898e-02 -2.103715730225698688e-01
7.883567050235551488e-02 -2.094010156767833475e-01
7.904055228676953870e-02 -2.084299813321924544e-01
7.924192762086273989e-02 -2.074584722404949899e-01
7.943977424706077928e-02 -2.064864908880060801e-01
7.963406996155797390e-02 -2.055140399977997134e-01
7.982479261698605111e-02 -2.045411225318357618e-01
8.001192012513524965e-02 -2.035677416930740113e-01
8.019543045972749029e-02 -2.025939009275672387e-01
8.037530165924411385e-02 -2.016196039265420181e-01
8.055151182980530011e-02 -2.006448546284597123e-01
8.072403914810238890e-02 -1.996696572210621135e-01
8.089286186438365833e-02 -1.986940161433974061e-01
8.105795830548878644e-02 -1.977179360878266456e-01
8.121930687793899040e-02 -1.967414220020127225e-01
8.137688607107756988e-02 -1.957644790908905086e-01
8.153067446026124321e-02 -1.947871128186152156e-01
8.168065071010166545e-02 -1.938093289104892980e-01
8.182679357776057039e-02 -1.928311333548716755e-01
8.196908191629281859e-02 -1.918525324050620040e-01
8.210749467803996060e-02 -1.908735325811641848e-01
8.224201091807475938e-02 -1.898941406719275582e-01
8.237260979769439606e-02 -1.889143637365657824e-01
8.249927058796169277e-02 -1.879342091065474285e-01
8.262197267329768335e-02 -1.869536843873718657e-01
8.274069555511931462e-02 -1.859727974603097578e-01
8.285541885552644148e-02 -1.849915564841253524e-01
8.296612232103678375e-02 -1.840099698967728736e-01
8.307278582636667963e-02 -1.830280464170625787e-01
8.317538937825996737e-02 -1.820457950463066910e-01
8.327391311935988805e-02 -1.810632250699310553e-01
8.336833733212906106e-02 -1.800803460590651994e-01
8.345864244281414601e-02 -1.790971678721026139e-01
8.354480902545352583e-02 -1.781137006562299174e-01
8.362681780593012038e-02 -1.771299548489314868e-01
8.370464966606733226e-02 -1.761459411794602525e-01
8.377828564776729214e-02 -1.751616706702824877e-01
8.384770695719112599e-02 -1.741771546384892622e-01
8.391289496898096667e-02 -1.731924046971773379e-01
8.397383123052337695e-02 -1.722074327568000607e-01
8.403049746625168570e-02 -1.712222510264849451e-01
8.408287558198929146e-02 -1.702368720153202841e-01
8.413094766933104651e-02 -1.692513085336073420e-01
8.417469601006194457e-02 -1.682655736940784352e-01
8.421410308061499927e-02 -1.672796809130840945e-01
8.424915155656464982e-02 -1.662936439117439769e-01
8.427982431715586031e-02 -1.653074767170620851e-01
8.430610444986852414e-02 -1.643211936630080139e-01
8.432797525501767311e-02 -1.633348093915626409e-01
8.434542025038471724e-02 -1.623483388537259597e-01
8.435842317588232442e-02 -1.613617973104879699e-01
8.436696799825199600e-02 -1.603752003337646781e-01
8.437103891579200710e-02 -1.593885638072946032e-01
8.437062036311376856e-02 -1.584019039274943697e-01
8.436569701592999682e-02 -1.574152372042810222e-01
8.435625379586914052e-02 -1.564285804618493758e-01
8.434227587531833992e-02 -1.554419508394133953e-01
8.432374868229086662e-02 -1.544553657919056078e-01
8.430065790532093040e-02 -1.534688430906347989e-01
8.427298949838163411e-02 -1.524824008239042961e-01
8.424072968582552168e-02 -1.514960573975864810e-01
8.420386496734821868e-02 -1.505098315356543648e-01
8.416238212297350030e-02 -1.495237422806725003e-01
8.411626821805806564e-02 -1.485378089942436253e-01
8.406551060831329858e-02 -1.475520513574082315e-01
8.401009694484862234e-02 -1.465664893710035277e-01
8.395001517922784373e-02 -1.455811433559749679e-01
8.388525356854248383e-02 -1.445960339536409012e-01
8.381580068050098475e-02 -1.436111821259153931e-01
8.374164539852724243e-02 -1.426266091554778404e-01
8.366277692687390521e-02 -1.416423366459008126e-01
8.357918479574605319e-02 -1.406583865217263807e-01
8.349085886643170529e-02 -1.396747810284929558e-01
8.339778933644365067e-02 -1.386915427327173322e-01
8.329996674466588757e-02 -1.377086945218230774e-01
8.319738197650644596e-02 -1.367262596040193512e-01
8.309002626905270805e-02 -1.357442615081279336e-01
8.297789121623105890e-02 -1.347627240833602080e-01
8.286096877396792459e-02 -1.337816714990416600e-01
8.273925126534742436e-02 -1.328011282442795593e-01
8.261273138577240882e-02 -1.318211191275826255e-01
8.248140220811855938e-02 -1.308416692764232392e-01
8.234525718788487936e-02 -1.298628041367430597e-01
8.220429016833963320e-02 -1.288845494724067398e-01
8.205849538565723744e-02 -1.279069313645972705e-01
8.190786747404599222e-02 -1.269299762111532059e-01
8.175240147086637599e-02 -1.259537107258498212e-01
8.159209282173568445e-02 -1.249781619376206798e-01
8.142693738561951333e-02 -1.240033571897192766e-01
8.125693143991014056e-02 -1.230293241388249192e-01
8.108207168548220434e-02 -1.220560907540796935e-01
8.090235525173566922e-02 -1.210836853160714988e-01
8.071777970161603255e-02 -1.201121364157526905e-01
8.052834303661110527e-02 -1.191414729532928596e-01
8.033404370172630982e-02 -1.181717241368692717e-01
8.013488059043305523e-02 -1.172029194813938857e-01
7.993085304959091086e-02 -1.162350888071732868e-01
7.972196088434091443e-02 -1.152682622385035882e-01
7.950820436296707205e-02 -1.143024702021956940e-01
7.928958422172532883e-02 -1.133377434260336991e-01
7.906610166964056496e-02 -1.123741129371655378e-01
7.883775839326323531e-02 -1.114116100604208015e-01
7.860455656139408998e-02 -1.104502664165624426e-01
7.836649882976209902e-02 -1.094901139204603191e-01
7.812358834566601740e-02 -1.085311847791981810e-01
7.787582875257098580e-02 -1.075735114901042455e-01
7.762322419465794709e-02 -1.066171268387067217e-01
7.736577932132748803e-02 -1.056620638966158932e-01
7.710349929165410954e-02 -1.047083560193271534e-01
7.683638977878959331e-02 -1.037560368439512382e-01
7.656445697431252251e-02 -1.028051402868608022e-01
7.628770759252290201e-02 -1.018557005412616401e-01
7.600614887467982417e-02 -1.009077520746814172e-01
7.571978859318001520e-02 -9.996132962637713226e-02
7.542863505567704019e-02 -9.901646820466436516e-02
7.513269710913461630e-02 -9.807320308415645727e-02
7.483198414381792007e-02 -9.713156980292594889e-02
7.452650609721450659e-02 -9.619160415957447863e-02
7.421627345789094665e-02 -9.525334221022294101e-02
7.390129726927419096e-02 -9.431682026540896824e-02
7.358158913336287910e-02 -9.338207488689942437e-02
7.325716121436243178e-02 -9.244914288441188899e-02
7.292802624224309360e-02 -9.151806131224532459e-02
7.259419751621998262e-02 -9.058886746582123228e-02
7.225568890815198264e-02 -8.966159887813152096e-02
7.191251486585642505e-02 -8.873629331609117488e-02
7.156469041634105910e-02 -8.781298877680004944e-02
7.121223116894703775e-02 -8.689172348370549637e-02
7.085515331840391839e-02 -8.597253588267070312e-02
7.049347364779340319e-02 -8.505546463794469436e-02
7.012720953142220770e-02 -8.414054862803588275e-02
6.975637893759639718e-02 -8.322782694148259108e-02
6.938100043130251970e-02 -8.231733887252670745e-02
6.900109317678654319e-02 -8.140912391668234105e-02
6.861667694003681373e-02 -8.050322176620722248e-02
6.822777209115932218e-02 -7.959967230546630135e-02
6.783439960665305080e-02 -7.869851560619381403e-02
6.743658107157479709e-02 -7.779979192264940835e-02
6.703433868160063591e-02 -7.690354168667024037e-02
6.662769524497202944e-02 -7.600980550261257629e-02
6.621667418433352381e-02 -7.511862414218967166e-02
6.580129953845764712e-02 -7.423003853920148720e-02
6.538159596385090255e-02 -7.334408978415246638e-02
6.495758873624468688e-02 -7.246081911876192660e-02
6.452930375196819224e-02 -7.158026793036373348e-02
6.409676752919940546e-02 -7.070247774619542458e-02
6.366000720909287258e-02 -6.982749022757347990e-02
6.321905055678667118e-02 -6.895534716395992914e-02
6.277392596228054122e-02 -6.808609046691221911e-02
6.232466244119000409e-02 -6.721976216392369641e-02
6.187128963536969728e-02 -6.635640439214790520e-02
6.141383781340775672e-02 -6.549605939200925375e-02
6.095233787098786049e-02 -6.463876950069932792e-02
6.048682133111982218e-02 -6.378457714555904601e-02
6.001732034423412632e-02 -6.293352483734468428e-02
5.954386768814179387e-02 -6.208565516337866130e-02
5.906649676785757919e-02 -6.124101078058610814e-02
5.858524161528394503e-02 -6.039963440841478182e-02
5.810013688875731441e-02 -5.956156882164048705e-02
5.761121787245110371e-02 -5.872685684305431475e-02
5.711852047563953372e-02 -5.789554133603735941e-02
5.662208123181816655e-02 -5.706766519701944596e-02
5.612193729768139017e-02 -5.624327134782325377e-02
5.561812645195135518e-02 -5.542240272788895306e-02
5.511068709406580224e-02 -5.460510228639109398e-02
5.459965824271889590e-02 -5.379141297423778445e-02
5.408507953425184533e-02 -5.298137773595662514e-02
5.356699122089825238e-02 -5.217503950146740177e-02
5.304543416887946838e-02 -5.137244117774375507e-02
5.252044985634984897e-02 -5.057362564036055330e-02
5.199208037119529280e-02 -4.977863572493462785e-02
5.146036840867557194e-02 -4.898751421844976806e-02
5.092535726892230552e-02 -4.820030385047863186e-02
5.038709085427978129e-02 -4.741704728429246840e-02
4.984561366649831182e-02 -4.663778710786659065e-02
4.930097080377043861e-02 -4.586256582477632460e-02
4.875320795762017045e-02 -4.509142584499370443e-02
4.820237140963751221e-02 -4.432440947557891864e-02
4.764850802805811747e-02 -4.356155891126844981e-02
4.709166526419195087e-02 -4.280291622496473769e-02
4.653189114869957232e-02 -4.204852335812858666e-02
4.596923428771626519e-02 -4.129842211107492833e-02
4.540374385881920660e-02 -4.055265413317021839e-02
4.483546960684695049e-02 -3.981126091294201474e-02
4.426446183956242453e-02 -3.907428376809379822e-02
4.369077142316746265e-02 -3.834176383543413946e-02
4.311444977766076825e-02 -3.761374206071621540e-02
4.253554887204874513e-02 -3.689025918839555773e-02
4.195412121940281236e-02 -3.617135575130553393e-02
4.137021987176509041e-02 -3.545707206025194846e-02
4.078389841490606682e-02 -3.474744819353264846e-02
4.019521096292952289e-02 -3.404252398638074606e-02
3.960421215273030038e-02 -3.334233902033834074e-02
3.901095713830493583e-02 -3.264693261256196299e-02
3.841550158490888989e-02 -3.195634380505935068e-02
3.781790166307213985e-02 -3.127061135386643986e-02
3.721821404246586362e-02 -3.058977371816379298e-02
3.661649588562237989e-02 -2.991386904933579505e-02
3.601280484151356265e-02 -2.924293517997877956e-02
3.540719903897998622e-02 -2.857700961285575270e-02
3.479973708002237487e-02 -2.791612950980931762e-02
3.419047803294811283e-02 -2.726033168062852452e-02
3.357948142537420244e-02 -2.660965257187608568e-02
3.296680723709594085e-02 -2.596412825568344962e-02
3.235251589281018525e-02 -2.532379441851068114e-02
3.173666825470555786e-02 -2.468868634988108379e-02
3.111932561491057014e-02 -2.405883893108873295e-02
3.050054968780838149e-02 -2.343428662388835626e-02
2.988040260221858091e-02 -2.281506345916994860e-02
2.925894689344099575e-02 -2.220120302561917613e-02
2.863624549516888274e-02 -2.159273845837111905e-02
2.801236173127116813e-02 -2.098970242766179384e-02
2.738735930744318203e-02 -2.039212712747928702e-02
2.676130230273049415e-02 -1.980004426422232733e-02
2.613425516092063305e-02 -1.921348504536468660e-02
2.550628268181212577e-02 -1.863248016813923158e-02
2.487745001235630582e-02 -1.805705980823663070e-02
2.424782263767721879e-02 -1.748725360853203847e-02
2.361746637196429632e-02 -1.692309066783564964e-02
2.298644734924573663e-02 -1.636459952967816989e-02
2.235483201404284137e-02 -1.581180817113597703e-02
2.172268711190350476e-02 -1.526474399169680529e-02
2.109007967981879617e-02 -1.472343380217427944e-02
2.045707703651883369e-02 -1.418790381367251996e-02
1.982374677266096619e-02 -1.365817962661258766e-02
1.919015674089719070e-02 -1.313428621981793665e-02
1.855637504583090847e-02 -1.261624793966803493e-02
1.792247003386293613e-02 -1.210408848932531534e-02
1.728851028292691105e-02 -1.159783091804006405e-02
1.665456459211411833e-02 -1.109749761053646644e-02
1.602070197119251360e-02 -1.060311027648830340e-02
1.538699163001860937e-02 -1.011468994008674072e-02
1.475350296784280757e-02 -9.632256929706373150e-03
1.412030556251292479e-02 -9.155830867675573970e-03
1.348746915957305115e-02 -8.685430660153981020e-03
1.285506366126271116e-02 -8.221074487125390462e-03
1.222315911541405065e-02 -7.762779792508611720e-03
1.159182570425140724e-02 -7.310563274393389044e-03
1.096113373309190453e-02 -6.864440875404775877e-03
1.033115361895045603e-02 -6.424427773203178482e-03
9.701955879050289111e-03 -5.990538371124121131e-03
9.073611119237212641e-03 -5.562786288962728865e-03
8.446190022304761458e-03 -5.141184353909533655e-03
7.819763336224250239e-03 -4.725744591640657077e-03
7.194401862287064242e-03 -4.316478217569252873e-03
6.570176443156217072e-03 -3.913395628261928660e-03
5.947157950834613960e-03 -3.516506393029084077e-03
5.325417274542804114e-03 -3.125819245687833092e-03
4.705025308512467141e-03 -2.741342076507502501e-03
4.086052939699574837e-03 -2.363081924342369522e-03
3.468571035410511483e-03 -1.991044968953192829e-03
2.852650430854447583e-03 -1.625236523529360877e-03
2.238361916609116209e-03 -1.265661027406883576e-03
1.625776226013286863e-03 -9.123220389968822452e-04
1.014964022481024131e-03 -5.652222289224684282e-04
4.059958867424495743e-04 -2.243633733730598934e-04
-2.010576959897980576e-04 1.102536523213126785e-04
-8.061263489255454662e-04 4.386288798900461749e-04
-1.409139816672566603e-03 7.607632540926334563e-04
-2.010027978279760319e-03 1.076658638453575900e-03
-2.608720860348107129e-03 1.386317820758709018e-03
-3.205148650206296468e-03 1.689744518308167187e-03
-3.799241709148554191e-03 1.986943382919215129e-03
-4.390930585737334857e-03 2.277920005679834325e-03
-4.980146029161497401e-03 2.562680921442073156e-03
-5.566819002655848392e-03 2.841233613056770579e-03
-6.150880696972005346e-03 3.113586515340327487e-03
-6.732262543908684727e-03 3.379749018775857206e-03
-7.310896229888647069e-03 3.639731472937335344e-03
-7.886713709588211163e-03 3.893545189639302517e-03
-8.459647219611760027e-03 4.141202445803349175e-03
-9.029629292211960312e-03 4.382716486040827419e-03
-9.596592769054251848e-03 4.618101524947737513e-03
-1.016047081501827987e-02 4.847372749106237944e-03
-1.072119693203887891e-02 5.070546318791058216e-03
-1.127870497298144592e-02 5.287639369378094312e-03
-1.183292915555106406e-02 5.498670012449802247e-03
-1.238380407622924340e-02 5.703657336595946425e-03
-1.293126472423733464e-02 5.902621407905428441e-03
-1.347524649552650500e-02 6.095583270148363653e-03
-1.401568520678517227e-02 6.282564944642354821e-03
-1.455251710946722787e-02 6.463589429803795472e-03
-1.508567890383208376e-02 6.638680700378429833e-03
-1.561510775299806975e-02 6.807863706351002797e-03
-1.614074129700412974e-02 6.971164371531279880e-03
-1.666251766687393276e-02 7.128609591812606894e-03
-1.718037549868453584e-02 7.280227233103842011e-03
-1.769425394762699777e-02 7.426046128928220913e-03
-1.820409270206885255e-02 7.566096077694373090e-03
-1.870983199759948534e-02 7.700407839629330731e-03
-1.921141263106335151e-02 7.829013133378748268e-03
-1.970877597457990071e-02 7.951944632270446789e-03
-2.020186398953446871e-02 8.069235960238507754e-03
-2.069061924054996227e-02 8.180921687410303011e-03
-2.117498490942398837e-02 8.287037325352408779e-03
-2.165490480903214943e-02 8.387619321975514630e-03
-2.213032339719411823e-02 8.482705056098993612e-03
-2.260118579049602561e-02 8.572332831673468156e-03
-2.306743777806269380e-02 8.656541871660039522e-03
-2.352902583527913261e-02 8.735372311568068149e-03
-2.398589713745641339e-02 8.808865192651227360e-03
-2.443799957343019413e-02 8.877062454759221399e-03
-2.488528175909819617e-02 8.940006928849775214e-03
-2.532769305088182488e-02 8.997742329158286978e-03
-2.576518355911337765e-02 9.050313245026642139e-03
-2.619770416133720969e-02 9.097765132391300025e-03
-2.662520651552878481e-02 9.140144304934039177e-03
-2.704764307321826100e-02 9.177497924894251202e-03
-2.746496709251654289e-02 9.209873993543782333e-03
-2.787713265103909654e-02 9.237321341327930924e-03
-2.828409465871968564e-02 9.259889617672434348e-03
-2.868580887051339068e-02 9.277629280459720462e-03
-2.908223189897722605e-02 9.290591585175311806e-03
-2.947332122672439991e-02 9.298828573725714808e-03
-2.985903521875556133e-02 9.302393062935010448e-03
-3.023933313464280404e-02 9.301338632714428734e-03
-3.061417514058120681e-02 9.295719613916397783e-03
-3.098352232129041040e-02 9.285591075870347488e-03
-3.134733669175823745e-02 9.271008813603875964e-03
-3.170558120883351649e-02 9.252029334756273204e-03
-3.205821978264629390e-02 9.228709846182459042e-03
-3.240521728786456557e-02 9.201108240256106185e-03
-3.274653957476940380e-02 9.169283080871504232e-03
-3.308215348015140778e-02 9.133293589151048053e-03
-3.341202683801747231e-02 9.093199628860848538e-03
-3.373612849010841630e-02 9.049061691540738472e-03
-3.405442829621099787e-02 9.000940881349395184e-03
-3.436689714426986730e-02 8.948898899634072368e-03
-3.467350696028888291e-02 8.892998029226384382e-03
-3.497423071801229744e-02 8.833301118469194524e-03
-3.526904244838841018e-02 8.769871564982600898e-03
-3.555791724880530413e-02 8.702773299171073784e-03
-3.584083129209209018e-02 8.632070767479460560e-03
-3.611776183528102313e-02 8.557828915401799463e-03
-3.638868722812785284e-02 8.480113170250158650e-03
-3.665358692138327712e-02 8.398989423689606770e-03
-3.691244147480482463e-02 8.314524014042534716e-03
-3.716523256491724436e-02 8.226783708374152404e-03
-3.741194299250029387e-02 8.135835684359271625e-03
-3.765255668980956039e-02 8.041747511941421678e-03
-3.788705872752332060e-02 7.944587134789571348e-03
-3.811543532140438534e-02 7.844422851557508736e-03
-3.833767383868236234e-02 7.741323296957092204e-03
-3.855376280414470752e-02 7.635357422648203496e-03
-3.876369190593118713e-02 7.526594477954784423e-03
-3.896745200103121642e-02 7.415103990413562940e-03
-3.916503512047737889e-02 7.300955746164128346e-03
-3.935643447423067820e-02 7.184219770185962251e-03
-3.954164445575535092e-02 7.064966306391640138e-03
-3.972066064627621795e-02 6.943265797584252663e-03
-3.989347981871610438e-02 6.819188865284597778e-03
-4.006009994131043417e-02 6.692806289439634515e-03
-4.022052018089375403e-02 6.564188988017083393e-03
-4.037474090585398134e-02 6.433407996496443015e-03
-4.052276368875510487e-02 6.300534447263472781e-03
-4.066459130862011551e-02 6.165639548917245527e-03
-4.080022775287177328e-02 6.028794565497874736e-03
-4.092967821893331998e-02 5.890070795643131962e-03
-4.105294911548110909e-02 5.749539551683280347e-03
-4.117004806334410849e-02 5.607272138680896578e-03
-4.128098389605733970e-02 5.463339833427671710e-03
-4.138576666005870652e-02 5.317813863402798269e-03
-4.148440761453191933e-02 5.170765385705211603e-03
-4.157691923088464858e-02 5.022265465965902731e-03
-4.166331519187385646e-02 4.872385057250683271e-03
-4.174361039036920962e-02 4.721194978961840150e-03
-4.181782092774691956e-02 4.568765895747006756e-03
-4.188596411192589686e-02 4.415168296424520911e-03
-4.194805845503604691e-02 4.260472472934428989e-03
-4.200412367072021980e-02 4.104748499323462863e-03
-4.205418067106869717e-02 3.948066210772926965e-03
-4.209825156318600797e-02 3.790495182678710329e-03
-4.213635964539166889e-02 3.632104709792360886e-03
-4.216852940305128306e-02 3.472963785431215644e-03
-4.219478650403780950e-02 3.313141080766968116e-03
-4.221515779382836037e-02 3.152704924201721326e-03
-4.222967129023109945e-02 2.991723280839797550e-03
-4.223835617774561457e-02 2.830263732064353110e-03
-4.224124280155883149e-02 2.668393455226569788e-03
-4.223836266116989119e-02 2.506179203457359339e-03
-4.222974840366144900e-02 2.343687285609130644e-03
-4.221543381659519090e-02 2.180983546336112688e-03
-4.219545382055721328e-02 2.018133346322836807e-03
-4.216984446133895809e-02 1.855201542666884418e-03
-4.213864290175788063e-02 1.692252469426225314e-03
-4.210188741312862609e-02 1.529349918338640535e-03
-4.205961736637644360e-02 1.366557119720723801e-03
-4.201187322280112990e-02 1.203936723554954735e-03
-4.195869652449198822e-02 1.041550780772948492e-03
-4.190012988439970054e-02 8.794607247420427321e-04
-4.183621697606149797e-02 7.177273529638261707e-04
-4.176700252299078708e-02 5.564108089904928889e-04
-4.169253228773024678e-02 3.955705645686258265e-04
-4.161285306056966560e-02 2.352654020160716009e-04
-4.152801264793853919e-02 7.555339683984474419e-05
-4.143805986047222750e-02 -8.350809939838832463e-05
-4.134304450075609871e-02 -2.418624759613630104e-04
-4.124301735075467518e-02 -3.994538795543123300e-04
-4.113803015892762704e-02 -5.562272306743887285e-04
-4.102813562703755412e-02 -7.121282396853056973e-04
-4.091338739665544011e-02 -8.671034226111484777e-04
-4.079384003536525721e-02 -1.021100116642581490e-03
-4.066954902268091199e-02 -1.174066495349790351e-03
-4.054057073566667141e-02 -1.325951583595941230e-03
-4.040696243428005402e-02 -1.476705272146050518e-03
-4.026878224643712367e-02 -1.626278331964881030e-03
-4.012608915280085203e-02 -1.774622428199090773e-03
-3.997894297130825947e-02 -1.921690133838138692e-03
-3.982740434143300368e-02 -2.067434943049062390e-03
-3.967153470819712729e-02 -2.211811284180076331e-03
-3.951139630592803015e-02 -2.354774532427827971e-03
-3.934705214177882521e-02 -2.496281022165480756e-03
-3.917856597900901822e-02 -2.636288058924796118e-03
-3.900600232003600260e-02 -2.774753931030216059e-03
-3.882942638926072804e-02 -2.911637920879617258e-03
-3.864890411568246142e-02 -3.046900315868794618e-03
-3.846450211529559710e-02 -3.180502418955233335e-03
-3.827628767329107479e-02 -3.312406558858727035e-03
-3.808432872605350961e-02 -3.442576099894567587e-03
-3.788869384297308129e-02 -3.570975451436919634e-03
-3.768945220807544405e-02 -3.697570077009604272e-03
-3.748667360147525662e-02 -3.822326503001072240e-03
-3.728042838065939030e-02 -3.945212327001734742e-03
-3.707078746161213134e-02 -4.066196225760321248e-03
-3.685782229978744329e-02 -4.185247962759097717e-03
-3.664160487093023888e-02 -4.302338395403282334e-03
-3.642220765176722164e-02 -4.417439481825935488e-03
-3.619970360055708991e-02 -4.530524287304327213e-03
-3.597416613752537490e-02 -4.641566990288170658e-03
-3.574566912517888884e-02 -4.750542888037112554e-03
-3.551428684851309220e-02 -4.857428401868091328e-03
-3.528009399511840283e-02 -4.962201082010231357e-03
-3.504316563519659089e-02 -5.064839612068272601e-03
-3.480357720148743311e-02 -5.165323813092648209e-03
-3.456140446912304293e-02 -5.263634647257042776e-03
-3.431672353540832221e-02 -5.359754221142765118e-03
-3.406961079954581861e-02 -5.453665788630768230e-03
-3.382014294229833407e-02 -5.545353753400927843e-03
-3.356839690561619349e-02 -5.634803671039800843e-03
-3.331444987221711396e-02 -5.722002250756585973e-03
-3.305837924514154480e-02 -5.806937356709673814e-03
-3.280026262728480413e-02 -5.889598008943175422e-03
-3.254017780091242318e-02 -5.969974383935428008e-03
-3.227820270717388779e-02 -6.048057814762031192e-03
-3.201441542561293818e-02 -6.123840790872081552e-03
-3.174889415368797874e-02 -6.197316957482490452e-03
-3.148171718631258276e-02 -6.268481114590052083e-03
-3.121296289541750091e-02 -6.337329215604703414e-03
-3.094270970954479671e-02 -6.403858365605308300e-03
-3.067103609348409421e-02 -6.468066819220075203e-03
-3.039802052795653742e-02 -6.529953978136493475e-03
-3.012374148935219320e-02 -6.589520388239678006e-03
-2.984827742953218011e-02 -6.646767736385006398e-03
-2.957170675569886775e-02 -6.701698846807158105e-03
-2.929410781034733069e-02 -6.754317677167720468e-03
-2.901555885129991630e-02 -6.804629314246413152e-03
-2.873613803183362736e-02 -6.852639969277263265e-03
-2.845592338090643936e-02 -6.898356972935171250e-03
-2.817499278349384906e-02 -6.941788769975421047e-03
-2.789342396103557109e-02 -6.982944913530075848e-03
-2.761129445200824484e-02 -7.021836059065811320e-03
-2.732868159262052954e-02 -7.058473958005517801e-03
-2.704566249764747687e-02 -7.092871451020443807e-03
-2.676231404140828884e-02 -7.125042460995933968e-03
-2.647871283888657279e-02 -7.155001985672815312e-03
-2.619493522701225874e-02 -7.182766089973757762e-03
-2.591105724610164029e-02 -7.208351898014886405e-03
-2.562715462146666900e-02 -7.231777584809806481e-03
-2.534330274520064930e-02 -7.253062367670204402e-03
-2.505957665813973723e-02 -7.272226497306799597e-03
-2.477605103201732661e-02 -7.289291248637919107e-03
-2.449280015180797798e-02 -7.304278911309192157e-03
-2.420989789827213134e-02 -7.317212779929971322e-03
-2.392741773070326816e-02 -7.328117144031309760e-03
-2.364543266988583525e-02 -7.337017277751434197e-03
-2.336401528127343696e-02 -7.343939429254819906e-03
-2.308323765838038444e-02 -7.348910809887920781e-03
-2.280317140640729379e-02 -7.351959583080103222e-03
-2.252388762609468242e-02 -7.353114852993225536e-03
-2.224545689781486091e-02 -7.352406652926801733e-03
-2.196794926590453501e-02 -7.349865933484023284e-03
-2.169143422324432136e-02 -7.345524550503745864e-03
-2.141598069609007560e-02 -7.339415252766323672e-03
-2.114165702916204204e-02 -7.331571669477676689e-03
-2.086853097098957666e-02 -7.322028297537086505e-03
-2.059666965952371143e-02 -7.310820488596381228e-03
-2.032613960801615827e-02 -7.297984435914617318e-03
-2.005700669117399526e-02 -7.283557161017195636e-03
-1.978933613158845306e-02 -7.267576500162242770e-03
-1.952319248644043825e-02 -7.250081090622029212e-03
-1.925863963449914174e-02 -7.231110356786918381e-03
-1.899574076339646811e-02 -7.210704496094955118e-03
-1.873455835719878282e-02 -7.188904464796030958e-03
-1.847515418426926015e-02 -7.165751963555788695e-03
-1.821758928542760447e-02 -7.141289422905205964e-03
-1.796192396240683942e-02 -7.115559988543351810e-03
-1.770821776661485325e-02 -7.088607506498423305e-03
-1.745652948819445549e-02 -7.060476508152613295e-03
-1.720691714539690498e-02 -7.031212195140690291e-03
-1.695943797425764066e-02 -7.000860424123678261e-03
-1.671414841858800959e-02 -6.969467691448960611e-03
-1.647110412027313897e-02 -6.937081117697474486e-03
-1.623035990988941357e-02 -6.903748432129763746e-03
-1.599196979763564674e-02 -6.869517957034332323e-03
-1.575598696458044290e-02 -6.834438591983904576e-03
-1.552246375422874913e-02 -6.798559798008363408e-03
-1.529145166440831760e-02 -6.761931581688140902e-03
-1.506300133947383046e-02 -6.724604479175222416e-03
-1.483716256283443280e-02 -6.686629540148092410e-03
-1.461398424980420163e-02 -6.648058311708227031e-03
-1.439351444077180409e-02 -6.608942822220131852e-03
-1.417580029469261982e-02 -6.569335565105138830e-03
-1.396088808290729677e-02 -6.529289482593347849e-03
-1.374882318327810826e-02 -6.488857949439597039e-03
-1.353965007465027237e-02 -6.448094756608901967e-03
-1.333341233163765072e-02 -6.407054094940689559e-03
-1.313015261972533265e-02 -6.365790538792104325e-03
-1.292991269069618254e-02 -6.324359029670212351e-03
-1.273273337837899088e-02 -6.282814859859486845e-03
-1.253865459471623089e-02 -6.241213656047683855e-03
-1.234771532614553635e-02 -6.199611362955659288e-03
-1.215995363030622500e-02 -6.158064226980508593e-03
-1.197540663305646236e-02 -6.116628779853916509e-03
-1.179411052580700559e-02 -6.075361822321712069e-03
-1.161610056316911277e-02 -6.034320407852789003e-03
-1.144141106091262072e-02 -5.993561826379889546e-03
-1.127007539423435789e-02 -5.953143588077913773e-03
-1.110212599633375596e-02 -5.913123407187137470e-03
-1.093759435729596552e-02 -5.873559185884724698e-03
-1.077651102327648047e-02 -5.834508998209975150e-03
-1.061890559598596684e-02 -5.796031074047802711e-03
-1.046480673247884852e-02 -5.758183783178438819e-03
-1.031424214523238292e-02 -5.721025619393749206e-03
-1.016723860252186085e-02 -5.684615184688879275e-03
-1.002382192908504721e-02 -5.649011173530393837e-03
-9.884017007077222639e-03 -5.614272357211014253e-03
-9.747847777308610295e-03 -5.580457568290120296e-03
-9.615337240762494853e-03 -5.547625685125734396e-03
-9.486507460394644209e-03 -5.515835616506370442e-03
-9.361379563205485255e-03 -5.485146286381914482e-03
-9.239973742584395300e-03 -5.455616618700587228e-03
-9.122309260921640517e-03 -5.427305522356151712e-03
-9.008404452487600578e-03 -5.400271876249806979e-03
-8.898276726567566630e-03 -5.374574514467822528e-03
-8.791942570857858019e-03 -5.350272211583684268e-03
-8.689417555112738389e-03 -5.327423668084030339e-03
-8.590716335042186680e-03 -5.306087495926647968e-03
-8.495852656451696738e-03 -5.286322204228699473e-03
-8.404839359625437822e-03 -5.268186185093837182e-03
-8.317688383946919561e-03 -5.251737699580594221e-03
-8.234410772748390617e-03 -5.237034863811884655e-03
-8.155016678392218443e-03 -5.224135635233995156e-03
-8.079515367574591211e-03 -5.213097799026011891e-03
-8.007915226845796486e-03 -5.203978954659627121e-03
-7.940223768350601619e-03 -5.196836502620594267e-03
-7.876447635773026201e-03 -5.191727631284503985e-03
-7.816592610492889559e-03 -5.188709303959870844e-03
-7.760663617936675029e-03 -5.187838246092202343e-03
-7.708664734129400120e-03 -5.189170932638098588e-03
-7.660599192435446625e-03 -5.192763575609049553e-03
-7.616469390488239677e-03 -5.198672111789537365e-03
-7.576276897298672708e-03 -5.206952190627278654e-03
-7.540022460543527316e-03 -5.217659162304544296e-03
-7.507706014024811969e-03 -5.230848065987114826e-03
-7.479326685293774535e-03 -5.246573618254146698e-03
-7.454882803442558492e-03 -5.264890201715166640e-03
-7.434371907047571115e-03 -5.285851853809253598e-03
-7.417790752269365351e-03 -5.309512255794179847e-03
-7.405135321096517620e-03 -5.335924721923013259e-03
-7.396400829736249349e-03 -5.365142188814453483e-03
-7.391581737135610730e-03 -5.397217205010629293e-03
-7.390671753641747665e-03 -5.432201920733625844e-03
-7.393663849786930031e-03 -5.470148077835690348e-03
-7.400550265193844846e-03 -5.511106999943615747e-03
-7.411322517601653947e-03 -5.555129582804130273e-03
-7.425971412002074779e-03 -5.602266284825574427e-03
-7.444487049883319330e-03 -5.652567117819529141e-03
-7.466858838578477320e-03 -5.706081637945392693e-03
-7.493075500706047887e-03 -5.762858936851189551e-03
-7.523125083710724414e-03 -5.822947633022712566e-03
-7.556994969483726843e-03 -5.886395863329951794e-03
-7.594671884073422863e-03 -5.953251274781079516e-03
-7.636141907465782142e-03 -6.023561016474721086e-03
-7.681390483445849071e-03 -6.097371731763390201e-03
-7.730402429521832097e-03 -6.174729550614543871e-03
-7.783161946914363138e-03 -6.255680082179804202e-03
-7.839652630606236405e-03 -6.340268407568627751e-03
-7.899857479442495833e-03 -6.428539072824757117e-03
-7.963758906284978956e-03 -6.520536082110894860e-03
-8.031338748206329203e-03 -6.616302891093273075e-03
-8.102578276727445683e-03 -6.715882400533779162e-03
-8.177458208090460090e-03 -6.819316950085752005e-03
-8.255958713563160689e-03 -6.926648312293670617e-03
-8.338059429767730180e-03 -7.037917686793182526e-03
-8.423739469036184424e-03 -7.153165694719521017e-03
-8.512977429780466121e-03 -7.272432373312653908e-03
-8.605751406879247334e-03 -7.395757170728101126e-03
-8.702039002072559093e-03 -7.523178941046260171e-03
-8.801817334362915801e-03 -7.654735939483015006e-03
-8.905063050419770310e-03 -7.790465817800074078e-03
-9.011752334978417878e-03 -7.930405619912761495e-03
-9.121860921235624975e-03 -8.074591777695816486e-03
-9.235364101233212164e-03 -8.223060106985757844e-03
-9.352236736230479242e-03 -8.375845803779646825e-03
-9.472453267055480630e-03 -8.532983440625918625e-03
-9.595987724438037603e-03 -8.694506963210169026e-03
-9.722813739317215376e-03 -8.860449687132954111e-03
-9.852904553119823383e-03 -9.030844294876272382e-03
-9.986233028009827706e-03 -9.205722832962615065e-03
-1.012277165709962734e-02 -9.385116709298813031e-03
-1.026249257462402698e-02 -9.569056690706290169e-03
-1.040536756607551849e-02 -9.757572900639444047e-03
-1.055136807829160084e-02 -9.950694817083993726e-03
-1.070046522949824608e-02 -1.014845127064017971e-02
-1.085262981929741022e-02 -1.035087044278121260e-02
-1.100783233860835875e-02 -1.055797986429679591e-02
-1.116604297954776337e-02 -1.076980641390828941e-02
-1.132723164525356596e-02 -1.098637631706117501e-02
-1.149136795964755819e-02 -1.120771514489138365e-02
-1.165842127713262455e-02 -1.143384781336087563e-02
-1.182836069222442665e-02 -1.166479858256386226e-02
-1.200115504911702935e-02 -1.190059105620294710e-02
-1.217677295117375325e-02 -1.214124818122741534e-02
-1.235518277034708401e-02 -1.238679224763766795e-02
-1.253635265652308650e-02 -1.263724488845041627e-02
-1.272025054679043476e-02 -1.289262707982585798e-02
-1.290684417462661937e-02 -1.315295914134961830e-02
-1.309610107900677223e-02 -1.341826073647300888e-02
-1.328798861343000182e-02 -1.368855087310755225e-02
-1.348247395485602240e-02 -1.396384790436622225e-02
-1.367952411256484480e-02 -1.424416952946289117e-02
-1.387910593691998873e-02 -1.452953279474994419e-02
-1.408118612804837300e-02 -1.481995409490716176e-02
-1.428573124442972242e-02 -1.511544917427304346e-02
-1.449270771139099523e-02 -1.541603312831402173e-02
-1.470208182951371345e-02 -1.572172040523817094e-02
-1.491381978294026300e-02 -1.603252480773670330e-02
-1.512788764759315230e-02 -1.634845949487040428e-02
-1.534425139929224136e-02 -1.666953698407863671e-02
-1.556287692177960036e-02 -1.699576915332556837e-02
-1.578373001464467018e-02 -1.732716724336963443e-02
-1.600677640115083511e-02 -1.766374186015895464e-02
-1.623198173596640537e-02 -1.800550297735287186e-02
-1.645931161279223787e-02 -1.835245993896073013e-02
-1.668873157189204592e-02 -1.870462146210161158e-02
-1.692020710752201174e-02 -1.906199563988020262e-02
-1.715370367525881345e-02 -1.942458994437590292e-02
-1.738918669922701055e-02 -1.979241122974428890e-02
-1.762662157922684214e-02 -2.016546573542948861e-02
-1.786597369775744237e-02 -2.054375908948108398e-02
-1.810720842694191202e-02 -2.092729631197975948e-02
-1.835029113534919487e-02 -2.131608181856242679e-02
-1.859518719471353609e-02 -2.171011942405010053e-02
-1.884186198655646294e-02 -2.210941234617441742e-02
-1.909028090870096284e-02 -2.251396320939674789e-02
-1.934040938169184765e-02 -2.292377404882683933e-02
-1.959221285511036914e-02 -2.333884631422855627e-02
-1.984565681378963609e-02 -2.375918087411585389e-02
-2.010070678393233168e-02 -2.418477801993990095e-02
-2.035732833912484718e-02 -2.461563747035511174e-02
-2.061548710625343839e-02 -2.505175837557088725e-02
-2.087514877132495839e-02 -2.549313932178670639e-02
-2.113627908518422860e-02 -2.593977833570057512e-02
-2.139884386913754044e-02 -2.639167288909691211e-02
-2.166280902047823531e-02 -2.684881990350829195e-02
-2.192814051791541763e-02 -2.731121575494796505e-02
-2.219480442690791033e-02 -2.777885627871315433e-02
-2.246276690490450756e-02 -2.825173677425696361e-02
-2.273199420648719382e-02 -2.872985201012223655e-02
-2.300245268842560087e-02 -2.921319622894461010e-02
-2.327410881463526371e-02 -2.970176315251138455e-02
-2.354692916104678124e-02 -3.019554598688228841e-02
-2.382088042038504883e-02 -3.069453742756889092e-02
-2.409592940685678641e-02 -3.119872966476527898e-02
-2.437204306075246851e-02 -3.170811438863654907e-02
-2.464918845295921423e-02 -3.222268279465514973e-02
-2.492733278938691344e-02 -3.274242558898621258e-02
-2.520644341531097510e-02 -3.326733299392317655e-02
-2.548648781962892240e-02 -3.379739475336515642e-02
-2.576743363903488682e-02 -3.433260013833921986e-02
-2.604924866211250079e-02 -3.487293795256415918e-02
-2.633190083334530085e-02 -3.541839653805167742e-02
-2.661535825704985925e-02 -3.596896378074793121e-02
-2.689958920122786923e-02 -3.652462711620804714e-02
-2.718456210134234663e-02 -3.708537353530425018e-02
-2.747024556401689299e-02 -3.765118958996732657e-02
-2.775660837066146192e-02 -3.822206139895792387e-02
-2.804361948102157553e-02 -3.879797465366313647e-02
-2.833124803665754143e-02 -3.937891462392262287e-02
-2.861946336435111649e-02 -3.996486616387756596e-02
-2.890823497944150500e-02 -4.055581371784136580e-02
-2.919753258909313365e-02 -4.115174132619225933e-02
-2.948732609549520323e-02 -4.175263263128528579e-02
-2.977758559899534863e-02 -4.235847088338029476e-02
-3.006828140116613035e-02 -4.296923894658588594e-02
-3.035938400781018620e-02 -4.358491930481847576e-02
-3.065086413189932468e-02 -4.420549406777068979e-02
-3.094269269645405496e-02 -4.483094497689310565e-02
-3.123484083736099981e-02 -4.546125341138268494e-02
-3.152727990613229947e-02 -4.609640039417950419e-02
-3.181998147260556298e-02 -4.673636659796795434e-02
-3.211291732758742024e-02 -4.738113235118329714e-02
-3.240605948543934245e-02 -4.803067764401697248e-02
-3.269938018661222578e-02 -4.868498213442773448e-02
-3.299285190012346547e-02 -4.934402515414698653e-02
-3.328644732598434741e-02 -5.000778571468594835e-02
-3.358013939757292787e-02 -5.067624251333310847e-02
-3.387390128396050581e-02 -5.134937393915336989e-02
-3.416770639218430494e-02 -5.202715807897348443e-02
-3.446152836947574682e-02 -5.270957272336312949e-02
-3.475534110543787580e-02 -5.339659537260302291e-02
-3.504911873418037338e-02 -5.408820324264540513e-02
-3.534283563640583381e-02 -5.478437327105697974e-02
-3.563646644145423981e-02 -5.548508212295119590e-02
-3.592998602930225216e-02 -5.619030619690240647e-02
-3.622336953252208724e-02 -5.690002163084495468e-02
-3.651659233819787298e-02 -5.761420430795227698e-02
-3.680963008980076001e-02 -5.833282986249591073e-02
-3.710245868902650734e-02 -5.905587368568548934e-02
-3.739505429759210076e-02 -5.978331093148323006e-02
-3.768739333899628896e-02 -6.051511652239791039e-02
-3.797945250024187258e-02 -6.125126515525081139e-02
-3.827120873352191088e-02 -6.199173130691737477e-02
-3.856263925787101199e-02 -6.273648924004054939e-02
-3.885372156078154005e-02 -6.348551300871527192e-02
-3.914443339978590508e-02 -6.423877646414427600e-02
-3.943475280400604577e-02 -6.499625326026156613e-02
-3.972465807566927243e-02 -6.575791685932300124e-02
-4.001412779159307931e-02 -6.652374053746493154e-02
-4.030314080463959225e-02 -6.729369739022858510e-02
-4.059167624513743133e-02 -6.806776033804681769e-02
-4.087971352227642852e-02 -6.884590213169775041e-02
-4.116723232547014888e-02 -6.962809535771594116e-02
-4.145421262569132237e-02 -7.041431244376822329e-02
-4.174063467677918693e-02 -7.120452566398977057e-02
-4.202647901671974218e-02 -7.199870714427880625e-02
-4.231172646889558298e-02 -7.279682886754662574e-02
-4.259635814331508286e-02 -7.359886267893239742e-02
-4.288035543780976955e-02 -7.440478029096592172e-02
-4.316370003920866338e-02 -7.521455328869067203e-02
-4.344637392448813529e-02 -7.602815313474239889e-02
-4.372835936189589656e-02 -7.684555117437799621e-02
-4.400963891205061929e-02 -7.766671864046076346e-02
-4.429019542901807549e-02 -7.849162665839456987e-02
-4.457001206136462779e-02 -7.932024625101372073e-02
-4.484907225318440771e-02 -8.015254834341792312e-02
-4.512735974510784231e-02 -8.098850376776214888e-02
-4.540485857528525626e-02 -8.182808326799412280e-02
-4.568155308034849149e-02 -8.267125750453868660e-02
-4.595742789635059999e-02 -8.351799705893156456e-02
-4.623246795968555256e-02 -8.436827243840133717e-02
-4.650665850798452183e-02 -8.522205408039551511e-02
-4.677998508099168173e-02 -8.607931235705382211e-02
-4.705243352142052249e-02 -8.694001757962835364e-02
-4.732398997578907140e-02 -8.780414000284686438e-02
-4.759464089523190999e-02 -8.867164982921840743e-02
-4.786437303629831330e-02 -8.954251721329029023e-02
-4.813317346172335531e-02 -9.041671226583825050e-02
-4.840102954118452594e-02 -9.129420505800794894e-02
-4.866792895203653213e-02 -9.217496562539501115e-02
-4.893385968002744724e-02 -9.305896397206855908e-02
-4.919881001999454329e-02 -9.394617007453498481e-02
-4.946276857654252623e-02 -9.483655388564443678e-02
-4.972572426470184270e-02 -9.573008533843915813e-02
-4.998766631056927867e-02 -9.662673434994054067e-02
-5.024858425192785250e-02 -9.752647082487775343e-02
-5.050846793885038766e-02 -9.842926465935677993e-02
-5.076730753428382314e-02 -9.933508574446989203e-02
-5.102509351461437248e-02 -1.002439039698427015e-01
-5.128181667021530776e-02 -1.011556892271237573e-01
-5.153746810597725769e-02 -1.020704114134121099e-01
-5.179203924181807750e-02 -1.029880404346232015e-01
-5.204552181317778636e-02 -1.039085462087955825e-01
-5.229790787149324327e-02 -1.048318986693369537e-01
-5.254918978465561441e-02 -1.057580677682061487e-01
-5.279936023745102069e-02 -1.066870234790388561e-01
-5.304841223198186739e-02 -1.076187358002073657e-01
-5.329633908807207554e-02 -1.085531747578227096e-01
-5.354313444365371710e-02 -1.094903104086747403e-01
-5.378879225513566453e-02 -1.104301128431078305e-01
-5.403330679775708578e-02 -1.113725521878433378e-01
-5.427667266591984507e-02 -1.123175986087318196e-01
-5.451888477350713691e-02 -1.132652223134506808e-01
-5.475993835418263567e-02 -1.142153935541393855e-01
-5.499982896167232571e-02 -1.151680826299722321e-01
-5.523855247002978919e-02 -1.161232598896737023e-01
-5.547610507388400780e-02 -1.170808957339694589e-01
-5.571248328867051125e-02 -1.180409606179822352e-01
-5.594768395084326329e-02 -1.190034250535615817e-01
-5.618170421807278103e-02 -1.199682596115606015e-01
-5.641454156942327103e-02 -1.209354349240454041e-01
-5.664619380551583205e-02 -1.219049216864517282e-01
-5.687665904867333921e-02 -1.228766906596793634e-01
-5.710593574304878572e-02 -1.238507126721293539e-01
-5.733402265473463988e-02 -1.248269586216784605e-01
-5.756091887185893485e-02 -1.258053994776013040e-01
-5.778662380466109694e-02 -1.267860062824308076e-01
-5.801113718555206411e-02 -1.277687501537592418e-01
-5.823445906915841741e-02 -1.287536022859874507e-01
-5.845658983234847117e-02 -1.297405339520120715e-01
-5.867753017424243156e-02 -1.307295165048588115e-01
-5.889728111620418094e-02 -1.317205213792566054e-01
-5.911584400181946197e-02 -1.327135200931606751e-01
-5.933322049685385569e-02 -1.337084842492135550e-01
-5.954941258919610458e-02 -1.347053855361558528e-01
-5.976442258878522651e-02 -1.357041957301816093e-01
-5.997825312751886573e-02 -1.367048866962357889e-01
-6.019090715914743317e-02 -1.377074303892624196e-01
-6.040238795915120473e-02 -1.387117988553963344e-01
-6.061269912459915643e-02 -1.397179642331011218e-01
-6.082184457399408828e-02 -1.407258987542578110e-01
-6.102982854709848581e-02 -1.417355747451955750e-01
-6.123665560474744751e-02 -1.427469646276776638e-01
-6.144233062864207229e-02 -1.437600409198305229e-01
-6.164685882112797000e-02 -1.447747762370222846e-01
-6.185024570495811780e-02 -1.457911432926946582e-01
-6.205249712303811949e-02 -1.468091148991394757e-01
-6.225361923815692089e-02 -1.478286639682304671e-01
-6.245361853269926211e-02 -1.488497635121007745e-01
-6.265250180834519567e-02 -1.498723866437786656e-01
-6.285027618575028674e-02 -1.508965065777671533e-01
-6.304694910421104748e-02 -1.519220966305806497e-01
-6.324252832131649349e-02 -1.529491302212344639e-01
-6.343702191257960532e-02 -1.539775808716827565e-01
-6.363043827105718808e-02 -1.550074222072177488e-01
-6.382278610695046872e-02 -1.560386279568152512e-01
-6.401407444719292572e-02 -1.570711719534396145e-01
-6.420431263501974462e-02 -1.581050281343010511e-01
-6.439351032952256304e-02 -1.591401705410703249e-01
-6.458167750518972738e-02 -1.601765733200474218e-01
-6.476882445142917444e-02 -1.612142107222888643e-01
-6.495496177207665811e-02 -1.622530571036887859e-01
-6.514010038488743382e-02 -1.632930869250184269e-01
-6.532425152101445365e-02 -1.643342747519261071e-01
-6.550742672446885351e-02 -1.653765952548894025e-01
-6.568963785156578528e-02 -1.664200232091318787e-01
-6.587089707035548303e-02 -1.674645334944941388e-01
-6.605121686003784243e-02 -1.685101010952672063e-01
-6.623061001036295581e-02 -1.695567010999838586e-01
-6.640908962101488289e-02 -1.706043087011723802e-01
-6.658666910098087754e-02 -1.716528991950674321e-01
-6.676336216790490496e-02 -1.727024479812845070e-01
-6.693918284742678138e-02 -1.737529305624562204e-01
-6.711414547250477147e-02 -1.748043225438279669e-01
-6.728826468272386396e-02 -1.758565996328181891e-01
-6.746155542358861501e-02 -1.769097376385386222e-01
-6.763403294580100367e-02 -1.779637124712820651e-01
-6.780571280452224459e-02 -1.790185001419667965e-01
-6.797661085861955721e-02 -1.800740767615498783e-01
-6.814674326989961228e-02 -1.811304185404039313e-01
-6.831612650232377071e-02 -1.821875017876550540e-01
-6.848477732121083239e-02 -1.832453029104890996e-01
-6.865271279242290969e-02 -1.843037984134217322e-01
-6.881995028153603533e-02 -1.853629648975317346e-01
-6.898650745299689246e-02 -1.864227790596633405e-01
-6.915240226926366862e-02 -1.874832176915935678e-01
-6.931765298993086688e-02 -1.885442576791635794e-01
-6.948227817084046132e-02 -1.896058760013811240e-01
-6.964629666317595502e-02 -1.906680497294854226e-01
-6.980972761254239378e-02 -1.917307560259809696e-01
-6.997259045803061461e-02 -1.927939721436392750e-01
-7.013490493126595116e-02 -1.938576754244685230e-01
-7.029669105544256169e-02 -1.949218432986500604e-01
-7.045796914434016012e-02 -1.959864532834442452e-01
-7.061875980132747976e-02 -1.970514829820634306e-01
-7.077908391834980550e-02 -1.981169100825170282e-01
-7.093896267489874230e-02 -1.991827123564198776e-01
-7.109841753696910516e-02 -2.002488676577750537e-01
-7.125747025599887818e-02 -2.013153539217243382e-01
-7.141614286779257581e-02 -2.023821491632662728e-01
-7.157445769143078174e-02 -2.034492314759482612e-01
-7.173243732816203533e-02 -2.045165790305256692e-01
-7.189010466027878632e-02 -2.055841700735910882e-01
-7.204748284997841701e-02 -2.066519829261758701e-01
-7.220459533820694498e-02 -2.077199959823205211e-01
-7.236146584348673860e-02 -2.087881877076178394e-01
-7.251811836072874495e-02 -2.098565366377257990e-01
-7.267457716002634349e-02 -2.109250213768498472e-01
-7.283086678543465586e-02 -2.119936205962003051e-01
-7.298701205373198109e-02 -2.130623130324192371e-01
-7.314303805316363372e-02 -2.141310774859764288e-01
-7.329897014217190421e-02 -2.151998928195432703e-01
-7.345483394810525812e-02 -2.162687379563319467e-01
-7.361065536591260283e-02 -2.173375918784110350e-01
-7.376646055681923553e-02 -2.184064336249916805e-01
-7.392227594698597137e-02 -2.194752422906844080e-01
-7.407812822615039705e-02 -2.205439970237327574e-01
-7.423404434624952808e-02 -2.216126770242135835e-01
-7.439005152002631238e-02 -2.226812615422160135e-01
-7.454617721961581678e-02 -2.237497298759866526e-01
-7.470244917511537075e-02 -2.248180613700554720e-01
-7.485889537313378250e-02 -2.258862354133249206e-01
-7.501554405532440128e-02 -2.269542314371420511e-01
-7.517242371689736302e-02 -2.280220289133350620e-01
-7.532956310511440545e-02 -2.290896073522301069e-01
-7.548699121776303311e-02 -2.301569463006359617e-01
-7.564473730161169751e-02 -2.312240253398049061e-01
-7.580283085084588146e-02 -2.322908240833649329e-01
-7.596130160548447696e-02 -2.333573221752304472e-01
-7.612017954977368106e-02 -2.344234992874781320e-01
-7.627949491056457143e-02 -2.354893351182049122e-01
-7.643927815566647910e-02 -2.365548093893538595e-01
-7.659955999218193146e-02 -2.376199018445183664e-01
-7.676037136481861367e-02 -2.386845922467144276e-01
-7.692174345418228976e-02 -2.397488603761323833e-01
-7.708370767504602039e-02 -2.408126860278612391e-01
-7.724629567459867507e-02 -2.418760490095832882e-01
-7.740953933067112880e-02 -2.429389291392495265e-01
-7.757347074994042080e-02 -2.440013062427223989e-01
-7.773812226611004350e-02 -2.450631601513982571e-01
-7.790352643806919275e-02 -2.461244706998016729e-01
-7.806971604802642739e-02 -2.471852177231521619e-01
-7.823672409962256769e-02 -2.482453810549120066e-01
-7.840458381601661531e-02 -2.493049405242999395e-01
-7.857332863795002398e-02 -2.503638759537871183e-01
-7.874299222178504642e-02 -2.514221671565631810e-01
-7.891360843751826781e-02 -2.524797939339771258e-01
-7.908521136677021390e-02 -2.535367360729576802e-01
-7.925783530074781424e-02 -2.545929733434023068e-01
-7.943151473818166330e-02 -2.556484854955469732e-01
-7.960628438323724687e-02 -2.567032522573056141e-01
-7.978217914339980066e-02 -2.577572533315908299e-01
-7.995923412733085822e-02 -2.588104683936038874e-01
-8.013748464269870864e-02 -2.598628770881044603e-01
-8.031696619398165371e-02 -2.609144590266549990e-01
-8.049771448024067855e-02 -2.619651937848390122e-01
-8.067976539286614290e-02 -2.630150608994582528e-01
-8.086315501329449651e-02 -2.640640398657014831e-01
-8.104791961069540696e-02 -2.651121101342936437e-01
-8.123409563962941116e-02 -2.661592511086185442e-01
-8.142171973767603488e-02 -2.672054421418185166e-01
-8.161082872302988234e-02 -2.682506625338718087e-01
-8.180145959206697182e-02 -2.692948915286436651e-01
-8.199364951687904135e-02 -2.703381083109165917e-01
-8.218743584277582448e-02 -2.713802920033984156e-01
-8.238285608575546259e-02 -2.724214216637022012e-01
-8.257994792994072242e-02 -2.734614762813106226e-01
-8.277874922498423826e-02 -2.745004347745130246e-01
-8.297929798343717245e-02 -2.755382759873205578e-01
-8.318163237808656740e-02 -2.765749786863622717e-01
-8.338579073925456164e-02 -2.776105215577547858e-01
-8.359181155206513170e-02 -2.786448832039540302e-01
-8.379973345367480730e-02 -2.796780421405833938e-01
-8.400959523046475086e-02 -2.807099767932417222e-01
-8.422143581519847544e-02 -2.817406654942889999e-01
-8.443529428414175975e-02 -2.827700864796129920e-01
-8.465120985414414934e-02 -2.837982178853760140e-01
-8.486922187968276576e-02 -2.848250377447378856e-01
-8.508936984986609220e-02 -2.858505239845625656e-01
-8.531169338539990044e-02 -2.868746544221049133e-01
-8.553623223551271026e-02 -2.878974067616755228e-01
-8.576302627483844976e-02 -2.889187585912901812e-01
-8.599211550026303330e-02 -2.899386873792976216e-01
-8.622354002772358861e-02 -2.909571704709916218e-01
-8.645734008896927003e-02 -2.919741850852035636e-01
-8.669355602827844010e-02 -2.929897083108784495e-01
-8.693222829913177518e-02 -2.940037171036333219e-01
-8.717339746084179497e-02 -2.950161882822990855e-01
-8.741710417513803844e-02 -2.960270985254455089e-01
-8.766338920270677626e-02 -2.970364243678924598e-01
-8.791229339968525958e-02 -2.980441421972034322e-01
-8.816385771410967243e-02 -2.990502282501639741e-01
-8.841812318231540013e-02 -3.000546586092484591e-01
-8.867513092529066832e-02 -3.010574091990700918e-01
-8.893492214498244230e-02 -3.020584557828191463e-01
-8.919753812055153386e-02 -3.030577739586867159e-01
-8.946302020458041238e-02 -3.040553391562769159e-01
-8.973140981922939075e-02 -3.050511266330090399e-01
-9.000274845234368382e-02 -3.060451114705033393e-01
-9.027707765350745373e-02 -3.070372685709629179e-01
-9.055443903004833928e-02 -3.080275726535397496e-01
-9.083487424298586355e-02 -3.090159982506943126e-01
-9.111842500293043656e-02 -3.100025197045453429e-01
-9.140513306592595866e-02 -3.109871111632113716e-01
-9.169504022923885556e-02 -3.119697465771452127e-01
-9.198818832709232396e-02 -3.129503996954620115e-01
-9.228461922634423331e-02 -3.139290440622589662e-01
-9.258437482210873926e-02 -3.149056530129331621e-01
-9.288749703332022101e-02 -3.158801996704913018e-01
-9.319402779824143002e-02 -3.168526569418576022e-01
-9.350400906991113148e-02 -3.178229975141789732e-01
-9.381748281153406976e-02 -3.187911938511251986e-01
-9.413449099181059321e-02 -3.197572181891916721e-01
-9.445507558020632688e-02 -3.207210425339968585e-01
-9.477927854216050552e-02 -3.216826386565844742e-01
-9.510714183423374379e-02 -3.226419780897248346e-01
-9.543870739919241286e-02 -3.235990321242165901e-01
-9.577401716103078888e-02 -3.245537718051941800e-01
-9.611311301992864209e-02 -3.255061679284378395e-01
-9.645603684714665338e-02 -3.264561910366879927e-01
-9.680283047985605016e-02 -3.274038114159667501e-01
-9.715353571590151782e-02 -3.283489990919067902e-01
-9.750819430849999581e-02 -3.292917238260858470e-01
-9.786684796087286031e-02 -3.302319551123709673e-01
-9.822953832080866254e-02 -3.311696621732752588e-01
-9.859630697516041931e-02 -3.321048139563207990e-01
-9.896719544427279303e-02 -3.330373791304206965e-01
-9.934224517634199225e-02 -3.339673260822672018e-01
-9.972149754170372971e-02 -3.348946229127399143e-01
-1.001049938270523465e-01 -3.358192374333269781e-01
-1.004927752295888266e-01 -3.367411371625651517e-01
-1.008848828510969242e-01 -3.376602893224955881e-01
-1.012813576919489034e-01 -3.385766608351424845e-01
-1.016822406450362259e-01 -3.394902183190076084e-01
-1.020875724896301295e-01 -3.404009280855937458e-01
-1.024973938851656552e-01 -3.413087561359454125e-01
-1.029117453649530667e-01 -3.422136681572172101e-01
-1.033306673298153289e-01 -3.431156295192683281e-01
-1.037542000416488697e-01 -3.440146052712838576e-01
-1.041823836169104012e-01 -3.449105601384260256e-01
-1.046152580200254145e-01 -3.458034585185146836e-01
-1.050528630567221233e-01 -3.466932644787403817e-01
-1.054952383672881910e-01 -3.475799417524134682e-01
-1.059424234197478554e-01 -3.484634537357418349e-01
-1.063944575029644457e-01 -3.493437634846521256e-01
-1.068513797196626869e-01 -3.502208337116439751e-01
-1.073132289793721772e-01 -3.510946267826877687e-01
-1.077800439912925956e-01 -3.519651047141613698e-01
-1.082518632570788064e-01 -3.528322291698296476e-01
-1.087287250635478042e-01 -3.536959614578712996e-01
-1.092106674753038908e-01 -3.545562625279491398e-01
-1.096977283272834169e-01 -3.554130929683284590e-01
-1.101899452172208083e-01 -3.562664130030497311e-01
-1.106873554980323804e-01 -3.571161824891467829e-01
-1.111899962701188849e-01 -3.579623609139221951e-01
-1.116979043735880084e-01 -3.588049073922771615e-01
-1.122111163803929945e-01 -3.596437806640983559e-01
-1.127296685863924397e-01 -3.604789390917034764e-01
-1.132535970033272665e-01 -3.613103406573470178e-01
-1.137829373507144304e-01 -3.621379429607914924e-01
-1.143177250476610229e-01 -3.629617032169404900e-01
-1.148579952045941099e-01 -3.637815782535384623e-01
-1.154037826149093560e-01 -3.645975245089403960e-01
-1.159551217465394912e-01 -3.654094980299539275e-01
-1.165120467334366805e-01 -3.662174544697492928e-01
-1.170745913669761773e-01 -3.670213490858474925e-01
-1.176427890872774884e-01 -3.678211367381842845e-01
-1.182166729744423272e-01 -3.686167718872540577e-01
-1.187962757397132418e-01 -3.694082085923335312e-01
-1.193816297165476992e-01 -3.701954005097874978e-01
-1.199727668516140655e-01 -3.709783008914630531e-01
-1.205697186957048195e-01 -3.717568625831674245e-01
-1.211725163945696071e-01 -3.725310380232393914e-01
-1.217811906796670285e-01 -3.733007792412087467e-01
-1.223957718588383203e-01 -3.740660378565521249e-01
-1.230162898068992150e-01 -3.748267650775455873e-01
-1.236427739561549721e-01 -3.755829117002136841e-01
-1.242752532868338644e-01 -3.763344281073797148e-01
-1.249137563174455012e-01 -3.770812642678213478e-01
-1.255583110950597159e-01 -3.778233697355297682e-01
-1.262089451855075706e-01 -3.785606936490757413e-01
-1.268656856635091978e-01 -3.792931847310880844e-01
-1.275285591027233711e-01 -3.800207912878432737e-01
-1.281975915657216913e-01 -3.807434612089699577e-01
-1.288728085938909973e-01 -3.814611419672701564e-01
-1.295542351972610029e-01 -3.821737806186611963e-01
-1.302418958442599917e-01 -3.828813238022397702e-01
-1.309358144513971256e-01 -3.835837177404671783e-01
-1.316360143728771415e-01 -3.842809082394859632e-01
-1.323425183901438262e-01 -3.849728406895622235e-01
-1.330553487013541591e-01 -3.856594600656620964e-01
-1.337745269107877277e-01 -3.863407109281593033e-01
-1.345000740181879761e-01 -3.870165374236821387e-01
-1.352320104080380059e-01 -3.876868832860987379e-01
-1.359703558387742039e-01 -3.883516918376415661e-01
-1.367151294319371435e-01 -3.890109059901787902e-01
-1.374663496612607005e-01 -3.896644682466288145e-01
-1.382240343417034945e-01 -3.903123207025274155e-01
-1.389882006184201546e-01 -3.909544050477444799e-01
-1.397588649556761875e-01 -3.915906625683494569e-01
-1.405360431257097198e-01 -3.922210341486424556e-01
-1.413197501975402837e-01 -3.928454602733366108e-01
-1.421100005257227850e-01 -3.934638810299022627e-01
-1.429068077390553970e-01 -3.940762361110780043e-01
-1.437101847292376333e-01 -3.946824648175449313e-01
-1.445201436394841499e-01 -3.952825060607695895e-01
-1.453366958530924458e-01 -3.958762983660156776e-01
-1.461598519819703179e-01 -3.964637798755337172e-01
-1.469896218551231537e-01 -3.970448883519213656e-01
-1.478260145071026432e-01 -3.976195611816632502e-01
-1.486690381664218241e-01 -3.981877353788521035e-01
-1.495187002439345436e-01 -3.987493475890883654e-01
-1.503750073211878313e-01 -3.993043340935717445e-01
-1.512379651387405766e-01 -3.998526308133708018e-01
-1.521075785844617501e-01 -4.003941733138896009e-01
-1.529838516818012029e-01 -4.009288968095215955e-01
-1.538667875780420635e-01 -4.014567361684994728e-01
-1.547563885325335953e-01 -4.019776259179371758e-01
-1.556526559049104808e-01 -4.024915002490763727e-01
-1.565555901432957309e-01 -4.029982930227277715e-01
-1.574651907724994304e-01 -4.034979377749161600e-01
-1.583814563822052712e-01 -4.039903677227327794e-01
-1.593043846151586396e-01 -4.044755157703891491e-01
-1.602339721553484031e-01 -4.049533145154843861e-01
-1.611702147161951093e-01 -4.054236962554779167e-01
-1.621131070287443188e-01 -4.058865929943808459e-01
-1.630626428298673214e-01 -4.063419364496542729e-01
-1.640188148504748977e-01 -4.067896580593299283e-01
-1.649816148037475394e-01 -4.072296889893448624e-01
-1.659510333733831278e-01 -4.076619601410972904e-01
-1.669270602018686211e-01 -4.080864021592235935e-01
-1.679096838787773605e-01 -4.085029454395979753e-01
-1.688988919290974888e-01 -4.089115201375558284e-01
-1.698946708015913187e-01 -4.093120561763462506e-01
-1.708970058571945838e-01 -4.097044832558069949e-01
-1.719058813574558253e-01 -4.100887308612732873e-01
-1.729212804530224079e-01 -4.104647282727141855e-01
-1.739431851721736366e-01 -4.108324045741007513e-01
-1.749715764094082748e-01 -4.111916886630098689e-01
-1.760064339140891554e-01 -4.115425092604563240e-01
-1.770477362791496867e-01 -4.118847949209655801e-01
-1.780954609298661118e-01 -4.122184740428802563e-01
-1.791495841126992394e-01 -4.125434748789040817e-01
-1.802100808842100887e-01 -4.128597255468814398e-01
-1.812769251000570236e-01 -4.131671540408209942e-01
-1.823500894040718245e-01 -4.134656882421538504e-01
-1.834295452174276586e-01 -4.137552559312333011e-01
-1.845152627278976998e-01 -4.140357847990765450e-01
-1.856072108792092834e-01 -4.143072024593461022e-01
-1.867053573605027272e-01 -4.145694364605739257e-01
-1.878096685958943746e-01 -4.148224142986255414e-01
-1.889201097341513813e-01 -4.150660634294083273e-01
-1.900366446384824382e-01 -4.153003112818203224e-01
-1.911592358764507282e-01 -4.155250852709429510e-01
-1.922878447100095367e-01 -4.157403128114742219e-01
-1.934224310856724749e-01 -4.159459213314057879e-01
-1.945629536248170699e-01 -4.161418382859387033e-01
-1.957093696141301575e-01 -4.163279911716451509e-01
-1.968616349961980205e-01 -4.165043075408659812e-01
-1.980197043602505702e-01 -4.166707150163518891e-01
-1.991835309330581560e-01 -4.168271413061437891e-01
-2.003530665699917446e-01 -4.169735142186911103e-01
-2.015282617462514081e-01 -4.171097616782095674e-01
-2.027090655482631509e-01 -4.172358117402729660e-01
-2.038954256652556474e-01 -4.173515926076446503e-01
-2.050872883810194169e-01 -4.174570326463409309e-01
-2.062845985658527670e-01 -4.175520604019284931e-01
-2.074872996687032178e-01 -4.176366046160532308e-01
-2.086953337095051042e-01 -4.177105942431998953e-01
-2.099086412717230676e-01 -4.177739584676808393e-01
-2.111271614951048536e-01 -4.178266267208483598e-01
-2.123508320686491313e-01 -4.178685286985358571e-01
-2.135795892237926930e-01 -4.178995943787175982e-01
-2.148133677278258324e-01 -4.179197540393927435e-01
-2.160521008775379004e-01 -4.179289382766829264e-01
-2.172957204930987540e-01 -4.179270780231491567e-01
-2.185441569121850391e-01 -4.179141045663206655e-01
-2.197973389843518310e-01 -4.178899495674319176e-01
-2.210551940656589609e-01 -4.178545450803690109e-01
-2.223176480135569399e-01 -4.178078235708200805e-01
-2.235846251820335917e-01 -4.177497179356266521e-01
-2.248560484170358531e-01 -4.176801615223324493e-01
-2.261318390521615540e-01 -4.175990881489275441e-01
-2.274119169046335542e-01 -4.175064321237803577e-01
-2.286962002715614284e-01 -4.174021282657616183e-01
-2.299846059264920028e-01 -4.172861119245486194e-01
-2.312770491162564612e-01 -4.171583190011094455e-01
-2.325734435581217618e-01 -4.170186859683612801e-01
-2.338737014372459788e-01 -4.168671498920034635e-01
-2.351777334044484469e-01 -4.167036484515115324e-01
-2.364854485742962642e-01 -4.165281199612970719e-01
-2.377967545235139535e-01 -4.163405033920248299e-01
-2.391115572897184460e-01 -4.161407383920813219e-01
-2.404297613704922121e-01 -4.159287653091894299e-01
-2.417512697227885143e-01 -4.157045252121683299e-01
-2.430759837626822739e-01 -4.154679599128294765e-01
-2.444038033654685749e-01 -4.152190119880023733e-01
-2.457346268661123323e-01 -4.149576248016897395e-01
-2.470683510600544530e-01 -4.146837425273389721e-01
-2.484048712043834817e-01 -4.143973101702340123e-01
-2.497440810193692629e-01 -4.140982735899877976e-01
-2.510858726903690830e-01 -4.137865795231459587e-01
-2.524301368701099557e-01 -4.134621756058779463e-01
-2.537767626813505206e-01 -4.131250103967658571e-01
-2.551256377199248027e-01 -4.127750333996710319e-01
-2.564766480581761599e-01 -4.124121950866785902e-01
-2.578296782487830008e-01 -4.120364469211123537e-01
-2.591846113289789089e-01 -4.116477413806107766e-01
-2.605413288251764992e-01 -4.112460319802613284e-01
-2.618997107579897898e-01 -4.108312732957781765e-01
-2.632596356476698540e-01 -4.104034209867258309e-01
-2.646209805199450926e-01 -4.099624318197727102e-01
-2.659836209122812267e-01 -4.095082636919723518e-01
-2.673474308805570687e-01 -4.090408756540604429e-01
-2.687122830061587919e-01 -4.085602279337630649e-01
-2.700780484035026352e-01 -4.080662819591065471e-01
-2.714445967279793814e-01 -4.075590003817197715e-01
-2.728117961843328221e-01 -4.070383471001247089e-01
-2.741795135354674895e-01 -4.065042872829991438e-01
-2.755476141116925404e-01 -4.059567873924135872e-01
-2.769159618204018458e-01 -4.053958152070207266e-01
-2.782844191561936187e-01 -4.048213398452027989e-01
-2.796528472114311881e-01 -4.042333317881545707e-01
-2.810211056872482516e-01 -4.036317629029035903e-01
-2.823890529049974951e-01 -4.030166064652522806e-01
-2.837565458181448563e-01 -4.023878371826334899e-01
-2.851234400246148715e-01 -4.017454312168727837e-01
-2.864895897795823321e-01 -4.010893662068454879e-01
-2.878548480087159689e-01 -4.004196212910195452e-01
-2.892190663218709434e-01 -3.997361771298749145e-01
-2.905820950272368086e-01 -3.990390159281890781e-01
-2.919437831459330557e-01 -3.983281214571797180e-01
-2.933039784270629613e-01 -3.976034790764932936e-01
-2.946625273632139663e-01 -3.968650757560313047e-01
-2.960192752064167987e-01 -3.961129000976022496e-01
-2.973740659845521828e-01 -3.953469423563889529e-01
-2.987267425182142389e-01 -3.945671944622250460e-01
-3.000771464380214137e-01 -3.937736500406637807e-01
-3.014251182023807707e-01 -3.929663044338320699e-01
-3.027704971157010871e-01 -3.921451547210623167e-01
-3.041131213470531502e-01 -3.913101997392853804e-01
-3.054528279492786935e-01 -3.904614401031790138e-01
-3.067894528785449770e-01 -3.895988782250572324e-01
-3.081228310143401261e-01 -3.887225183344930057e-01
-3.094527961799129478e-01 -3.878323664976613960e-01
-3.107791811631501755e-01 -3.869284306363957038e-01
-3.121018177378883651e-01 -3.860107205469389124e-01
-3.134205366856646635e-01 -3.850792479183884898e-01
-3.147351678178912371e-01 -3.841340263508165043e-01
-3.160455399984642422e-01 -3.831750713730556757e-01
-3.173514811667906277e-01 -3.822024004601436986e-01
-3.186528183612399312e-01 -3.812160330504119066e-01
-3.199493777430108543e-01 -3.802159905622065628e-01
-3.212409846204080655e-01 -3.792022964102355065e-01
-3.225274634735306178e-01 -3.781749760215236678e-01
-3.238086379793609915e-01 -3.771340568509718438e-01
-3.250843310372529826e-01 -3.760795683965059144e-01
-3.263543647948135007e-01 -3.750115422138022847e-01
-3.276185606741713885e-01 -3.739300119305832837e-01
-3.288767393986304355e-01 -3.728350132604715816e-01
-3.301287210196965916e-01 -3.717265840163866963e-01
-3.313743249444762173e-01 -3.706047641234787027e-01
-3.326133699634400975e-01 -3.694695956315887098e-01
-3.338456742785428921e-01 -3.683211227272194521e-01
-3.350710555316944728e-01 -3.671593917450113875e-01
-3.362893308335757059e-01 -3.659844511787103127e-01
-3.375003167927869696e-01 -3.647963516916179483e-01
-3.387038295453306258e-01 -3.635951461265117812e-01
-3.398996847844112379e-01 -3.623808895150267273e-01
-3.410876977905500373e-01 -3.611536390864879542e-01
-3.422676834620022590e-01 -3.599134542761846522e-01
-3.434394563454728488e-01 -3.586603967330696530e-01
-3.446028306671198860e-01 -3.573945303268859508e-01
-3.457576203638348389e-01 -3.561159211546950365e-01
-3.469036391147919396e-01 -3.548246375468134817e-01
-3.480407003732580717e-01 -3.535207500721334051e-01
-3.491686173986535691e-01 -3.522043315428282639e-01
-3.502872032888508236e-01 -3.508754570184259292e-01
-3.513962710127042088e-01 -3.495342038092490444e-01
-3.524956334427997717e-01 -3.481806514792034069e-01
-3.535851033884123695e-01 -3.468148818479115381e-01
-3.546644936286605931e-01 -3.454369789921833411e-01
-3.557336169458508168e-01 -3.440470292468089664e-01
-3.567922861589947203e-01 -3.426451212046747186e-01
-3.578403141574895141e-01 -3.412313457161834651e-01
-3.588775139349547616e-01 -3.398057958879769358e-01
-3.599036986232033719e-01 -3.383685670809555845e-01
-3.609186815263462078e-01 -3.369197569075786935e-01
-3.619222761550100476e-01 -3.354594652284448864e-01
-3.629142962606565215e-01 -3.339877941481424473e-01
-3.638945558699948069e-01 -3.325048480103659498e-01
-3.648628693194710393e-01 -3.310107333922833739e-01
-3.658190512898191749e-01 -3.295055590981611493e-01
-3.667629168406669193e-01 -3.279894361522254775e-01
-3.676942814451737429e-01 -3.264624777907642605e-01
-3.686129610246995369e-01 -3.249247994534626982e-01
-3.695187719834759354e-01 -3.233765187739606750e-01
-3.704115312432785800e-01 -3.218177555696323799e-01
-3.712910562780798451e-01 -3.202486318305816648e-01
-3.721571651486665910e-01 -3.186692717078485337e-01
-3.730096765372142853e-01 -3.170798015008202686e-01
-3.738484097817982299e-01 -3.154803496438446930e-01
-3.746731849108284607e-01 -3.138710466920419662e-01
-3.754838226773935528e-01 -3.122520253063121309e-01
-3.762801445934995659e-01 -3.106234202375303677e-01
-3.770619729641854212e-01 -3.089853683099337278e-01
-3.778291309215063287e-01 -3.073380084036894111e-01
-3.785814424583625604e-01 -3.056814814366521360e-01
-3.793187324621638545e-01 -3.040159303452970030e-01
-3.800408267483114111e-01 -3.023415000648351780e-01
-3.807475520934816005e-01 -3.006583375085064569e-01
-3.814387362686990635e-01 -2.989665915460503198e-01
-3.821142080721820489e-01 -2.972664129813546441e-01
-3.827737973619427247e-01 -2.955579545292781884e-01
-3.834173350881287523e-01 -2.938413707916530115e-01
-3.840446533250920780e-01 -2.921168182324642149e-01
-3.846555853031663474e-01 -2.903844551522066775e-01
-3.852499654401400631e-01 -2.886444416614225017e-01
-3.858276293724072215e-01 -2.868969396534209459e-01
-3.863884139857852729e-01 -2.851421127761806229e-01
-3.869321574459773094e-01 -2.833801264034412348e-01
-3.874586992286699894e-01 -2.816111476049792395e-01
-3.879678801492515983e-01 -2.798353451160824901e-01
-3.884595423921267110e-01 -2.780528893062174656e-01
-3.889335295396278980e-01 -2.762639521468990278e-01
-3.893896866004906143e-01 -2.744687071787634269e-01
-3.898278600378958791e-01 -2.726673294778555467e-01
-3.902478977970505469e-01 -2.708599956211283910e-01
-3.906496493322994534e-01 -2.690468836511674677e-01
-3.910329656337519499e-01 -2.672281730401413480e-01
-3.913976992534105026e-01 -2.654040446529876141e-01
-3.917437043307865352e-01 -2.635746807098416911e-01
-3.920708366179893600e-01 -2.617402647477169442e-01
-3.923789535042748189e-01 -2.599009815814379842e-01
-3.926679140400434753e-01 -2.580570172638469995e-01
-3.929375789602699842e-01 -2.562085590452800599e-01
-3.931878107073563666e-01 -2.543557953323321019e-01
-3.934184734533938133e-01 -2.524989156459135353e-01
-3.936294331218223030e-01 -2.506381105786152919e-01
-3.938205574084750471e-01 -2.487735717513861466e-01
-3.939917158019980437e-01 -2.469054917695410467e-01
-3.941427796036329201e-01 -2.450340641781027506e-01
-3.942736219463532921e-01 -2.431594834164995944e-01
-3.943841178133419834e-01 -2.412819447726217703e-01
-3.944741440558037771e-01 -2.394016443362569357e-01
-3.945435794100991544e-01 -2.375187789519121462e-01
-3.945923045141940810e-01 -2.356335461710410417e-01
-3.946202019234154590e-01 -2.337461442036876669e-01
-3.946271561255053628e-01 -2.318567718695613289e-01
-3.946130535549654539e-01 -2.299656285485595641e-01
-3.945777826066855232e-01 -2.280729141307520913e-01
-3.945212336488482241e-01 -2.261788289658430151e-01
-3.944432990351066648e-01 -2.242835738121281286e-01
-3.943438731160279764e-01 -2.223873497849637171e-01
-3.942228522497951415e-01 -2.204903583047599092e-01
-3.940801348121708569e-01 -2.185928010445252201e-01
-3.939156212057105533e-01 -2.166948798769676443e-01
-3.937292138682275677e-01 -2.147967968211829670e-01
-3.935208172805065852e-01 -2.128987539889393432e-01
-3.932903379732629601e-01 -2.110009535305823747e-01
-3.930376845333477531e-01 -2.091035975805784208e-01
-3.927627676091983155e-01 -2.072068882027144066e-01
-3.924654999155329782e-01 -2.053110273349777193e-01
-3.921457962372943418e-01 -2.034162167341310445e-01
-3.918035734328374486e-01 -2.015226579200096180e-01
-3.914387504363734949e-01 -1.996305521195539945e-01
-3.910512482596637529e-01 -1.977401002106101147e-01
-3.906409899929746410e-01 -1.958515026655046343e-01
-3.902079008052938836e-01 -1.939649594944298228e-01
-3.897519079438156453e-01 -1.920806701886548784e-01
-3.892729407327027435e-01 -1.901988336635854482e-01
-3.887709305711287699e-01 -1.883196482016942508e-01
-3.882458109306136107e-01 -1.864433113953498089e-01
-3.876975173516565287e-01 -1.845700200895614707e-01
-3.871259874396796308e-01 -1.826999703246672824e-01
-3.865311608602916560e-01 -1.808333572789887489e-01
-3.859129793338824665e-01 -1.789703752114734925e-01
-3.852713866295627843e-01 -1.771112174043536769e-01
-3.846063285584612745e-01 -1.752560761058447880e-01
-3.839177529663946320e-01 -1.734051424729055879e-01
-3.832056097259215477e-01 -1.715586065140875249e-01
-3.824698507278039283e-01 -1.697166570324994683e-01
-3.817104298718861921e-01 -1.678794815689108599e-01
-3.809273030574119590e-01 -1.660472663450189013e-01
-3.801204281728018386e-01 -1.642201962069085308e-01
-3.792897650849039182e-01 -1.623984545687272019e-01
-3.784352756277456487e-01 -1.605822233566034929e-01
-3.775569235908047272e-01 -1.587716829528366125e-01
-3.766546747068241219e-01 -1.569670121403783924e-01
-3.757284966391907233e-01 -1.551683880476393829e-01
-3.747783589689086536e-01 -1.533759860936444452e-01
-3.738042331811901597e-01 -1.515899799335654330e-01
-3.728060926516890139e-01 -1.498105414046553563e-01
-3.717839126324073429e-01 -1.480378404726143127e-01
-3.707376702373024191e-01 -1.462720451784132736e-01
-3.696673444276274423e-01 -1.445133215856042597e-01
-3.685729159970286828e-01 -1.427618337281439387e-01
-3.674543675564427292e-01 -1.410177435587572359e-01
-3.663116835188148235e-01 -1.392812108978725427e-01
-3.651448500836810274e-01 -1.375523933831533374e-01
-3.639538552216454170e-01 -1.358314464196546112e-01
-3.627386886587864456e-01 -1.341185231306364356e-01
-3.614993418610348286e-01 -1.324137743090582631e-01
-3.602358080185573130e-01 -1.307173483697864347e-01
-3.589480820301831909e-01 -1.290293913025405415e-01
-3.576361604879191858e-01 -1.273500466256109465e-01
-3.563000416615887955e-01 -1.256794553403760006e-01
-3.549397254836416660e-01 -1.240177558866457086e-01
-3.535552135341724633e-01 -1.223650840988643185e-01
-3.521465090261980957e-01 -1.207215731632006461e-01
-3.507136167912311975e-01 -1.190873535755556656e-01
-3.492565432652048885e-01 -1.174625531005180634e-01
-3.477752964747867215e-01 -1.158472967312976221e-01
-3.462698860241376630e-01 -1.142417066506676293e-01
-3.447403230821580178e-01 -1.126459021929442916e-01
-3.431866203702760298e-01 -1.110599998070397887e-01
-3.416087921508246805e-01 -1.094841130206128388e-01
-3.400068542160650797e-01 -1.079183524053550225e-01
-3.383808238779003608e-01 -1.063628255434381775e-01
-3.367307199583447486e-01 -1.048176369951611120e-01
-3.350565627807882141e-01 -1.032828882678217819e-01
-3.333583741621271024e-01 -1.017586777858510150e-01
-3.316361774058061429e-01 -1.002451008622397000e-01
-3.298899972958310167e-01 -9.874224967129124897e-02
-3.281198600918158736e-01 -9.725021322273452729e-02
-3.263257935251165920e-01 -9.576907733722883620e-02
-3.245078267961100660e-01 -9.429892462329414471e-02
-3.226659905726889654e-01 -9.283983445570670456e-02
-3.208003169900183194e-01 -9.139188295538430706e-02
-3.189108396516282529e-01 -8.995514297080481336e-02
-3.169975936319012200e-01 -8.852968406099082088e-02
-3.150606154800155712e-01 -8.711557248009221821e-02
-3.130999432254053527e-01 -8.571287116360659653e-02
-3.111156163848142198e-01 -8.432163971627282262e-02
-3.091076759709928679e-01 -8.294193440167318965e-02
-3.070761645031126474e-01 -8.157380813358089400e-02
-3.050211260189629181e-01 -8.021731046909219565e-02
-3.029426060889961470e-01 -7.887248760357806754e-02
-3.008406518322830348e-01 -7.753938236749363666e-02
-2.987153119344519991e-01 -7.621803422508593995e-02
-2.965666366676771304e-01 -7.490847927503568870e-02
-2.943946779127788460e-01 -7.361075025307256547e-02
-2.921994891835058006e-01 -7.232487653660268911e-02
-2.899811256530697712e-01 -7.105088415138932634e-02
-2.877396441829934703e-01 -6.978879578032470832e-02
-2.854751033543401206e-01 -6.853863077433125506e-02
-2.831875635013938464e-01 -6.730040516543450702e-02
-2.808770867478537214e-01 -6.607413168204673282e-02
-2.785437370456048112e-01 -6.485981976650107006e-02
-2.761875802161343763e-01 -6.365747559487500151e-02
-2.738086839946525797e-01 -6.246710209914452250e-02
-2.714071180769801472e-01 -6.128869899170941160e-02
-2.689829541692667081e-01 -6.012226279232685267e-02
-2.665362660405896644e-01 -5.896778685749370919e-02
-2.640671295784997596e-01 -5.782526141231852934e-02
-2.615756228475633050e-01 -5.669467358491853126e-02
-2.590618261509503584e-01 -5.557600744338137000e-02
-2.565258220951237011e-01 -5.446924403532987791e-02
-2.539676956576661371e-01 -5.337436143012397327e-02
-2.513875342582976291e-01 -5.229133476373715173e-02
-2.487854278331131097e-01 -5.122013628634386473e-02
-2.461614689120766586e-01 -5.016073541264642888e-02
-2.435157526998030231e-01 -4.911309877497943566e-02
-2.408483771596444112e-01 -4.807719027921786292e-02
-2.381594431011059554e-01 -4.705297116351953024e-02
-2.354490542705959810e-01 -4.604040005993026430e-02
-2.327173174455155480e-01 -4.503943305887403437e-02
-2.299643425316823253e-01 -4.405002377655309331e-02
-2.271902426640782235e-01 -4.307212342527677595e-02
-2.243951343108925300e-01 -4.210568088673627418e-02
-2.215791373808308484e-01 -4.115064278824032140e-02
-2.187423753336452115e-01 -4.020695358192144520e-02
-2.158849752938312994e-01 -3.927455562692094837e-02
-2.130070681674149369e-01 -3.835338927455528291e-02
-2.101087887617553995e-01 -3.744339295646220700e-02
-2.071902759082570600e-01 -3.654450327572134061e-02
-2.042516725878798511e-01 -3.565665510093934953e-02
-2.012931260593124327e-01 -3.477978166328110632e-02
-1.983147879896570986e-01 -3.391381465642717696e-02
-1.953168145874607520e-01 -3.305868433942954487e-02
-1.922993667378858629e-01 -3.221431964242926771e-02
-1.892626101398196536e-01 -3.138064827519732036e-02
-1.862067154446760686e-01 -3.055759683844894159e-02
-1.831318583966234648e-01 -2.974509093787225389e-02
-1.800382199739531119e-01 -2.894305530081375810e-02
-1.769259865312639568e-01 -2.815141389553887930e-02
-1.737953499421202030e-01 -2.737009005299317899e-02
-1.706465077417981258e-01 -2.659900659096825493e-02
-1.674796632697192478e-01 -2.583808594057351860e-02
-1.642950258111224027e-01 -2.508725027490171788e-02
-1.610928107374985929e-01 -2.434642163976774576e-02
-1.578732396452869891e-01 -2.361552208638656447e-02
-1.546365404922796505e-01 -2.289447380585013514e-02
-1.513829477311569860e-01 -2.218319926524403574e-02
-1.481127024395503256e-01 -2.148162134524278510e-02
-1.448260524459679399e-01 -2.078966347900190748e-02
-1.415232524509134060e-01 -2.010724979215949837e-02
-1.382045641424761440e-01 -1.943430524374473167e-02
-1.348702563056481118e-01 -1.877075576778070021e-02
-1.315206049245867537e-01 -1.811652841535749126e-02
-1.281558932770188730e-01 -1.747155149693607745e-02
-1.247764120199587323e-01 -1.683575472464082790e-02
-1.213824592658808155e-01 -1.620906935427712803e-02
-1.179743406484836665e-01 -1.559142832680887603e-02
-1.145523693771583196e-01 -1.498276640901652357e-02
-1.111168662792690887e-01 -1.438302033304933447e-02
-1.076681598293564024e-01 -1.379212893457454348e-02
-1.042065861643639707e-01 -1.321003328922365494e-02
-1.007324890840233800e-01 -1.263667684702474148e-02
-9.724622003552563232e-02 -1.207200556450960249e-02
-9.374813808165251283e-02 -1.151596803417631598e-02
-9.023860985157097780e-02 -1.096851561098927119e-02
-8.671800947353185129e-02 -1.042960253559482853e-02
-8.318671848878575470e-02 -9.899186053936304130e-03
-7.964512574607512940e-02 -9.377226532947924298e-03
-7.609362727614159272e-02 -8.863687572016998306e-03
-7.253262614578198653e-02 -8.358536109908831779e-03
-6.896253229106179272e-02 -7.861742526852899537e-03
-6.538376232941406352e-02 -7.373280741504451008e-03
-6.179673935045394001e-02 -6.893128302502993243e-03
-5.820189268546444722e-02 -6.421266474362807841e-03
-5.459965765564252227e-02 -5.957680317449420837e-03
-5.099047529930936240e-02 -5.502358761807046861e-03
-4.737479207845680940e-02 -5.055294674625843143e-03
-4.375305956512313271e-02 -4.616484921154240251e-03
-4.012573410825091835e-02 -4.185930418884098447e-03
-3.649327648181945744e-02 -3.763636184858309974e-03
-3.285615151519813426e-02 -3.349611375974337335e-03
-2.921482770680512361e-02 -2.943869322181213999e-03
-2.556977682229814169e-02 -2.546427552490626578e-03
-2.192147347865017193e-02 -2.157307813749897996e-03
-1.827039471560504974e-02 -1.776536082149338114e-03
-1.461701955609799250e-02 -1.404142567459576441e-03
-1.096182855734641887e-02 -1.040161710021580976e-03
-7.305303354398551274e-03 -6.846321705356039899e-04
-3.647926197999702691e-03 -3.375968127170558830e-04
9.820511301585066466e-06 8.973210863238989532e-07
3.667454690847976595e-03 3.307990412047545625e-04
7.324495043384199322e-03 6.520530487490461269e-04
1.098046152239740003e-02 9.645999803525873162e-04
1.463487579330636015e-02 1.268376459383935284e-03
1.828726168856650153e-02 1.563315153441824368e-03
2.193714565477670672e-02 1.849344837933919461e-03
2.558405718997915426e-02 2.126390465525318518e-03
2.922752926939085200e-02 2.394373241232594651e-03
3.286709875791625490e-02 2.653210702930230980e-03
3.650230680790297888e-02 2.902816807027974733e-03
4.013269924071363737e-02 3.143102019070420639e-03
4.375782691082294451e-02 3.373973409007635649e-03
4.737724605129195465e-02 3.595334750881140629e-03
5.099051859960161692e-02 3.807086626665068252e-03
5.459721250299392342e-02 4.009126534005813536e-03
5.819690200260620866e-02 4.201348997601439539e-03
6.178916789583854818e-02 4.383645683961601147e-03
6.537359777655432636e-02 4.555905519294800587e-03
6.894978625283548768e-02 4.718014810268733594e-03
7.251733514219030341e-02 4.869857367397312231e-03
7.607585364421411145e-02 5.011314630808061388e-03
7.962495849085583777e-02 5.142265798150247313e-03
8.316427407455552478e-02 5.262587954410813396e-03
8.669343255462526321e-02 5.372156203408473552e-03
9.021207394236070709e-02 5.470843800742641871e-03
9.371984616545329938e-02 5.558522287980982579e-03
9.721640511235812854e-02 5.635061627875026513e-03
1.007014146573453062e-01 5.700330340400627804e-03
1.041745466670318115e-01 5.754195639425252473e-03
1.076354809892306058e-01 5.796523569811473653e-03
1.110839054249960905e-01 5.827179144773597663e-03
1.145195156848018703e-01 5.846026483309951782e-03
1.179420153297756485e-01 5.852928947541025106e-03
1.213511156989536682e-01 5.847749279789926646e-03
1.247465358235295696e-01 5.830349739247675522e-03
1.281280023290514436e-01 5.800592238075386042e-03
1.314952493265358624e-01 5.758338476798186001e-03
1.348480182934472249e-01 5.703450078855976102e-03
1.381860579454762816e-01 5.635788724179413567e-03
1.415091241000258071e-01 5.555216281669161926e-03
1.448169795322967190e-01 5.461594940460945402e-03
1.481093938248255193e-01 5.354787339864941487e-03
1.513861432113113581e-01 5.234656697877149156e-03
1.546470104155137637e-01 5.101066938161646913e-03
1.578917844859942798e-01 4.953882815413757079e-03
1.611202606274102500e-01 4.792970039017574457e-03
1.643322400290631868e-01 4.618195394916535523e-03
1.675275296913373846e-01 4.429426865622587695e-03
1.707059422506441160e-01 4.226533748294736270e-03
1.738672958034510607e-01 4.009386770824463486e-03
1.770114137299222401e-01 3.777858205866180263e-03
1.801381245176779666e-01 3.531821982762861634e-03
1.832472615861370779e-01 3.271153797315462519e-03
1.863386631118725545e-01 2.995731219354480501e-03
1.894121718553717915e-01 2.705433798071921192e-03
1.924676349895762528e-01 2.400143165081081165e-03
1.955049039305247760e-01 2.079743135172729129e-03
1.985238341704117504e-01 1.744119804740318358e-03
2.015242851133329793e-01 1.393161647853247143e-03
2.045061199139684427e-01 1.026759609955962826e-03
2.074692053194293617e-01 6.448071991824733118e-04
2.104134115144627171e-01 2.472005752678918533e-04
2.133386119702001538e-01 -1.661613639463155323e-04
2.162446832965992383e-01 -5.953768984249263596e-04
2.191315050987196478e-01 -1.040541404267680825e-03
2.219989598369483397e-01 -1.501747274458786752e-03
2.248469326912733157e-01 -1.979083842034656815e-03
2.276753114296967695e-01 -2.472637305663494267e-03
2.304839862808499285e-01 -2.982490657635894493e-03
2.332728498108672666e-01 -3.508723614253861367e-03
2.360417968045639414e-01 -4.051412548610577868e-03
2.387907241509461265e-01 -4.610630425750605887e-03
2.415195307330724184e-01 -5.186446740195804761e-03
2.442281173222776436e-01 -5.778927455825588755e-03
2.469163864767580652e-01 -6.388134948092705212e-03
2.495842424445108287e-01 -7.014127948563264603e-03
2.522315910706065534e-01 -7.656961491758429439e-03
2.548583397087795799e-01 -8.316686864284106306e-03
2.574643971372997386e-01 -8.993351556227269228e-03
2.600496734790932463e-01 -9.686999214801095270e-03
2.626140801260631319e-01 -1.039766960021776265e-02
2.651575296675790505e-01 -1.112539854376992654e-02
2.676799358230710912e-01 -1.187021790809961175e-02
2.701812133786744563e-01 -1.263215554963237341e-02
2.726612781278800468e-01 -1.341123528315874003e-02
2.751200468161102974e-01 -1.420747684853834736e-02
2.775574370891703557e-01 -1.502089587950727889e-02
2.799733674455006094e-01 -1.585150387456629728e-02
2.823677571921677787e-01 -1.669930816993137057e-02
2.847405264045101969e-01 -1.756431191451962581e-02
2.870915958893821007e-01 -1.844651404695596408e-02
2.894208871519083903e-01 -1.934590927457502385e-02
2.917283223656769731e-01 -2.026248805439972989e-02
2.940138243462995238e-01 -2.119623657607527800e-02
2.962773165282486243e-01 -2.214713674673657318e-02
2.985187229449062229e-01 -2.311516617779335592e-02
3.007379682117334307e-01 -2.410029817360692661e-02
3.029349775124858812e-01 -2.510250172204536723e-02
3.051096765883962725e-01 -2.612174148689161424e-02
3.072619917302373826e-01 -2.715797780209161516e-02
3.093918497731869000e-01 -2.821116666781625648e-02
3.114991780944152966e-01 -2.928125974832679335e-02
3.135839046133108710e-01 -3.036820437161963371e-02
3.156459577942656303e-01 -3.147194353083282437e-02
3.176852666519309198e-01 -3.259241588739969497e-02
3.197017607588772958e-01 -3.372955577592878784e-02
3.216953702555608308e-01 -3.488329321079502998e-02
3.236660258625262410e-01 -3.605355389442232994e-02
3.256136588947654564e-01 -3.724025922724388815e-02
3.275382012781435925e-01 -3.844332631932023681e-02
3.294395855678223239e-01 -3.966266800360013223e-02
3.313177449685955067e-01 -4.089819285080775746e-02
3.331726133570616089e-01 -4.214980518593880454e-02
3.350041253055545121e-01 -4.341740510634972683e-02
3.368122161077485854e-01 -4.470088850142389658e-02
3.385968218058727497e-01 -4.600014707379695977e-02
3.403578792194462133e-01 -4.731506836212806544e-02
3.420953259754659359e-01 -4.864553576539693003e-02
3.438091005399699362e-01 -4.999142856871502394e-02
3.454991422508999488e-01 -5.135262197062795408e-02
3.471653913521903778e-01 -5.272898711190032728e-02
3.488077890290138816e-01 -5.412039110575983525e-02
3.504262774441043726e-01 -5.552669706958845985e-02
3.520207997750928186e-01 -5.694776415804075897e-02
3.535913002527830695e-01 -5.838344759757407854e-02
3.551377242002934365e-01 -5.983359872237414834e-02
3.566600180730016278e-01 -6.129806501165524502e-02
3.581581294992195463e-01 -6.277669012832115536e-02
3.596320073215355517e-01 -6.426931395896612331e-02
3.610816016387527472e-01 -6.577577265520101468e-02
3.625068638483586181e-01 -6.729589867628049671e-02
3.639077466894654056e-01 -6.882952083302024127e-02
3.652842042861539351e-01 -7.037646433297750637e-02
3.666361921911568955e-01 -7.193655082687966384e-02
3.679636674298240595e-01 -7.350959845628124434e-02
3.692665885443039975e-01 -7.509542190242918247e-02
3.705449156378855524e-01 -7.669383243631183733e-02
3.717986104194410668e-01 -7.830463796987635616e-02
3.730276362479079122e-01 -7.992764310839112207e-02
3.742319581767572512e-01 -8.156264920392974904e-02
3.754115429983931884e-01 -8.320945440995758391e-02
3.765663592884265221e-01 -8.486785373699456958e-02
3.776963774497665849e-01 -8.653763910933759407e-02
3.788015697564866002e-01 -8.821859942281107259e-02
3.798819103974013234e-01 -8.991052060352916486e-02
3.809373755193165567e-01 -9.161318566764087290e-02
3.819679432698916965e-01 -9.332637478203564818e-02
3.829735938400738449e-01 -9.504986532598430626e-02
3.839543095060558575e-01 -9.678343195368899199e-02
3.849100746707095344e-01 -9.852684665771732631e-02
3.858408759044505976e-01 -1.002798788332938673e-01
3.867467019854939903e-01 -1.020422953434229618e-01
3.876275439394537559e-01 -1.038138605848143436e-01
3.884833950782504708e-01 -1.055943365545865542e-01
3.893142510382822108e-01 -1.073834829177180428e-01
3.901201098178236903e-01 -1.091810570752212439e-01
3.909009718136151612e-01 -1.109868142330049379e-01
3.916568398565998810e-01 -1.128005074714022449e-01
3.923877192467862818e-01 -1.146218878153326126e-01
3.930936177871886539e-01 -1.164507043050675428e-01
3.937745458168215862e-01 -1.182867040675709136e-01
3.944305162427158562e-01 -1.201296323883843109e-01
3.950615445709194651e-01 -1.219792327840253376e-01
3.956676489364649996e-01 -1.238352470748720346e-01
3.962488501322676826e-01 -1.256974154584951098e-01
3.968051716369290216e-01 -1.275654765834166593e-01
3.973366396414251822e-01 -1.294391676232538035e-01
3.978432830746493898e-01 -1.313182243512243108e-01
3.983251336277922605e-01 -1.332023812149772390e-01
3.987822257775323065e-01 -1.350913714117176201e-01
3.992145968080210161e-01 -1.369849269635952660e-01
3.996222868316416932e-01 -1.388827787933220037e-01
4.000053388085257344e-01 -1.407846567999893050e-01
4.003637985648041409e-01 -1.426902899350479259e-01
4.006977148095841046e-01 -1.445994062784246026e-01
4.010071391506385696e-01 -1.465117331147384738e-01
4.012921261087873948e-01 -1.484269970095823954e-01
4.015527331309660664e-01 -1.503449238858467207e-01
4.017890206019671950e-01 -1.522652391000378636e-01
4.020010518548454703e-01 -1.541876675185763768e-01
4.021888931799791900e-01 -1.561119335940266417e-01
4.023526138327811474e-01 -1.580377614412374343e-01
4.024922860400494962e-01 -1.599648749133525949e-01
4.026079850049594233e-01 -1.618929976776682655e-01
4.026997889106839201e-01 -1.638218532912945336e-01
4.027677789226511984e-01 -1.657511652766017751e-01
4.028120391894242092e-01 -1.676806571964084558e-01
4.028326568422134213e-01 -1.696100527288873228e-01
4.028297219930189188e-01 -1.715390757421560441e-01
4.028033277313965432e-01 -1.734674503685188218e-01
4.027535701198656781e-01 -1.753949010783354134e-01
4.026805481879456305e-01 -1.773211527534780674e-01
4.025843639248368189e-01 -1.792459307603549989e-01
4.024651222707464338e-01 -1.811689610224647695e-01
4.023229311068666769e-01 -1.830899700924558393e-01
4.021579012440151812e-01 -1.850086852236591528e-01
4.019701464099408872e-01 -1.869248344410693596e-01
4.017597832353071441e-01 -1.888381466117431406e-01
4.015269312383642486e-01 -1.907483515145861064e-01
4.012717128083194140e-01 -1.926551799095076178e-01
4.009942531874173266e-01 -1.945583636059068089e-01
4.006946804517417249e-01 -1.964576355304716582e-01
4.003731254907531012e-01 -1.983527297942599965e-01
4.000297219855802333e-01 -2.002433817590410503e-01
3.996646063860732068e-01 -2.021293281028700428e-01
3.992779178866384115e-01 -2.040103068848717893e-01
3.988697984008694464e-01 -2.058860576092089167e-01
3.984403925349961906e-01 -2.077563212882140853e-01
3.979898475601621466e-01 -2.096208405046604550e-01
3.975183133835544225e-01 -2.114793594731499971e-01
3.970259425184022861e-01 -2.133316241005973612e-01
3.965128900528663292e-01 -2.151773820457867081e-01
3.959793136178352269e-01 -2.170163827779877097e-01
3.954253733536559068e-01 -2.188483776345986065e-01
3.948512318758122808e-01 -2.206731198778127678e-01
3.942570542395800182e-01 -2.224903647502748383e-01
3.936430079036772334e-01 -2.242998695297222789e-01
3.930092626929323485e-01 -2.261013935825821053e-01
3.923559907599978858e-01 -2.278946984165197420e-01
3.916833665461255665e-01 -2.296795477319102663e-01
3.909915667410378548e-01 -2.314557074722288221e-01
3.902807702419072156e-01 -2.332229458733365846e-01
3.895511581114837751e-01 -2.349810335116561122e-01
3.888029135353797683e-01 -2.367297433512131899e-01
3.880362217785516821e-01 -2.384688507895435516e-01
3.872512701409943636e-01 -2.401981337024444441e-01
3.864482479126827297e-01 -2.419173724875635367e-01
3.856273463277770652e-01 -2.436263501068111348e-01
3.847887585181303249e-01 -2.453248521275941396e-01
3.839326794661152564e-01 -2.470126667628494421e-01
3.830593059568035419e-01 -2.486895849098813560e-01
3.821688365295208278e-01 -2.503554001879884083e-01
3.812614714288081741e-01 -2.520099089748710774e-01
3.803374125548167894e-01 -2.536529104418191460e-01
3.793968634131593687e-01 -2.552842065876705924e-01
3.784400290642565001e-01 -2.569036022715353029e-01
3.774671160721918550e-01 -2.585109052442805533e-01
3.764783324531157382e-01 -2.601059261787764809e-01
3.754738876232205924e-01 -2.616884786988971090e-01
3.744539923463132136e-01 -2.632583794072703709e-01
3.734188586810210375e-01 -2.648154479117860172e-01
3.723686999276480392e-01 -2.663595068508461949e-01
3.713037305747168837e-01 -2.678903819173732437e-01
3.702241662452274706e-01 -2.694079018815628279e-01
3.691302236426458050e-01 -2.709118986123888462e-01
3.680221204966698800e-01 -2.724022070978651122e-01
3.669000755087836185e-01 -2.738786654640559814e-01
3.657643082976391735e-01 -2.753411149928508550e-01
3.646150393442812998e-01 -2.767894001384946789e-01
3.634524899372590379e-01 -2.782233685428890935e-01
3.622768821176318155e-01 -2.796428710496601799e-01
3.610884386239121002e-01 -2.810477617170022424e-01
3.598873828369650307e-01 -2.824378978293035081e-01
3.586739387248900068e-01 -2.838131399075609629e-01
3.574483307879154914e-01 -2.851733517185884859e-01
3.562107840033273409e-01 -2.865184002830262200e-01
3.549615237704589754e-01 -2.878481558821630037e-01
3.537007758557708659e-01 -2.891624920635784690e-01
3.524287663380425428e-01 -2.904612856456106340e-01
3.511457215536971654e-01 -2.917444167206646455e-01
3.498518680422955107e-01 -2.930117686573694979e-01
3.485474324922088751e-01 -2.942632281015928886e-01
3.472326416865042509e-01 -2.954986849763271972e-01
3.459077224490655911e-01 -2.967180324804598590e-01
3.445729015909663184e-01 -2.979211670864351791e-01
3.432284058571254404e-01 -2.991079885368240210e-01
3.418744618732633689e-01 -3.002783998398163567e-01
3.405112960931817034e-01 -3.014323072636444500e-01
3.391391347463879602e-01 -3.025696203299558240e-01
3.377582037860870079e-01 -3.036902518061471712e-01
3.363687288375615259e-01 -3.047941176966750265e-01
3.349709351469580265e-01 -3.058811372333609668e-01
3.335650475304997586e-01 -3.069512328647009403e-01
3.321512903241506387e-01 -3.080043302442002640e-01
3.307298873337418676e-01 -3.090403582177463915e-01
3.293010617855852695e-01 -3.100592488100403776e-01
3.278650362775881733e-01 -3.110609372101001968e-01
3.264220327308909875e-01 -3.120453617558526238e-01
3.249722723420421233e-01 -3.130124639178345491e-01
3.235159755357269185e-01 -3.139621882820202714e-01
3.220533619180667717e-01 -3.148944825317891993e-01
3.205846502305087498e-01 -3.158092974290597210e-01
3.191100583043126049e-01 -3.167065867945976221e-01
3.176298030156586849e-01 -3.175863074875281411e-01
3.161441002413852841e-01 -3.184484193840634303e-01
3.146531648153707561e-01 -3.192928853554669599e-01
3.131572104855745442e-01 -3.201196712452742399e-01
3.116564498717503406e-01 -3.209287458457888431e-01
3.101510944238404233e-01 -3.217200808738759910e-01
3.086413543810684335e-01 -3.224936509460659129e-01
3.071274387317364241e-01 -3.232494335529975116e-01
3.056095551737398885e-01 -3.239874090332142131e-01
3.040879100758123177e-01 -3.247075605463358716e-01
3.025627084395037247e-01 -3.254098740456228267e-01
3.010341538619097368e-01 -3.260943382499604803e-01
2.995024484991541391e-01 -3.267609446152759389e-01
2.979677930306370848e-01 -3.274096873054120338e-01
2.964303866240513008e-01 -3.280405631624772611e-01
2.948904269011820012e-01 -3.286535716766946780e-01
2.933481099044881191e-01 -3.292487149557655757e-01
2.918036300644792358e-01 -3.298259976937730764e-01
2.902571801678884289e-01 -3.303854271396438613e-01
2.887089513266464236e-01 -3.309270130651869590e-01
2.871591329476671506e-01 -3.314507677327346857e-01
2.856079127034426568e-01 -3.319567058624007250e-01
2.840554765034565277e-01 -3.324448445989789946e-01
2.825020084664134901e-01 -3.329152034785015091e-01
2.809476908932940775e-01 -3.333678043944781066e-01
2.793927042412320816e-01 -3.338026715638337527e-01
2.778372270982187309e-01 -3.342198314925675096e-01
2.762814361586383161e-01 -3.346193129411513256e-01
2.747255061996285441e-01 -3.350011468896868516e-01
2.731696100582714504e-01 -3.353653665028417108e-01
2.716139186096184766e-01 -3.357120070945842638e-01
2.700586007455407223e-01 -3.360411060927356863e-01
2.685038233544098096e-01 -3.363527030033580667e-01
2.669497513016071411e-01 -3.366468393749978416e-01
2.653965474108610501e-01 -3.369235587628036099e-01
2.638443724464043516e-01 -3.371829066925347007e-01
2.622933850959605628e-01 -3.374249306244831437e-01
2.607437419545435286e-01 -3.376496799173215324e-01
2.591955975090782793e-01 -3.378572057918983740e-01
2.576491041238324620e-01 -3.380475612949978559e-01
2.561044120266575685e-01 -3.382208012630794070e-01
2.545616692960379623e-01 -3.383769822860180354e-01
2.530210218489374885e-01 -3.385161626708579341e-01
2.514826134294429472e-01 -3.386384024055985598e-01
2.499465855981990725e-01 -3.387437631230282853e-01
2.484130777226303266e-01 -3.388323080646236107e-01
2.468822269679376569e-01 -3.389041020445268115e-01
2.453541682888731867e-01 -3.389592114136190104e-01
2.438290344222807660e-01 -3.389977040237054928e-01
2.423069558803963019e-01 -3.390196491918243682e-01
2.407880609449004061e-01 -3.390251176646954523e-01
2.392724756617201909e-01 -3.390141815833248584e-01
2.377603238365689486e-01 -3.389869144477768437e-01
2.362517270312144702e-01 -3.389433910821271212e-01
2.347468045604748088e-01 -3.388836875996121267e-01
2.332456734899246709e-01 -3.388078813679861190e-01
2.317484486343105443e-01 -3.387160509750989923e-01
2.302552425566653516e-01 -3.386082761947081243e-01
2.287661655681089146e-01 -3.384846379525347504e-01
2.272813257283302635e-01 -3.383452182925775209e-01
2.258008288467410196e-01 -3.381901003436941222e-01
2.243247784842904435e-01 -3.380193682864625071e-01
2.228532759559325171e-01 -3.378331073203334478e-01
2.213864203337338465e-01 -3.376314036310804068e-01
2.199243084506176116e-01 -3.374143443585637669e-01
2.184670349047264926e-01 -3.371820175648114204e-01
2.170146920644007160e-01 -3.369345122024312023e-01
2.155673700737564813e-01 -3.366719180833616654e-01
2.141251568588589116e-01 -3.363943258479685228e-01
2.126881381344740418e-01 -3.361018269344980824e-01
2.112563974113927656e-01 -3.357945135488926147e-01
2.098300160043179430e-01 -3.354724786349785326e-01
2.084090730402962666e-01 -3.351358158450309377e-01
2.069936454676936377e-01 -3.347846195107253564e-01
2.055838080656970379e-01 -3.344189846144801082e-01
2.041796334543339586e-01 -3.340390067611970215e-01
2.027811921049983701e-01 -3.336447821504067712e-01
2.013885523514728493e-01 -3.332364075488242761e-01
2.000017804014359302e-01 -3.328139802633192645e-01
1.986209403484418268e-01 -3.323775981143065605e-01
1.972460941843621751e-01 -3.319273594095601965e-01
1.958773018122830223e-01 -3.314633629184595143e-01
1.945146210598387160e-01 -3.309857078466656444e-01
1.931581076929783924e-01 -3.304944938112373554e-01
1.918078154301491589e-01 -3.299898208161854418e-01
1.904637959568871164e-01 -3.294717892284702576e-01
1.891260989408079241e-01 -3.289404997544485010e-01
1.877947720469793635e-01 -3.283960534167652545e-01
1.864698609536723506e-01 -3.278385515316993293e-01
1.851514093684742956e-01 -3.272680956869614133e-01
1.838394590447549881e-01 -3.266847877199446359e-01
1.825340497984787036e-01 -3.260887296964344317e-01
1.812352195253443266e-01 -3.254800238897736508e-01
1.799430042182500744e-01 -3.248587727604846931e-01
1.786574379850670580e-01 -3.242250789363525509e-01
1.773785530667143506e-01 -3.235790451929645983e-01
1.761063798555225213e-01 -3.229207744347089570e-01
1.748409469138797745e-01 -3.222503696762335501e-01
1.735822809931442667e-01 -3.215679340243611795e-01
1.723304070528187126e-01 -3.208735706604624038e-01
1.710853482799713221e-01 -3.201673828232861618e-01
1.698471261088986828e-01 -3.194494737922437544e-01
1.686157602410165435e-01 -3.187199468711469641e-01
1.673912686649711157e-01 -3.179789053724006442e-01
1.661736676769606513e-01 -3.172264526016425612e-01
1.649629719012550289e-01 -3.164626918428330438e-01
1.637591943109115156e-01 -3.156877263437913861e-01
1.625623462486660842e-01 -3.149016593021735644e-01
1.613724374480024482e-01 -3.141045938518929881e-01
1.601894760543829954e-01 -3.132966330499798446e-01
1.590134686466317948e-01 -3.124778798638723210e-01
1.578444202584670109e-01 -3.116484371591424218e-01
1.566823344001680718e-01 -3.108084076876491686e-01
1.555272130803717068e-01 -3.099578940761173462e-01
1.543790568279868047e-01 -3.090969988151358594e-01
1.532378647142228212e-01 -3.082258242485757527e-01
1.521036343747202146e-01 -3.073444725634189023e-01
1.509763620317749466e-01 -3.064530457799986007e-01
1.498560425166526877e-01 -3.055516457426417087e-01
1.487426692919784355e-01 -3.046403741107129859e-01
1.476362344742028765e-01 -3.037193323500564368e-01
1.465367288561272852e-01 -3.027886217248242362e-01
1.454441419294893456e-01 -3.018483432896947871e-01
1.443584619075944375e-01 -3.008985978824701979e-01
1.432796757479925520e-01 -2.999394861170521231e-01
1.422077691751858497e-01 -2.989711083767856992e-01
1.411427267033669164e-01 -2.979935648081706856e-01
1.400845316591773360e-01 -2.970069553149335961e-01
1.390331662044806960e-01 -2.960113795524539904e-01
1.379886113591423658e-01 -2.950069369225403193e-01
1.369508470238113285e-01 -2.939937265685488854e-01
1.359198520026957957e-01 -2.929718473708414761e-01
1.348956040263296630e-01 -2.919413979425764527e-01
1.338780797743185924e-01 -2.909024766258228589e-01
1.328672548980650014e-01 -2.898551814879991029e-01
1.318631040434615209e-01 -2.887996103186225572e-01
1.308656008735519238e-01 -2.877358606263710761e-01
1.298747180911484222e-01 -2.866640296364439400e-01
1.288904274614053880e-01 -2.855842142882204504e-01
1.279126998343401156e-01 -2.844965112332103474e-01
1.269415051672951322e-01 -2.834010168332836144e-01
1.259768125473415545e-01 -2.822978271591830568e-01
1.250185902136122795e-01 -2.811870379893052219e-01
1.240668055795653979e-01 -2.800687448087483267e-01
1.231214252551667832e-01 -2.789430428086150382e-01
1.221824150689957977e-01 -2.778100268855733801e-01
1.212497400902591282e-01 -2.766697916416597236e-01
1.203233646507189114e-01 -2.755224313843229189e-01
1.194032523665197187e-01 -2.743680401267009628e-01
1.184893661599197290e-01 -2.732067115881247066e-01
1.175816682809148195e-01 -2.720385391948424991e-01
1.166801203287564093e-01 -2.708636160809584359e-01
1.157846832733538389e-01 -2.696820350895781093e-01
1.148953174765641183e-01 -2.684938887741562530e-01
1.140119827133562747e-01 -2.672992694000380087e-01
1.131346381928544642e-01 -2.660982689461888762e-01
1.122632425792520205e-01 -2.648909791071084041e-01
1.113977540125931087e-01 -2.636774912949164662e-01
1.105381301294186547e-01 -2.624578966416104553e-01
1.096843280832745515e-01 -2.612322860014867354e-01
1.088363045650751482e-01 -2.600007499537155264e-01
1.079940158233214653e-01 -2.587633788050679451e-01
1.071574176841713077e-01 -2.575202625927872080e-01
1.063264655713545559e-01 -2.562714910875961150e-01
1.055011145259348582e-01 -2.550171537968383695e-01
1.046813192259101744e-01 -2.537573399677426345e-01
1.038670340056520036e-01 -2.524921385908061588e-01
1.030582128751806326e-01 -2.512216384032938121e-01
1.022548095392711853e-01 -2.499459278928399808e-01
1.014567774163886438e-01 -2.486650953011549647e-01
1.006640696574503946e-01 -2.473792286278245767e-01
9.987663916440953082e-02 -2.460884156341965057e-01
9.909443860866223863e-02 -2.447927438473531947e-01
9.831742044927116453e-02 -2.434923005641590477e-01
9.754553695100448563e-02 -2.421871728553801062e-01
9.677874020218762974e-02 -2.408774475698669537e-01
9.601698213236609103e-02 -2.395632113387988760e-01
9.526021452977578852e-02 -2.382445505799810348e-01
9.450838905861780326e-02 -2.369215515021891594e-01
9.376145727613793834e-02 -2.355943001095573974e-01
9.301937064950510647e-02 -2.342628822060014437e-01
9.228208057248987739e-02 -2.329273833996745036e-01
9.154953838193735649e-02 -2.315878891074475421e-01
9.082169537403605997e-02 -2.302444845594114886e-01
9.009850282037623614e-02 -2.288972548033910148e-01
8.937991198379946489e-02 -2.275462847094713026e-01
8.866587413403559381e-02 -2.261916589745261441e-01
8.795634056312523485e-02 -2.248334621267481515e-01
8.725126260062421313e-02 -2.234717785301679471e-01
8.655059162859313204e-02 -2.221066923891671929e-01
8.585427909636261790e-02 -2.207382877529713572e-01
8.516227653507890683e-02 -2.193666485201220540e-01
8.447453557202511121e-02 -2.179918584429241246e-01
8.379100794471583402e-02 -2.166140011318589687e-01
8.311164551476563078e-02 -2.152331600599648453e-01
8.243640028152626753e-02 -2.138494185671722392e-01
8.176522439549521737e-02 -2.124628598645974253e-01
8.109807017149056607e-02 -2.110735670387819396e-01
8.043489010159227126e-02 -2.096816230558813943e-01
7.977563686784727714e-02 -2.082871107657899845e-01
7.912026335473876237e-02 -2.068901129062040156e-01
7.846872266141596830e-02 -2.054907121066171238e-01
7.782096811368532929e-02 -2.040889908922423057e-01
7.717695327575846420e-02 -2.026850316878535119e-01
7.653663196176058170e-02 -2.012789168215524949e-01
7.589995824699352633e-02 -1.998707285284458401e-01
7.526688647895446449e-02 -1.984605489542324297e-01
7.463737128810904453e-02 -1.970484601587000340e-01
7.401136759841731028e-02 -1.956345441191218726e-01
7.338883063761308945e-02 -1.942188827335543932e-01
7.276971594723191661e-02 -1.928015578240266370e-01
7.215397939239287517e-02 -1.913826511396262697e-01
7.154157717132808569e-02 -1.899622443594672916e-01
7.093246582466050665e-02 -1.885404190955465020e-01
7.032660224443215702e-02 -1.871172568954775350e-01
6.972394368287776478e-02 -1.856928392451038523e-01
6.912444776094800458e-02 -1.842672475709860869e-01
6.852807247657716205e-02 -1.828405632427574923e-01
6.793477621269955469e-02 -1.814128675753509390e-01
6.734451774501049037e-02 -1.799842418310884096e-01
6.675725624947381753e-02 -1.785547672216303561e-01
6.617295130957578930e-02 -1.771245249097888053e-01
6.559156292332479765e-02 -1.756935960111913886e-01
6.501305150999564519e-02 -1.742620615958014041e-01
6.443737791662390579e-02 -1.728300026892898578e-01
6.386450342424149218e-02 -1.713975002742527121e-01
6.329438975386425525e-02 -1.699646352912775604e-01
6.272699907222362148e-02 -1.685314886398522061e-01
6.216229399724754190e-02 -1.670981411791155891e-01
6.160023760329064180e-02 -1.656646737284485360e-01
6.104079342611257175e-02 -1.642311670679024449e-01
6.048392546760783528e-02 -1.627977019384637680e-01
5.992959820028620488e-02 -1.613643590421521279e-01
5.937777657150816735e-02 -1.599312190419553137e-01
5.882842600747023587e-02 -1.584983625615887792e-01
5.828151241694989881e-02 -1.570658701850928540e-01
5.773700219480454310e-02 -1.556338224562540673e-01
5.719486222522990326e-02 -1.542022998778555809e-01
5.665505988477870236e-02 -1.527713829107561205e-01
5.611756304514253779e-02 -1.513411519727957399e-01
5.558234007569562429e-02 -1.499116874375237551e-01
5.504935984580794361e-02 -1.484830696327564536e-01
5.451859172692447020e-02 -1.470553788389580008e-01
5.399000559441785585e-02 -1.456286952874454865e-01
5.346357182921374074e-02 -1.442030991584225541e-01
5.293926131919302058e-02 -1.427786705788326727e-01
5.241704546037273538e-02 -1.413554896200410194e-01
5.189689615787096422e-02 -1.399336362953431112e-01
5.137878582665622584e-02 -1.385131905572971611e-01
5.086268739208671397e-02 -1.370942322948873748e-01
5.034857429024092168e-02 -1.356768413305114995e-01
4.983642046804476200e-02 -1.342610974167985916e-01
4.932620038319945888e-02 -1.328470802332607503e-01
4.881788900391081931e-02 -1.314348693827712689e-01
4.831146180842887938e-02 -1.300245443878811080e-01
4.780689478439742457e-02 -1.286161846869675329e-01
4.730416442802076737e-02 -1.272098696302222387e-01
4.680324774305050228e-02 -1.258056784754765234e-01
4.630412223959862184e-02 -1.244036903838703495e-01
4.580676593277882569e-02 -1.230039844153621442e-01
4.531115734118507099e-02 -1.216066395240894549e-01
4.481727548520825222e-02 -1.202117345535751308e-01
4.432509988519772737e-02 -1.188193482317850685e-01
4.383461055947451834e-02 -1.174295591660462074e-01
4.334578802219934968e-02 -1.160424458378162132e-01
4.285861328110268653e-02 -1.146580865973226560e-01
4.237306783507938102e-02 -1.132765596580577183e-01
4.188913367165814083e-02 -1.118979430911494211e-01
4.140679326434903995e-02 -1.105223148196037147e-01
4.092602956987484442e-02 -1.091497526124219353e-01
4.044682602529181548e-02 -1.077803340785972730e-01
3.996916654500964894e-02 -1.064141366610031059e-01
3.949303551771055076e-02 -1.050512376301593193e-01
3.901841780318143771e-02 -1.036917140779043400e-01
3.854529872905831933e-02 -1.023356429109567728e-01
3.807366408749357500e-02 -1.009831008443818207e-01
3.760350013175201012e-02 -9.963416439496806942e-02
3.713479357274229731e-02 -9.828890987451553707e-02
3.666753157548841013e-02 -9.694741338303815292e-02
3.620170175555087466e-02 -9.560975080189426656e-02
3.573729217540133618e-02 -9.427599778683881659e-02
3.527429134076065509e-02 -9.294622976101302170e-02
3.481268819690441774e-02 -9.162052190787138561e-02
3.435247212494296765e-02 -9.029894916405054039e-02
3.389363293808433930e-02 -8.898158621218765774e-02
3.343616087788464641e-02 -8.766850747369255015e-02
3.298004661049502850e-02 -8.635978710148084492e-02
3.252528122290965218e-02 -8.505549897267197790e-02
3.207185621922281626e-02 -8.375571668125571245e-02
3.161976351690071185e-02 -8.246051353073741152e-02
3.116899544307627501e-02 -8.116996252676382528e-02
3.071954473087057380e-02 -7.988413636973390464e-02
3.027140451575027758e-02 -7.860310744740495181e-02
2.982456833192559387e-02 -7.732694782749438556e-02
2.937903010879555632e-02 -7.605572925028492026e-02
2.893478416744771353e-02 -7.478952312124052815e-02
2.849182521721610462e-02 -7.352840050363178281e-02
2.805014835230512649e-02 -7.227243211118186683e-02
2.760974904848612077e-02 -7.102168830074009898e-02
2.717062315986740195e-02 -6.977623906497452955e-02
2.673276691575265929e-02 -6.853615402511231691e-02
2.629617691758090459e-02 -6.730150242370389058e-02
2.586085013596417514e-02 -6.607235311744101558e-02
2.542678390782193709e-02 -6.484877457001816947e-02
2.499397593361846193e-02 -6.363083484504553078e-02
2.456242427470889389e-02 -6.241860159902201666e-02
2.413212735079711679e-02 -6.121214207436412313e-02
2.370308393751052733e-02 -6.001152309250318284e-02
2.327529316409721050e-02 -5.881681104705084595e-02
2.284875451124485091e-02 -5.762807189703278432e-02
2.242346780903115011e-02 -5.644537116020212353e-02
2.199943323500624937e-02 -5.526877390643289423e-02
2.157665131240871226e-02 -5.409834475119072728e-02
2.115512290852167299e-02 -5.293414784909276916e-02
2.073484923316964990e-02 -5.177624688755418092e-02
2.031583183735924392e-02 -5.062470508052421825e-02
1.989807261206649747e-02 -4.947958516231815151e-02
1.948157378717224608e-02 -4.834094938154118171e-02
1.906633793054779424e-02 -4.720885949511030577e-02
1.865236794729274727e-02 -4.608337676237697633e-02
1.823966707912544338e-02 -4.496456193934869616e-02
1.782823890392815080e-02 -4.385247527301161519e-02
1.741808733544775167e-02 -4.274717649575873746e-02
1.700921662315030281e-02 -4.164872481991910291e-02
1.660163135223519104e-02 -4.055717893239657590e-02
1.619533644380116710e-02 -3.947259698940711048e-02
1.579033715517252912e-02 -3.839503661132986911e-02
1.538663908037740669e-02 -3.732455487765687363e-02
1.498424815078303052e-02 -3.626120832205267930e-02
1.458317063588437934e-02 -3.520505292751932580e-02
1.418341314424481636e-02 -3.415614412166437242e-02
1.378498262459015855e-02 -3.311453677207765178e-02
1.338788636704901780e-02 -3.208028518180569555e-02
1.299213200454341077e-02 -3.105344308493221406e-02
1.259772751432475246e-02 -3.003406364226210434e-02
1.220468121965156971e-02 -2.902219943710207528e-02
1.181300179160876818e-02 -2.801790247114011034e-02
1.142269825106367875e-02 -2.702122416042274100e-02
1.103377997075760675e-02 -2.603221533142710542e-02
1.064625667752711058e-02 -2.505092621722512791e-02
1.026013845465489904e-02 -2.407740645374031874e-02
9.875435744342075939e-03 -2.311170507608881208e-02
9.492159350302398213e-03 -2.215387051500966598e-02
9.110320440471830761e-03 -2.120395059337859545e-02
8.729930549828346376e-03 -2.026199252279883845e-02
8.351001583320194488e-03 -1.932804290027223537e-02
7.973545818895699799e-03 -1.840214770494488783e-02
7.597575910629761342e-03 -1.748435229492170673e-02
7.223104891943998851e-03 -1.657470140415379101e-02
6.850146178912108752e-03 -1.567323913938439839e-02
6.478713573648708923e-03 -1.478000897716374995e-02
6.108821267773345554e-03 -1.389505376091723643e-02
5.740483845944388541e-03 -1.301841569806860832e-02
5.373716289458707607e-03 -1.215013635721598484e-02
5.008533979910023692e-03 -1.129025666535563022e-02
4.644952702899274311e-03 -1.043881690514802951e-02
4.282988651791830303e-03 -9.595856712224376528e-03
3.922658431514847166e-03 -8.761415072529782355e-03
3.563979062389588393e-03 -7.935530319701178392e-03
3.206967983988340265e-03 -7.118240132467451575e-03
2.851643059016584214e-03 -6.309581532084385103e-03
2.498022577205438743e-03 -5.509590879782477746e-03
2.146125259214093361e-03 -4.718303874236745576e-03
1.795970260532131491e-03 -3.935755549048874924e-03
1.447577175376080216e-03 -3.161980270238617940e-03
1.100966040573081450e-03 -2.397011733742210327e-03
7.561573394249676561e-04 -1.640882962913259302e-03
4.131720055460252894e-04 -8.936263060228266664e-04
7.203142666578621345e-05 -1.552734337522398977e-04
-2.672425516066501139e-04 5.741446633178992620e-04
-6.046276220686985781e-04 1.294597677237135924e-03
-9.401010122622732723e-04 2.006055985223714755e-03
-1.273639480875887742e-03 2.708490652226475115e-03
-1.605219314212980031e-03 3.401873433506036326e-03
-1.934816322739396632e-03 4.086176777244571179e-03
-2.262405837709702272e-03 4.761373827180864771e-03
-2.587962707886748426e-03 5.427438425279734746e-03
-2.911461296355555284e-03 6.084345114435507629e-03
-3.232875477442331835e-03 6.732069141212909669e-03
-3.552178633743297009e-03 7.370586458628425319e-03
-3.869343653271406502e-03 7.999873728976897302e-03
-4.184342926726924983e-03 8.619908326700870260e-03
-4.497148344899837280e-03 9.230668341312003866e-03
-4.807731296209205585e-03 9.832132580360641860e-03
-5.116062664385745418e-03 1.042428057245742279e-02
-5.422112826309888334e-03 1.100709257035725752e-02
-5.725851650002111715e-03 1.158054955409215658e-02
-6.027248492779802014e-03 1.214463323416767326e-02
-6.326272199584870304e-03 1.269932605482118615e-02
-6.622891101486894083e-03 1.324461119734135495e-02
-6.917073014370334061e-03 1.378047258345413417e-02
-7.208785237809545166e-03 1.430689487877201405e-02
-7.497994554139297829e-03 1.482386349631209521e-02
-7.784667227726527194e-03 1.533136460008258095e-02
-8.068769004449249937e-03 1.582938510873960203e-02
-8.350265111386256933e-03 1.631791269931148758e-02
-8.629120256727851324e-03 1.679693581099808708e-02
-8.905298629908575681e-03 1.726644364904053597e-02
-9.178763901967701422e-03 1.772642618865982733e-02
-9.449479226148083111e-03 1.817687417907506986e-02
-9.717407238730491059e-03 1.861777914758794283e-02
-9.982510060116078776e-03 1.904913340374597697e-02
-1.024474929615593055e-02 1.947093004357403068e-02
-1.050408603973596033e-02 1.988316295388090071e-02
-1.076048087262271302e-02 2.028582681664073406e-02
-1.101389386756951305e-02 2.067891711344213568e-02
-1.126428459069317434e-02 2.106243013001063424e-02
-1.151161210412365854e-02 2.143636296080597692e-02
-1.175583496892790292e-02 2.180071351368234600e-02
-1.199691124831642197e-02 2.215548051462382095e-02
-1.223479851113418171e-02 2.250066351254512154e-02
-1.246945383563830001e-02 2.283626288415926964e-02
-1.270083381356956753e-02 2.316227983891083753e-02
-1.292889455451801117e-02 2.347871642397506009e-02
-1.315359169058760713e-02 2.378557552931592767e-02
-1.337488038136341872e-02 2.408286089280983755e-02
-1.359271531918121445e-02 2.437057710542120392e-02
-1.380705073470817057e-02 2.464872961644368199e-02
-1.401784040283077237e-02 2.491732473878788268e-02
-1.422503764885818534e-02 2.517636965432876184e-02
-1.442859535503798751e-02 2.542587241929708530e-02
-1.462846596739314498e-02 2.566584196972526710e-02
-1.482460150287479017e-02 2.589628812693378634e-02
-1.501695355683935196e-02 2.611722160306245710e-02
-1.520547331084692866e-02 2.632865400664238797e-02
-1.539011154078634425e-02 2.653059784820432920e-02
-1.557081862532400107e-02 2.672306654592113140e-02
-1.574754455468196923e-02 2.690607443128278931e-02
-1.592023893974431337e-02 2.707963675479815868e-02
-1.608885102149232305e-02 2.724376969172453977e-02
-1.625332968077036755e-02 2.739849034781596804e-02
-1.641362344838148690e-02 2.754381676509110033e-02
-1.656968051551599430e-02 2.767976792761761562e-02
-1.672144874450826046e-02 2.780636376730416526e-02
-1.686887567992889636e-02 2.792362516970561814e-02
-1.701190856000389662e-02 2.803157397982680710e-02
-1.715049432836779353e-02 2.813023300793043857e-02
-1.728457964614565912e-02 2.821962603534028391e-02
-1.741411090436456588e-02 2.829977782023546107e-02
-1.753903423669489481e-02 2.837071410343605660e-02
-1.765929553251871509e-02 2.843246161417131712e-02
-1.777484045032501347e-02 2.848504807582966092e-02
-1.788561443143010798e-02 2.852850221168368172e-02
-1.799156271402080343e-02 2.856285375058781328e-02
-1.809263034752045529e-02 2.858813343264440809e-02
-1.818876220727455584e-02 2.860437301483265138e-02
-1.827990300955278924e-02 2.861160527659617481e-02
-1.836599732686822195e-02 2.860986402538617801e-02
-1.844698960360863227e-02 2.859918410215595008e-02
-1.852282417197764763e-02 2.857960138679946360e-02
-1.859344526824313615e-02 2.855115280353104357e-02
-1.865879704929013227e-02 2.851387632620394630e-02
-1.871882360947363377e-02 2.846781098355727346e-02
-1.877346899777176947e-02 2.841299686439685557e-02
-1.882267723522779157e-02 2.834947512269153647e-02
-1.886639233268655458e-02 2.827728798259232512e-02
-1.890455830881571098e-02 2.819647874336522753e-02
-1.893711920840640550e-02 2.810709178422948762e-02
-1.896401912095369013e-02 2.800917256910237518e-02
-1.898520219950966537e-02 2.790276765124394265e-02
-1.900061267980279744e-02 2.778792467779347963e-02
-1.901019489962207931e-02 2.766469239419797055e-02
-1.901389331845632080e-02 2.753312064852259100e-02
-1.901165253739134364e-02 2.739326039564754511e-02
-1.900341731924709565e-02 2.724516370133098220e-02
-1.898913260896117894e-02 2.708888374614915051e-02
-1.896874355420585800e-02 2.692447482929938296e-02
-1.894219552623421787e-02 2.675199237226399962e-02
-1.890943414095036523e-02 2.657149292233018656e-02
-1.887040528019490182e-02 2.638303415595980028e-02
-1.882505511323984138e-02 2.618667488200462912e-02
-1.877333011849019462e-02 2.598247504476647318e-02
-1.871517710537728973e-02 2.577049572688797086e-02
-1.865054323644321776e-02 2.555079915207808527e-02
-1.857937604960713252e-02 2.532344868766270296e-02
-1.850162348060541140e-02 2.508850884695734695e-02
-1.841723388559629582e-02 2.484604529145431617e-02
-1.832615606392762331e-02 2.459612483282477835e-02
-1.822833928104972134e-02 2.433881543472418696e-02
-1.812373329157579427e-02 2.407418621440179929e-02
-1.801228836247081855e-02 2.380230744410360977e-02
-1.789395529637249904e-02 2.352325055227313944e-02
-1.776868545502297003e-02 2.323708812453192940e-02
-1.763643078281246224e-02 2.294389390444756538e-02
-1.749714383042066945e-02 2.264374279407649349e-02
-1.735077777854682202e-02 2.233671085427674230e-02
-1.719728646172408171e-02 2.202287530479443700e-02
-1.703662439220132718e-02 2.170231452410495421e-02
-1.686874678388905480e-02 2.137510804901637806e-02
-1.669360957635512843e-02 2.104133657402204594e-02
-1.651116945886660359e-02 2.070108195040451515e-02
-1.632138389445991766e-02 2.035442718507762816e-02
-1.612421114403495004e-02 2.000145643916806382e-02
-1.591961029046262688e-02 1.964225502633126785e-02
-1.570754126269258144e-02 1.927690941079118758e-02
-1.548796485985104443e-02 1.890550720510406069e-02
-1.526084277532296918e-02 1.852813716764062368e-02
-1.502613762080340365e-02 1.814488919978074488e-02
-1.478381295030717357e-02 1.775585434281529151e-02
-1.453383328412993780e-02 1.736112477455042935e-02
-1.427616413274485074e-02 1.696079380560924776e-02
-1.401077202062828153e-02 1.655495587542649139e-02
-1.373762451000165585e-02 1.614370654793112481e-02
-1.345669022447798513e-02 1.572714250691098492e-02
-1.316793887260370166e-02 1.530536155105521878e-02
-1.287134127128186645e-02 1.487846258866837301e-02
-1.256686936907064345e-02 1.444654563205499676e-02
-1.225449626933700076e-02 1.400971179156046409e-02
-1.193419625326669342e-02 1.356806326927695316e-02
-1.160594480270787932e-02 1.312170335239576380e-02
-1.126971862284448234e-02 1.267073640621135810e-02
-1.092549566468364874e-02 1.221526786676391252e-02
-1.057325514734963612e-02 1.175540423312132488e-02
-1.021297758017136736e-02 1.129125305929495893e-02
-9.844644784550715677e-03 1.082292294577913427e-02
-9.468239915604803603e-03 1.035052353071691522e-02
-9.083747483566662062e-03 9.874165480679875095e-03
-8.691153374935645104e-03 9.393960481063057255e-03
-8.290444873367552869e-03 8.910021226085862445e-03
-7.881610680290584980e-03 8.422461408396419991e-03
-7.464640935241351194e-03 7.931395708275557066e-03
-7.039527235902287572e-03 7.436939782428986234e-03
-6.606262657839812036e-03 6.939210252373539944e-03
-6.164841773923401824e-03 6.438324692402352944e-03
-5.715260673423649962e-03 5.934401617132378792e-03
-5.257516980772258819e-03 5.427560468624081924e-03
-4.791609873978086576e-03 4.917921603071528924e-03
-4.317540102688754988e-03 4.405606277058438103e-03
-3.835310005885106399e-03 3.890736633372859909e-03
-3.344923529205900969e-03 3.373435686382375565e-03
-2.846386241884879542e-03 2.853827306957268384e-03
-2.339705353296417378e-03 2.332036206943721712e-03
-1.824889729101053515e-03 1.808187923181603374e-03
-1.301949906979793514e-03 1.282408801061785120e-03
-7.708981119504132451e-04 7.548259776198884552e-04
-2.317482712557161761e-04 2.255673641617939040e-04
3.154839711813628433e-04 -3.052383715802520214e-04
8.707812407462989235e-04 -8.374618237677600163e-04
1.434124418570326132e-03 -1.370972867252018279e-03
2.005492628425142865e-03 -1.905640676851449999e-03
2.584863224082911692e-03 -2.441333747114859953e-03
3.172211777145050871e-03 -2.977919912567961180e-03
3.767512065347311534e-03 -3.515266368450398193e-03
4.370736061351299107e-03 -4.053239691946708412e-03
4.981853922019996439e-03 -4.591705863907169505e-03
5.600833978189334594e-03 -5.130530291066415227e-03
6.227642724939586039e-03 -5.669577828760874461e-03
6.862244812369300284e-03 -6.208712804144311814e-03
7.504603036877111055e-03 -6.747799039902580009e-03
8.154678332956688536e-03 -7.286699878473135161e-03
8.812429765506890611e-03 -7.825278206764485489e-03
9.477814522662053598e-03 -8.363396481379625769e-03
1.015078790914542006e-02 -8.900916754345067350e-03
1.083130334014476004e-02 -9.437700699338358312e-03
1.151931233571928948e-02 -9.973609638423974744e-03
1.221476451573499933e-02 -1.050850456928981158e-02
1.291760759533211456e-02 -1.104224619298610488e-02
1.362778738092418340e-02 -1.157469494216417649e-02
1.434524776673212765e-02 -1.210571100981550074e-02
1.506993073185425303e-02 -1.263515437850892820e-02
1.580177633787144265e-02 -1.316288485012284681e-02
1.654072272698739465e-02 -1.368876207607100381e-02
1.728670612070365431e-02 -1.421264558801693667e-02
1.803966081903285446e-02 -1.473439482907934472e-02
1.879951920024386380e-02 -1.525386918551829840e-02
1.956621172114278440e-02 -1.577092801890339624e-02
2.033966691788272052e-02 -1.628543069875643123e-02
2.111981140730889717e-02 -1.679723663566662362e-02
2.190656988883094014e-02 -1.730620531487297997e-02
2.269986514682403866e-02 -1.781219633030800553e-02
2.349961805355280098e-02 -1.831506941909544217e-02
2.430574757262166097e-02 -1.881468449650081087e-02
2.511817076294325934e-02 -1.931090169132354539e-02
2.593680278322529897e-02 -1.980358138172538807e-02
2.676155689697551354e-02 -2.029258423149232771e-02
2.759234447801509060e-02 -2.077777122671453647e-02
2.842907501650199231e-02 -2.125900371288175217e-02
2.927165612546295259e-02 -2.173614343238738922e-02
3.011999354782654570e-02 -2.220905256242711179e-02
3.097399116395682661e-02 -2.267759375328870508e-02
3.183355099968102064e-02 -2.314163016701809017e-02
3.269857323481370481e-02 -2.360102551645781865e-02
3.356895621217040326e-02 -2.405564410464455793e-02
3.444459644706374113e-02 -2.450535086455291056e-02
3.532538863728801326e-02 -2.495001139918040511e-02
3.621122567358017741e-02 -2.538949202195750487e-02
3.710199865055904822e-02 -2.582365979747364149e-02
3.799759687813705766e-02 -2.625238258250467416e-02
3.889790789340580313e-02 -2.667552906733466900e-02
3.980281747298408668e-02 -2.709296881735123730e-02
4.071220964583802115e-02 -2.750457231491054699e-02
4.162596670655654973e-02 -2.791021100144985834e-02
4.254396922909386980e-02 -2.830975731984131105e-02
4.346609608096493882e-02 -2.870308475696708994e-02
4.439222443790044603e-02 -2.909006788650503328e-02
4.532222979895134118e-02 -2.947058241190680938e-02
4.625598600205246824e-02 -2.984450520955850283e-02
4.719336524003389655e-02 -3.021171437210273814e-02
4.813423807708056001e-02 -3.057208925190785243e-02
4.907847346564439550e-02 -3.092551050467012841e-02
5.002593876380517779e-02 -3.127186013313226765e-02
5.097649975307763648e-02 -3.161102153089695443e-02
5.193002065666882383e-02 -3.194287952632463012e-02
5.288636415818184777e-02 -3.226732042649244070e-02
5.384539142077313101e-02 -3.258423206120203419e-02
5.480696210675350954e-02 -3.289350382701178299e-02
5.577093439764488347e-02 -3.319502673128110759e-02
5.673716501468537010e-02 -3.348869343620236583e-02
5.770550923979239633e-02 -3.377439830280826172e-02
5.867582093697773504e-02 -3.405203743492818402e-02
5.964795257422178532e-02 -3.432150872307876410e-02
6.062175524580748487e-02 -3.458271188826644860e-02
6.159707869511657496e-02 -3.483554852568299109e-02
6.257377133789232548e-02 -3.507992214827282407e-02
6.355168028596905327e-02 -3.531573823015116131e-02
6.453065137147614982e-02 -3.554290424985462327e-02
6.551052917151298227e-02 -3.576132973339657406e-02
6.649115703330635285e-02 -3.597092629711395873e-02
6.747237709984790777e-02 -3.617160769027683020e-02
6.845403033602132092e-02 -3.636328983744369081e-02
6.943595655521339616e-02 -3.654589088053461499e-02
7.041799444642660166e-02 -3.671933122060644372e-02
7.139998160188634757e-02 -3.688353355930085176e-02
7.238175454515249907e-02 -3.703842293994780155e-02
7.336314875973429239e-02 -3.718392678829413045e-02
7.434399871822247596e-02 -3.731997495284283817e-02
7.532413791193337538e-02 -3.744649974477171073e-02
7.630339888106907331e-02 -3.756343597740913198e-02
7.728161324540855359e-02 -3.767072100524782030e-02
7.825861173552020600e-02 -3.776829476246468253e-02
7.923422422450762670e-02 -3.785609980092868865e-02
8.020827976028926942e-02 -3.793408132766740160e-02
8.118060659841691562e-02 -3.800218724177162333e-02
8.215103223543415711e-02 -3.806036817070973521e-02
8.311938344278101132e-02 -3.810857750602936189e-02
8.408548630124032530e-02 -3.814677143841854745e-02
8.504916623593714031e-02 -3.817490899210446154e-02
8.601024805188833833e-02 -3.819295205856221287e-02
8.696855597009933714e-02 -3.820086542950701380e-02
8.792391366421814514e-02 -3.819861682914865719e-02
8.887614429774093328e-02 -3.818617694567849608e-02
8.982507056177102545e-02 -3.816351946196622213e-02
9.077051471332939214e-02 -3.813062108543890938e-02
9.171229861421653640e-02 -3.808746157711823122e-02
9.265024377042764547e-02 -3.803402377979159255e-02
9.358417137211129389e-02 -3.797029364528820006e-02
9.451390233407210018e-02 -3.789626026083747767e-02
9.543925733682080692e-02 -3.781191587448617941e-02
9.636005686815239668e-02 -3.771725591954405710e-02
9.727612126526161140e-02 -3.761227903803870953e-02
9.818727075738291343e-02 -3.749698710315152450e-02
9.909332550894829617e-02 -3.737138524061089928e-02
9.999410566325978023e-02 -3.723548184902036873e-02
1.008894313866635917e-01 -3.708928861909416286e-02
1.017791229132190278e-01 -3.693282055177937728e-02
1.026630005898552800e-01 -3.676609597524083117e-02
1.035408849219975197e-01 -3.658913656068324416e-02
1.044125966196634836e-01 -3.640196733699269105e-02
1.052779566440030790e-01 -3.620461670416924571e-02
1.061367862542797608e-01 -3.599711644553399426e-02
1.069889070552751814e-01 -3.577950173868571504e-02
1.078341410450980586e-01 -3.555181116518796314e-02
1.086723106633905173e-01 -3.531408671896524298e-02
1.095032388399039269e-01 -3.506637381338878479e-02
1.103267490434368531e-01 -3.480872128703282886e-02
1.111426653311101548e-01 -3.454118140808282167e-02
1.119508123979598146e-01 -3.426380987737581707e-02
1.127510156268279329e-01 -3.397666583005792829e-02
1.135431011385352879e-01 -3.367981183584156657e-02
1.143268958423040438e-01 -3.337331389784564672e-02
1.151022274864122868e-01 -3.305724145000349390e-02
1.158689247090591290e-01 -3.273166735302568409e-02
1.166268170894100009e-01 -3.239666788890299687e-02
1.173757351988005959e-01 -3.205232275393665731e-02
1.181155106520682674e-01 -3.169871505028382108e-02
1.188459761589914648e-01 -3.133593127600958761e-02
1.195669655758002659e-01 -3.096406131363238501e-02
1.202783139567332182e-01 -3.058319841715517740e-02
1.209798576056151376e-01 -3.019343919757572214e-02
1.216714341274147126e-01 -2.979488360686616266e-02
1.223528824797632253e-01 -2.938763492041801539e-02
1.230240430243971644e-01 -2.897179971794816566e-02
1.236847575784871534e-01 -2.854748786285843387e-02
1.243348694658340525e-01 -2.811481248005154310e-02
1.249742235678847624e-01 -2.767388993219638271e-02
1.256026663745455629e-01 -2.722483979444628721e-02
1.262200460347496500e-01 -2.676778482760922007e-02
1.268262124067504881e-01 -2.630285094977091731e-02
1.274210171081062437e-01 -2.583016720637776320e-02
1.280043135653139708e-01 -2.534986573877862082e-02
1.285759570630666537e-01 -2.486208175123666431e-02
1.291358047930873665e-01 -2.436695347641237852e-02
1.296837159025157615e-01 -2.386462213933132626e-02
1.302195515418048954e-01 -2.335523191984284486e-02
1.307431749120876452e-01 -2.283892991358005276e-02
1.312544513119879297e-01 -2.231586609143526578e-02
1.317532481838327441e-01 -2.178619325756209202e-02
1.322394351592292572e-01 -2.125006700591958175e-02
1.327128841039734719e-01 -2.070764567537436429e-02
1.331734691622557809e-01 -2.015909030337603713e-02
1.336210668001234780e-01 -1.960456457822778997e-02
1.340555558481688891e-01 -1.904423478996725150e-02
1.344768175434057633e-01 -1.847826977988170638e-02
1.348847355703033934e-01 -1.790684088867933177e-02
1.352791961009369992e-01 -1.733012190333793612e-02
1.356600878342308913e-01 -1.674828900265779019e-02
1.360273020342501193e-01 -1.616152070154347475e-02
1.363807325675180648e-01 -1.556999779404155682e-02
1.367202759393206790e-01 -1.497390329516223861e-02
1.370458313289721897e-01 -1.437342238151601004e-02
1.373573006240076666e-01 -1.376874233079122822e-02
1.376545884532729414e-01 -1.316005246011059393e-02
1.379376022188870676e-01 -1.254754406329366967e-02
1.382062521270445710e-01 -1.193141034706152181e-02
1.384604512176334512e-01 -1.131184636621829220e-02
1.387001153926415709e-01 -1.068904895784511533e-02
1.389251634433298077e-01 -1.006321667454246338e-02
1.391355170761392757e-01 -9.434549716759887961e-03
1.393311009373227050e-01 -8.803249864250128898e-03
1.395118426362666753e-01 -8.169520406688168812e-03
1.396776727674899632e-01 -7.533566073495201465e-03
1.398285249312996303e-01 -6.895592962907870493e-03
1.399643357530836463e-01 -6.255808470335522120e-03
1.400850449012235321e-01 -5.614421216046938667e-03
1.401905951036147013e-01 -4.971640972230517708e-03
1.402809321627791483e-01 -4.327678589470751458e-03
1.403560049695528056e-01 -3.682745922686192497e-03
1.404157655153465412e-01 -3.037055756572704102e-03
1.404601689029626455e-01 -2.390821730598347017e-03
1.404891733559576472e-01 -1.744258263594422598e-03
1.405027402265576486e-01 -1.097580477990467429e-03
1.405008340020980628e-01 -4.510041237368866973e-04
1.404834223100077939e-01 1.952544980348136505e-04
1.404504759213200393e-01 8.409786115698425490e-04
1.404019687527141291e-01 1.485951043218414203e-03
1.403378778670869020e-01 2.129954298285885450e-03
1.402581834726611687e-01 2.772770637958776874e-03
1.401628689206294021e-01 3.414182156259770728e-03
1.400519207013386225e-01 4.053970856982946902e-03
1.399253284390274410e-01 4.691918730563016116e-03
1.397830848851213670e-01 5.327807830831532421e-03
1.396251859100936521e-01 5.961420351613011537e-03
1.394516304939079632e-01 6.592538703113659526e-03
1.392624207150545412e-01 7.220945588058080844e-03
1.390575617381903661e-01 7.846424077525671059e-03
1.388370618004082790e-01 8.468757686443229016e-03
1.386009321961435281e-01 9.087730448686215379e-03
1.383491872607433559e-01 9.703126991747301755e-03
1.380818443527154216e-01 1.031473261092369365e-02
1.377989238346782330e-01 1.092233334298309266e-02
1.375004490530447043e-01 1.152571603926433319e-02
1.371864463164484405e-01 1.212466843816861761e-02
1.368569448729535787e-01 1.271897923700249233e-02
1.365119768860653671e-01 1.330843816312898831e-02
1.361515774095786169e-01 1.389283604438884545e-02
1.357757843612838744e-01 1.447196487875113124e-02
1.353846384955742221e-01 1.504561790315561698e-02
1.349781833749746085e-01 1.561358966150805383e-02
1.345564653406347289e-01 1.617567607179437594e-02
1.341195334818121310e-01 1.673167449227408454e-02
1.336674396043942281e-01 1.728138378672278153e-02
1.332002381984775663e-01 1.782460438868549435e-02
1.327179864050590241e-01 1.836113836471220395e-02
1.322207439818673946e-01 1.889078947654121432e-02
1.317085732683744015e-01 1.941336324220083176e-02
1.311815391500356920e-01 1.992866699600165381e-02
1.306397090217853996e-01 2.043650994738710480e-02
1.300831527508421459e-01 2.093670323861968052e-02
1.295119426388589845e-01 2.142906000127453581e-02
1.289261533834606122e-01 2.191339541151532400e-02
1.283258620392180582e-01 2.238952674413141608e-02
1.277111479780939363e-01 2.285727342531074235e-02
1.270820928494105495e-01 2.331645708413004892e-02
1.264387805393809572e-01 2.376690160274086416e-02
1.257812971302493810e-01 2.420843316523346722e-02
1.251097308590850554e-01 2.464088030516170535e-02
1.244241720762740977e-01 2.506407395171156294e-02
1.237247132037554848e-01 2.547784747449843845e-02
1.230114486930437845e-01 2.588203672698158320e-02
1.222844749830866579e-01 2.627648008848015859e-02
1.215438904580019158e-01 2.666101850478258539e-02
1.207897954047325584e-01 2.703549552733586214e-02
1.200222919706746549e-01 2.739975735100991239e-02
1.192414841213134957e-01 2.775365285042574737e-02
1.184474775979140332e-01 2.809703361484361395e-02
1.176403798753117014e-01 2.842975398160318967e-02
1.168203001198439561e-01 2.875167106811493678e-02
1.159873491474626983e-01 2.906264480239623138e-02
1.151416393820755002e-01 2.936253795215237883e-02
1.142832848141484281e-01 2.965121615240134956e-02
1.134124009596178817e-01 2.992854793164168026e-02
1.125291048191456172e-01 3.019440473656570534e-02
1.116335148377587960e-01 3.044866095531917338e-02
1.107257508649086009e-01 3.069119393931185602e-02
1.098059341149901225e-01 3.092188402358286847e-02
1.088741871283492035e-01 3.114061454572386589e-02
1.079306337328247989e-01 3.134727186337116223e-02
1.069753990058436022e-01 3.154174537026688263e-02
1.060086092371107791e-01 3.172392751090236107e-02
1.050303918919234941e-01 3.189371379375011140e-02
1.040408755751355552e-01 3.205100280309358673e-02
1.030401899958007933e-01 3.219569620946471922e-02
1.020284659325244730e-01 3.232769877870111941e-02
1.010058351995488796e-01 3.244691837963431524e-02
9.997243061358533633e-02 3.255326599041835633e-02
9.892838596143103957e-02 3.264665570351538149e-02
9.787383596837710698e-02 3.272700472934886307e-02
9.680891626743581835e-02 3.279423339864012688e-02
9.573376336939738718e-02 3.284826516343958280e-02
9.464851463373498419e-02 3.288902659687176211e-02
9.355330824036997561e-02 3.291644739160487498e-02
9.244828316231035181e-02 3.293046035706448382e-02
9.133357913917015958e-02 3.293100141540389325e-02
9.020933665157819525e-02 3.291800959625068579e-02
8.907569689648697775e-02 3.289142703024455772e-02
8.793280176337421594e-02 3.285119894138210928e-02
8.678079381135200832e-02 3.279727363818879526e-02
8.561981624717794614e-02 3.272960250373324609e-02
8.445001290416774553e-02 3.264813998450344368e-02
8.327152822199940241e-02 3.255284357815857454e-02
8.208450722741830741e-02 3.244367382018026325e-02
8.088909551582174062e-02 3.232059426943795222e-02
7.968543923371593229e-02 3.218357149268419315e-02
7.847368506204427385e-02 3.203257504800505195e-02
7.725398020035968705e-02 3.186757746723567486e-02
7.602647235183418450e-02 3.168855423736605115e-02
7.479130970909070308e-02 3.149548378095157197e-02
7.354864094082823323e-02 3.128834743554742559e-02
7.229861517923130698e-02 3.106712943218531420e-02
7.104138200813570059e-02 3.083181687291303152e-02
6.977709145192372009e-02 3.058239970740928015e-02
6.850589396512926643e-02 3.031887070869909717e-02
6.722794042272201009e-02 3.004122544798265571e-02
6.594338211104044944e-02 2.974946226859803700e-02
6.465237071934479274e-02 2.944358225913523697e-02
6.335505833196139469e-02 2.912358922572122477e-02
6.205159742097471343e-02 2.878948966348932048e-02
6.074214083944351472e-02 2.844129272725637314e-02
5.942684181510080044e-02 2.807901020142294923e-02
5.810585394449574448e-02 2.770265646911262980e-02
5.677933118754971420e-02 2.731224848057312027e-02
5.544742786247364164e-02 2.690780572084966460e-02
5.411029864102070985e-02 2.648935017675724257e-02
5.276809854402197963e-02 2.605690630316132017e-02
5.142098293717112245e-02 2.561050098859085633e-02
5.006910752700810541e-02 2.515016352019661117e-02
4.871262835707140804e-02 2.467592554807862548e-02
4.735170180416026220e-02 2.418782104899364072e-02
4.598648457467616191e-02 2.368588628946716179e-02
4.461713370099423814e-02 2.317015978832409617e-02
4.324380653782564088e-02 2.264068227866111727e-02
4.186666075851661062e-02 2.209749666927068867e-02
4.048585435126014764e-02 2.154064800554866821e-02
3.910154561515633009e-02 2.097018342989104278e-02
3.771389315609760540e-02 2.038615214160982569e-02
3.632305588242421002e-02 1.978860535638188312e-02
3.492919300031982477e-02 1.917759626525378236e-02
3.353246400889609014e-02 1.855317999321992595e-02
3.213302869493897540e-02 1.791541355739978414e-02
3.073104712727336985e-02 1.726435582483154541e-02
2.932667965070728799e-02 1.660006746990422277e-02
2.792008687952779455e-02 1.592261093145302953e-02
2.651142969051015208e-02 1.523205036953900748e-02
2.510086921540924387e-02 1.452845162193527884e-02
2.368856683290640475e-02 1.381188216034701099e-02
2.227468415997918560e-02 1.308241104638563357e-02
2.085938304267143106e-02 1.234010888732572919e-02
1.944282554623777415e-02 1.158504779166713572e-02
1.802517394464336897e-02 1.081730132453234683e-02
1.660659070939371484e-02 1.003694446292130449e-02
1.518723849768291445e-02 9.244053550854447465e-03
1.376728013984543364e-02 8.438706254433214760e-03
1.234687862609065712e-02 7.620981516840652503e-03
1.092619709252207194e-02 6.790959513319316798e-03
9.505398806422316049e-03 5.948721606149065533e-03
8.084647150808782490e-03 5.094350299661598580e-03
6.664105608248815926e-03 4.227929195317781108e-03
5.243937743940357832e-03 3.349542946881778338e-03
3.824307188056180751e-03 2.459277215723032484e-03
2.405377617364257148e-03 1.557218626281109408e-03
9.873127361180733530e-04 6.434547217199493296e-04
-4.297237437556056250e-04 -2.819260801870115962e-04
-1.845568123171048569e-03 -1.218834530911205860e-03
-3.260056737084099376e-03 -2.167180594732420751e-03
-4.673025976355604794e-03 -3.126873491971049468e-03
-6.084312310262657286e-03 -4.097821741857077260e-03
-7.493752309636031450e-03 -5.079933205004383279e-03
-8.901182670596002877e-03 -6.073115125450556651e-03
-1.030644023886809202e-02 -7.077274172234138128e-03
-1.170936203464362224e-02 -8.092316480470929108e-03
-1.310978527795639281e-02 -9.118147691893119244e-03
-1.450754741455181906e-02 -1.015467299482741836e-02
-1.590248614220612922e-02 -1.120179716356628496e-02
-1.729443943746653001e-02 -1.225942459710827048e-02
-1.868324558277789649e-02 -1.332745935723239628e-02
-2.006874319395515749e-02 -1.440580520587320112e-02
-2.145077124796951340e-02 -1.549436564176892572e-02
-2.282916911100513202e-02 -1.659304393634963848e-02
-2.420377656675004596e-02 -1.770174316883660337e-02
-2.557443384488147786e-02 -1.882036626052646655e-02
-2.694098164970382125e-02 -1.994881600822939749e-02
-2.830326118890305609e-02 -2.108699511683903571e-02
-2.966111420237360630e-02 -2.223480623100654308e-02
-3.101438299107772689e-02 -2.339215196589428114e-02
-3.236291044589909016e-02 -2.455893493698990682e-02
-3.370654007645010330e-02 -2.573505778895596174e-02
-3.504511603979565404e-02 -2.692042322350141070e-02
-3.637848316904912505e-02 -2.811493402624831717e-02
-3.770648700180853630e-02 -2.931849309258460767e-02
-3.902897380839406849e-02 -3.053100345248654923e-02
-4.034579061984877590e-02 -3.175236829429484153e-02
-4.165678525567154122e-02 -3.298249098743738505e-02
-4.296180635124169367e-02 -3.422127510408312645e-02
-4.426070338491153167e-02 -3.546862443972642609e-02
-4.555332670472811429e-02 -3.672444303269051247e-02
-4.683952755475634389e-02 -3.798863518254586014e-02
-4.811915810097727730e-02 -3.926110546744465690e-02
-4.939207145673196742e-02 -4.054175876036641979e-02
-5.065812170768890788e-02 -4.183050024428097702e-02
-5.191716393630413373e-02 -4.312723542622387551e-02
-5.316905424576096051e-02 -4.443187015029659293e-02
-5.441364978336393765e-02 -4.574431060959549544e-02
-5.565080876336836457e-02 -4.706446335707448192e-02
-5.688039048923043683e-02 -4.839223531535713496e-02
-5.810225537526109152e-02 -4.972753378550326397e-02
-5.931626496767122836e-02 -5.107026645474921356e-02
-6.052228196499614965e-02 -5.242034140323181823e-02
-6.172017023788731183e-02 -5.377766710971371156e-02
-6.290979484826841883e-02 -5.514215245633097284e-02
-6.409102206784053624e-02 -5.651370673237465780e-02
-6.526371939594075022e-02 -5.789223963713574506e-02
-6.642775557673971654e-02 -5.927766128182443417e-02
-6.758300061579070039e-02 -6.066988219060059917e-02
-6.872932579591151114e-02 -6.206881330072400171e-02
-6.986660369241615154e-02 -6.347436596185945801e-02
-7.099470818768788272e-02 -6.488645193456132887e-02
-7.211351448510297524e-02 -6.630498338796037006e-02
-7.322289912230581232e-02 -6.772987289668447319e-02
-7.432273998384589242e-02 -6.916103343704149697e-02
-7.541291631317487143e-02 -7.059837838248772535e-02
-7.649330872402582138e-02 -7.204182149842269789e-02
-7.756379921116751675e-02 -7.349127693632756531e-02
-7.862427116055570320e-02 -7.494665922728854790e-02
-7.967460935888590057e-02 -7.640788327492847865e-02
-8.071470000256078525e-02 -7.787486434778279065e-02
-8.174443070608744533e-02 -7.934751807115147937e-02
-8.276369050990817211e-02 -8.082576041845249137e-02
-8.377236988768937964e-02 -8.230950770211625800e-02
-8.477036075307381457e-02 -8.379867656404693665e-02
-8.575755646591670667e-02 -8.529318396568802418e-02
-8.673385183801179954e-02 -8.679294717771454670e-02
-8.769914313833510056e-02 -8.829788376939531891e-02
-8.865332809780665513e-02 -8.980791159764445197e-02
-8.959630591359687979e-02 -9.132294879580071800e-02
-9.052797725298949993e-02 -9.284291376216433078e-02
-9.144824425681127855e-02 -9.436772514831409664e-02
-9.235701054245598618e-02 -9.589730184724704065e-02
-9.325418120650508236e-02 -9.743156298135843829e-02
-9.413966282696897836e-02 -9.897042789029381060e-02
-9.501336346516006670e-02 -1.005138161187043300e-01
-9.587519266721791777e-02 -1.020616474039312549e-01
-9.672506146529394333e-02 -1.036138416636428194e-01
-9.756288237841759248e-02 -1.051703189834543584e-01
-9.838856941305360038e-02 -1.067309996045539000e-01
-9.920203806336930219e-02 -1.082958039113613991e-01
-1.000032053112197561e-01 -1.098646524192392060e-01
-1.007919896258699100e-01 -1.114374657622844433e-01
-1.015683109634667736e-01 -1.130141646812216072e-01
-1.023320907662686186e-01 -1.145946700114157946e-01
-1.030832519616518839e-01 -1.161789026710311479e-01
-1.038217189609036972e-01 -1.177667836493541120e-01
-1.045474176578079784e-01 -1.193582339952941329e-01
-1.052602754270469676e-01 -1.209531748060909961e-01
-1.059602211224169033e-01 -1.225515272162371050e-01
-1.066471850748784977e-01 -1.241532123866378179e-01
-1.073210990904448214e-01 -1.257581514940220857e-01
-1.079818964479194177e-01 -1.273662657206177107e-01
-1.086295118964941686e-01 -1.289774762441103229e-01
-1.092638816532147117e-01 -1.305917042278967044e-01
-1.098849434003204284e-01 -1.322088708116425926e-01
-1.104926362824683317e-01 -1.338288971021627805e-01
-1.110869009038469579e-01 -1.354517041646285391e-01
-1.116676793251894784e-01 -1.370772130141189593e-01
-1.122349150606869461e-01 -1.387053446075192653e-01
-1.127885530748138909e-01 -1.403360198357797017e-01
-1.133285397790690929e-01 -1.419691595165447351e-01
-1.138548230286335616e-01 -1.436046843871503498e-01
-1.143673521189565723e-01 -1.452425150980098389e-01
-1.148660777822689827e-01 -1.468825722063838990e-01
-1.153509521840273278e-01 -1.485247761705413561e-01
-1.158219289192988777e-01 -1.501690473443235418e-01
-1.162789630090811377e-01 -1.518153059721047415e-01
-1.167220108965655867e-01 -1.534634721841604821e-01
-1.171510304433456273e-01 -1.551134659924440495e-01
-1.175659809255701904e-01 -1.567652072867712354e-01
-1.179668230300463527e-01 -1.584186158314201398e-01
-1.183535188502899960e-01 -1.600736112621414797e-01
-1.187260318825267280e-01 -1.617301130835814560e-01
-1.190843270216453975e-01 -1.633880406671226748e-01
-1.194283705571031473e-01 -1.650473132491337702e-01
-1.197581301687805633e-01 -1.667078499296345273e-01
-1.200735749227899163e-01 -1.683695696713678469e-01
-1.203746752672358311e-01 -1.700323912992858788e-01
-1.206614030279256067e-01 -1.716962335004384443e-01
-1.209337314040312972e-01 -1.733610148242685500e-01
-1.211916349637004453e-01 -1.750266536833063324e-01
-1.214350896396146906e-01 -1.766930683542601022e-01
-1.216640727244973630e-01 -1.783601769795037650e-01
-1.218785628665663423e-01 -1.800278975689519056e-01
-1.220785400649294083e-01 -1.816961480023174258e-01
-1.222639856649243573e-01 -1.833648460317510720e-01
-1.224348823533978892e-01 -1.850339092848563294e-01
-1.225912141539268752e-01 -1.867032552680723545e-01
-1.227329664219701799e-01 -1.883728013704183135e-01
-1.228601258399601992e-01 -1.900424648675973494e-01
-1.229726804123250083e-01 -1.917121629264519900e-01
-1.230706194604394010e-01 -1.933818126097609502e-01
-1.231539336175057620e-01 -1.950513308813779934e-01
-1.232226148233583340e-01 -1.967206346116980864e-01
-1.232766563191890485e-01 -1.983896405834458254e-01
-1.233160526421983039e-01 -2.000582654977874075e-01
-1.233407996201579260e-01 -2.017264259807424187e-01
-1.233508943658914170e-01 -2.033940385899024039e-01
-1.233463352716687722e-01 -2.050610198214412039e-01
-1.233271220035076499e-01 -2.067272861174108689e-01
-1.232932554953854454e-01 -2.083927538733142404e-01
-1.232447379433534440e-01 -2.100573394459466225e-01
-1.231815727995560494e-01 -2.117209591615004105e-01
-1.231037647661467616e-01 -2.133835293239170761e-01
-1.230113197891052890e-01 -2.150449662234899251e-01
-1.229042450519475804e-01 -2.167051861456964768e-01
-1.227825489693297745e-01 -2.183641053802605758e-01
-1.226462411805406827e-01 -2.200216402304311925e-01
-1.224953325428846940e-01 -2.216777070224696389e-01
-1.223298351249507143e-01 -2.233322221153415943e-01
-1.221497621997646998e-01 -2.249851019105973959e-01
-1.219551282378219526e-01 -2.266362628624319919e-01
-1.217459489000047856e-01 -2.282856214879273871e-01
-1.215222410303720135e-01 -2.299330943774519076e-01
-1.212840226488310913e-01 -2.315785982052221970e-01
-1.210313129436804136e-01 -2.332220497400076531e-01
-1.207641322640274351e-01 -2.348633658559751147e-01
-1.204825021120781714e-01 -2.365024635436664691e-01
-1.201864451352956942e-01 -2.381392599210912508e-01
-1.198759851184293401e-01 -2.397736722449347879e-01
-1.195511469754128031e-01 -2.414056179218705966e-01
-1.192119567411260572e-01 -2.430350145199651479e-01
-1.188584415630263291e-01 -2.446617797801694805e-01
-1.184906296926429570e-01 -2.462858316278880855e-01
-1.181085504769371353e-01 -2.479070881846168195e-01
-1.177122343495251022e-01 -2.495254677796395759e-01
-1.173017128217655469e-01 -2.511408889617804396e-01
-1.168770184737099038e-01 -2.527532705111941724e-01
-1.164381849449149797e-01 -2.543625314511954727e-01
-1.159852469251198004e-01 -2.559685910601161574e-01
-1.155182401447840679e-01 -2.575713688831762216e-01
-1.150372013654899495e-01 -2.591707847443702750e-01
-1.145421683702074200e-01 -2.607667587583560875e-01
-1.140331799534227142e-01 -2.623592113423353633e-01
-1.135102759111310533e-01 -2.639480632279238015e-01
-1.129734970306957020e-01 -2.655332354730033373e-01
-1.124228850805703561e-01 -2.671146494735410770e-01
-1.118584827998885811e-01 -2.686922269753763137e-01
-1.112803338879215787e-01 -2.702658900859634672e-01
-1.106884829934046688e-01 -2.718355612860672843e-01
-1.100829757037314338e-01 -2.734011634413970881e-01
-1.094638585340209636e-01 -2.749626198141799649e-01
-1.088311789160580356e-01 -2.765198540746648392e-01
-1.081849851871055090e-01 -2.780727903125439493e-01
-1.075253265785944823e-01 -2.796213530482932197e-01
-1.068522532046911611e-01 -2.811654672444234282e-01
-1.061658160507444326e-01 -2.827050583166317854e-01
-1.054660669616125368e-01 -2.842400521448495976e-01
-1.047530586298773270e-01 -2.857703750841862900e-01
-1.040268445839411249e-01 -2.872959539757510283e-01
-1.032874791760142741e-01 -2.888167161573596542e-01
-1.025350175699926147e-01 -2.903325894741107249e-01
-1.017695157292264896e-01 -2.918435022888314911e-01
-1.009910304041896634e-01 -2.933493834923863175e-01
-1.001996191200442698e-01 -2.948501625138447713e-01
-9.939534016410589423e-02 -2.963457693304955010e-01
-9.857825257321772838e-02 -2.978361344777158970e-01
-9.774841612102685984e-02 -2.993211890586777724e-01
-9.690589130517396343e-02 -3.008008647538945590e-01
-9.605073933439733924e-02 -3.022750938306021928e-01
-9.518302211555079717e-02 -3.037438091519668037e-01
-9.430280224054360394e-02 -3.052069441861194887e-01
-9.341014297320343607e-02 -3.066644330150131159e-01
-9.250510823606677979e-02 -3.081162103430924448e-01
-9.158776259709910939e-02 -3.095622115057843349e-01
-9.065817125634817453e-02 -3.110023724777880028e-01
-8.971640003253633644e-02 -3.124366298811835363e-01
-8.876251534959478384e-02 -3.138649209933343509e-01
-8.779658422313851851e-02 -3.152871837545951350e-01
-8.681867424689632129e-02 -3.167033567758141266e-01
-8.582885357908665025e-02 -3.181133793456316083e-01
-8.482719092875551370e-02 -3.195171914375698474e-01
-8.381375554207154410e-02 -3.209147337169115377e-01
-8.278861718858504526e-02 -3.223059475473649682e-01
-8.175184614745684142e-02 -3.236907749975168613e-01
-8.070351319365903775e-02 -3.250691588470646098e-01
-7.964368958415080080e-02 -3.264410425928291892e-01
-7.857244704403471003e-02 -3.278063704545505219e-01
-7.748985775269967569e-02 -3.291650873804567445e-01
-7.639599432994748085e-02 -3.305171390526108199e-01
-7.529092982211782470e-02 -3.318624718920331063e-01
-7.417473768820437297e-02 -3.332010330635938877e-01
-7.304749178597552683e-02 -3.345327704806836944e-01
-7.190926635809780088e-02 -3.358576328096503083e-01
-7.076013601826919297e-02 -3.371755694740070641e-01
-6.960017573736537733e-02 -3.384865306584144418e-01
-6.842946082960332799e-02 -3.397904673124301222e-01
-6.724806693872559249e-02 -3.410873311540252306e-01
-6.605607002421148843e-02 -3.423770746728764802e-01
-6.485354634751550051e-02 -3.436596511334181203e-01
-6.364057245834231491e-02 -3.449350145776735044e-01
-6.241722518095699224e-02 -3.462031198278466837e-01
-6.118358160053832817e-02 -3.474639224886894029e-01
-5.993971904957656749e-02 -3.487173789496364473e-01
-5.868571509432291000e-02 -3.499634463867102863e-01
-5.742164752129086391e-02 -3.512020827642000631e-01
-5.614759432381699611e-02 -3.524332468361095483e-01
-5.486363368868124590e-02 -3.536568981473808826e-01
-5.356984398279346360e-02 -3.548729970348881158e-01
-5.226630373995061474e-02 -3.560815046282119201e-01
-5.095309164766437249e-02 -3.572823828501838772e-01
-4.963028653406859059e-02 -3.584755944172162700e-01
-4.829796735490354820e-02 -3.596611028394036680e-01
-4.695621318058795790e-02 -3.608388724204094622e-01
-4.560510318337657187e-02 -3.620088682571340755e-01
-4.424471662460971455e-02 -3.631710562391676778e-01
-4.287513284205712871e-02 -3.643254030480284067e-01
-4.149643123736057593e-02 -3.654718761561880358e-01
-4.010869126357818892e-02 -3.666104438258891984e-01
-3.871199241283329595e-02 -3.677410751077545559e-01
-3.730641420407193598e-02 -3.688637398391884092e-01
-3.589203617093117415e-02 -3.699784086425788043e-01
-3.446893784972265840e-02 -3.710850529232952999e-01
-3.303719876753369311e-02 -3.721836448674900044e-01
-3.159689843044921620e-02 -3.732741574397028250e-01
-3.014811631189667773e-02 -3.743565643802737597e-01
-2.869093184111731754e-02 -3.754308402025627878e-01
-2.722542439176806051e-02 -3.764969601899840201e-01
-2.575167327065547296e-02 -3.775549003928544423e-01
-2.426975770660277920e-02 -3.786046376250608025e-01
-2.277975683945548946e-02 -3.796461494605469777e-01
-2.128174970922647180e-02 -3.806794142296259786e-01
-1.977581524538335467e-02 -3.817044110151164293e-01
-1.826203225628153515e-02 -3.827211196483143452e-01
-1.674047941874279299e-02 -3.837295207047932144e-01
-1.521123526778339619e-02 -3.847295955000437084e-01
-1.367437818649491765e-02 -3.857213260849519654e-01
-1.212998639607615337e-02 -3.867046952411205551e-01
-1.057813794602335822e-02 -3.876796864760378991e-01
-9.018910704473748208e-03 -3.886462840180964218e-01
-7.452382348712760507e-03 -3.896044728114625988e-01
-5.878630355838132537e-03 -3.905542385108080050e-01
-4.297731993589903876e-03 -3.914955674758968107e-01
-2.709764311341789078e-03 -3.924284467660378306e-01
-1.114804131259861109e-03 -3.933528641344050669e-01
4.870719603727868829e-04 -3.942688080222311875e-01
2.095787621661904243e-03 -3.951762675528704971e-01
3.711266763439080574e-03 -3.960752325257456130e-01
5.333433557427269545e-03 -3.969656934101712942e-01
6.962212444234838760e-03 -3.978476413390679700e-01
8.597528141177257499e-03 -3.987210681025632475e-01
1.023930564992309167e-02 -3.995859661414852271e-01
1.188747026396719253e-02 -4.004423285407525679e-01
1.354194757592641629e-02 -4.012901490226665757e-01
1.520266348466098316e-02 -4.021294219401068126e-01
1.686954420221725703e-02 -4.029601422696342805e-01
1.854251626059405522e-02 -4.037823056045050651e-01
2.022150651833137802e-02 -4.045959081476023234e-01
2.190644216691917112e-02 -4.054009467042825610e-01
2.359725073702939602e-02 -4.061974186751490246e-01
2.529386010456763367e-02 -4.069853220487488765e-01
2.699619849654699699e-02 -4.077646553942013696e-01
2.870419449678163204e-02 -4.085354178537609071e-01
3.041777705140230603e-02 -4.092976091353143220e-01
3.213687547419158408e-02 -4.100512295048235334e-01
3.386141945174081513e-02 -4.107962797787073628e-01
3.559133904842831653e-02 -4.115327613161768872e-01
3.732656471121864605e-02 -4.122606760115216651e-01
3.906702727428462696e-02 -4.129800262863486671e-01
4.081265796344890617e-02 -4.136908150817833474e-01
4.256338840045303940e-02 -4.143930458506310810e-01
4.431915060704350040e-02 -4.150867225495074031e-01
4.607987700888799276e-02 -4.157718496309346090e-01
4.784550043931040664e-02 -4.164484320354152613e-01
4.961595414285546735e-02 -4.171164751834782747e-01
5.139117177867680297e-02 -4.177759849677061821e-01
5.317108742375215025e-02 -4.184269677447486346e-01
5.495563557592725301e-02 -4.190694303273186927e-01
5.674475115678850878e-02 -4.197033799761802908e-01
5.853836951436292013e-02 -4.203288243921287082e-01
6.033642642565195668e-02 -4.209457717079687633e-01
6.213885809899682977e-02 -4.215542304804899554e-01
6.394560117627517970e-02 -4.221542096824481560e-01
6.575659273493250634e-02 -4.227457186945483558e-01
6.757177028985134060e-02 -4.233287672974408999e-01
6.939107179505532574e-02 -4.239033656637261060e-01
7.121443564525326009e-02 -4.244695243499774229e-01
7.304180067722038094e-02 -4.250272542887773564e-01
7.487310617102443944e-02 -4.255765667807802632e-01
7.670829185109162562e-02 -4.261174734867938518e-01
7.854729788712039307e-02 -4.266499864198894376e-01
8.039006489483735418e-02 -4.271741179375405650e-01
8.223653393660373956e-02 -4.276898807337953801e-01
8.408664652186970123e-02 -4.281972878314805331e-01
8.594034460748095627e-02 -4.286963525744441061e-01
8.779757059783849238e-02 -4.291870886198396740e-01
8.965826734491155747e-02 -4.296695099304495002e-01
9.152237814810804117e-02 -4.301436307670555292e-01
9.338984675400457958e-02 -4.306094656808546750e-01
9.526061735593438495e-02 -4.310670295059270130e-01
9.713463459344096051e-02 -4.315163373517526546e-01
9.901184355159231565e-02 -4.319574045957867425e-01
1.008921897601637863e-01 -4.323902468760854045e-01
1.027756191926896268e-01 -4.328148800839958787e-01
1.046620782653834292e-01 -4.332313203569038151e-01
1.065515138359314218e-01 -4.336395840710459693e-01
1.084438732021619778e-01 -4.340396878343836251e-01
1.103391041005895579e-01 -4.344316484795481825e-01
1.122371547048388041e-01 -4.348154830568525808e-01
1.141379736239488962e-01 -4.351912088273703350e-01
1.160415099005629447e-01 -4.355588432560945078e-01
1.179477130090000325e-01 -4.359184040051631293e-01
1.198565328532174568e-01 -4.362699089271663278e-01
1.217679197646610589e-01 -4.366133760585261259e-01
1.236818245000089189e-01 -4.369488236129593917e-01
1.255981982388087448e-01 -4.372762699750196713e-01
1.275169925810125116e-01 -4.375957336937206232e-01
1.294381595444083488e-01 -4.379072334762441621e-01
1.313616515619572545e-01 -4.382107881817343120e-01
1.332874214790291112e-01 -4.385064168151757702e-01
1.352154225505473872e-01 -4.387941385213597334e-01
1.371456084380413554e-01 -4.390739725789415404e-01
1.390779332066088003e-01 -4.393459383945859109e-01
1.410123513217912128e-01 -4.396100554972049435e-01
1.429488176463643567e-01 -4.398663435322870963e-01
1.448872874370469854e-01 -4.401148222563200374e-01
1.468277163411285668e-01 -4.403555115313096957e-01
1.487700603930184329e-01 -4.405884313193914048e-01
1.507142760107223478e-01 -4.408136016775394683e-01
1.526603199922427212e-01 -4.410310427523754795e-01
1.546081495119103755e-01 -4.412407747750710096e-01
1.565577221166456479e-01 -4.414428180563492177e-01
1.585089957221558210e-01 -4.416371929815898767e-01
1.604619286090671337e-01 -4.418239200060307126e-01
1.624164794189945360e-01 -4.420030196500691066e-01
1.643726071505549058e-01 -4.421745124946684369e-01
1.663302711553205915e-01 -4.423384191768637841e-01
1.682894311337206628e-01 -4.424947603853697231e-01
1.702500471308877605e-01 -4.426435568562910872e-01
1.722120795324562359e-01 -4.427848293689378156e-01
1.741754890603126049e-01 -4.429185987417424419e-01
1.761402367682993464e-01 -4.430448858282799440e-01
1.781062840378777046e-01 -4.431637115133959526e-01
1.800735925737460275e-01 -4.432750967094325478e-01
1.820421243994224669e-01 -4.433790623525648567e-01
1.840118418527904587e-01 -4.434756293992390686e-01
1.859827075816078701e-01 -4.435648188227133137e-01
1.879546845389861998e-01 -4.436466516097084534e-01
1.899277359788389408e-01 -4.437211487571589563e-01
1.919018254513011612e-01 -4.437883312690695803e-01
1.938769167981248265e-01 -4.438482201534781346e-01
1.958529741480501962e-01 -4.439008364195202727e-01
1.978299619121541564e-01 -4.439462010746020870e-01
1.998078447791810930e-01 -4.439843351216742340e-01
2.017865877108549477e-01 -4.440152595566105309e-01
2.037661559371767850e-01 -4.440389953656904698e-01
2.057465149517085645e-01 -4.440555635231858700e-01
2.077276305068452567e-01 -4.440649849890518919e-01
2.097094686090789639e-01 -4.440672807067163053e-01
2.116919955142544107e-01 -4.440624716009768380e-01
2.136751777228185767e-01 -4.440505785759972790e-01
2.156589819750690529e-01 -4.440316225134063322e-01
2.176433752463976523e-01 -4.440056242704973344e-01
2.196283247425382668e-01 -4.439726046785278379e-01
2.216137978948117260e-01 -4.439325845411217220e-01
2.235997623553802049e-01 -4.438855846327689481e-01
2.255861859925025192e-01 -4.438316256974239038e-01
2.275730368858007169e-01 -4.437707284472043323e-01
2.295602833215329430e-01 -4.437029135611862962e-01
2.315478937878802657e-01 -4.436282016842967302e-01
2.335358369702432713e-01 -4.435466134263007509e-01
2.355240817465569514e-01 -4.434581693608891650e-01
2.375125971826161919e-01 -4.433628900248559601e-01
2.395013525274254651e-01 -4.432607959173720524e-01
2.414903172085635374e-01 -4.431519074993526264e-01
2.434794608275705208e-01 -4.430362451929160117e-01
2.454687531553566282e-01 -4.429138293809359306e-01
2.474581641276370758e-01 -4.427846804066819519e-01
2.494476638403898550e-01 -4.426488185735533154e-01
2.514372225453433973e-01 -4.425062641448984646e-01
2.534268106454908853e-01 -4.423570373439241199e-01
2.554163986906350381e-01 -4.422011583536915591e-01
2.574059573729641781e-01 -4.420386473172006614e-01
2.593954575226617987e-01 -4.418695243375542203e-01
2.613848701035493827e-01 -4.416938094782125734e-01
2.633741662087661917e-01 -4.415115227633276684e-01
2.653633170564819732e-01 -4.413226841781598964e-01
2.673522939856529668e-01 -4.411273136695749719e-01
2.693410684518151577e-01 -4.409254311466241361e-01
2.713296120229162223e-01 -4.407170564812008529e-01
2.733178963751897173e-01 -4.405022095087742229e-01
2.753058932890753985e-01 -4.402809100292021660e-01
2.772935746451795636e-01 -4.400531778076167688e-01
2.792809124202837445e-01 -4.398190325753871255e-01
2.812678786833961997e-01 -4.395784940311537881e-01
2.832544455918530324e-01 -4.393315818419347152e-01
2.852405853874687702e-01 -4.390783156443036073e-01
2.872262703927335181e-01 -4.388187150456370755e-01
2.892114730070601269e-01 -4.385527996254303673e-01
2.911961657030867068e-01 -4.382805889366807039e-01
2.931803210230264911e-01 -4.380021025073356222e-01
2.951639115750744891e-01 -4.377173598418087064e-01
2.971469100298656518e-01 -4.374263804225541064e-01
2.991292891169887724e-01 -4.371291837117092793e-01
3.011110216215550084e-01 -4.368257891527941861e-01
3.030920803808259678e-01 -4.365162161724708834e-01
3.050724382808929214e-01 -4.362004841823649004e-01
3.070520682534219059e-01 -4.358786125809400724e-01
3.090309432724487326e-01 -4.355506207554296072e-01
3.110090363512401646e-01 -4.352165280838256045e-01
3.129863205392118264e-01 -4.348763539369163711e-01
3.149627689189058444e-01 -4.345301176803795795e-01
3.169383546030313803e-01 -4.341778386769239995e-01
3.189130507315680041e-01 -4.338195362884830208e-01
3.208868304689271866e-01 -4.334552298784544733e-01
3.228596670011804615e-01 -4.330849388139851319e-01
3.248315335333477050e-01 -4.327086824683060162e-01
3.268024032867524187e-01 -4.323264802231067128e-01
3.287722494964374076e-01 -4.319383514709533856e-01
3.307410454086500140e-01 -4.315443156177520279e-01
3.327087642783855825e-01 -4.311443920852459089e-01
3.346753793670019239e-01 -4.307386003135567076e-01
3.366408639398978386e-01 -4.303269597637584543e-01
3.386051912642551454e-01 -4.299094899204939368e-01
3.405683346068500983e-01 -4.294862102946175320e-01
3.425302672319298636e-01 -4.290571404258780586e-01
3.444909623991558867e-01 -4.286222998856314415e-01
3.464503933616135400e-01 -4.281817082795834062e-01
3.484085333638904380e-01 -4.277353852505624832e-01
3.503653556402202551e-01 -4.272833504813198235e-01
3.523208334126946006e-01 -4.268256236973581585e-01
3.542749398895429502e-01 -4.263622246697824636e-01
3.562276482634798569e-01 -4.258931732181794327e-01
3.581789317101194969e-01 -4.254184892135143281e-01
3.601287633864571625e-01 -4.249381925810533644e-01
3.620771164294209199e-01 -4.244523033033050785e-01
3.640239639544883832e-01 -4.239608414229802391e-01
3.659692790543716545e-01 -4.234638270459694653e-01
3.679130347977723758e-01 -4.229612803443355551e-01
3.698552042282004515e-01 -4.224532215593235218e-01
3.717957603628620489e-01 -4.219396710043828436e-01
3.737346761916161553e-01 -4.214206490682022577e-01
3.756719246759965825e-01 -4.208961762177541588e-01
3.776074787482997519e-01 -4.203662730013524862e-01
3.795413113107437564e-01 -4.198309600517150519e-01
3.814733952346889279e-01 -4.192902580890365272e-01
3.834037033599276278e-01 -4.187441879240647036e-01
3.853322084940403736e-01 -4.181927704611849705e-01
3.872588834118153023e-01 -4.176360267015051253e-01
3.891837008547370247e-01 -4.170739777459435693e-01
3.911066335305358188e-01 -4.165066447983213349e-01
3.930276541128057688e-01 -4.159340491684502261e-01
3.949467352406861309e-01 -4.153562122752219032e-01
3.968638495186053716e-01 -4.147731556496953575e-01
3.987789695160926517e-01 -4.141849009381784463e-01
4.006920677676472642e-01 -4.135914699053065968e-01
4.026031167726752402e-01 -4.129928844371160146e-01
4.045120889954880727e-01 -4.123891665441078436e-01
4.064189568653603923e-01 -4.117803383643081072e-01
4.083236927766528690e-01 -4.111664221663137164e-01
4.102262690889929564e-01 -4.105474403523309279e-01
4.121266581275174756e-01 -4.099234154612033110e-01
4.140248321831754841e-01 -4.092943701714247262e-01
